shift,rep,detector,total_detections,false_alarms,post_drift_detections,false_alarm_rate,first_post_drift_detection,detection_delay,detected,calibration_threshold
title,0,ADWIN,0,0,0,0.0,,,False,
title,0,Page-Hinkley,0,0,0,0.0,,,False,
title,0,Boundary-Aware,30,7,23,0.1346153846153846,1375.0,0.0,True,1.6618674924480936
title,1,ADWIN,0,0,0,0.0,,,False,
title,1,Page-Hinkley,0,0,0,0.0,,,False,
title,1,Boundary-Aware,9,3,6,0.057692307692307696,1900.0,525.0,True,2.736499742889909
title,2,ADWIN,0,0,0,0.0,,,False,
title,2,Page-Hinkley,0,0,0,0.0,,,False,
title,2,Boundary-Aware,23,2,21,0.038461538461538464,1450.0,75.0,True,2.051639182117852
title,3,ADWIN,0,0,0,0.0,,,False,
title,3,Page-Hinkley,0,0,0,0.0,,,False,
title,3,Boundary-Aware,29,4,25,0.07692307692307693,1475.0,100.0,True,1.7181088261113675
title,4,ADWIN,0,0,0,0.0,,,False,
title,4,Page-Hinkley,0,0,0,0.0,,,False,
title,4,Boundary-Aware,22,3,19,0.057692307692307696,1550.0,175.0,True,2.3124561515155433
title,5,ADWIN,0,0,0,0.0,,,False,
title,5,Page-Hinkley,0,0,0,0.0,,,False,
title,5,Boundary-Aware,31,3,28,0.057692307692307696,1450.0,75.0,True,1.819538132749086
title,6,ADWIN,0,0,0,0.0,,,False,
title,6,Page-Hinkley,0,0,0,0.0,,,False,
title,6,Boundary-Aware,14,1,13,0.019230769230769232,1475.0,100.0,True,2.415712271047634
title,7,ADWIN,0,0,0,0.0,,,False,
title,7,Page-Hinkley,0,0,0,0.0,,,False,
title,7,Boundary-Aware,22,8,14,0.15384615384615385,1375.0,0.0,True,2.4867069074261035
title,8,ADWIN,0,0,0,0.0,,,False,
title,8,Page-Hinkley,0,0,0,0.0,,,False,
title,8,Boundary-Aware,16,2,14,0.038461538461538464,1375.0,0.0,True,2.7551053135759465
title,9,ADWIN,0,0,0,0.0,,,False,
title,9,Page-Hinkley,0,0,0,0.0,,,False,
title,9,Boundary-Aware,10,3,7,0.057692307692307696,1425.0,50.0,True,2.485990371321932
title,10,ADWIN,0,0,0,0.0,,,False,
title,10,Page-Hinkley,0,0,0,0.0,,,False,
title,10,Boundary-Aware,23,2,21,0.038461538461538464,1400.0,25.0,True,2.7888865164230188
title,11,ADWIN,0,0,0,0.0,,,False,
title,11,Page-Hinkley,0,0,0,0.0,,,False,
title,11,Boundary-Aware,23,5,18,0.09615384615384616,1375.0,0.0,True,1.945520685520325
title,12,ADWIN,0,0,0,0.0,,,False,
title,12,Page-Hinkley,0,0,0,0.0,,,False,
title,12,Boundary-Aware,30,5,25,0.09615384615384616,1475.0,100.0,True,1.6464499071715377
title,13,ADWIN,0,0,0,0.0,,,False,
title,13,Page-Hinkley,0,0,0,0.0,,,False,
title,13,Boundary-Aware,40,12,28,0.23076923076923078,1375.0,0.0,True,2.0366768908632067
title,14,ADWIN,0,0,0,0.0,,,False,
title,14,Page-Hinkley,0,0,0,0.0,,,False,
title,14,Boundary-Aware,19,2,17,0.038461538461538464,1375.0,0.0,True,2.3231740131237597
title,15,ADWIN,0,0,0,0.0,,,False,
title,15,Page-Hinkley,0,0,0,0.0,,,False,
title,15,Boundary-Aware,22,2,20,0.038461538461538464,1425.0,50.0,True,2.1545841370230554
title,16,ADWIN,0,0,0,0.0,,,False,
title,16,Page-Hinkley,0,0,0,0.0,,,False,
title,16,Boundary-Aware,8,4,4,0.07692307692307693,1775.0,400.0,True,2.2603887594849223
title,17,ADWIN,0,0,0,0.0,,,False,
title,17,Page-Hinkley,0,0,0,0.0,,,False,
title,17,Boundary-Aware,17,1,16,0.019230769230769232,1375.0,0.0,True,1.9487864381444975
title,18,ADWIN,0,0,0,0.0,,,False,
title,18,Page-Hinkley,0,0,0,0.0,,,False,
title,18,Boundary-Aware,22,5,17,0.09615384615384616,1375.0,0.0,True,2.0844742764392743
title,19,ADWIN,1,0,1,0.0,2271.0,896.0,True,
title,19,Page-Hinkley,0,0,0,0.0,,,False,
title,19,Boundary-Aware,37,6,31,0.11538461538461539,1375.0,0.0,True,1.9367897178372104
title,20,ADWIN,0,0,0,0.0,,,False,
title,20,Page-Hinkley,0,0,0,0.0,,,False,
title,20,Boundary-Aware,32,5,27,0.09615384615384616,1375.0,0.0,True,1.9505414103700691
title,21,ADWIN,0,0,0,0.0,,,False,
title,21,Page-Hinkley,0,0,0,0.0,,,False,
title,21,Boundary-Aware,12,3,9,0.057692307692307696,1400.0,25.0,True,2.339940604086559
title,22,ADWIN,0,0,0,0.0,,,False,
title,22,Page-Hinkley,0,0,0,0.0,,,False,
title,22,Boundary-Aware,24,3,21,0.057692307692307696,1375.0,0.0,True,2.0802207262579335
title,23,ADWIN,0,0,0,0.0,,,False,
title,23,Page-Hinkley,0,0,0,0.0,,,False,
title,23,Boundary-Aware,20,7,13,0.1346153846153846,1375.0,0.0,True,3.2122440380934236
title,24,ADWIN,0,0,0,0.0,,,False,
title,24,Page-Hinkley,0,0,0,0.0,,,False,
title,24,Boundary-Aware,20,4,16,0.07692307692307693,1425.0,50.0,True,1.8439944753600832
title,25,ADWIN,0,0,0,0.0,,,False,
title,25,Page-Hinkley,0,0,0,0.0,,,False,
title,25,Boundary-Aware,29,5,24,0.09615384615384616,1375.0,0.0,True,2.020075609802104
title,26,ADWIN,0,0,0,0.0,,,False,
title,26,Page-Hinkley,0,0,0,0.0,,,False,
title,26,Boundary-Aware,32,5,27,0.09615384615384616,1375.0,0.0,True,1.9124320518583482
title,27,ADWIN,0,0,0,0.0,,,False,
title,27,Page-Hinkley,0,0,0,0.0,,,False,
title,27,Boundary-Aware,18,3,15,0.057692307692307696,1425.0,50.0,True,2.409224848336191
title,28,ADWIN,0,0,0,0.0,,,False,
title,28,Page-Hinkley,0,0,0,0.0,,,False,
title,28,Boundary-Aware,12,2,10,0.038461538461538464,1550.0,175.0,True,2.3568565180769365
title,29,ADWIN,0,0,0,0.0,,,False,
title,29,Page-Hinkley,0,0,0,0.0,,,False,
title,29,Boundary-Aware,17,2,15,0.038461538461538464,1375.0,0.0,True,2.184823217679753
title,30,ADWIN,0,0,0,0.0,,,False,
title,30,Page-Hinkley,0,0,0,0.0,,,False,
title,30,Boundary-Aware,10,2,8,0.038461538461538464,1825.0,450.0,True,2.432258103178859
title,31,ADWIN,0,0,0,0.0,,,False,
title,31,Page-Hinkley,0,0,0,0.0,,,False,
title,31,Boundary-Aware,28,9,19,0.17307692307692307,1375.0,0.0,True,2.0318960400899826
title,32,ADWIN,0,0,0,0.0,,,False,
title,32,Page-Hinkley,0,0,0,0.0,,,False,
title,32,Boundary-Aware,3,1,2,0.019230769230769232,2100.0,725.0,True,2.5618059625892173
title,33,ADWIN,0,0,0,0.0,,,False,
title,33,Page-Hinkley,0,0,0,0.0,,,False,
title,33,Boundary-Aware,23,3,20,0.057692307692307696,1375.0,0.0,True,2.1272597287513353
title,34,ADWIN,0,0,0,0.0,,,False,
title,34,Page-Hinkley,0,0,0,0.0,,,False,
title,34,Boundary-Aware,19,2,17,0.038461538461538464,1475.0,100.0,True,2.4253679595293947
title,35,ADWIN,0,0,0,0.0,,,False,
title,35,Page-Hinkley,0,0,0,0.0,,,False,
title,35,Boundary-Aware,4,2,2,0.038461538461538464,1850.0,475.0,True,2.785751611207249
title,36,ADWIN,0,0,0,0.0,,,False,
title,36,Page-Hinkley,0,0,0,0.0,,,False,
title,36,Boundary-Aware,28,9,19,0.17307692307692307,1450.0,75.0,True,2.114090735039751
title,37,ADWIN,0,0,0,0.0,,,False,
title,37,Page-Hinkley,0,0,0,0.0,,,False,
title,37,Boundary-Aware,20,6,14,0.11538461538461539,1375.0,0.0,True,1.9803951467301695
title,38,ADWIN,0,0,0,0.0,,,False,
title,38,Page-Hinkley,0,0,0,0.0,,,False,
title,38,Boundary-Aware,27,7,20,0.1346153846153846,1375.0,0.0,True,1.8285578273424588
title,39,ADWIN,0,0,0,0.0,,,False,
title,39,Page-Hinkley,0,0,0,0.0,,,False,
title,39,Boundary-Aware,34,5,29,0.09615384615384616,1375.0,0.0,True,2.045303490625865
title,40,ADWIN,0,0,0,0.0,,,False,
title,40,Page-Hinkley,0,0,0,0.0,,,False,
title,40,Boundary-Aware,34,6,28,0.11538461538461539,1375.0,0.0,True,2.0108621233273745
title,41,ADWIN,0,0,0,0.0,,,False,
title,41,Page-Hinkley,0,0,0,0.0,,,False,
title,41,Boundary-Aware,5,2,3,0.038461538461538464,1450.0,75.0,True,2.500744987942064
title,42,ADWIN,0,0,0,0.0,,,False,
title,42,Page-Hinkley,0,0,0,0.0,,,False,
title,42,Boundary-Aware,20,3,17,0.057692307692307696,1375.0,0.0,True,2.673571023285623
title,43,ADWIN,1,0,1,0.0,2015.0,640.0,True,
title,43,Page-Hinkley,0,0,0,0.0,,,False,
title,43,Boundary-Aware,28,1,27,0.019230769230769232,1400.0,25.0,True,2.162879152224649
title,44,ADWIN,0,0,0,0.0,,,False,
title,44,Page-Hinkley,0,0,0,0.0,,,False,
title,44,Boundary-Aware,10,4,6,0.07692307692307693,1900.0,525.0,True,2.490555192168272
title,45,ADWIN,0,0,0,0.0,,,False,
title,45,Page-Hinkley,0,0,0,0.0,,,False,
title,45,Boundary-Aware,26,3,23,0.057692307692307696,1375.0,0.0,True,2.554381740567952
title,46,ADWIN,0,0,0,0.0,,,False,
title,46,Page-Hinkley,0,0,0,0.0,,,False,
title,46,Boundary-Aware,31,4,27,0.07692307692307693,1450.0,75.0,True,1.7882497843507714
title,47,ADWIN,0,0,0,0.0,,,False,
title,47,Page-Hinkley,0,0,0,0.0,,,False,
title,47,Boundary-Aware,21,3,18,0.057692307692307696,1475.0,100.0,True,1.8509649027102661
title,48,ADWIN,0,0,0,0.0,,,False,
title,48,Page-Hinkley,0,0,0,0.0,,,False,
title,48,Boundary-Aware,15,2,13,0.038461538461538464,1375.0,0.0,True,2.2471581750833676
title,49,ADWIN,0,0,0,0.0,,,False,
title,49,Page-Hinkley,0,0,0,0.0,,,False,
title,49,Boundary-Aware,29,6,23,0.11538461538461539,1375.0,0.0,True,2.8899323887562316
title,50,ADWIN,0,0,0,0.0,,,False,
title,50,Page-Hinkley,0,0,0,0.0,,,False,
title,50,Boundary-Aware,15,3,12,0.057692307692307696,1400.0,25.0,True,1.9136282813961143
title,51,ADWIN,0,0,0,0.0,,,False,
title,51,Page-Hinkley,0,0,0,0.0,,,False,
title,51,Boundary-Aware,20,2,18,0.038461538461538464,1400.0,25.0,True,2.017295328907342
title,52,ADWIN,0,0,0,0.0,,,False,
title,52,Page-Hinkley,0,0,0,0.0,,,False,
title,52,Boundary-Aware,25,3,22,0.057692307692307696,1375.0,0.0,True,2.0071184345156654
title,53,ADWIN,0,0,0,0.0,,,False,
title,53,Page-Hinkley,0,0,0,0.0,,,False,
title,53,Boundary-Aware,6,1,5,0.019230769230769232,1475.0,100.0,True,2.810014462760764
title,54,ADWIN,0,0,0,0.0,,,False,
title,54,Page-Hinkley,0,0,0,0.0,,,False,
title,54,Boundary-Aware,3,2,1,0.038461538461538464,1575.0,200.0,True,2.1412199080416725
title,55,ADWIN,0,0,0,0.0,,,False,
title,55,Page-Hinkley,0,0,0,0.0,,,False,
title,55,Boundary-Aware,22,1,21,0.019230769230769232,1450.0,75.0,True,1.9846149932074628
title,56,ADWIN,0,0,0,0.0,,,False,
title,56,Page-Hinkley,0,0,0,0.0,,,False,
title,56,Boundary-Aware,4,1,3,0.019230769230769232,1425.0,50.0,True,3.1443374223103824
title,57,ADWIN,0,0,0,0.0,,,False,
title,57,Page-Hinkley,0,0,0,0.0,,,False,
title,57,Boundary-Aware,33,6,27,0.11538461538461539,1375.0,0.0,True,2.4929775867739377
title,58,ADWIN,0,0,0,0.0,,,False,
title,58,Page-Hinkley,0,0,0,0.0,,,False,
title,58,Boundary-Aware,7,2,5,0.038461538461538464,1375.0,0.0,True,1.984459879335849
title,59,ADWIN,0,0,0,0.0,,,False,
title,59,Page-Hinkley,0,0,0,0.0,,,False,
title,59,Boundary-Aware,36,10,26,0.19230769230769232,1375.0,0.0,True,1.6572113954188412
title,60,ADWIN,0,0,0,0.0,,,False,
title,60,Page-Hinkley,0,0,0,0.0,,,False,
title,60,Boundary-Aware,25,1,24,0.019230769230769232,1400.0,25.0,True,1.9480822233527078
title,61,ADWIN,0,0,0,0.0,,,False,
title,61,Page-Hinkley,0,0,0,0.0,,,False,
title,61,Boundary-Aware,12,4,8,0.07692307692307693,1375.0,0.0,True,2.7299007046366337
title,62,ADWIN,0,0,0,0.0,,,False,
title,62,Page-Hinkley,0,0,0,0.0,,,False,
title,62,Boundary-Aware,32,3,29,0.057692307692307696,1375.0,0.0,True,1.8966371960084216
title,63,ADWIN,0,0,0,0.0,,,False,
title,63,Page-Hinkley,0,0,0,0.0,,,False,
title,63,Boundary-Aware,26,4,22,0.07692307692307693,1375.0,0.0,True,1.9670369844426758
title,64,ADWIN,0,0,0,0.0,,,False,
title,64,Page-Hinkley,0,0,0,0.0,,,False,
title,64,Boundary-Aware,15,5,10,0.09615384615384616,1650.0,275.0,True,2.625641565802553
title,65,ADWIN,0,0,0,0.0,,,False,
title,65,Page-Hinkley,0,0,0,0.0,,,False,
title,65,Boundary-Aware,30,3,27,0.057692307692307696,1400.0,25.0,True,1.8781451782339325
title,66,ADWIN,0,0,0,0.0,,,False,
title,66,Page-Hinkley,0,0,0,0.0,,,False,
title,66,Boundary-Aware,35,6,29,0.11538461538461539,1375.0,0.0,True,1.828957473985667
title,67,ADWIN,0,0,0,0.0,,,False,
title,67,Page-Hinkley,0,0,0,0.0,,,False,
title,67,Boundary-Aware,25,4,21,0.07692307692307693,1375.0,0.0,True,2.468966105088185
title,68,ADWIN,0,0,0,0.0,,,False,
title,68,Page-Hinkley,0,0,0,0.0,,,False,
title,68,Boundary-Aware,32,6,26,0.11538461538461539,1400.0,25.0,True,1.707373272129429
title,69,ADWIN,0,0,0,0.0,,,False,
title,69,Page-Hinkley,0,0,0,0.0,,,False,
title,69,Boundary-Aware,17,1,16,0.019230769230769232,1600.0,225.0,True,2.1568339064435493
title,70,ADWIN,0,0,0,0.0,,,False,
title,70,Page-Hinkley,0,0,0,0.0,,,False,
title,70,Boundary-Aware,32,7,25,0.1346153846153846,1375.0,0.0,True,1.962308100578112
title,71,ADWIN,0,0,0,0.0,,,False,
title,71,Page-Hinkley,0,0,0,0.0,,,False,
title,71,Boundary-Aware,21,3,18,0.057692307692307696,1375.0,0.0,True,2.214491168425128
title,72,ADWIN,0,0,0,0.0,,,False,
title,72,Page-Hinkley,0,0,0,0.0,,,False,
title,72,Boundary-Aware,16,3,13,0.057692307692307696,1375.0,0.0,True,2.5617970141820328
title,73,ADWIN,0,0,0,0.0,,,False,
title,73,Page-Hinkley,0,0,0,0.0,,,False,
title,73,Boundary-Aware,14,1,13,0.019230769230769232,1475.0,100.0,True,2.403835702306954
title,74,ADWIN,0,0,0,0.0,,,False,
title,74,Page-Hinkley,0,0,0,0.0,,,False,
title,74,Boundary-Aware,39,6,33,0.11538461538461539,1375.0,0.0,True,1.8984495470398326
title,75,ADWIN,0,0,0,0.0,,,False,
title,75,Page-Hinkley,0,0,0,0.0,,,False,
title,75,Boundary-Aware,26,3,23,0.057692307692307696,1375.0,0.0,True,1.7227777101207264
title,76,ADWIN,0,0,0,0.0,,,False,
title,76,Page-Hinkley,0,0,0,0.0,,,False,
title,76,Boundary-Aware,26,8,18,0.15384615384615385,1500.0,125.0,True,1.6750611321604192
title,77,ADWIN,0,0,0,0.0,,,False,
title,77,Page-Hinkley,0,0,0,0.0,,,False,
title,77,Boundary-Aware,17,2,15,0.038461538461538464,1375.0,0.0,True,2.485516334340507
title,78,ADWIN,0,0,0,0.0,,,False,
title,78,Page-Hinkley,0,0,0,0.0,,,False,
title,78,Boundary-Aware,24,2,22,0.038461538461538464,1500.0,125.0,True,2.314658479594536
title,79,ADWIN,0,0,0,0.0,,,False,
title,79,Page-Hinkley,0,0,0,0.0,,,False,
title,79,Boundary-Aware,15,1,14,0.019230769230769232,1375.0,0.0,True,2.2665159167180846
title,80,ADWIN,0,0,0,0.0,,,False,
title,80,Page-Hinkley,0,0,0,0.0,,,False,
title,80,Boundary-Aware,26,2,24,0.038461538461538464,1375.0,0.0,True,1.8577527967700567
title,81,ADWIN,0,0,0,0.0,,,False,
title,81,Page-Hinkley,0,0,0,0.0,,,False,
title,81,Boundary-Aware,14,2,12,0.038461538461538464,1500.0,125.0,True,2.1154719281186694
title,82,ADWIN,1,0,1,0.0,2207.0,832.0,True,
title,82,Page-Hinkley,0,0,0,0.0,,,False,
title,82,Boundary-Aware,29,3,26,0.057692307692307696,1525.0,150.0,True,1.9829603240070153
title,83,ADWIN,0,0,0,0.0,,,False,
title,83,Page-Hinkley,0,0,0,0.0,,,False,
title,83,Boundary-Aware,26,2,24,0.038461538461538464,1375.0,0.0,True,2.4787487478475674
title,84,ADWIN,0,0,0,0.0,,,False,
title,84,Page-Hinkley,0,0,0,0.0,,,False,
title,84,Boundary-Aware,26,5,21,0.09615384615384616,1500.0,125.0,True,1.5573298269701608
title,85,ADWIN,0,0,0,0.0,,,False,
title,85,Page-Hinkley,0,0,0,0.0,,,False,
title,85,Boundary-Aware,48,16,32,0.3076923076923077,1375.0,0.0,True,2.037022204025518
title,86,ADWIN,0,0,0,0.0,,,False,
title,86,Page-Hinkley,0,0,0,0.0,,,False,
title,86,Boundary-Aware,6,2,4,0.038461538461538464,1825.0,450.0,True,3.3288011054328157
title,87,ADWIN,0,0,0,0.0,,,False,
title,87,Page-Hinkley,0,0,0,0.0,,,False,
title,87,Boundary-Aware,25,2,23,0.038461538461538464,1375.0,0.0,True,1.9840738816425798
title,88,ADWIN,0,0,0,0.0,,,False,
title,88,Page-Hinkley,0,0,0,0.0,,,False,
title,88,Boundary-Aware,27,9,18,0.17307692307692307,1375.0,0.0,True,2.5441000228032227
title,89,ADWIN,0,0,0,0.0,,,False,
title,89,Page-Hinkley,0,0,0,0.0,,,False,
title,89,Boundary-Aware,7,4,3,0.07692307692307693,1525.0,150.0,True,2.9212883883766136
title,90,ADWIN,0,0,0,0.0,,,False,
title,90,Page-Hinkley,0,0,0,0.0,,,False,
title,90,Boundary-Aware,36,3,33,0.057692307692307696,1375.0,0.0,True,1.7225040577534616
title,91,ADWIN,0,0,0,0.0,,,False,
title,91,Page-Hinkley,0,0,0,0.0,,,False,
title,91,Boundary-Aware,41,9,32,0.17307692307692307,1375.0,0.0,True,1.4634989709457027
title,92,ADWIN,0,0,0,0.0,,,False,
title,92,Page-Hinkley,0,0,0,0.0,,,False,
title,92,Boundary-Aware,21,4,17,0.07692307692307693,1375.0,0.0,True,2.8840415985727237
title,93,ADWIN,0,0,0,0.0,,,False,
title,93,Page-Hinkley,0,0,0,0.0,,,False,
title,93,Boundary-Aware,29,5,24,0.09615384615384616,1375.0,0.0,True,1.9664486906783876
title,94,ADWIN,0,0,0,0.0,,,False,
title,94,Page-Hinkley,0,0,0,0.0,,,False,
title,94,Boundary-Aware,28,4,24,0.07692307692307693,1450.0,75.0,True,1.9617897077603932
title,95,ADWIN,0,0,0,0.0,,,False,
title,95,Page-Hinkley,0,0,0,0.0,,,False,
title,95,Boundary-Aware,27,3,24,0.057692307692307696,1400.0,25.0,True,1.9065452190017096
title,96,ADWIN,0,0,0,0.0,,,False,
title,96,Page-Hinkley,0,0,0,0.0,,,False,
title,96,Boundary-Aware,11,2,9,0.038461538461538464,1700.0,325.0,True,2.453323006221827
title,97,ADWIN,0,0,0,0.0,,,False,
title,97,Page-Hinkley,0,0,0,0.0,,,False,
title,97,Boundary-Aware,34,5,29,0.09615384615384616,1375.0,0.0,True,2.005418822581911
title,98,ADWIN,0,0,0,0.0,,,False,
title,98,Page-Hinkley,0,0,0,0.0,,,False,
title,98,Boundary-Aware,22,3,19,0.057692307692307696,1375.0,0.0,True,2.355546147439853
title,99,ADWIN,0,0,0,0.0,,,False,
title,99,Page-Hinkley,0,0,0,0.0,,,False,
title,99,Boundary-Aware,29,4,25,0.07692307692307693,1375.0,0.0,True,2.064469479424515
title,100,ADWIN,0,0,0,0.0,,,False,
title,100,Page-Hinkley,0,0,0,0.0,,,False,
title,100,Boundary-Aware,19,2,17,0.038461538461538464,1450.0,75.0,True,2.546158428541553
title,101,ADWIN,0,0,0,0.0,,,False,
title,101,Page-Hinkley,0,0,0,0.0,,,False,
title,101,Boundary-Aware,30,6,24,0.11538461538461539,1375.0,0.0,True,2.1626081274342446
title,102,ADWIN,0,0,0,0.0,,,False,
title,102,Page-Hinkley,0,0,0,0.0,,,False,
title,102,Boundary-Aware,22,5,17,0.09615384615384616,1375.0,0.0,True,1.709216768618325
title,103,ADWIN,0,0,0,0.0,,,False,
title,103,Page-Hinkley,0,0,0,0.0,,,False,
title,103,Boundary-Aware,32,7,25,0.1346153846153846,1375.0,0.0,True,1.8061991439283267
title,104,ADWIN,1,0,1,0.0,1983.0,608.0,True,
title,104,Page-Hinkley,0,0,0,0.0,,,False,
title,104,Boundary-Aware,35,4,31,0.07692307692307693,1375.0,0.0,True,2.0583501861806917
title,105,ADWIN,0,0,0,0.0,,,False,
title,105,Page-Hinkley,0,0,0,0.0,,,False,
title,105,Boundary-Aware,17,4,13,0.07692307692307693,1400.0,25.0,True,2.717959909131884
title,106,ADWIN,0,0,0,0.0,,,False,
title,106,Page-Hinkley,0,0,0,0.0,,,False,
title,106,Boundary-Aware,22,5,17,0.09615384615384616,1450.0,75.0,True,2.0629454882482134
title,107,ADWIN,0,0,0,0.0,,,False,
title,107,Page-Hinkley,0,0,0,0.0,,,False,
title,107,Boundary-Aware,6,2,4,0.038461538461538464,1625.0,250.0,True,2.229809240107115
title,108,ADWIN,0,0,0,0.0,,,False,
title,108,Page-Hinkley,0,0,0,0.0,,,False,
title,108,Boundary-Aware,15,1,14,0.019230769230769232,1525.0,150.0,True,2.651515894855724
title,109,ADWIN,0,0,0,0.0,,,False,
title,109,Page-Hinkley,0,0,0,0.0,,,False,
title,109,Boundary-Aware,25,4,21,0.07692307692307693,1400.0,25.0,True,2.1535912701825786
title,110,ADWIN,0,0,0,0.0,,,False,
title,110,Page-Hinkley,0,0,0,0.0,,,False,
title,110,Boundary-Aware,14,2,12,0.038461538461538464,1400.0,25.0,True,2.5119328994150005
title,111,ADWIN,0,0,0,0.0,,,False,
title,111,Page-Hinkley,0,0,0,0.0,,,False,
title,111,Boundary-Aware,32,7,25,0.1346153846153846,1375.0,0.0,True,1.8995682406572778
title,112,ADWIN,0,0,0,0.0,,,False,
title,112,Page-Hinkley,0,0,0,0.0,,,False,
title,112,Boundary-Aware,17,1,16,0.019230769230769232,1450.0,75.0,True,2.5129028039457855
title,113,ADWIN,0,0,0,0.0,,,False,
title,113,Page-Hinkley,0,0,0,0.0,,,False,
title,113,Boundary-Aware,7,1,6,0.019230769230769232,1700.0,325.0,True,2.265831928374058
title,114,ADWIN,0,0,0,0.0,,,False,
title,114,Page-Hinkley,0,0,0,0.0,,,False,
title,114,Boundary-Aware,19,4,15,0.07692307692307693,1375.0,0.0,True,2.184701706557253
title,115,ADWIN,0,0,0,0.0,,,False,
title,115,Page-Hinkley,0,0,0,0.0,,,False,
title,115,Boundary-Aware,20,5,15,0.09615384615384616,1375.0,0.0,True,1.9799298452393246
title,116,ADWIN,0,0,0,0.0,,,False,
title,116,Page-Hinkley,0,0,0,0.0,,,False,
title,116,Boundary-Aware,28,4,24,0.07692307692307693,1375.0,0.0,True,1.7909405574518158
title,117,ADWIN,0,0,0,0.0,,,False,
title,117,Page-Hinkley,0,0,0,0.0,,,False,
title,117,Boundary-Aware,21,3,18,0.057692307692307696,1375.0,0.0,True,2.7553106808947874
title,118,ADWIN,0,0,0,0.0,,,False,
title,118,Page-Hinkley,0,0,0,0.0,,,False,
title,118,Boundary-Aware,27,1,26,0.019230769230769232,1375.0,0.0,True,1.9486381395236978
title,119,ADWIN,0,0,0,0.0,,,False,
title,119,Page-Hinkley,0,0,0,0.0,,,False,
title,119,Boundary-Aware,32,5,27,0.09615384615384616,1375.0,0.0,True,2.1340774189534724
title,120,ADWIN,0,0,0,0.0,,,False,
title,120,Page-Hinkley,0,0,0,0.0,,,False,
title,120,Boundary-Aware,24,3,21,0.057692307692307696,1400.0,25.0,True,2.2238083946741427
title,121,ADWIN,0,0,0,0.0,,,False,
title,121,Page-Hinkley,0,0,0,0.0,,,False,
title,121,Boundary-Aware,17,4,13,0.07692307692307693,1375.0,0.0,True,2.3301085260497576
title,122,ADWIN,0,0,0,0.0,,,False,
title,122,Page-Hinkley,0,0,0,0.0,,,False,
title,122,Boundary-Aware,32,4,28,0.07692307692307693,1375.0,0.0,True,2.003515503666561
title,123,ADWIN,0,0,0,0.0,,,False,
title,123,Page-Hinkley,0,0,0,0.0,,,False,
title,123,Boundary-Aware,1,1,0,0.019230769230769232,,,False,3.1590419506733816
title,124,ADWIN,0,0,0,0.0,,,False,
title,124,Page-Hinkley,0,0,0,0.0,,,False,
title,124,Boundary-Aware,22,2,20,0.038461538461538464,1375.0,0.0,True,1.8846978734040383
title,125,ADWIN,0,0,0,0.0,,,False,
title,125,Page-Hinkley,0,0,0,0.0,,,False,
title,125,Boundary-Aware,18,1,17,0.019230769230769232,1550.0,175.0,True,3.1010769513652043
title,126,ADWIN,0,0,0,0.0,,,False,
title,126,Page-Hinkley,0,0,0,0.0,,,False,
title,126,Boundary-Aware,29,10,19,0.19230769230769232,1500.0,125.0,True,1.484011591160425
title,127,ADWIN,0,0,0,0.0,,,False,
title,127,Page-Hinkley,0,0,0,0.0,,,False,
title,127,Boundary-Aware,23,4,19,0.07692307692307693,1375.0,0.0,True,2.4286155126971467
title,128,ADWIN,0,0,0,0.0,,,False,
title,128,Page-Hinkley,0,0,0,0.0,,,False,
title,128,Boundary-Aware,16,6,10,0.11538461538461539,1375.0,0.0,True,2.19209945301747
title,129,ADWIN,0,0,0,0.0,,,False,
title,129,Page-Hinkley,0,0,0,0.0,,,False,
title,129,Boundary-Aware,15,5,10,0.09615384615384616,1375.0,0.0,True,2.010809636640041
title,130,ADWIN,0,0,0,0.0,,,False,
title,130,Page-Hinkley,0,0,0,0.0,,,False,
title,130,Boundary-Aware,8,1,7,0.019230769230769232,1575.0,200.0,True,2.3734522357914516
title,131,ADWIN,0,0,0,0.0,,,False,
title,131,Page-Hinkley,0,0,0,0.0,,,False,
title,131,Boundary-Aware,23,3,20,0.057692307692307696,1425.0,50.0,True,2.7775725772324447
title,132,ADWIN,0,0,0,0.0,,,False,
title,132,Page-Hinkley,0,0,0,0.0,,,False,
title,132,Boundary-Aware,30,2,28,0.038461538461538464,1375.0,0.0,True,1.8438877357953491
title,133,ADWIN,0,0,0,0.0,,,False,
title,133,Page-Hinkley,0,0,0,0.0,,,False,
title,133,Boundary-Aware,31,3,28,0.057692307692307696,1375.0,0.0,True,2.177081974829615
title,134,ADWIN,0,0,0,0.0,,,False,
title,134,Page-Hinkley,0,0,0,0.0,,,False,
title,134,Boundary-Aware,23,3,20,0.057692307692307696,1550.0,175.0,True,1.8522384355705779
title,135,ADWIN,1,0,1,0.0,1951.0,576.0,True,
title,135,Page-Hinkley,0,0,0,0.0,,,False,
title,135,Boundary-Aware,21,1,20,0.019230769230769232,1450.0,75.0,True,2.0055447737012724
title,136,ADWIN,0,0,0,0.0,,,False,
title,136,Page-Hinkley,0,0,0,0.0,,,False,
title,136,Boundary-Aware,13,5,8,0.09615384615384616,1475.0,100.0,True,2.2403308577085714
title,137,ADWIN,0,0,0,0.0,,,False,
title,137,Page-Hinkley,0,0,0,0.0,,,False,
title,137,Boundary-Aware,38,7,31,0.1346153846153846,1375.0,0.0,True,1.841548182623562
title,138,ADWIN,0,0,0,0.0,,,False,
title,138,Page-Hinkley,0,0,0,0.0,,,False,
title,138,Boundary-Aware,25,4,21,0.07692307692307693,1375.0,0.0,True,1.9057673735040739
title,139,ADWIN,0,0,0,0.0,,,False,
title,139,Page-Hinkley,0,0,0,0.0,,,False,
title,139,Boundary-Aware,23,8,15,0.15384615384615385,1375.0,0.0,True,2.3227878636389825
title,140,ADWIN,1,0,1,0.0,2239.0,864.0,True,
title,140,Page-Hinkley,0,0,0,0.0,,,False,
title,140,Boundary-Aware,23,2,21,0.038461538461538464,1400.0,25.0,True,3.2565736150740943
title,141,ADWIN,0,0,0,0.0,,,False,
title,141,Page-Hinkley,0,0,0,0.0,,,False,
title,141,Boundary-Aware,32,7,25,0.1346153846153846,1375.0,0.0,True,2.1647284535209
title,142,ADWIN,0,0,0,0.0,,,False,
title,142,Page-Hinkley,0,0,0,0.0,,,False,
title,142,Boundary-Aware,28,4,24,0.07692307692307693,1375.0,0.0,True,2.0060222137642496
title,143,ADWIN,0,0,0,0.0,,,False,
title,143,Page-Hinkley,0,0,0,0.0,,,False,
title,143,Boundary-Aware,14,4,10,0.07692307692307693,1375.0,0.0,True,2.7157332359704003
title,144,ADWIN,0,0,0,0.0,,,False,
title,144,Page-Hinkley,0,0,0,0.0,,,False,
title,144,Boundary-Aware,38,9,29,0.17307692307692307,1375.0,0.0,True,1.8377737728113377
title,145,ADWIN,0,0,0,0.0,,,False,
title,145,Page-Hinkley,0,0,0,0.0,,,False,
title,145,Boundary-Aware,17,1,16,0.019230769230769232,1375.0,0.0,True,2.166924808013741
title,146,ADWIN,0,0,0,0.0,,,False,
title,146,Page-Hinkley,0,0,0,0.0,,,False,
title,146,Boundary-Aware,28,6,22,0.11538461538461539,1375.0,0.0,True,1.9119136863556252
title,147,ADWIN,0,0,0,0.0,,,False,
title,147,Page-Hinkley,0,0,0,0.0,,,False,
title,147,Boundary-Aware,20,5,15,0.09615384615384616,1475.0,100.0,True,1.9091733886569853
title,148,ADWIN,0,0,0,0.0,,,False,
title,148,Page-Hinkley,0,0,0,0.0,,,False,
title,148,Boundary-Aware,39,10,29,0.19230769230769232,1400.0,25.0,True,2.0570759875986977
title,149,ADWIN,0,0,0,0.0,,,False,
title,149,Page-Hinkley,0,0,0,0.0,,,False,
title,149,Boundary-Aware,14,7,7,0.1346153846153846,1525.0,150.0,True,2.0581110708661012
title,150,ADWIN,0,0,0,0.0,,,False,
title,150,Page-Hinkley,0,0,0,0.0,,,False,
title,150,Boundary-Aware,13,2,11,0.038461538461538464,1475.0,100.0,True,2.493088286683812
title,151,ADWIN,0,0,0,0.0,,,False,
title,151,Page-Hinkley,0,0,0,0.0,,,False,
title,151,Boundary-Aware,17,4,13,0.07692307692307693,1675.0,300.0,True,2.152636634722549
title,152,ADWIN,0,0,0,0.0,,,False,
title,152,Page-Hinkley,0,0,0,0.0,,,False,
title,152,Boundary-Aware,31,7,24,0.1346153846153846,1400.0,25.0,True,2.0953265575934847
title,153,ADWIN,0,0,0,0.0,,,False,
title,153,Page-Hinkley,0,0,0,0.0,,,False,
title,153,Boundary-Aware,21,2,19,0.038461538461538464,1375.0,0.0,True,2.067709752147727
title,154,ADWIN,0,0,0,0.0,,,False,
title,154,Page-Hinkley,0,0,0,0.0,,,False,
title,154,Boundary-Aware,9,2,7,0.038461538461538464,1725.0,350.0,True,2.6625488664733936
title,155,ADWIN,0,0,0,0.0,,,False,
title,155,Page-Hinkley,0,0,0,0.0,,,False,
title,155,Boundary-Aware,25,3,22,0.057692307692307696,1375.0,0.0,True,1.955724993460794
title,156,ADWIN,0,0,0,0.0,,,False,
title,156,Page-Hinkley,0,0,0,0.0,,,False,
title,156,Boundary-Aware,30,7,23,0.1346153846153846,1425.0,50.0,True,1.759593441992521
title,157,ADWIN,0,0,0,0.0,,,False,
title,157,Page-Hinkley,0,0,0,0.0,,,False,
title,157,Boundary-Aware,38,11,27,0.21153846153846154,1375.0,0.0,True,1.8177612766861442
title,158,ADWIN,0,0,0,0.0,,,False,
title,158,Page-Hinkley,0,0,0,0.0,,,False,
title,158,Boundary-Aware,24,5,19,0.09615384615384616,1650.0,275.0,True,2.4980937301988972
title,159,ADWIN,0,0,0,0.0,,,False,
title,159,Page-Hinkley,0,0,0,0.0,,,False,
title,159,Boundary-Aware,31,2,29,0.038461538461538464,1375.0,0.0,True,1.8732053941199311
title,160,ADWIN,0,0,0,0.0,,,False,
title,160,Page-Hinkley,0,0,0,0.0,,,False,
title,160,Boundary-Aware,11,2,9,0.038461538461538464,1750.0,375.0,True,1.8937904870650504
title,161,ADWIN,0,0,0,0.0,,,False,
title,161,Page-Hinkley,0,0,0,0.0,,,False,
title,161,Boundary-Aware,17,1,16,0.019230769230769232,1550.0,175.0,True,1.9109303362491188
title,162,ADWIN,0,0,0,0.0,,,False,
title,162,Page-Hinkley,0,0,0,0.0,,,False,
title,162,Boundary-Aware,18,3,15,0.057692307692307696,1375.0,0.0,True,2.5263710835940283
title,163,ADWIN,0,0,0,0.0,,,False,
title,163,Page-Hinkley,0,0,0,0.0,,,False,
title,163,Boundary-Aware,26,3,23,0.057692307692307696,1450.0,75.0,True,2.080177741833568
title,164,ADWIN,0,0,0,0.0,,,False,
title,164,Page-Hinkley,0,0,0,0.0,,,False,
title,164,Boundary-Aware,25,4,21,0.07692307692307693,1375.0,0.0,True,1.7498309331123245
title,165,ADWIN,0,0,0,0.0,,,False,
title,165,Page-Hinkley,0,0,0,0.0,,,False,
title,165,Boundary-Aware,26,3,23,0.057692307692307696,1375.0,0.0,True,1.9114173504975531
title,166,ADWIN,0,0,0,0.0,,,False,
title,166,Page-Hinkley,0,0,0,0.0,,,False,
title,166,Boundary-Aware,32,3,29,0.057692307692307696,1375.0,0.0,True,1.7883998114436928
title,167,ADWIN,0,0,0,0.0,,,False,
title,167,Page-Hinkley,0,0,0,0.0,,,False,
title,167,Boundary-Aware,42,9,33,0.17307692307692307,1375.0,0.0,True,1.656750292322929
title,168,ADWIN,0,0,0,0.0,,,False,
title,168,Page-Hinkley,0,0,0,0.0,,,False,
title,168,Boundary-Aware,10,2,8,0.038461538461538464,1375.0,0.0,True,2.2913344684265557
title,169,ADWIN,0,0,0,0.0,,,False,
title,169,Page-Hinkley,0,0,0,0.0,,,False,
title,169,Boundary-Aware,19,3,16,0.057692307692307696,1375.0,0.0,True,2.050168346710685
title,170,ADWIN,0,0,0,0.0,,,False,
title,170,Page-Hinkley,0,0,0,0.0,,,False,
title,170,Boundary-Aware,37,9,28,0.17307692307692307,1375.0,0.0,True,2.1607527065164565
title,171,ADWIN,0,0,0,0.0,,,False,
title,171,Page-Hinkley,0,0,0,0.0,,,False,
title,171,Boundary-Aware,5,2,3,0.038461538461538464,1375.0,0.0,True,2.72538609694908
title,172,ADWIN,0,0,0,0.0,,,False,
title,172,Page-Hinkley,0,0,0,0.0,,,False,
title,172,Boundary-Aware,16,2,14,0.038461538461538464,1600.0,225.0,True,2.9446325537302105
title,173,ADWIN,1,0,1,0.0,1791.0,416.0,True,
title,173,Page-Hinkley,0,0,0,0.0,,,False,
title,173,Boundary-Aware,28,6,22,0.11538461538461539,1375.0,0.0,True,1.910631888336687
title,174,ADWIN,0,0,0,0.0,,,False,
title,174,Page-Hinkley,0,0,0,0.0,,,False,
title,174,Boundary-Aware,15,4,11,0.07692307692307693,1375.0,0.0,True,2.096109421423761
title,175,ADWIN,0,0,0,0.0,,,False,
title,175,Page-Hinkley,0,0,0,0.0,,,False,
title,175,Boundary-Aware,8,2,6,0.038461538461538464,1975.0,600.0,True,2.770460659454305
title,176,ADWIN,0,0,0,0.0,,,False,
title,176,Page-Hinkley,0,0,0,0.0,,,False,
title,176,Boundary-Aware,36,6,30,0.11538461538461539,1400.0,25.0,True,1.5781852918254564
title,177,ADWIN,0,0,0,0.0,,,False,
title,177,Page-Hinkley,0,0,0,0.0,,,False,
title,177,Boundary-Aware,23,3,20,0.057692307692307696,1375.0,0.0,True,2.1863104024397297
title,178,ADWIN,0,0,0,0.0,,,False,
title,178,Page-Hinkley,0,0,0,0.0,,,False,
title,178,Boundary-Aware,12,2,10,0.038461538461538464,1375.0,0.0,True,2.652559784416983
title,179,ADWIN,0,0,0,0.0,,,False,
title,179,Page-Hinkley,0,0,0,0.0,,,False,
title,179,Boundary-Aware,33,8,25,0.15384615384615385,1400.0,25.0,True,1.5569425257873348
title,180,ADWIN,0,0,0,0.0,,,False,
title,180,Page-Hinkley,0,0,0,0.0,,,False,
title,180,Boundary-Aware,19,2,17,0.038461538461538464,1550.0,175.0,True,3.2182998477768234
title,181,ADWIN,0,0,0,0.0,,,False,
title,181,Page-Hinkley,0,0,0,0.0,,,False,
title,181,Boundary-Aware,9,1,8,0.019230769230769232,1400.0,25.0,True,2.636439199067523
title,182,ADWIN,0,0,0,0.0,,,False,
title,182,Page-Hinkley,0,0,0,0.0,,,False,
title,182,Boundary-Aware,3,2,1,0.038461538461538464,1425.0,50.0,True,2.6264359596600113
title,183,ADWIN,0,0,0,0.0,,,False,
title,183,Page-Hinkley,0,0,0,0.0,,,False,
title,183,Boundary-Aware,22,1,21,0.019230769230769232,1375.0,0.0,True,2.2681239586975703
title,184,ADWIN,0,0,0,0.0,,,False,
title,184,Page-Hinkley,0,0,0,0.0,,,False,
title,184,Boundary-Aware,30,9,21,0.17307692307692307,1375.0,0.0,True,1.905007515600288
title,185,ADWIN,0,0,0,0.0,,,False,
title,185,Page-Hinkley,0,0,0,0.0,,,False,
title,185,Boundary-Aware,25,3,22,0.057692307692307696,1375.0,0.0,True,2.1639681898123415
title,186,ADWIN,0,0,0,0.0,,,False,
title,186,Page-Hinkley,0,0,0,0.0,,,False,
title,186,Boundary-Aware,16,1,15,0.019230769230769232,1475.0,100.0,True,2.452130312794498
title,187,ADWIN,0,0,0,0.0,,,False,
title,187,Page-Hinkley,0,0,0,0.0,,,False,
title,187,Boundary-Aware,23,4,19,0.07692307692307693,1375.0,0.0,True,2.207685834688661
title,188,ADWIN,0,0,0,0.0,,,False,
title,188,Page-Hinkley,0,0,0,0.0,,,False,
title,188,Boundary-Aware,29,5,24,0.09615384615384616,1375.0,0.0,True,2.0800434327323982
title,189,ADWIN,0,0,0,0.0,,,False,
title,189,Page-Hinkley,0,0,0,0.0,,,False,
title,189,Boundary-Aware,32,8,24,0.15384615384615385,1375.0,0.0,True,1.9448384182874643
title,190,ADWIN,0,0,0,0.0,,,False,
title,190,Page-Hinkley,0,0,0,0.0,,,False,
title,190,Boundary-Aware,13,2,11,0.038461538461538464,1550.0,175.0,True,2.6786126970108426
title,191,ADWIN,0,0,0,0.0,,,False,
title,191,Page-Hinkley,0,0,0,0.0,,,False,
title,191,Boundary-Aware,7,2,5,0.038461538461538464,1375.0,0.0,True,2.5194568259483385
title,192,ADWIN,0,0,0,0.0,,,False,
title,192,Page-Hinkley,0,0,0,0.0,,,False,
title,192,Boundary-Aware,41,11,30,0.21153846153846154,1375.0,0.0,True,2.0572579308120647
title,193,ADWIN,0,0,0,0.0,,,False,
title,193,Page-Hinkley,0,0,0,0.0,,,False,
title,193,Boundary-Aware,29,6,23,0.11538461538461539,1375.0,0.0,True,1.909238057923859
title,194,ADWIN,0,0,0,0.0,,,False,
title,194,Page-Hinkley,0,0,0,0.0,,,False,
title,194,Boundary-Aware,33,5,28,0.09615384615384616,1375.0,0.0,True,1.8028132474171277
title,195,ADWIN,0,0,0,0.0,,,False,
title,195,Page-Hinkley,0,0,0,0.0,,,False,
title,195,Boundary-Aware,11,1,10,0.019230769230769232,1700.0,325.0,True,2.5252903852590944
title,196,ADWIN,0,0,0,0.0,,,False,
title,196,Page-Hinkley,0,0,0,0.0,,,False,
title,196,Boundary-Aware,20,1,19,0.019230769230769232,1425.0,50.0,True,3.293774632425623
title,197,ADWIN,0,0,0,0.0,,,False,
title,197,Page-Hinkley,0,0,0,0.0,,,False,
title,197,Boundary-Aware,37,7,30,0.1346153846153846,1375.0,0.0,True,1.5022567542206091
title,198,ADWIN,0,0,0,0.0,,,False,
title,198,Page-Hinkley,0,0,0,0.0,,,False,
title,198,Boundary-Aware,10,3,7,0.057692307692307696,1375.0,0.0,True,2.7025992754048036
title,199,ADWIN,0,0,0,0.0,,,False,
title,199,Page-Hinkley,0,0,0,0.0,,,False,
title,199,Boundary-Aware,23,3,20,0.057692307692307696,1375.0,0.0,True,1.8654200418640117
title,200,ADWIN,0,0,0,0.0,,,False,
title,200,Page-Hinkley,0,0,0,0.0,,,False,
title,200,Boundary-Aware,33,4,29,0.07692307692307693,1375.0,0.0,True,1.797066085696019
title,201,ADWIN,0,0,0,0.0,,,False,
title,201,Page-Hinkley,0,0,0,0.0,,,False,
title,201,Boundary-Aware,8,1,7,0.019230769230769232,1800.0,425.0,True,2.2176272813815485
title,202,ADWIN,0,0,0,0.0,,,False,
title,202,Page-Hinkley,0,0,0,0.0,,,False,
title,202,Boundary-Aware,29,3,26,0.057692307692307696,1375.0,0.0,True,2.0135644941610127
title,203,ADWIN,0,0,0,0.0,,,False,
title,203,Page-Hinkley,0,0,0,0.0,,,False,
title,203,Boundary-Aware,23,1,22,0.019230769230769232,1375.0,0.0,True,2.3593340193823886
title,204,ADWIN,0,0,0,0.0,,,False,
title,204,Page-Hinkley,0,0,0,0.0,,,False,
title,204,Boundary-Aware,5,3,2,0.057692307692307696,2050.0,675.0,True,2.357334185402297
title,205,ADWIN,0,0,0,0.0,,,False,
title,205,Page-Hinkley,0,0,0,0.0,,,False,
title,205,Boundary-Aware,25,1,24,0.019230769230769232,1400.0,25.0,True,1.7098345349701387
title,206,ADWIN,0,0,0,0.0,,,False,
title,206,Page-Hinkley,0,0,0,0.0,,,False,
title,206,Boundary-Aware,22,8,14,0.15384615384615385,1375.0,0.0,True,1.9275447963188852
title,207,ADWIN,0,0,0,0.0,,,False,
title,207,Page-Hinkley,0,0,0,0.0,,,False,
title,207,Boundary-Aware,18,3,15,0.057692307692307696,1425.0,50.0,True,1.9126031625660325
title,208,ADWIN,0,0,0,0.0,,,False,
title,208,Page-Hinkley,0,0,0,0.0,,,False,
title,208,Boundary-Aware,25,4,21,0.07692307692307693,1375.0,0.0,True,2.3148990034434256
title,209,ADWIN,0,0,0,0.0,,,False,
title,209,Page-Hinkley,0,0,0,0.0,,,False,
title,209,Boundary-Aware,35,3,32,0.057692307692307696,1400.0,25.0,True,1.684730313582076
title,210,ADWIN,0,0,0,0.0,,,False,
title,210,Page-Hinkley,0,0,0,0.0,,,False,
title,210,Boundary-Aware,25,2,23,0.038461538461538464,1475.0,100.0,True,2.119033552518976
title,211,ADWIN,0,0,0,0.0,,,False,
title,211,Page-Hinkley,0,0,0,0.0,,,False,
title,211,Boundary-Aware,13,2,11,0.038461538461538464,1500.0,125.0,True,2.3627321814512605
title,212,ADWIN,0,0,0,0.0,,,False,
title,212,Page-Hinkley,0,0,0,0.0,,,False,
title,212,Boundary-Aware,20,5,15,0.09615384615384616,1375.0,0.0,True,2.2478475376123543
title,213,ADWIN,0,0,0,0.0,,,False,
title,213,Page-Hinkley,0,0,0,0.0,,,False,
title,213,Boundary-Aware,7,3,4,0.057692307692307696,1450.0,75.0,True,2.373938506155883
title,214,ADWIN,0,0,0,0.0,,,False,
title,214,Page-Hinkley,0,0,0,0.0,,,False,
title,214,Boundary-Aware,1,1,0,0.019230769230769232,,,False,2.7960780397142635
title,215,ADWIN,0,0,0,0.0,,,False,
title,215,Page-Hinkley,0,0,0,0.0,,,False,
title,215,Boundary-Aware,13,5,8,0.09615384615384616,1375.0,0.0,True,2.3780758050934088
title,216,ADWIN,0,0,0,0.0,,,False,
title,216,Page-Hinkley,0,0,0,0.0,,,False,
title,216,Boundary-Aware,25,5,20,0.09615384615384616,1375.0,0.0,True,2.144628524193793
title,217,ADWIN,0,0,0,0.0,,,False,
title,217,Page-Hinkley,0,0,0,0.0,,,False,
title,217,Boundary-Aware,37,9,28,0.17307692307692307,1375.0,0.0,True,2.068242190407503
title,218,ADWIN,0,0,0,0.0,,,False,
title,218,Page-Hinkley,0,0,0,0.0,,,False,
title,218,Boundary-Aware,35,8,27,0.15384615384615385,1375.0,0.0,True,1.9253069993548697
title,219,ADWIN,0,0,0,0.0,,,False,
title,219,Page-Hinkley,0,0,0,0.0,,,False,
title,219,Boundary-Aware,13,1,12,0.019230769230769232,1625.0,250.0,True,2.199057593367871
title,220,ADWIN,0,0,0,0.0,,,False,
title,220,Page-Hinkley,0,0,0,0.0,,,False,
title,220,Boundary-Aware,32,4,28,0.07692307692307693,1375.0,0.0,True,2.0041457816974377
title,221,ADWIN,0,0,0,0.0,,,False,
title,221,Page-Hinkley,0,0,0,0.0,,,False,
title,221,Boundary-Aware,29,6,23,0.11538461538461539,1375.0,0.0,True,1.7666432955212754
title,222,ADWIN,0,0,0,0.0,,,False,
title,222,Page-Hinkley,0,0,0,0.0,,,False,
title,222,Boundary-Aware,17,2,15,0.038461538461538464,1375.0,0.0,True,2.614160653395409
title,223,ADWIN,0,0,0,0.0,,,False,
title,223,Page-Hinkley,0,0,0,0.0,,,False,
title,223,Boundary-Aware,22,2,20,0.038461538461538464,1425.0,50.0,True,2.028023052388276
title,224,ADWIN,0,0,0,0.0,,,False,
title,224,Page-Hinkley,0,0,0,0.0,,,False,
title,224,Boundary-Aware,28,7,21,0.1346153846153846,1375.0,0.0,True,3.3240690837531015
title,225,ADWIN,0,0,0,0.0,,,False,
title,225,Page-Hinkley,0,0,0,0.0,,,False,
title,225,Boundary-Aware,18,3,15,0.057692307692307696,1375.0,0.0,True,2.313751514693756
title,226,ADWIN,0,0,0,0.0,,,False,
title,226,Page-Hinkley,0,0,0,0.0,,,False,
title,226,Boundary-Aware,31,7,24,0.1346153846153846,1375.0,0.0,True,1.8999150214612412
title,227,ADWIN,1,0,1,0.0,1791.0,416.0,True,
title,227,Page-Hinkley,0,0,0,0.0,,,False,
title,227,Boundary-Aware,44,11,33,0.21153846153846154,1375.0,0.0,True,1.6133565274129609
title,228,ADWIN,0,0,0,0.0,,,False,
title,228,Page-Hinkley,0,0,0,0.0,,,False,
title,228,Boundary-Aware,12,1,11,0.019230769230769232,1475.0,100.0,True,2.770878124321156
title,229,ADWIN,0,0,0,0.0,,,False,
title,229,Page-Hinkley,0,0,0,0.0,,,False,
title,229,Boundary-Aware,20,5,15,0.09615384615384616,1375.0,0.0,True,1.931753816246106
title,230,ADWIN,0,0,0,0.0,,,False,
title,230,Page-Hinkley,0,0,0,0.0,,,False,
title,230,Boundary-Aware,25,3,22,0.057692307692307696,1450.0,75.0,True,2.3833471019385173
title,231,ADWIN,0,0,0,0.0,,,False,
title,231,Page-Hinkley,0,0,0,0.0,,,False,
title,231,Boundary-Aware,19,2,17,0.038461538461538464,1450.0,75.0,True,2.3639195943683564
title,232,ADWIN,0,0,0,0.0,,,False,
title,232,Page-Hinkley,0,0,0,0.0,,,False,
title,232,Boundary-Aware,10,1,9,0.019230769230769232,1400.0,25.0,True,3.304803847173612
title,233,ADWIN,0,0,0,0.0,,,False,
title,233,Page-Hinkley,0,0,0,0.0,,,False,
title,233,Boundary-Aware,11,4,7,0.07692307692307693,1625.0,250.0,True,2.5398983799321075
title,234,ADWIN,0,0,0,0.0,,,False,
title,234,Page-Hinkley,0,0,0,0.0,,,False,
title,234,Boundary-Aware,18,5,13,0.09615384615384616,1375.0,0.0,True,1.8732603469019484
title,235,ADWIN,0,0,0,0.0,,,False,
title,235,Page-Hinkley,0,0,0,0.0,,,False,
title,235,Boundary-Aware,35,10,25,0.19230769230769232,1375.0,0.0,True,1.739727856492165
title,236,ADWIN,0,0,0,0.0,,,False,
title,236,Page-Hinkley,0,0,0,0.0,,,False,
title,236,Boundary-Aware,26,5,21,0.09615384615384616,1575.0,200.0,True,1.9918931537196618
title,237,ADWIN,1,0,1,0.0,2111.0,736.0,True,
title,237,Page-Hinkley,0,0,0,0.0,,,False,
title,237,Boundary-Aware,28,2,26,0.038461538461538464,1425.0,50.0,True,2.4820224283153824
title,238,ADWIN,0,0,0,0.0,,,False,
title,238,Page-Hinkley,0,0,0,0.0,,,False,
title,238,Boundary-Aware,35,8,27,0.15384615384615385,1375.0,0.0,True,2.2846740035337794
title,239,ADWIN,0,0,0,0.0,,,False,
title,239,Page-Hinkley,0,0,0,0.0,,,False,
title,239,Boundary-Aware,19,3,16,0.057692307692307696,1475.0,100.0,True,1.8918599258739586
title,240,ADWIN,0,0,0,0.0,,,False,
title,240,Page-Hinkley,0,0,0,0.0,,,False,
title,240,Boundary-Aware,17,3,14,0.057692307692307696,1450.0,75.0,True,2.5619077529587333
title,241,ADWIN,0,0,0,0.0,,,False,
title,241,Page-Hinkley,0,0,0,0.0,,,False,
title,241,Boundary-Aware,8,2,6,0.038461538461538464,1700.0,325.0,True,2.182448885892382
title,242,ADWIN,0,0,0,0.0,,,False,
title,242,Page-Hinkley,0,0,0,0.0,,,False,
title,242,Boundary-Aware,32,1,31,0.019230769230769232,1375.0,0.0,True,2.5350245041159107
title,243,ADWIN,0,0,0,0.0,,,False,
title,243,Page-Hinkley,0,0,0,0.0,,,False,
title,243,Boundary-Aware,18,2,16,0.038461538461538464,1375.0,0.0,True,2.295488735823183
title,244,ADWIN,0,0,0,0.0,,,False,
title,244,Page-Hinkley,0,0,0,0.0,,,False,
title,244,Boundary-Aware,27,1,26,0.019230769230769232,1425.0,50.0,True,2.2171196109091293
title,245,ADWIN,0,0,0,0.0,,,False,
title,245,Page-Hinkley,0,0,0,0.0,,,False,
title,245,Boundary-Aware,37,5,32,0.09615384615384616,1375.0,0.0,True,1.7514078287620825
title,246,ADWIN,0,0,0,0.0,,,False,
title,246,Page-Hinkley,0,0,0,0.0,,,False,
title,246,Boundary-Aware,20,3,17,0.057692307692307696,1550.0,175.0,True,3.2797653115494936
title,247,ADWIN,0,0,0,0.0,,,False,
title,247,Page-Hinkley,0,0,0,0.0,,,False,
title,247,Boundary-Aware,32,5,27,0.09615384615384616,1375.0,0.0,True,1.9347943041554228
title,248,ADWIN,0,0,0,0.0,,,False,
title,248,Page-Hinkley,0,0,0,0.0,,,False,
title,248,Boundary-Aware,18,2,16,0.038461538461538464,1375.0,0.0,True,1.9219109463932036
title,249,ADWIN,0,0,0,0.0,,,False,
title,249,Page-Hinkley,0,0,0,0.0,,,False,
title,249,Boundary-Aware,15,2,13,0.038461538461538464,1375.0,0.0,True,1.8900498710487066
title,250,ADWIN,0,0,0,0.0,,,False,
title,250,Page-Hinkley,0,0,0,0.0,,,False,
title,250,Boundary-Aware,21,6,15,0.11538461538461539,1375.0,0.0,True,1.7068920209835925
title,251,ADWIN,0,0,0,0.0,,,False,
title,251,Page-Hinkley,0,0,0,0.0,,,False,
title,251,Boundary-Aware,17,2,15,0.038461538461538464,1400.0,25.0,True,1.8925830966864445
title,252,ADWIN,1,0,1,0.0,2079.0,704.0,True,
title,252,Page-Hinkley,0,0,0,0.0,,,False,
title,252,Boundary-Aware,26,2,24,0.038461538461538464,1375.0,0.0,True,2.2634288933939546
title,253,ADWIN,0,0,0,0.0,,,False,
title,253,Page-Hinkley,0,0,0,0.0,,,False,
title,253,Boundary-Aware,25,4,21,0.07692307692307693,1425.0,50.0,True,1.8745201134462295
title,254,ADWIN,0,0,0,0.0,,,False,
title,254,Page-Hinkley,0,0,0,0.0,,,False,
title,254,Boundary-Aware,11,1,10,0.019230769230769232,1525.0,150.0,True,2.5042449198387438
title,255,ADWIN,0,0,0,0.0,,,False,
title,255,Page-Hinkley,0,0,0,0.0,,,False,
title,255,Boundary-Aware,29,4,25,0.07692307692307693,1375.0,0.0,True,1.9870415543137718
title,256,ADWIN,0,0,0,0.0,,,False,
title,256,Page-Hinkley,0,0,0,0.0,,,False,
title,256,Boundary-Aware,11,2,9,0.038461538461538464,1450.0,75.0,True,2.46062533373237
title,257,ADWIN,1,0,1,0.0,2015.0,640.0,True,
title,257,Page-Hinkley,0,0,0,0.0,,,False,
title,257,Boundary-Aware,37,8,29,0.15384615384615385,1375.0,0.0,True,1.8394009525017214
title,258,ADWIN,0,0,0,0.0,,,False,
title,258,Page-Hinkley,0,0,0,0.0,,,False,
title,258,Boundary-Aware,22,3,19,0.057692307692307696,1375.0,0.0,True,2.6723300884333026
title,259,ADWIN,0,0,0,0.0,,,False,
title,259,Page-Hinkley,0,0,0,0.0,,,False,
title,259,Boundary-Aware,33,5,28,0.09615384615384616,1400.0,25.0,True,1.9564081687567483
title,260,ADWIN,0,0,0,0.0,,,False,
title,260,Page-Hinkley,0,0,0,0.0,,,False,
title,260,Boundary-Aware,29,3,26,0.057692307692307696,1450.0,75.0,True,2.0450493523871174
title,261,ADWIN,0,0,0,0.0,,,False,
title,261,Page-Hinkley,0,0,0,0.0,,,False,
title,261,Boundary-Aware,25,4,21,0.07692307692307693,1400.0,25.0,True,1.8864855531755715
title,262,ADWIN,0,0,0,0.0,,,False,
title,262,Page-Hinkley,0,0,0,0.0,,,False,
title,262,Boundary-Aware,25,1,24,0.019230769230769232,1400.0,25.0,True,2.0500217861625214
title,263,ADWIN,0,0,0,0.0,,,False,
title,263,Page-Hinkley,0,0,0,0.0,,,False,
title,263,Boundary-Aware,3,1,2,0.019230769230769232,1900.0,525.0,True,2.7562143019840666
title,264,ADWIN,0,0,0,0.0,,,False,
title,264,Page-Hinkley,0,0,0,0.0,,,False,
title,264,Boundary-Aware,9,2,7,0.038461538461538464,1625.0,250.0,True,2.6147400054514196
title,265,ADWIN,0,0,0,0.0,,,False,
title,265,Page-Hinkley,0,0,0,0.0,,,False,
title,265,Boundary-Aware,39,7,32,0.1346153846153846,1375.0,0.0,True,1.6868697248790794
title,266,ADWIN,0,0,0,0.0,,,False,
title,266,Page-Hinkley,0,0,0,0.0,,,False,
title,266,Boundary-Aware,16,3,13,0.057692307692307696,1375.0,0.0,True,2.719234703520388
title,267,ADWIN,0,0,0,0.0,,,False,
title,267,Page-Hinkley,0,0,0,0.0,,,False,
title,267,Boundary-Aware,41,11,30,0.21153846153846154,1375.0,0.0,True,1.6648739270272304
title,268,ADWIN,0,0,0,0.0,,,False,
title,268,Page-Hinkley,0,0,0,0.0,,,False,
title,268,Boundary-Aware,37,12,25,0.23076923076923078,1375.0,0.0,True,1.957611975817232
title,269,ADWIN,0,0,0,0.0,,,False,
title,269,Page-Hinkley,0,0,0,0.0,,,False,
title,269,Boundary-Aware,4,3,1,0.057692307692307696,1575.0,200.0,True,2.676395645885454
title,270,ADWIN,0,0,0,0.0,,,False,
title,270,Page-Hinkley,0,0,0,0.0,,,False,
title,270,Boundary-Aware,1,1,0,0.019230769230769232,,,False,3.3083581873473737
title,271,ADWIN,1,0,1,0.0,2239.0,864.0,True,
title,271,Page-Hinkley,0,0,0,0.0,,,False,
title,271,Boundary-Aware,37,6,31,0.11538461538461539,1375.0,0.0,True,1.7649678849889368
title,272,ADWIN,0,0,0,0.0,,,False,
title,272,Page-Hinkley,0,0,0,0.0,,,False,
title,272,Boundary-Aware,25,4,21,0.07692307692307693,1500.0,125.0,True,1.7235152292162108
title,273,ADWIN,0,0,0,0.0,,,False,
title,273,Page-Hinkley,0,0,0,0.0,,,False,
title,273,Boundary-Aware,17,1,16,0.019230769230769232,1425.0,50.0,True,2.324046118984962
title,274,ADWIN,0,0,0,0.0,,,False,
title,274,Page-Hinkley,0,0,0,0.0,,,False,
title,274,Boundary-Aware,23,7,16,0.1346153846153846,1375.0,0.0,True,1.9599984549780876
title,275,ADWIN,0,0,0,0.0,,,False,
title,275,Page-Hinkley,0,0,0,0.0,,,False,
title,275,Boundary-Aware,21,1,20,0.019230769230769232,1375.0,0.0,True,2.027215113708873
title,276,ADWIN,0,0,0,0.0,,,False,
title,276,Page-Hinkley,0,0,0,0.0,,,False,
title,276,Boundary-Aware,15,3,12,0.057692307692307696,1375.0,0.0,True,2.7847448291055135
title,277,ADWIN,0,0,0,0.0,,,False,
title,277,Page-Hinkley,0,0,0,0.0,,,False,
title,277,Boundary-Aware,20,2,18,0.038461538461538464,1375.0,0.0,True,2.5615862275868886
title,278,ADWIN,0,0,0,0.0,,,False,
title,278,Page-Hinkley,0,0,0,0.0,,,False,
title,278,Boundary-Aware,28,2,26,0.038461538461538464,1375.0,0.0,True,2.061098387916246
title,279,ADWIN,1,0,1,0.0,2047.0,672.0,True,
title,279,Page-Hinkley,0,0,0,0.0,,,False,
title,279,Boundary-Aware,29,4,25,0.07692307692307693,1475.0,100.0,True,1.7639168095121902
title,280,ADWIN,0,0,0,0.0,,,False,
title,280,Page-Hinkley,0,0,0,0.0,,,False,
title,280,Boundary-Aware,29,4,25,0.07692307692307693,1375.0,0.0,True,2.093620694209565
title,281,ADWIN,0,0,0,0.0,,,False,
title,281,Page-Hinkley,0,0,0,0.0,,,False,
title,281,Boundary-Aware,27,7,20,0.1346153846153846,1525.0,150.0,True,2.0315255840359554
title,282,ADWIN,0,0,0,0.0,,,False,
title,282,Page-Hinkley,0,0,0,0.0,,,False,
title,282,Boundary-Aware,25,5,20,0.09615384615384616,1375.0,0.0,True,2.362629140806936
title,283,ADWIN,0,0,0,0.0,,,False,
title,283,Page-Hinkley,0,0,0,0.0,,,False,
title,283,Boundary-Aware,26,6,20,0.11538461538461539,1375.0,0.0,True,3.118990060145947
title,284,ADWIN,0,0,0,0.0,,,False,
title,284,Page-Hinkley,0,0,0,0.0,,,False,
title,284,Boundary-Aware,30,6,24,0.11538461538461539,1375.0,0.0,True,1.956297589028568
title,285,ADWIN,0,0,0,0.0,,,False,
title,285,Page-Hinkley,0,0,0,0.0,,,False,
title,285,Boundary-Aware,25,3,22,0.057692307692307696,1375.0,0.0,True,2.061942403204304
title,286,ADWIN,0,0,0,0.0,,,False,
title,286,Page-Hinkley,0,0,0,0.0,,,False,
title,286,Boundary-Aware,33,8,25,0.15384615384615385,1400.0,25.0,True,2.4442299018866778
title,287,ADWIN,0,0,0,0.0,,,False,
title,287,Page-Hinkley,0,0,0,0.0,,,False,
title,287,Boundary-Aware,29,4,25,0.07692307692307693,1375.0,0.0,True,2.0620902758421042
title,288,ADWIN,0,0,0,0.0,,,False,
title,288,Page-Hinkley,0,0,0,0.0,,,False,
title,288,Boundary-Aware,6,1,5,0.019230769230769232,1575.0,200.0,True,2.448477712661009
title,289,ADWIN,0,0,0,0.0,,,False,
title,289,Page-Hinkley,0,0,0,0.0,,,False,
title,289,Boundary-Aware,24,1,23,0.019230769230769232,1375.0,0.0,True,2.527609388401133
title,290,ADWIN,0,0,0,0.0,,,False,
title,290,Page-Hinkley,0,0,0,0.0,,,False,
title,290,Boundary-Aware,12,1,11,0.019230769230769232,1375.0,0.0,True,2.1715231112729176
title,291,ADWIN,0,0,0,0.0,,,False,
title,291,Page-Hinkley,0,0,0,0.0,,,False,
title,291,Boundary-Aware,23,5,18,0.09615384615384616,1375.0,0.0,True,1.8231887820459762
title,292,ADWIN,0,0,0,0.0,,,False,
title,292,Page-Hinkley,0,0,0,0.0,,,False,
title,292,Boundary-Aware,13,3,10,0.057692307692307696,1475.0,100.0,True,1.8197883416319822
title,293,ADWIN,0,0,0,0.0,,,False,
title,293,Page-Hinkley,0,0,0,0.0,,,False,
title,293,Boundary-Aware,32,7,25,0.1346153846153846,1375.0,0.0,True,2.5290610477230215
title,294,ADWIN,0,0,0,0.0,,,False,
title,294,Page-Hinkley,0,0,0,0.0,,,False,
title,294,Boundary-Aware,2,2,0,0.038461538461538464,,,False,2.804742718707599
title,295,ADWIN,1,0,1,0.0,2175.0,800.0,True,
title,295,Page-Hinkley,0,0,0,0.0,,,False,
title,295,Boundary-Aware,21,1,20,0.019230769230769232,1375.0,0.0,True,2.1017692650808293
title,296,ADWIN,0,0,0,0.0,,,False,
title,296,Page-Hinkley,0,0,0,0.0,,,False,
title,296,Boundary-Aware,26,5,21,0.09615384615384616,1375.0,0.0,True,2.780933266664397
title,297,ADWIN,0,0,0,0.0,,,False,
title,297,Page-Hinkley,0,0,0,0.0,,,False,
title,297,Boundary-Aware,17,8,9,0.15384615384615385,1400.0,25.0,True,2.0147874323242014
title,298,ADWIN,0,0,0,0.0,,,False,
title,298,Page-Hinkley,0,0,0,0.0,,,False,
title,298,Boundary-Aware,3,1,2,0.019230769230769232,1750.0,375.0,True,1.9411230815955256
title,299,ADWIN,0,0,0,0.0,,,False,
title,299,Page-Hinkley,0,0,0,0.0,,,False,
title,299,Boundary-Aware,23,5,18,0.09615384615384616,1475.0,100.0,True,2.1791087212856346
naming,0,ADWIN,0,0,0,0.0,,,False,
naming,0,Page-Hinkley,0,0,0,0.0,,,False,
naming,0,Boundary-Aware,5,2,3,0.038461538461538464,1525.0,150.0,True,1.920949933995059
naming,1,ADWIN,0,0,0,0.0,,,False,
naming,1,Page-Hinkley,0,0,0,0.0,,,False,
naming,1,Boundary-Aware,5,2,3,0.038461538461538464,1750.0,375.0,True,2.163432499732281
naming,2,ADWIN,0,0,0,0.0,,,False,
naming,2,Page-Hinkley,0,0,0,0.0,,,False,
naming,2,Boundary-Aware,13,3,10,0.057692307692307696,1475.0,100.0,True,2.353010248043247
naming,3,ADWIN,0,0,0,0.0,,,False,
naming,3,Page-Hinkley,0,0,0,0.0,,,False,
naming,3,Boundary-Aware,3,3,0,0.057692307692307696,,,False,1.7843761599500032
naming,4,ADWIN,0,0,0,0.0,,,False,
naming,4,Page-Hinkley,0,0,0,0.0,,,False,
naming,4,Boundary-Aware,16,4,12,0.07692307692307693,1550.0,175.0,True,1.765335464888677
naming,5,ADWIN,0,0,0,0.0,,,False,
naming,5,Page-Hinkley,0,0,0,0.0,,,False,
naming,5,Boundary-Aware,9,3,6,0.057692307692307696,1425.0,50.0,True,2.6121876467529646
naming,6,ADWIN,0,0,0,0.0,,,False,
naming,6,Page-Hinkley,0,0,0,0.0,,,False,
naming,6,Boundary-Aware,4,1,3,0.019230769230769232,1825.0,450.0,True,2.137431453903011
naming,7,ADWIN,0,0,0,0.0,,,False,
naming,7,Page-Hinkley,0,0,0,0.0,,,False,
naming,7,Boundary-Aware,7,6,1,0.11538461538461539,1675.0,300.0,True,1.8544760855865847
naming,8,ADWIN,0,0,0,0.0,,,False,
naming,8,Page-Hinkley,0,0,0,0.0,,,False,
naming,8,Boundary-Aware,4,1,3,0.019230769230769232,1375.0,0.0,True,2.5275898317571377
naming,9,ADWIN,0,0,0,0.0,,,False,
naming,9,Page-Hinkley,0,0,0,0.0,,,False,
naming,9,Boundary-Aware,15,5,10,0.09615384615384616,1375.0,0.0,True,1.8966961336049704
naming,10,ADWIN,0,0,0,0.0,,,False,
naming,10,Page-Hinkley,0,0,0,0.0,,,False,
naming,10,Boundary-Aware,2,2,0,0.038461538461538464,,,False,2.976941322592937
naming,11,ADWIN,0,0,0,0.0,,,False,
naming,11,Page-Hinkley,0,0,0,0.0,,,False,
naming,11,Boundary-Aware,3,3,0,0.057692307692307696,,,False,2.864253292916692
naming,12,ADWIN,0,0,0,0.0,,,False,
naming,12,Page-Hinkley,0,0,0,0.0,,,False,
naming,12,Boundary-Aware,14,3,11,0.057692307692307696,1375.0,0.0,True,1.9209419575150202
naming,13,ADWIN,0,0,0,0.0,,,False,
naming,13,Page-Hinkley,0,0,0,0.0,,,False,
naming,13,Boundary-Aware,6,2,4,0.038461538461538464,1600.0,225.0,True,2.2318018414110936
naming,14,ADWIN,0,0,0,0.0,,,False,
naming,14,Page-Hinkley,0,0,0,0.0,,,False,
naming,14,Boundary-Aware,17,5,12,0.09615384615384616,1400.0,25.0,True,1.6890928750409473
naming,15,ADWIN,0,0,0,0.0,,,False,
naming,15,Page-Hinkley,0,0,0,0.0,,,False,
naming,15,Boundary-Aware,19,3,16,0.057692307692307696,1375.0,0.0,True,2.451910085164772
naming,16,ADWIN,0,0,0,0.0,,,False,
naming,16,Page-Hinkley,0,0,0,0.0,,,False,
naming,16,Boundary-Aware,15,5,10,0.09615384615384616,1450.0,75.0,True,2.0509206933375896
naming,17,ADWIN,0,0,0,0.0,,,False,
naming,17,Page-Hinkley,0,0,0,0.0,,,False,
naming,17,Boundary-Aware,3,3,0,0.057692307692307696,,,False,2.603758889688772
naming,18,ADWIN,0,0,0,0.0,,,False,
naming,18,Page-Hinkley,0,0,0,0.0,,,False,
naming,18,Boundary-Aware,8,2,6,0.038461538461538464,1750.0,375.0,True,2.207476040871443
naming,19,ADWIN,0,0,0,0.0,,,False,
naming,19,Page-Hinkley,0,0,0,0.0,,,False,
naming,19,Boundary-Aware,12,3,9,0.057692307692307696,1775.0,400.0,True,2.1754917742588047
naming,20,ADWIN,0,0,0,0.0,,,False,
naming,20,Page-Hinkley,0,0,0,0.0,,,False,
naming,20,Boundary-Aware,4,3,1,0.057692307692307696,2075.0,700.0,True,2.041980457047481
naming,21,ADWIN,0,0,0,0.0,,,False,
naming,21,Page-Hinkley,0,0,0,0.0,,,False,
naming,21,Boundary-Aware,1,1,0,0.019230769230769232,,,False,2.483038000997335
naming,22,ADWIN,0,0,0,0.0,,,False,
naming,22,Page-Hinkley,0,0,0,0.0,,,False,
naming,22,Boundary-Aware,8,2,6,0.038461538461538464,1850.0,475.0,True,2.6094103621620124
naming,23,ADWIN,0,0,0,0.0,,,False,
naming,23,Page-Hinkley,0,0,0,0.0,,,False,
naming,23,Boundary-Aware,16,4,12,0.07692307692307693,1725.0,350.0,True,1.8816916315449563
naming,24,ADWIN,0,0,0,0.0,,,False,
naming,24,Page-Hinkley,0,0,0,0.0,,,False,
naming,24,Boundary-Aware,2,2,0,0.038461538461538464,,,False,2.2323779033991
naming,25,ADWIN,0,0,0,0.0,,,False,
naming,25,Page-Hinkley,0,0,0,0.0,,,False,
naming,25,Boundary-Aware,3,1,2,0.019230769230769232,2000.0,625.0,True,2.3522825765510995
naming,26,ADWIN,0,0,0,0.0,,,False,
naming,26,Page-Hinkley,0,0,0,0.0,,,False,
naming,26,Boundary-Aware,2,2,0,0.038461538461538464,,,False,2.5782915484685427
naming,27,ADWIN,0,0,0,0.0,,,False,
naming,27,Page-Hinkley,0,0,0,0.0,,,False,
naming,27,Boundary-Aware,3,2,1,0.038461538461538464,1975.0,600.0,True,1.8647435245670831
naming,28,ADWIN,0,0,0,0.0,,,False,
naming,28,Page-Hinkley,0,0,0,0.0,,,False,
naming,28,Boundary-Aware,23,10,13,0.19230769230769232,1375.0,0.0,True,1.3903431584711914
naming,29,ADWIN,0,0,0,0.0,,,False,
naming,29,Page-Hinkley,0,0,0,0.0,,,False,
naming,29,Boundary-Aware,7,5,2,0.09615384615384616,1975.0,600.0,True,2.2847668844644358
naming,30,ADWIN,0,0,0,0.0,,,False,
naming,30,Page-Hinkley,0,0,0,0.0,,,False,
naming,30,Boundary-Aware,7,3,4,0.057692307692307696,1500.0,125.0,True,2.4046200927825
naming,31,ADWIN,0,0,0,0.0,,,False,
naming,31,Page-Hinkley,0,0,0,0.0,,,False,
naming,31,Boundary-Aware,6,5,1,0.09615384615384616,2175.0,800.0,True,2.047086129999836
naming,32,ADWIN,0,0,0,0.0,,,False,
naming,32,Page-Hinkley,0,0,0,0.0,,,False,
naming,32,Boundary-Aware,7,2,5,0.038461538461538464,1550.0,175.0,True,2.1756188815406468
naming,33,ADWIN,0,0,0,0.0,,,False,
naming,33,Page-Hinkley,0,0,0,0.0,,,False,
naming,33,Boundary-Aware,7,6,1,0.11538461538461539,2175.0,800.0,True,2.1644586235125196
naming,34,ADWIN,0,0,0,0.0,,,False,
naming,34,Page-Hinkley,0,0,0,0.0,,,False,
naming,34,Boundary-Aware,6,1,5,0.019230769230769232,1450.0,75.0,True,2.2844439149134588
naming,35,ADWIN,0,0,0,0.0,,,False,
naming,35,Page-Hinkley,0,0,0,0.0,,,False,
naming,35,Boundary-Aware,2,2,0,0.038461538461538464,,,False,2.62965613553796
naming,36,ADWIN,0,0,0,0.0,,,False,
naming,36,Page-Hinkley,0,0,0,0.0,,,False,
naming,36,Boundary-Aware,10,5,5,0.09615384615384616,1375.0,0.0,True,2.512258324252509
naming,37,ADWIN,0,0,0,0.0,,,False,
naming,37,Page-Hinkley,0,0,0,0.0,,,False,
naming,37,Boundary-Aware,7,3,4,0.057692307692307696,1850.0,475.0,True,2.210322558170149
naming,38,ADWIN,0,0,0,0.0,,,False,
naming,38,Page-Hinkley,0,0,0,0.0,,,False,
naming,38,Boundary-Aware,3,1,2,0.019230769230769232,1400.0,25.0,True,2.3662046468585127
naming,39,ADWIN,0,0,0,0.0,,,False,
naming,39,Page-Hinkley,0,0,0,0.0,,,False,
naming,39,Boundary-Aware,45,16,29,0.3076923076923077,1375.0,0.0,True,1.5391571768395422
naming,40,ADWIN,0,0,0,0.0,,,False,
naming,40,Page-Hinkley,0,0,0,0.0,,,False,
naming,40,Boundary-Aware,9,3,6,0.057692307692307696,1375.0,0.0,True,2.100002602020458
naming,41,ADWIN,0,0,0,0.0,,,False,
naming,41,Page-Hinkley,0,0,0,0.0,,,False,
naming,41,Boundary-Aware,16,4,12,0.07692307692307693,1500.0,125.0,True,1.8195906222756852
naming,42,ADWIN,0,0,0,0.0,,,False,
naming,42,Page-Hinkley,0,0,0,0.0,,,False,
naming,42,Boundary-Aware,3,3,0,0.057692307692307696,,,False,3.301729097854853
naming,43,ADWIN,0,0,0,0.0,,,False,
naming,43,Page-Hinkley,0,0,0,0.0,,,False,
naming,43,Boundary-Aware,11,7,4,0.1346153846153846,1875.0,500.0,True,2.3434259665848343
naming,44,ADWIN,0,0,0,0.0,,,False,
naming,44,Page-Hinkley,0,0,0,0.0,,,False,
naming,44,Boundary-Aware,24,11,13,0.21153846153846154,1375.0,0.0,True,1.4318917295793978
naming,45,ADWIN,0,0,0,0.0,,,False,
naming,45,Page-Hinkley,0,0,0,0.0,,,False,
naming,45,Boundary-Aware,11,4,7,0.07692307692307693,1400.0,25.0,True,2.1528429647331295
naming,46,ADWIN,0,0,0,0.0,,,False,
naming,46,Page-Hinkley,0,0,0,0.0,,,False,
naming,46,Boundary-Aware,6,5,1,0.09615384615384616,2000.0,625.0,True,2.0561977357411036
naming,47,ADWIN,0,0,0,0.0,,,False,
naming,47,Page-Hinkley,0,0,0,0.0,,,False,
naming,47,Boundary-Aware,2,2,0,0.038461538461538464,,,False,2.1808863584702807
naming,48,ADWIN,0,0,0,0.0,,,False,
naming,48,Page-Hinkley,0,0,0,0.0,,,False,
naming,48,Boundary-Aware,17,8,9,0.15384615384615385,1525.0,150.0,True,1.6578778232291982
naming,49,ADWIN,0,0,0,0.0,,,False,
naming,49,Page-Hinkley,0,0,0,0.0,,,False,
naming,49,Boundary-Aware,11,3,8,0.057692307692307696,1475.0,100.0,True,1.7032827643936364
naming,50,ADWIN,0,0,0,0.0,,,False,
naming,50,Page-Hinkley,0,0,0,0.0,,,False,
naming,50,Boundary-Aware,3,3,0,0.057692307692307696,,,False,2.6282518201900946
naming,51,ADWIN,0,0,0,0.0,,,False,
naming,51,Page-Hinkley,0,0,0,0.0,,,False,
naming,51,Boundary-Aware,1,1,0,0.019230769230769232,,,False,3.1054025310429534
naming,52,ADWIN,0,0,0,0.0,,,False,
naming,52,Page-Hinkley,0,0,0,0.0,,,False,
naming,52,Boundary-Aware,3,2,1,0.038461538461538464,1500.0,125.0,True,2.6931152077070557
naming,53,ADWIN,0,0,0,0.0,,,False,
naming,53,Page-Hinkley,0,0,0,0.0,,,False,
naming,53,Boundary-Aware,7,6,1,0.11538461538461539,2050.0,675.0,True,1.9613821928004032
naming,54,ADWIN,0,0,0,0.0,,,False,
naming,54,Page-Hinkley,0,0,0,0.0,,,False,
naming,54,Boundary-Aware,11,4,7,0.07692307692307693,1475.0,100.0,True,1.9780412309835413
naming,55,ADWIN,0,0,0,0.0,,,False,
naming,55,Page-Hinkley,0,0,0,0.0,,,False,
naming,55,Boundary-Aware,4,4,0,0.07692307692307693,,,False,2.3292385969393963
naming,56,ADWIN,0,0,0,0.0,,,False,
naming,56,Page-Hinkley,0,0,0,0.0,,,False,
naming,56,Boundary-Aware,11,4,7,0.07692307692307693,1450.0,75.0,True,2.0835946109297323
naming,57,ADWIN,0,0,0,0.0,,,False,
naming,57,Page-Hinkley,0,0,0,0.0,,,False,
naming,57,Boundary-Aware,18,4,14,0.07692307692307693,1425.0,50.0,True,2.2090360230740465
naming,58,ADWIN,0,0,0,0.0,,,False,
naming,58,Page-Hinkley,0,0,0,0.0,,,False,
naming,58,Boundary-Aware,12,5,7,0.09615384615384616,1575.0,200.0,True,1.8972101926253546
naming,59,ADWIN,0,0,0,0.0,,,False,
naming,59,Page-Hinkley,0,0,0,0.0,,,False,
naming,59,Boundary-Aware,1,1,0,0.019230769230769232,,,False,2.72414218904375
naming,60,ADWIN,0,0,0,0.0,,,False,
naming,60,Page-Hinkley,0,0,0,0.0,,,False,
naming,60,Boundary-Aware,3,1,2,0.019230769230769232,1625.0,250.0,True,2.345236106526273
naming,61,ADWIN,0,0,0,0.0,,,False,
naming,61,Page-Hinkley,0,0,0,0.0,,,False,
naming,61,Boundary-Aware,2,2,0,0.038461538461538464,,,False,2.8054295665638773
naming,62,ADWIN,0,0,0,0.0,,,False,
naming,62,Page-Hinkley,0,0,0,0.0,,,False,
naming,62,Boundary-Aware,18,7,11,0.1346153846153846,1400.0,25.0,True,2.217881645246255
naming,63,ADWIN,0,0,0,0.0,,,False,
naming,63,Page-Hinkley,0,0,0,0.0,,,False,
naming,63,Boundary-Aware,3,2,1,0.038461538461538464,1525.0,150.0,True,2.1214556146136956
naming,64,ADWIN,0,0,0,0.0,,,False,
naming,64,Page-Hinkley,0,0,0,0.0,,,False,
naming,64,Boundary-Aware,12,4,8,0.07692307692307693,1675.0,300.0,True,1.910935086117355
naming,65,ADWIN,0,0,0,0.0,,,False,
naming,65,Page-Hinkley,0,0,0,0.0,,,False,
naming,65,Boundary-Aware,22,4,18,0.07692307692307693,1450.0,75.0,True,1.8362099127865128
naming,66,ADWIN,0,0,0,0.0,,,False,
naming,66,Page-Hinkley,0,0,0,0.0,,,False,
naming,66,Boundary-Aware,3,1,2,0.019230769230769232,1600.0,225.0,True,2.606113946503939
naming,67,ADWIN,0,0,0,0.0,,,False,
naming,67,Page-Hinkley,0,0,0,0.0,,,False,
naming,67,Boundary-Aware,7,5,2,0.09615384615384616,1775.0,400.0,True,1.7696341312787602
naming,68,ADWIN,0,0,0,0.0,,,False,
naming,68,Page-Hinkley,0,0,0,0.0,,,False,
naming,68,Boundary-Aware,3,3,0,0.057692307692307696,,,False,2.6826712872766656
naming,69,ADWIN,0,0,0,0.0,,,False,
naming,69,Page-Hinkley,0,0,0,0.0,,,False,
naming,69,Boundary-Aware,7,5,2,0.09615384615384616,1700.0,325.0,True,2.3371652059911043
naming,70,ADWIN,0,0,0,0.0,,,False,
naming,70,Page-Hinkley,0,0,0,0.0,,,False,
naming,70,Boundary-Aware,17,6,11,0.11538461538461539,1600.0,225.0,True,1.7683464156675572
naming,71,ADWIN,0,0,0,0.0,,,False,
naming,71,Page-Hinkley,0,0,0,0.0,,,False,
naming,71,Boundary-Aware,10,6,4,0.11538461538461539,1925.0,550.0,True,2.497364575728139
naming,72,ADWIN,0,0,0,0.0,,,False,
naming,72,Page-Hinkley,0,0,0,0.0,,,False,
naming,72,Boundary-Aware,10,2,8,0.038461538461538464,1700.0,325.0,True,2.0231718959791603
naming,73,ADWIN,0,0,0,0.0,,,False,
naming,73,Page-Hinkley,0,0,0,0.0,,,False,
naming,73,Boundary-Aware,7,2,5,0.038461538461538464,1400.0,25.0,True,2.0556243427006917
naming,74,ADWIN,0,0,0,0.0,,,False,
naming,74,Page-Hinkley,0,0,0,0.0,,,False,
naming,74,Boundary-Aware,9,4,5,0.07692307692307693,1450.0,75.0,True,2.193402854683187
naming,75,ADWIN,0,0,0,0.0,,,False,
naming,75,Page-Hinkley,0,0,0,0.0,,,False,
naming,75,Boundary-Aware,9,4,5,0.07692307692307693,1450.0,75.0,True,1.9325692281233193
naming,76,ADWIN,0,0,0,0.0,,,False,
naming,76,Page-Hinkley,0,0,0,0.0,,,False,
naming,76,Boundary-Aware,4,3,1,0.057692307692307696,1675.0,300.0,True,2.0224373390359536
naming,77,ADWIN,0,0,0,0.0,,,False,
naming,77,Page-Hinkley,0,0,0,0.0,,,False,
naming,77,Boundary-Aware,7,1,6,0.019230769230769232,1650.0,275.0,True,2.0784711718658797
naming,78,ADWIN,0,0,0,0.0,,,False,
naming,78,Page-Hinkley,0,0,0,0.0,,,False,
naming,78,Boundary-Aware,7,4,3,0.07692307692307693,1675.0,300.0,True,3.0771937244400047
naming,79,ADWIN,0,0,0,0.0,,,False,
naming,79,Page-Hinkley,0,0,0,0.0,,,False,
naming,79,Boundary-Aware,13,1,12,0.019230769230769232,1575.0,200.0,True,2.2164210522782914
naming,80,ADWIN,0,0,0,0.0,,,False,
naming,80,Page-Hinkley,0,0,0,0.0,,,False,
naming,80,Boundary-Aware,4,2,2,0.038461538461538464,1675.0,300.0,True,2.4830323387560806
naming,81,ADWIN,0,0,0,0.0,,,False,
naming,81,Page-Hinkley,0,0,0,0.0,,,False,
naming,81,Boundary-Aware,6,5,1,0.09615384615384616,1550.0,175.0,True,2.471835193953869
naming,82,ADWIN,0,0,0,0.0,,,False,
naming,82,Page-Hinkley,0,0,0,0.0,,,False,
naming,82,Boundary-Aware,21,5,16,0.09615384615384616,1475.0,100.0,True,1.8612061037970027
naming,83,ADWIN,0,0,0,0.0,,,False,
naming,83,Page-Hinkley,0,0,0,0.0,,,False,
naming,83,Boundary-Aware,3,1,2,0.019230769230769232,2100.0,725.0,True,2.0258130578541067
naming,84,ADWIN,0,0,0,0.0,,,False,
naming,84,Page-Hinkley,0,0,0,0.0,,,False,
naming,84,Boundary-Aware,4,2,2,0.038461538461538464,1725.0,350.0,True,1.9763433412795073
naming,85,ADWIN,0,0,0,0.0,,,False,
naming,85,Page-Hinkley,0,0,0,0.0,,,False,
naming,85,Boundary-Aware,6,3,3,0.057692307692307696,1575.0,200.0,True,2.407163203968495
naming,86,ADWIN,0,0,0,0.0,,,False,
naming,86,Page-Hinkley,0,0,0,0.0,,,False,
naming,86,Boundary-Aware,2,1,1,0.019230769230769232,2175.0,800.0,True,2.4744194813152562
naming,87,ADWIN,0,0,0,0.0,,,False,
naming,87,Page-Hinkley,0,0,0,0.0,,,False,
naming,87,Boundary-Aware,9,5,4,0.09615384615384616,1475.0,100.0,True,2.4000136858324717
naming,88,ADWIN,0,0,0,0.0,,,False,
naming,88,Page-Hinkley,0,0,0,0.0,,,False,
naming,88,Boundary-Aware,10,3,7,0.057692307692307696,1525.0,150.0,True,2.0994162364553803
naming,89,ADWIN,0,0,0,0.0,,,False,
naming,89,Page-Hinkley,0,0,0,0.0,,,False,
naming,89,Boundary-Aware,2,1,1,0.019230769230769232,2150.0,775.0,True,2.564831105018968
naming,90,ADWIN,0,0,0,0.0,,,False,
naming,90,Page-Hinkley,0,0,0,0.0,,,False,
naming,90,Boundary-Aware,12,4,8,0.07692307692307693,1525.0,150.0,True,2.179510912603311
naming,91,ADWIN,0,0,0,0.0,,,False,
naming,91,Page-Hinkley,0,0,0,0.0,,,False,
naming,91,Boundary-Aware,24,11,13,0.21153846153846154,1400.0,25.0,True,1.7486156013470415
naming,92,ADWIN,0,0,0,0.0,,,False,
naming,92,Page-Hinkley,0,0,0,0.0,,,False,
naming,92,Boundary-Aware,18,6,12,0.11538461538461539,1375.0,0.0,True,2.01434213164677
naming,93,ADWIN,0,0,0,0.0,,,False,
naming,93,Page-Hinkley,0,0,0,0.0,,,False,
naming,93,Boundary-Aware,12,4,8,0.07692307692307693,1550.0,175.0,True,1.8550540822659458
naming,94,ADWIN,0,0,0,0.0,,,False,
naming,94,Page-Hinkley,0,0,0,0.0,,,False,
naming,94,Boundary-Aware,16,6,10,0.11538461538461539,1525.0,150.0,True,2.1393925343285716
naming,95,ADWIN,0,0,0,0.0,,,False,
naming,95,Page-Hinkley,0,0,0,0.0,,,False,
naming,95,Boundary-Aware,6,1,5,0.019230769230769232,1450.0,75.0,True,2.118007489293144
naming,96,ADWIN,0,0,0,0.0,,,False,
naming,96,Page-Hinkley,0,0,0,0.0,,,False,
naming,96,Boundary-Aware,8,3,5,0.057692307692307696,1575.0,200.0,True,2.313808890048014
naming,97,ADWIN,0,0,0,0.0,,,False,
naming,97,Page-Hinkley,0,0,0,0.0,,,False,
naming,97,Boundary-Aware,8,3,5,0.057692307692307696,1525.0,150.0,True,1.9418886793709544
naming,98,ADWIN,0,0,0,0.0,,,False,
naming,98,Page-Hinkley,0,0,0,0.0,,,False,
naming,98,Boundary-Aware,6,2,4,0.038461538461538464,1850.0,475.0,True,2.430746434038674
naming,99,ADWIN,0,0,0,0.0,,,False,
naming,99,Page-Hinkley,0,0,0,0.0,,,False,
naming,99,Boundary-Aware,3,1,2,0.019230769230769232,1725.0,350.0,True,2.1811384880932425
naming,100,ADWIN,0,0,0,0.0,,,False,
naming,100,Page-Hinkley,0,0,0,0.0,,,False,
naming,100,Boundary-Aware,1,1,0,0.019230769230769232,,,False,2.4439747532898246
naming,101,ADWIN,0,0,0,0.0,,,False,
naming,101,Page-Hinkley,0,0,0,0.0,,,False,
naming,101,Boundary-Aware,11,2,9,0.038461538461538464,1775.0,400.0,True,2.170232596616709
naming,102,ADWIN,0,0,0,0.0,,,False,
naming,102,Page-Hinkley,0,0,0,0.0,,,False,
naming,102,Boundary-Aware,12,7,5,0.1346153846153846,1600.0,225.0,True,1.641182485130818
naming,103,ADWIN,0,0,0,0.0,,,False,
naming,103,Page-Hinkley,0,0,0,0.0,,,False,
naming,103,Boundary-Aware,8,3,5,0.057692307692307696,1600.0,225.0,True,2.3816840818675176
naming,104,ADWIN,0,0,0,0.0,,,False,
naming,104,Page-Hinkley,0,0,0,0.0,,,False,
naming,104,Boundary-Aware,5,2,3,0.038461538461538464,1975.0,600.0,True,1.9533889065371448
naming,105,ADWIN,0,0,0,0.0,,,False,
naming,105,Page-Hinkley,0,0,0,0.0,,,False,
naming,105,Boundary-Aware,21,13,8,0.25,1400.0,25.0,True,1.7576896098394252
naming,106,ADWIN,0,0,0,0.0,,,False,
naming,106,Page-Hinkley,0,0,0,0.0,,,False,
naming,106,Boundary-Aware,9,4,5,0.07692307692307693,1650.0,275.0,True,2.8866989764951936
naming,107,ADWIN,0,0,0,0.0,,,False,
naming,107,Page-Hinkley,0,0,0,0.0,,,False,
naming,107,Boundary-Aware,20,4,16,0.07692307692307693,1475.0,100.0,True,1.8735271269034615
naming,108,ADWIN,0,0,0,0.0,,,False,
naming,108,Page-Hinkley,0,0,0,0.0,,,False,
naming,108,Boundary-Aware,10,4,6,0.07692307692307693,1600.0,225.0,True,1.978831877737418
naming,109,ADWIN,0,0,0,0.0,,,False,
naming,109,Page-Hinkley,0,0,0,0.0,,,False,
naming,109,Boundary-Aware,8,4,4,0.07692307692307693,1825.0,450.0,True,2.085723946252622
naming,110,ADWIN,0,0,0,0.0,,,False,
naming,110,Page-Hinkley,0,0,0,0.0,,,False,
naming,110,Boundary-Aware,8,3,5,0.057692307692307696,1575.0,200.0,True,2.3713379558762107
naming,111,ADWIN,0,0,0,0.0,,,False,
naming,111,Page-Hinkley,0,0,0,0.0,,,False,
naming,111,Boundary-Aware,19,5,14,0.09615384615384616,1375.0,0.0,True,1.8597306490946832
naming,112,ADWIN,0,0,0,0.0,,,False,
naming,112,Page-Hinkley,0,0,0,0.0,,,False,
naming,112,Boundary-Aware,6,1,5,0.019230769230769232,1825.0,450.0,True,2.0048345319557765
naming,113,ADWIN,0,0,0,0.0,,,False,
naming,113,Page-Hinkley,0,0,0,0.0,,,False,
naming,113,Boundary-Aware,13,4,9,0.07692307692307693,1425.0,50.0,True,2.2258779250168446
naming,114,ADWIN,0,0,0,0.0,,,False,
naming,114,Page-Hinkley,0,0,0,0.0,,,False,
naming,114,Boundary-Aware,6,4,2,0.07692307692307693,1825.0,450.0,True,2.0135829418698497
naming,115,ADWIN,0,0,0,0.0,,,False,
naming,115,Page-Hinkley,0,0,0,0.0,,,False,
naming,115,Boundary-Aware,11,3,8,0.057692307692307696,1375.0,0.0,True,1.8745502030867922
naming,116,ADWIN,0,0,0,0.0,,,False,
naming,116,Page-Hinkley,0,0,0,0.0,,,False,
naming,116,Boundary-Aware,12,2,10,0.038461538461538464,1375.0,0.0,True,2.1399858333592414
naming,117,ADWIN,0,0,0,0.0,,,False,
naming,117,Page-Hinkley,0,0,0,0.0,,,False,
naming,117,Boundary-Aware,2,1,1,0.019230769230769232,1525.0,150.0,True,2.5737105409270127
naming,118,ADWIN,0,0,0,0.0,,,False,
naming,118,Page-Hinkley,0,0,0,0.0,,,False,
naming,118,Boundary-Aware,8,5,3,0.09615384615384616,1700.0,325.0,True,2.0797878596564265
naming,119,ADWIN,0,0,0,0.0,,,False,
naming,119,Page-Hinkley,0,0,0,0.0,,,False,
naming,119,Boundary-Aware,10,5,5,0.09615384615384616,1400.0,25.0,True,2.489624873374632
naming,120,ADWIN,0,0,0,0.0,,,False,
naming,120,Page-Hinkley,0,0,0,0.0,,,False,
naming,120,Boundary-Aware,17,8,9,0.15384615384615385,1400.0,25.0,True,1.78124385441303
naming,121,ADWIN,0,0,0,0.0,,,False,
naming,121,Page-Hinkley,0,0,0,0.0,,,False,
naming,121,Boundary-Aware,1,1,0,0.019230769230769232,,,False,2.9650897673824854
naming,122,ADWIN,0,0,0,0.0,,,False,
naming,122,Page-Hinkley,0,0,0,0.0,,,False,
naming,122,Boundary-Aware,4,2,2,0.038461538461538464,2025.0,650.0,True,2.133706178278502
naming,123,ADWIN,0,0,0,0.0,,,False,
naming,123,Page-Hinkley,0,0,0,0.0,,,False,
naming,123,Boundary-Aware,30,17,13,0.3269230769230769,1375.0,0.0,True,1.8059353090360748
naming,124,ADWIN,0,0,0,0.0,,,False,
naming,124,Page-Hinkley,0,0,0,0.0,,,False,
naming,124,Boundary-Aware,2,2,0,0.038461538461538464,,,False,3.3224341000094135
naming,125,ADWIN,0,0,0,0.0,,,False,
naming,125,Page-Hinkley,0,0,0,0.0,,,False,
naming,125,Boundary-Aware,5,3,2,0.057692307692307696,1375.0,0.0,True,2.6763740149088244
naming,126,ADWIN,0,0,0,0.0,,,False,
naming,126,Page-Hinkley,0,0,0,0.0,,,False,
naming,126,Boundary-Aware,6,2,4,0.038461538461538464,1700.0,325.0,True,1.7762575618735301
naming,127,ADWIN,0,0,0,0.0,,,False,
naming,127,Page-Hinkley,0,0,0,0.0,,,False,
naming,127,Boundary-Aware,5,3,2,0.057692307692307696,1625.0,250.0,True,2.308536325963645
naming,128,ADWIN,0,0,0,0.0,,,False,
naming,128,Page-Hinkley,0,0,0,0.0,,,False,
naming,128,Boundary-Aware,3,2,1,0.038461538461538464,1925.0,550.0,True,2.2974674699497455
naming,129,ADWIN,0,0,0,0.0,,,False,
naming,129,Page-Hinkley,0,0,0,0.0,,,False,
naming,129,Boundary-Aware,4,2,2,0.038461538461538464,1600.0,225.0,True,2.042201518112913
naming,130,ADWIN,0,0,0,0.0,,,False,
naming,130,Page-Hinkley,0,0,0,0.0,,,False,
naming,130,Boundary-Aware,16,4,12,0.07692307692307693,1375.0,0.0,True,1.7376278805552365
naming,131,ADWIN,0,0,0,0.0,,,False,
naming,131,Page-Hinkley,0,0,0,0.0,,,False,
naming,131,Boundary-Aware,5,2,3,0.038461538461538464,1400.0,25.0,True,2.9353531060180353
naming,132,ADWIN,0,0,0,0.0,,,False,
naming,132,Page-Hinkley,0,0,0,0.0,,,False,
naming,132,Boundary-Aware,4,2,2,0.038461538461538464,1550.0,175.0,True,2.070521713901679
naming,133,ADWIN,0,0,0,0.0,,,False,
naming,133,Page-Hinkley,0,0,0,0.0,,,False,
naming,133,Boundary-Aware,2,2,0,0.038461538461538464,,,False,2.721106305873129
naming,134,ADWIN,0,0,0,0.0,,,False,
naming,134,Page-Hinkley,0,0,0,0.0,,,False,
naming,134,Boundary-Aware,1,1,0,0.019230769230769232,,,False,2.8258635836097774
naming,135,ADWIN,0,0,0,0.0,,,False,
naming,135,Page-Hinkley,0,0,0,0.0,,,False,
naming,135,Boundary-Aware,9,1,8,0.019230769230769232,1625.0,250.0,True,2.3809914398952445
naming,136,ADWIN,0,0,0,0.0,,,False,
naming,136,Page-Hinkley,0,0,0,0.0,,,False,
naming,136,Boundary-Aware,14,7,7,0.1346153846153846,1425.0,50.0,True,1.6404686075883101
naming,137,ADWIN,0,0,0,0.0,,,False,
naming,137,Page-Hinkley,0,0,0,0.0,,,False,
naming,137,Boundary-Aware,2,2,0,0.038461538461538464,,,False,2.3241461999975375
naming,138,ADWIN,0,0,0,0.0,,,False,
naming,138,Page-Hinkley,0,0,0,0.0,,,False,
naming,138,Boundary-Aware,4,2,2,0.038461538461538464,1925.0,550.0,True,2.5055205060929286
naming,139,ADWIN,0,0,0,0.0,,,False,
naming,139,Page-Hinkley,0,0,0,0.0,,,False,
naming,139,Boundary-Aware,6,5,1,0.09615384615384616,2175.0,800.0,True,2.0645658634136117
naming,140,ADWIN,0,0,0,0.0,,,False,
naming,140,Page-Hinkley,0,0,0,0.0,,,False,
naming,140,Boundary-Aware,15,8,7,0.15384615384615385,1575.0,200.0,True,1.8145199738366524
naming,141,ADWIN,0,0,0,0.0,,,False,
naming,141,Page-Hinkley,0,0,0,0.0,,,False,
naming,141,Boundary-Aware,19,4,15,0.07692307692307693,1450.0,75.0,True,2.5302694786820807
naming,142,ADWIN,0,0,0,0.0,,,False,
naming,142,Page-Hinkley,0,0,0,0.0,,,False,
naming,142,Boundary-Aware,27,10,17,0.19230769230769232,1500.0,125.0,True,1.7864322828203825
naming,143,ADWIN,0,0,0,0.0,,,False,
naming,143,Page-Hinkley,0,0,0,0.0,,,False,
naming,143,Boundary-Aware,6,1,5,0.019230769230769232,1675.0,300.0,True,2.0581773848246767
naming,144,ADWIN,0,0,0,0.0,,,False,
naming,144,Page-Hinkley,0,0,0,0.0,,,False,
naming,144,Boundary-Aware,18,5,13,0.09615384615384616,1375.0,0.0,True,2.075154621071001
naming,145,ADWIN,0,0,0,0.0,,,False,
naming,145,Page-Hinkley,0,0,0,0.0,,,False,
naming,145,Boundary-Aware,3,2,1,0.038461538461538464,2050.0,675.0,True,2.239275853745674
naming,146,ADWIN,0,0,0,0.0,,,False,
naming,146,Page-Hinkley,0,0,0,0.0,,,False,
naming,146,Boundary-Aware,5,1,4,0.019230769230769232,1775.0,400.0,True,2.7374999666577
naming,147,ADWIN,0,0,0,0.0,,,False,
naming,147,Page-Hinkley,0,0,0,0.0,,,False,
naming,147,Boundary-Aware,1,1,0,0.019230769230769232,,,False,2.5606470534479095
naming,148,ADWIN,0,0,0,0.0,,,False,
naming,148,Page-Hinkley,0,0,0,0.0,,,False,
naming,148,Boundary-Aware,7,1,6,0.019230769230769232,1500.0,125.0,True,2.3670025029467756
naming,149,ADWIN,0,0,0,0.0,,,False,
naming,149,Page-Hinkley,0,0,0,0.0,,,False,
naming,149,Boundary-Aware,9,1,8,0.019230769230769232,1850.0,475.0,True,2.069740733374614
naming,150,ADWIN,0,0,0,0.0,,,False,
naming,150,Page-Hinkley,0,0,0,0.0,,,False,
naming,150,Boundary-Aware,19,6,13,0.11538461538461539,1375.0,0.0,True,1.9671288991242297
naming,151,ADWIN,0,0,0,0.0,,,False,
naming,151,Page-Hinkley,0,0,0,0.0,,,False,
naming,151,Boundary-Aware,25,9,16,0.17307692307692307,1550.0,175.0,True,1.781386534485887
naming,152,ADWIN,0,0,0,0.0,,,False,
naming,152,Page-Hinkley,0,0,0,0.0,,,False,
naming,152,Boundary-Aware,10,5,5,0.09615384615384616,1375.0,0.0,True,1.802150408410718
naming,153,ADWIN,0,0,0,0.0,,,False,
naming,153,Page-Hinkley,0,0,0,0.0,,,False,
naming,153,Boundary-Aware,16,2,14,0.038461538461538464,1400.0,25.0,True,2.2801735360288156
naming,154,ADWIN,0,0,0,0.0,,,False,
naming,154,Page-Hinkley,0,0,0,0.0,,,False,
naming,154,Boundary-Aware,17,8,9,0.15384615384615385,1375.0,0.0,True,1.8009455312901241
naming,155,ADWIN,0,0,0,0.0,,,False,
naming,155,Page-Hinkley,0,0,0,0.0,,,False,
naming,155,Boundary-Aware,4,2,2,0.038461538461538464,1425.0,50.0,True,2.4494401963888097
naming,156,ADWIN,0,0,0,0.0,,,False,
naming,156,Page-Hinkley,0,0,0,0.0,,,False,
naming,156,Boundary-Aware,14,3,11,0.057692307692307696,1400.0,25.0,True,2.091698629518474
naming,157,ADWIN,0,0,0,0.0,,,False,
naming,157,Page-Hinkley,0,0,0,0.0,,,False,
naming,157,Boundary-Aware,10,3,7,0.057692307692307696,1475.0,100.0,True,2.592051327076251
naming,158,ADWIN,0,0,0,0.0,,,False,
naming,158,Page-Hinkley,0,0,0,0.0,,,False,
naming,158,Boundary-Aware,4,4,0,0.07692307692307693,,,False,2.51554467150745
naming,159,ADWIN,0,0,0,0.0,,,False,
naming,159,Page-Hinkley,0,0,0,0.0,,,False,
naming,159,Boundary-Aware,5,1,4,0.019230769230769232,1650.0,275.0,True,1.9557796078784588
naming,160,ADWIN,0,0,0,0.0,,,False,
naming,160,Page-Hinkley,0,0,0,0.0,,,False,
naming,160,Boundary-Aware,3,1,2,0.019230769230769232,1450.0,75.0,True,1.8131153132353433
naming,161,ADWIN,0,0,0,0.0,,,False,
naming,161,Page-Hinkley,0,0,0,0.0,,,False,
naming,161,Boundary-Aware,5,1,4,0.019230769230769232,1450.0,75.0,True,2.17498096052658
naming,162,ADWIN,0,0,0,0.0,,,False,
naming,162,Page-Hinkley,0,0,0,0.0,,,False,
naming,162,Boundary-Aware,11,3,8,0.057692307692307696,1800.0,425.0,True,2.166903149342579
naming,163,ADWIN,0,0,0,0.0,,,False,
naming,163,Page-Hinkley,0,0,0,0.0,,,False,
naming,163,Boundary-Aware,10,4,6,0.07692307692307693,1475.0,100.0,True,1.875019098672207
naming,164,ADWIN,0,0,0,0.0,,,False,
naming,164,Page-Hinkley,0,0,0,0.0,,,False,
naming,164,Boundary-Aware,9,2,7,0.038461538461538464,1600.0,225.0,True,2.2524159151188234
naming,165,ADWIN,0,0,0,0.0,,,False,
naming,165,Page-Hinkley,0,0,0,0.0,,,False,
naming,165,Boundary-Aware,14,5,9,0.09615384615384616,1450.0,75.0,True,1.923315391311567
naming,166,ADWIN,0,0,0,0.0,,,False,
naming,166,Page-Hinkley,0,0,0,0.0,,,False,
naming,166,Boundary-Aware,6,3,3,0.057692307692307696,1850.0,475.0,True,2.4101414071831657
naming,167,ADWIN,0,0,0,0.0,,,False,
naming,167,Page-Hinkley,0,0,0,0.0,,,False,
naming,167,Boundary-Aware,5,4,1,0.07692307692307693,1400.0,25.0,True,2.3148267566585763
naming,168,ADWIN,0,0,0,0.0,,,False,
naming,168,Page-Hinkley,0,0,0,0.0,,,False,
naming,168,Boundary-Aware,1,1,0,0.019230769230769232,,,False,3.1592347473114395
naming,169,ADWIN,0,0,0,0.0,,,False,
naming,169,Page-Hinkley,0,0,0,0.0,,,False,
naming,169,Boundary-Aware,2,2,0,0.038461538461538464,,,False,2.4951617100879715
naming,170,ADWIN,0,0,0,0.0,,,False,
naming,170,Page-Hinkley,0,0,0,0.0,,,False,
naming,170,Boundary-Aware,30,9,21,0.17307692307692307,1375.0,0.0,True,1.688220950706932
naming,171,ADWIN,0,0,0,0.0,,,False,
naming,171,Page-Hinkley,0,0,0,0.0,,,False,
naming,171,Boundary-Aware,7,2,5,0.038461538461538464,1575.0,200.0,True,2.610972080068108
naming,172,ADWIN,0,0,0,0.0,,,False,
naming,172,Page-Hinkley,0,0,0,0.0,,,False,
naming,172,Boundary-Aware,18,2,16,0.038461538461538464,1750.0,375.0,True,2.069976066178566
naming,173,ADWIN,0,0,0,0.0,,,False,
naming,173,Page-Hinkley,0,0,0,0.0,,,False,
naming,173,Boundary-Aware,13,5,8,0.09615384615384616,1425.0,50.0,True,2.0533763028762175
naming,174,ADWIN,0,0,0,0.0,,,False,
naming,174,Page-Hinkley,0,0,0,0.0,,,False,
naming,174,Boundary-Aware,1,1,0,0.019230769230769232,,,False,2.1095783646789363
naming,175,ADWIN,0,0,0,0.0,,,False,
naming,175,Page-Hinkley,0,0,0,0.0,,,False,
naming,175,Boundary-Aware,10,3,7,0.057692307692307696,1400.0,25.0,True,2.132370493108705
naming,176,ADWIN,0,0,0,0.0,,,False,
naming,176,Page-Hinkley,0,0,0,0.0,,,False,
naming,176,Boundary-Aware,3,1,2,0.019230769230769232,1425.0,50.0,True,2.111735346031964
naming,177,ADWIN,0,0,0,0.0,,,False,
naming,177,Page-Hinkley,0,0,0,0.0,,,False,
naming,177,Boundary-Aware,7,1,6,0.019230769230769232,1775.0,400.0,True,2.0715377062418416
naming,178,ADWIN,0,0,0,0.0,,,False,
naming,178,Page-Hinkley,0,0,0,0.0,,,False,
naming,178,Boundary-Aware,9,2,7,0.038461538461538464,1575.0,200.0,True,1.8004797260531575
naming,179,ADWIN,0,0,0,0.0,,,False,
naming,179,Page-Hinkley,0,0,0,0.0,,,False,
naming,179,Boundary-Aware,27,11,16,0.21153846153846154,1375.0,0.0,True,1.9777929264833396
naming,180,ADWIN,0,0,0,0.0,,,False,
naming,180,Page-Hinkley,0,0,0,0.0,,,False,
naming,180,Boundary-Aware,4,3,1,0.057692307692307696,2025.0,650.0,True,2.5693201065038775
naming,181,ADWIN,0,0,0,0.0,,,False,
naming,181,Page-Hinkley,0,0,0,0.0,,,False,
naming,181,Boundary-Aware,19,7,12,0.1346153846153846,1450.0,75.0,True,1.8100479146949104
naming,182,ADWIN,0,0,0,0.0,,,False,
naming,182,Page-Hinkley,0,0,0,0.0,,,False,
naming,182,Boundary-Aware,2,1,1,0.019230769230769232,1775.0,400.0,True,2.3745542491776224
naming,183,ADWIN,0,0,0,0.0,,,False,
naming,183,Page-Hinkley,0,0,0,0.0,,,False,
naming,183,Boundary-Aware,6,2,4,0.038461538461538464,1475.0,100.0,True,1.9604480618305324
naming,184,ADWIN,0,0,0,0.0,,,False,
naming,184,Page-Hinkley,0,0,0,0.0,,,False,
naming,184,Boundary-Aware,3,1,2,0.019230769230769232,1525.0,150.0,True,2.5421875123133844
naming,185,ADWIN,0,0,0,0.0,,,False,
naming,185,Page-Hinkley,0,0,0,0.0,,,False,
naming,185,Boundary-Aware,33,10,23,0.19230769230769232,1375.0,0.0,True,1.6075172228444536
naming,186,ADWIN,0,0,0,0.0,,,False,
naming,186,Page-Hinkley,0,0,0,0.0,,,False,
naming,186,Boundary-Aware,5,2,3,0.038461538461538464,1500.0,125.0,True,2.4068356303544336
naming,187,ADWIN,0,0,0,0.0,,,False,
naming,187,Page-Hinkley,0,0,0,0.0,,,False,
naming,187,Boundary-Aware,9,8,1,0.15384615384615385,1475.0,100.0,True,2.0691711833083346
naming,188,ADWIN,0,0,0,0.0,,,False,
naming,188,Page-Hinkley,0,0,0,0.0,,,False,
naming,188,Boundary-Aware,24,3,21,0.057692307692307696,1375.0,0.0,True,1.9015514229967232
naming,189,ADWIN,0,0,0,0.0,,,False,
naming,189,Page-Hinkley,0,0,0,0.0,,,False,
naming,189,Boundary-Aware,8,3,5,0.057692307692307696,1400.0,25.0,True,2.5633062394938437
naming,190,ADWIN,0,0,0,0.0,,,False,
naming,190,Page-Hinkley,0,0,0,0.0,,,False,
naming,190,Boundary-Aware,24,2,22,0.038461538461538464,1375.0,0.0,True,2.153339592265524
naming,191,ADWIN,0,0,0,0.0,,,False,
naming,191,Page-Hinkley,0,0,0,0.0,,,False,
naming,191,Boundary-Aware,20,8,12,0.15384615384615385,1525.0,150.0,True,1.875790928266172
naming,192,ADWIN,0,0,0,0.0,,,False,
naming,192,Page-Hinkley,0,0,0,0.0,,,False,
naming,192,Boundary-Aware,4,2,2,0.038461538461538464,1825.0,450.0,True,3.6227641547636615
naming,193,ADWIN,0,0,0,0.0,,,False,
naming,193,Page-Hinkley,0,0,0,0.0,,,False,
naming,193,Boundary-Aware,6,5,1,0.09615384615384616,1525.0,150.0,True,2.144941636844959
naming,194,ADWIN,0,0,0,0.0,,,False,
naming,194,Page-Hinkley,0,0,0,0.0,,,False,
naming,194,Boundary-Aware,5,4,1,0.07692307692307693,2025.0,650.0,True,1.8910889348098021
naming,195,ADWIN,0,0,0,0.0,,,False,
naming,195,Page-Hinkley,0,0,0,0.0,,,False,
naming,195,Boundary-Aware,3,3,0,0.057692307692307696,,,False,2.2338589631020676
naming,196,ADWIN,0,0,0,0.0,,,False,
naming,196,Page-Hinkley,0,0,0,0.0,,,False,
naming,196,Boundary-Aware,10,5,5,0.09615384615384616,1625.0,250.0,True,1.7812761001028377
naming,197,ADWIN,0,0,0,0.0,,,False,
naming,197,Page-Hinkley,0,0,0,0.0,,,False,
naming,197,Boundary-Aware,6,3,3,0.057692307692307696,1475.0,100.0,True,2.594634649618117
naming,198,ADWIN,0,0,0,0.0,,,False,
naming,198,Page-Hinkley,0,0,0,0.0,,,False,
naming,198,Boundary-Aware,8,6,2,0.11538461538461539,1800.0,425.0,True,2.165472329219715
naming,199,ADWIN,0,0,0,0.0,,,False,
naming,199,Page-Hinkley,0,0,0,0.0,,,False,
naming,199,Boundary-Aware,12,1,11,0.019230769230769232,1625.0,250.0,True,2.321559781019059
naming,200,ADWIN,0,0,0,0.0,,,False,
naming,200,Page-Hinkley,0,0,0,0.0,,,False,
naming,200,Boundary-Aware,7,1,6,0.019230769230769232,1725.0,350.0,True,2.5728239071465264
naming,201,ADWIN,0,0,0,0.0,,,False,
naming,201,Page-Hinkley,0,0,0,0.0,,,False,
naming,201,Boundary-Aware,2,2,0,0.038461538461538464,,,False,2.326105484209052
naming,202,ADWIN,0,0,0,0.0,,,False,
naming,202,Page-Hinkley,0,0,0,0.0,,,False,
naming,202,Boundary-Aware,6,5,1,0.09615384615384616,1800.0,425.0,True,2.545271331463939
naming,203,ADWIN,0,0,0,0.0,,,False,
naming,203,Page-Hinkley,0,0,0,0.0,,,False,
naming,203,Boundary-Aware,4,1,3,0.019230769230769232,1500.0,125.0,True,2.3479340150043204
naming,204,ADWIN,0,0,0,0.0,,,False,
naming,204,Page-Hinkley,0,0,0,0.0,,,False,
naming,204,Boundary-Aware,4,1,3,0.019230769230769232,1450.0,75.0,True,2.8489733320346455
naming,205,ADWIN,0,0,0,0.0,,,False,
naming,205,Page-Hinkley,0,0,0,0.0,,,False,
naming,205,Boundary-Aware,4,2,2,0.038461538461538464,1725.0,350.0,True,2.0998918695188866
naming,206,ADWIN,0,0,0,0.0,,,False,
naming,206,Page-Hinkley,0,0,0,0.0,,,False,
naming,206,Boundary-Aware,8,3,5,0.057692307692307696,1400.0,25.0,True,2.0735712121200582
naming,207,ADWIN,0,0,0,0.0,,,False,
naming,207,Page-Hinkley,0,0,0,0.0,,,False,
naming,207,Boundary-Aware,10,4,6,0.07692307692307693,1725.0,350.0,True,1.8053891438989553
naming,208,ADWIN,0,0,0,0.0,,,False,
naming,208,Page-Hinkley,0,0,0,0.0,,,False,
naming,208,Boundary-Aware,8,8,0,0.15384615384615385,,,False,2.530461099601321
naming,209,ADWIN,0,0,0,0.0,,,False,
naming,209,Page-Hinkley,0,0,0,0.0,,,False,
naming,209,Boundary-Aware,2,1,1,0.019230769230769232,1450.0,75.0,True,2.477651421590394
naming,210,ADWIN,0,0,0,0.0,,,False,
naming,210,Page-Hinkley,0,0,0,0.0,,,False,
naming,210,Boundary-Aware,3,3,0,0.057692307692307696,,,False,2.1486899772112578
naming,211,ADWIN,0,0,0,0.0,,,False,
naming,211,Page-Hinkley,0,0,0,0.0,,,False,
naming,211,Boundary-Aware,7,3,4,0.057692307692307696,1575.0,200.0,True,1.9147062028932476
naming,212,ADWIN,0,0,0,0.0,,,False,
naming,212,Page-Hinkley,0,0,0,0.0,,,False,
naming,212,Boundary-Aware,28,5,23,0.09615384615384616,1475.0,100.0,True,1.7369061446004022
naming,213,ADWIN,0,0,0,0.0,,,False,
naming,213,Page-Hinkley,0,0,0,0.0,,,False,
naming,213,Boundary-Aware,7,6,1,0.11538461538461539,1975.0,600.0,True,2.0553655334956553
naming,214,ADWIN,0,0,0,0.0,,,False,
naming,214,Page-Hinkley,0,0,0,0.0,,,False,
naming,214,Boundary-Aware,8,2,6,0.038461538461538464,1400.0,25.0,True,2.3481714573538004
naming,215,ADWIN,0,0,0,0.0,,,False,
naming,215,Page-Hinkley,0,0,0,0.0,,,False,
naming,215,Boundary-Aware,2,2,0,0.038461538461538464,,,False,4.196811241625187
naming,216,ADWIN,0,0,0,0.0,,,False,
naming,216,Page-Hinkley,0,0,0,0.0,,,False,
naming,216,Boundary-Aware,1,1,0,0.019230769230769232,,,False,1.984860446112497
naming,217,ADWIN,0,0,0,0.0,,,False,
naming,217,Page-Hinkley,0,0,0,0.0,,,False,
naming,217,Boundary-Aware,4,3,1,0.057692307692307696,1800.0,425.0,True,2.072804098300833
naming,218,ADWIN,0,0,0,0.0,,,False,
naming,218,Page-Hinkley,0,0,0,0.0,,,False,
naming,218,Boundary-Aware,11,4,7,0.07692307692307693,1675.0,300.0,True,1.8351293434958655
naming,219,ADWIN,0,0,0,0.0,,,False,
naming,219,Page-Hinkley,0,0,0,0.0,,,False,
naming,219,Boundary-Aware,6,2,4,0.038461538461538464,1375.0,0.0,True,2.0547520698248976
naming,220,ADWIN,0,0,0,0.0,,,False,
naming,220,Page-Hinkley,0,0,0,0.0,,,False,
naming,220,Boundary-Aware,11,6,5,0.11538461538461539,1550.0,175.0,True,2.1326078888235
naming,221,ADWIN,0,0,0,0.0,,,False,
naming,221,Page-Hinkley,0,0,0,0.0,,,False,
naming,221,Boundary-Aware,6,2,4,0.038461538461538464,1550.0,175.0,True,1.8228618764477238
naming,222,ADWIN,0,0,0,0.0,,,False,
naming,222,Page-Hinkley,0,0,0,0.0,,,False,
naming,222,Boundary-Aware,7,5,2,0.09615384615384616,1475.0,100.0,True,2.3019857321095425
naming,223,ADWIN,0,0,0,0.0,,,False,
naming,223,Page-Hinkley,0,0,0,0.0,,,False,
naming,223,Boundary-Aware,12,2,10,0.038461538461538464,1525.0,150.0,True,2.026967393542722
naming,224,ADWIN,0,0,0,0.0,,,False,
naming,224,Page-Hinkley,0,0,0,0.0,,,False,
naming,224,Boundary-Aware,1,1,0,0.019230769230769232,,,False,3.056308634128842
naming,225,ADWIN,0,0,0,0.0,,,False,
naming,225,Page-Hinkley,0,0,0,0.0,,,False,
naming,225,Boundary-Aware,8,5,3,0.09615384615384616,1975.0,600.0,True,1.798824159714926
naming,226,ADWIN,0,0,0,0.0,,,False,
naming,226,Page-Hinkley,0,0,0,0.0,,,False,
naming,226,Boundary-Aware,9,5,4,0.09615384615384616,1375.0,0.0,True,2.190839479214648
naming,227,ADWIN,0,0,0,0.0,,,False,
naming,227,Page-Hinkley,0,0,0,0.0,,,False,
naming,227,Boundary-Aware,9,7,2,0.1346153846153846,1875.0,500.0,True,2.0406666184875215
naming,228,ADWIN,0,0,0,0.0,,,False,
naming,228,Page-Hinkley,0,0,0,0.0,,,False,
naming,228,Boundary-Aware,17,3,14,0.057692307692307696,1375.0,0.0,True,1.8889809778746711
naming,229,ADWIN,0,0,0,0.0,,,False,
naming,229,Page-Hinkley,0,0,0,0.0,,,False,
naming,229,Boundary-Aware,1,1,0,0.019230769230769232,,,False,2.605377372890456
naming,230,ADWIN,0,0,0,0.0,,,False,
naming,230,Page-Hinkley,0,0,0,0.0,,,False,
naming,230,Boundary-Aware,12,2,10,0.038461538461538464,1425.0,50.0,True,1.7926202223138406
naming,231,ADWIN,0,0,0,0.0,,,False,
naming,231,Page-Hinkley,0,0,0,0.0,,,False,
naming,231,Boundary-Aware,19,5,14,0.09615384615384616,1400.0,25.0,True,1.8738308102769885
naming,232,ADWIN,0,0,0,0.0,,,False,
naming,232,Page-Hinkley,0,0,0,0.0,,,False,
naming,232,Boundary-Aware,17,9,8,0.17307692307692307,1575.0,200.0,True,1.7743865092090723
naming,233,ADWIN,0,0,0,0.0,,,False,
naming,233,Page-Hinkley,0,0,0,0.0,,,False,
naming,233,Boundary-Aware,2,2,0,0.038461538461538464,,,False,2.239612741063928
naming,234,ADWIN,0,0,0,0.0,,,False,
naming,234,Page-Hinkley,0,0,0,0.0,,,False,
naming,234,Boundary-Aware,16,2,14,0.038461538461538464,1800.0,425.0,True,1.8502701449365415
naming,235,ADWIN,0,0,0,0.0,,,False,
naming,235,Page-Hinkley,0,0,0,0.0,,,False,
naming,235,Boundary-Aware,13,3,10,0.057692307692307696,1475.0,100.0,True,1.6905180517596436
naming,236,ADWIN,0,0,0,0.0,,,False,
naming,236,Page-Hinkley,0,0,0,0.0,,,False,
naming,236,Boundary-Aware,3,3,0,0.057692307692307696,,,False,2.642627148421614
naming,237,ADWIN,0,0,0,0.0,,,False,
naming,237,Page-Hinkley,0,0,0,0.0,,,False,
naming,237,Boundary-Aware,9,4,5,0.07692307692307693,1425.0,50.0,True,2.3741855587352325
naming,238,ADWIN,0,0,0,0.0,,,False,
naming,238,Page-Hinkley,0,0,0,0.0,,,False,
naming,238,Boundary-Aware,7,1,6,0.019230769230769232,1450.0,75.0,True,2.0244371773650567
naming,239,ADWIN,0,0,0,0.0,,,False,
naming,239,Page-Hinkley,0,0,0,0.0,,,False,
naming,239,Boundary-Aware,7,5,2,0.09615384615384616,1625.0,250.0,True,1.837739170265644
naming,240,ADWIN,0,0,0,0.0,,,False,
naming,240,Page-Hinkley,0,0,0,0.0,,,False,
naming,240,Boundary-Aware,13,4,9,0.07692307692307693,1750.0,375.0,True,2.8133186301871502
naming,241,ADWIN,0,0,0,0.0,,,False,
naming,241,Page-Hinkley,0,0,0,0.0,,,False,
naming,241,Boundary-Aware,21,11,10,0.21153846153846154,1375.0,0.0,True,1.6897633417073434
naming,242,ADWIN,0,0,0,0.0,,,False,
naming,242,Page-Hinkley,0,0,0,0.0,,,False,
naming,242,Boundary-Aware,16,5,11,0.09615384615384616,1400.0,25.0,True,2.425425563228511
naming,243,ADWIN,0,0,0,0.0,,,False,
naming,243,Page-Hinkley,0,0,0,0.0,,,False,
naming,243,Boundary-Aware,5,3,2,0.057692307692307696,1775.0,400.0,True,2.326008207872756
naming,244,ADWIN,0,0,0,0.0,,,False,
naming,244,Page-Hinkley,0,0,0,0.0,,,False,
naming,244,Boundary-Aware,23,4,19,0.07692307692307693,1425.0,50.0,True,1.8499622808718417
naming,245,ADWIN,0,0,0,0.0,,,False,
naming,245,Page-Hinkley,0,0,0,0.0,,,False,
naming,245,Boundary-Aware,9,4,5,0.07692307692307693,1825.0,450.0,True,1.6724982407214433
naming,246,ADWIN,0,0,0,0.0,,,False,
naming,246,Page-Hinkley,0,0,0,0.0,,,False,
naming,246,Boundary-Aware,18,4,14,0.07692307692307693,1375.0,0.0,True,2.4644049451423315
naming,247,ADWIN,0,0,0,0.0,,,False,
naming,247,Page-Hinkley,0,0,0,0.0,,,False,
naming,247,Boundary-Aware,7,4,3,0.07692307692307693,1525.0,150.0,True,2.3723090732433976
naming,248,ADWIN,0,0,0,0.0,,,False,
naming,248,Page-Hinkley,0,0,0,0.0,,,False,
naming,248,Boundary-Aware,24,11,13,0.21153846153846154,1450.0,75.0,True,1.8301844975263126
naming,249,ADWIN,0,0,0,0.0,,,False,
naming,249,Page-Hinkley,0,0,0,0.0,,,False,
naming,249,Boundary-Aware,16,3,13,0.057692307692307696,1725.0,350.0,True,2.088410043568827
naming,250,ADWIN,0,0,0,0.0,,,False,
naming,250,Page-Hinkley,0,0,0,0.0,,,False,
naming,250,Boundary-Aware,2,2,0,0.038461538461538464,,,False,2.5720840408071055
naming,251,ADWIN,0,0,0,0.0,,,False,
naming,251,Page-Hinkley,0,0,0,0.0,,,False,
naming,251,Boundary-Aware,16,5,11,0.09615384615384616,1625.0,250.0,True,1.667356717055466
naming,252,ADWIN,0,0,0,0.0,,,False,
naming,252,Page-Hinkley,0,0,0,0.0,,,False,
naming,252,Boundary-Aware,9,5,4,0.09615384615384616,1375.0,0.0,True,2.5853325162502445
naming,253,ADWIN,0,0,0,0.0,,,False,
naming,253,Page-Hinkley,0,0,0,0.0,,,False,
naming,253,Boundary-Aware,2,1,1,0.019230769230769232,1925.0,550.0,True,2.504634847931219
naming,254,ADWIN,0,0,0,0.0,,,False,
naming,254,Page-Hinkley,0,0,0,0.0,,,False,
naming,254,Boundary-Aware,6,1,5,0.019230769230769232,1975.0,600.0,True,1.9811407932588496
naming,255,ADWIN,0,0,0,0.0,,,False,
naming,255,Page-Hinkley,0,0,0,0.0,,,False,
naming,255,Boundary-Aware,2,2,0,0.038461538461538464,,,False,2.3106988747134536
naming,256,ADWIN,0,0,0,0.0,,,False,
naming,256,Page-Hinkley,0,0,0,0.0,,,False,
naming,256,Boundary-Aware,13,3,10,0.057692307692307696,1475.0,100.0,True,2.4059050573127174
naming,257,ADWIN,0,0,0,0.0,,,False,
naming,257,Page-Hinkley,0,0,0,0.0,,,False,
naming,257,Boundary-Aware,16,4,12,0.07692307692307693,1650.0,275.0,True,1.909865337995159
naming,258,ADWIN,0,0,0,0.0,,,False,
naming,258,Page-Hinkley,0,0,0,0.0,,,False,
naming,258,Boundary-Aware,16,6,10,0.11538461538461539,1500.0,125.0,True,1.8571345794878296
naming,259,ADWIN,0,0,0,0.0,,,False,
naming,259,Page-Hinkley,0,0,0,0.0,,,False,
naming,259,Boundary-Aware,7,2,5,0.038461538461538464,1500.0,125.0,True,1.941119390958166
naming,260,ADWIN,0,0,0,0.0,,,False,
naming,260,Page-Hinkley,0,0,0,0.0,,,False,
naming,260,Boundary-Aware,11,4,7,0.07692307692307693,1575.0,200.0,True,2.4718768339252897
naming,261,ADWIN,0,0,0,0.0,,,False,
naming,261,Page-Hinkley,0,0,0,0.0,,,False,
naming,261,Boundary-Aware,10,5,5,0.09615384615384616,1450.0,75.0,True,2.365608267967899
naming,262,ADWIN,0,0,0,0.0,,,False,
naming,262,Page-Hinkley,0,0,0,0.0,,,False,
naming,262,Boundary-Aware,2,1,1,0.019230769230769232,1425.0,50.0,True,2.316048660247025
naming,263,ADWIN,0,0,0,0.0,,,False,
naming,263,Page-Hinkley,0,0,0,0.0,,,False,
naming,263,Boundary-Aware,6,3,3,0.057692307692307696,1375.0,0.0,True,2.6000996707716797
naming,264,ADWIN,0,0,0,0.0,,,False,
naming,264,Page-Hinkley,0,0,0,0.0,,,False,
naming,264,Boundary-Aware,23,10,13,0.19230769230769232,1375.0,0.0,True,1.7031949624299283
naming,265,ADWIN,0,0,0,0.0,,,False,
naming,265,Page-Hinkley,0,0,0,0.0,,,False,
naming,265,Boundary-Aware,9,1,8,0.019230769230769232,1450.0,75.0,True,2.164234702777675
naming,266,ADWIN,0,0,0,0.0,,,False,
naming,266,Page-Hinkley,0,0,0,0.0,,,False,
naming,266,Boundary-Aware,9,3,6,0.057692307692307696,1600.0,225.0,True,1.8313661470746678
naming,267,ADWIN,0,0,0,0.0,,,False,
naming,267,Page-Hinkley,0,0,0,0.0,,,False,
naming,267,Boundary-Aware,2,2,0,0.038461538461538464,,,False,2.461922786438884
naming,268,ADWIN,0,0,0,0.0,,,False,
naming,268,Page-Hinkley,0,0,0,0.0,,,False,
naming,268,Boundary-Aware,5,2,3,0.038461538461538464,1575.0,200.0,True,2.203354366634383
naming,269,ADWIN,0,0,0,0.0,,,False,
naming,269,Page-Hinkley,0,0,0,0.0,,,False,
naming,269,Boundary-Aware,22,5,17,0.09615384615384616,1400.0,25.0,True,2.7605644022568985
naming,270,ADWIN,0,0,0,0.0,,,False,
naming,270,Page-Hinkley,0,0,0,0.0,,,False,
naming,270,Boundary-Aware,4,2,2,0.038461538461538464,1500.0,125.0,True,2.74306016745003
naming,271,ADWIN,0,0,0,0.0,,,False,
naming,271,Page-Hinkley,0,0,0,0.0,,,False,
naming,271,Boundary-Aware,10,1,9,0.019230769230769232,1575.0,200.0,True,1.851256576683294
naming,272,ADWIN,0,0,0,0.0,,,False,
naming,272,Page-Hinkley,0,0,0,0.0,,,False,
naming,272,Boundary-Aware,5,4,1,0.07692307692307693,1375.0,0.0,True,2.64659736808026
naming,273,ADWIN,0,0,0,0.0,,,False,
naming,273,Page-Hinkley,0,0,0,0.0,,,False,
naming,273,Boundary-Aware,6,4,2,0.07692307692307693,1575.0,200.0,True,1.8957615850097307
naming,274,ADWIN,0,0,0,0.0,,,False,
naming,274,Page-Hinkley,0,0,0,0.0,,,False,
naming,274,Boundary-Aware,20,3,17,0.057692307692307696,1375.0,0.0,True,2.063493659353217
naming,275,ADWIN,0,0,0,0.0,,,False,
naming,275,Page-Hinkley,0,0,0,0.0,,,False,
naming,275,Boundary-Aware,7,3,4,0.057692307692307696,1825.0,450.0,True,2.2812223343562064
naming,276,ADWIN,0,0,0,0.0,,,False,
naming,276,Page-Hinkley,0,0,0,0.0,,,False,
naming,276,Boundary-Aware,6,2,4,0.038461538461538464,1875.0,500.0,True,2.3710883510621734
naming,277,ADWIN,0,0,0,0.0,,,False,
naming,277,Page-Hinkley,0,0,0,0.0,,,False,
naming,277,Boundary-Aware,12,2,10,0.038461538461538464,1400.0,25.0,True,1.7640191347775231
naming,278,ADWIN,0,0,0,0.0,,,False,
naming,278,Page-Hinkley,0,0,0,0.0,,,False,
naming,278,Boundary-Aware,15,4,11,0.07692307692307693,1400.0,25.0,True,1.8428357916802636
naming,279,ADWIN,0,0,0,0.0,,,False,
naming,279,Page-Hinkley,0,0,0,0.0,,,False,
naming,279,Boundary-Aware,9,4,5,0.07692307692307693,1425.0,50.0,True,2.5720671902936068
naming,280,ADWIN,0,0,0,0.0,,,False,
naming,280,Page-Hinkley,0,0,0,0.0,,,False,
naming,280,Boundary-Aware,3,2,1,0.038461538461538464,1900.0,525.0,True,2.312252954941821
naming,281,ADWIN,0,0,0,0.0,,,False,
naming,281,Page-Hinkley,0,0,0,0.0,,,False,
naming,281,Boundary-Aware,21,10,11,0.19230769230769232,1475.0,100.0,True,1.8342164637128602
naming,282,ADWIN,0,0,0,0.0,,,False,
naming,282,Page-Hinkley,0,0,0,0.0,,,False,
naming,282,Boundary-Aware,7,3,4,0.057692307692307696,1525.0,150.0,True,2.19295608650486
naming,283,ADWIN,0,0,0,0.0,,,False,
naming,283,Page-Hinkley,0,0,0,0.0,,,False,
naming,283,Boundary-Aware,17,6,11,0.11538461538461539,1425.0,50.0,True,1.9273080579480606
naming,284,ADWIN,0,0,0,0.0,,,False,
naming,284,Page-Hinkley,0,0,0,0.0,,,False,
naming,284,Boundary-Aware,6,2,4,0.038461538461538464,1425.0,50.0,True,3.023268946336127
naming,285,ADWIN,0,0,0,0.0,,,False,
naming,285,Page-Hinkley,0,0,0,0.0,,,False,
naming,285,Boundary-Aware,6,2,4,0.038461538461538464,1625.0,250.0,True,2.1070199254329856
naming,286,ADWIN,0,0,0,0.0,,,False,
naming,286,Page-Hinkley,0,0,0,0.0,,,False,
naming,286,Boundary-Aware,17,2,15,0.038461538461538464,1575.0,200.0,True,2.0989948383569685
naming,287,ADWIN,0,0,0,0.0,,,False,
naming,287,Page-Hinkley,0,0,0,0.0,,,False,
naming,287,Boundary-Aware,5,3,2,0.057692307692307696,1600.0,225.0,True,2.246272928918203
naming,288,ADWIN,0,0,0,0.0,,,False,
naming,288,Page-Hinkley,0,0,0,0.0,,,False,
naming,288,Boundary-Aware,8,1,7,0.019230769230769232,1500.0,125.0,True,2.1648664643448257
naming,289,ADWIN,0,0,0,0.0,,,False,
naming,289,Page-Hinkley,0,0,0,0.0,,,False,
naming,289,Boundary-Aware,2,2,0,0.038461538461538464,,,False,2.6367657114706073
naming,290,ADWIN,0,0,0,0.0,,,False,
naming,290,Page-Hinkley,0,0,0,0.0,,,False,
naming,290,Boundary-Aware,11,4,7,0.07692307692307693,1375.0,0.0,True,2.1561594272112665
naming,291,ADWIN,0,0,0,0.0,,,False,
naming,291,Page-Hinkley,0,0,0,0.0,,,False,
naming,291,Boundary-Aware,1,1,0,0.019230769230769232,,,False,2.647350942360209
naming,292,ADWIN,0,0,0,0.0,,,False,
naming,292,Page-Hinkley,0,0,0,0.0,,,False,
naming,292,Boundary-Aware,32,15,17,0.28846153846153844,1375.0,0.0,True,1.861602638888086
naming,293,ADWIN,0,0,0,0.0,,,False,
naming,293,Page-Hinkley,0,0,0,0.0,,,False,
naming,293,Boundary-Aware,12,2,10,0.038461538461538464,1600.0,225.0,True,2.4953355086804105
naming,294,ADWIN,0,0,0,0.0,,,False,
naming,294,Page-Hinkley,0,0,0,0.0,,,False,
naming,294,Boundary-Aware,11,5,6,0.09615384615384616,1750.0,375.0,True,2.5517207888444835
naming,295,ADWIN,0,0,0,0.0,,,False,
naming,295,Page-Hinkley,0,0,0,0.0,,,False,
naming,295,Boundary-Aware,8,2,6,0.038461538461538464,1800.0,425.0,True,2.6408327758481858
naming,296,ADWIN,0,0,0,0.0,,,False,
naming,296,Page-Hinkley,0,0,0,0.0,,,False,
naming,296,Boundary-Aware,4,3,1,0.057692307692307696,1450.0,75.0,True,1.9181568477215671
naming,297,ADWIN,0,0,0,0.0,,,False,
naming,297,Page-Hinkley,0,0,0,0.0,,,False,
naming,297,Boundary-Aware,1,1,0,0.019230769230769232,,,False,2.2280194797748405
naming,298,ADWIN,0,0,0,0.0,,,False,
naming,298,Page-Hinkley,0,0,0,0.0,,,False,
naming,298,Boundary-Aware,32,19,13,0.36538461538461536,1400.0,25.0,True,1.4426418031811474
naming,299,ADWIN,0,0,0,0.0,,,False,
naming,299,Page-Hinkley,0,0,0,0.0,,,False,
naming,299,Boundary-Aware,10,4,6,0.07692307692307693,1400.0,25.0,True,2.161509490930171
missingness,0,ADWIN,0,0,0,0.0,,,False,
missingness,0,Page-Hinkley,0,0,0,0.0,,,False,
missingness,0,Boundary-Aware,19,5,14,0.09615384615384616,1375.0,0.0,True,1.9775723958636675
missingness,1,ADWIN,0,0,0,0.0,,,False,
missingness,1,Page-Hinkley,0,0,0,0.0,,,False,
missingness,1,Boundary-Aware,9,2,7,0.038461538461538464,1475.0,100.0,True,2.193184771690445
missingness,2,ADWIN,0,0,0,0.0,,,False,
missingness,2,Page-Hinkley,0,0,0,0.0,,,False,
missingness,2,Boundary-Aware,7,2,5,0.038461538461538464,1475.0,100.0,True,1.8262763389015593
missingness,3,ADWIN,0,0,0,0.0,,,False,
missingness,3,Page-Hinkley,0,0,0,0.0,,,False,
missingness,3,Boundary-Aware,17,9,8,0.17307692307692307,1650.0,275.0,True,1.8454957608079336
missingness,4,ADWIN,0,0,0,0.0,,,False,
missingness,4,Page-Hinkley,0,0,0,0.0,,,False,
missingness,4,Boundary-Aware,1,1,0,0.019230769230769232,,,False,3.20176563143291
missingness,5,ADWIN,0,0,0,0.0,,,False,
missingness,5,Page-Hinkley,0,0,0,0.0,,,False,
missingness,5,Boundary-Aware,5,1,4,0.019230769230769232,1525.0,150.0,True,1.908030997313741
missingness,6,ADWIN,0,0,0,0.0,,,False,
missingness,6,Page-Hinkley,0,0,0,0.0,,,False,
missingness,6,Boundary-Aware,11,1,10,0.019230769230769232,1400.0,25.0,True,2.285663844728923
missingness,7,ADWIN,0,0,0,0.0,,,False,
missingness,7,Page-Hinkley,0,0,0,0.0,,,False,
missingness,7,Boundary-Aware,8,3,5,0.057692307692307696,1550.0,175.0,True,2.2630036182214153
missingness,8,ADWIN,0,0,0,0.0,,,False,
missingness,8,Page-Hinkley,0,0,0,0.0,,,False,
missingness,8,Boundary-Aware,3,3,0,0.057692307692307696,,,False,2.9363570990202557
missingness,9,ADWIN,0,0,0,0.0,,,False,
missingness,9,Page-Hinkley,0,0,0,0.0,,,False,
missingness,9,Boundary-Aware,12,5,7,0.09615384615384616,1475.0,100.0,True,1.7875197056113037
missingness,10,ADWIN,0,0,0,0.0,,,False,
missingness,10,Page-Hinkley,0,0,0,0.0,,,False,
missingness,10,Boundary-Aware,3,1,2,0.019230769230769232,1400.0,25.0,True,2.016661131904343
missingness,11,ADWIN,0,0,0,0.0,,,False,
missingness,11,Page-Hinkley,0,0,0,0.0,,,False,
missingness,11,Boundary-Aware,8,3,5,0.057692307692307696,1900.0,525.0,True,2.5403319643599667
missingness,12,ADWIN,0,0,0,0.0,,,False,
missingness,12,Page-Hinkley,0,0,0,0.0,,,False,
missingness,12,Boundary-Aware,7,3,4,0.057692307692307696,1950.0,575.0,True,2.083301119739903
missingness,13,ADWIN,0,0,0,0.0,,,False,
missingness,13,Page-Hinkley,0,0,0,0.0,,,False,
missingness,13,Boundary-Aware,13,2,11,0.038461538461538464,1375.0,0.0,True,2.3599049030430757
missingness,14,ADWIN,0,0,0,0.0,,,False,
missingness,14,Page-Hinkley,0,0,0,0.0,,,False,
missingness,14,Boundary-Aware,15,5,10,0.09615384615384616,1850.0,475.0,True,1.8750689518484531
missingness,15,ADWIN,0,0,0,0.0,,,False,
missingness,15,Page-Hinkley,0,0,0,0.0,,,False,
missingness,15,Boundary-Aware,17,11,6,0.21153846153846154,1400.0,25.0,True,2.2299139366992433
missingness,16,ADWIN,0,0,0,0.0,,,False,
missingness,16,Page-Hinkley,0,0,0,0.0,,,False,
missingness,16,Boundary-Aware,9,6,3,0.11538461538461539,1400.0,25.0,True,1.5682381579186135
missingness,17,ADWIN,0,0,0,0.0,,,False,
missingness,17,Page-Hinkley,0,0,0,0.0,,,False,
missingness,17,Boundary-Aware,3,1,2,0.019230769230769232,1600.0,225.0,True,2.210388994091139
missingness,18,ADWIN,0,0,0,0.0,,,False,
missingness,18,Page-Hinkley,0,0,0,0.0,,,False,
missingness,18,Boundary-Aware,4,4,0,0.07692307692307693,,,False,2.9996860969785892
missingness,19,ADWIN,0,0,0,0.0,,,False,
missingness,19,Page-Hinkley,0,0,0,0.0,,,False,
missingness,19,Boundary-Aware,4,1,3,0.019230769230769232,1825.0,450.0,True,2.2670043396368844
missingness,20,ADWIN,0,0,0,0.0,,,False,
missingness,20,Page-Hinkley,0,0,0,0.0,,,False,
missingness,20,Boundary-Aware,18,8,10,0.15384615384615385,1375.0,0.0,True,1.5117744560049584
missingness,21,ADWIN,0,0,0,0.0,,,False,
missingness,21,Page-Hinkley,0,0,0,0.0,,,False,
missingness,21,Boundary-Aware,10,3,7,0.057692307692307696,1375.0,0.0,True,1.8708821935304825
missingness,22,ADWIN,0,0,0,0.0,,,False,
missingness,22,Page-Hinkley,0,0,0,0.0,,,False,
missingness,22,Boundary-Aware,13,5,8,0.09615384615384616,1550.0,175.0,True,2.170314640885469
missingness,23,ADWIN,0,0,0,0.0,,,False,
missingness,23,Page-Hinkley,0,0,0,0.0,,,False,
missingness,23,Boundary-Aware,7,1,6,0.019230769230769232,1375.0,0.0,True,1.9628561914506364
missingness,24,ADWIN,0,0,0,0.0,,,False,
missingness,24,Page-Hinkley,0,0,0,0.0,,,False,
missingness,24,Boundary-Aware,13,8,5,0.15384615384615385,1575.0,200.0,True,1.725679857230053
missingness,25,ADWIN,0,0,0,0.0,,,False,
missingness,25,Page-Hinkley,0,0,0,0.0,,,False,
missingness,25,Boundary-Aware,7,2,5,0.038461538461538464,1525.0,150.0,True,2.1434382912616536
missingness,26,ADWIN,0,0,0,0.0,,,False,
missingness,26,Page-Hinkley,0,0,0,0.0,,,False,
missingness,26,Boundary-Aware,3,1,2,0.019230769230769232,1950.0,575.0,True,2.2324495172051058
missingness,27,ADWIN,0,0,0,0.0,,,False,
missingness,27,Page-Hinkley,0,0,0,0.0,,,False,
missingness,27,Boundary-Aware,5,4,1,0.07692307692307693,2075.0,700.0,True,2.774896431175671
missingness,28,ADWIN,0,0,0,0.0,,,False,
missingness,28,Page-Hinkley,0,0,0,0.0,,,False,
missingness,28,Boundary-Aware,1,1,0,0.019230769230769232,,,False,1.9150980020547883
missingness,29,ADWIN,0,0,0,0.0,,,False,
missingness,29,Page-Hinkley,0,0,0,0.0,,,False,
missingness,29,Boundary-Aware,4,1,3,0.019230769230769232,1750.0,375.0,True,2.735339948216681
missingness,30,ADWIN,0,0,0,0.0,,,False,
missingness,30,Page-Hinkley,0,0,0,0.0,,,False,
missingness,30,Boundary-Aware,4,2,2,0.038461538461538464,1850.0,475.0,True,2.320988435149042
missingness,31,ADWIN,0,0,0,0.0,,,False,
missingness,31,Page-Hinkley,0,0,0,0.0,,,False,
missingness,31,Boundary-Aware,15,11,4,0.21153846153846154,1825.0,450.0,True,2.1956332284257294
missingness,32,ADWIN,0,0,0,0.0,,,False,
missingness,32,Page-Hinkley,0,0,0,0.0,,,False,
missingness,32,Boundary-Aware,10,3,7,0.057692307692307696,1375.0,0.0,True,2.0138043648605897
missingness,33,ADWIN,0,0,0,0.0,,,False,
missingness,33,Page-Hinkley,0,0,0,0.0,,,False,
missingness,33,Boundary-Aware,11,3,8,0.057692307692307696,1450.0,75.0,True,2.100518823568437
missingness,34,ADWIN,0,0,0,0.0,,,False,
missingness,34,Page-Hinkley,0,0,0,0.0,,,False,
missingness,34,Boundary-Aware,1,1,0,0.019230769230769232,,,False,2.336083173024081
missingness,35,ADWIN,0,0,0,0.0,,,False,
missingness,35,Page-Hinkley,0,0,0,0.0,,,False,
missingness,35,Boundary-Aware,6,2,4,0.038461538461538464,1650.0,275.0,True,2.102771672396174
missingness,36,ADWIN,0,0,0,0.0,,,False,
missingness,36,Page-Hinkley,0,0,0,0.0,,,False,
missingness,36,Boundary-Aware,13,8,5,0.15384615384615385,1500.0,125.0,True,2.109489826497503
missingness,37,ADWIN,0,0,0,0.0,,,False,
missingness,37,Page-Hinkley,0,0,0,0.0,,,False,
missingness,37,Boundary-Aware,9,3,6,0.057692307692307696,1375.0,0.0,True,3.055921760018912
missingness,38,ADWIN,0,0,0,0.0,,,False,
missingness,38,Page-Hinkley,0,0,0,0.0,,,False,
missingness,38,Boundary-Aware,18,5,13,0.09615384615384616,1450.0,75.0,True,2.1327063712335512
missingness,39,ADWIN,0,0,0,0.0,,,False,
missingness,39,Page-Hinkley,0,0,0,0.0,,,False,
missingness,39,Boundary-Aware,11,7,4,0.1346153846153846,1625.0,250.0,True,1.8462863314150928
missingness,40,ADWIN,0,0,0,0.0,,,False,
missingness,40,Page-Hinkley,0,0,0,0.0,,,False,
missingness,40,Boundary-Aware,2,2,0,0.038461538461538464,,,False,2.580618816587615
missingness,41,ADWIN,0,0,0,0.0,,,False,
missingness,41,Page-Hinkley,0,0,0,0.0,,,False,
missingness,41,Boundary-Aware,9,4,5,0.07692307692307693,1800.0,425.0,True,2.248172214375871
missingness,42,ADWIN,0,0,0,0.0,,,False,
missingness,42,Page-Hinkley,0,0,0,0.0,,,False,
missingness,42,Boundary-Aware,8,4,4,0.07692307692307693,1500.0,125.0,True,1.9782350136640543
missingness,43,ADWIN,0,0,0,0.0,,,False,
missingness,43,Page-Hinkley,0,0,0,0.0,,,False,
missingness,43,Boundary-Aware,4,2,2,0.038461538461538464,1950.0,575.0,True,1.7516496045827739
missingness,44,ADWIN,0,0,0,0.0,,,False,
missingness,44,Page-Hinkley,0,0,0,0.0,,,False,
missingness,44,Boundary-Aware,8,3,5,0.057692307692307696,1400.0,25.0,True,2.7443456642073545
missingness,45,ADWIN,0,0,0,0.0,,,False,
missingness,45,Page-Hinkley,0,0,0,0.0,,,False,
missingness,45,Boundary-Aware,7,4,3,0.07692307692307693,1425.0,50.0,True,2.0956765032709566
missingness,46,ADWIN,0,0,0,0.0,,,False,
missingness,46,Page-Hinkley,0,0,0,0.0,,,False,
missingness,46,Boundary-Aware,4,2,2,0.038461538461538464,1825.0,450.0,True,2.446677402387789
missingness,47,ADWIN,0,0,0,0.0,,,False,
missingness,47,Page-Hinkley,0,0,0,0.0,,,False,
missingness,47,Boundary-Aware,14,8,6,0.15384615384615385,1500.0,125.0,True,2.271938356418251
missingness,48,ADWIN,0,0,0,0.0,,,False,
missingness,48,Page-Hinkley,0,0,0,0.0,,,False,
missingness,48,Boundary-Aware,5,1,4,0.019230769230769232,1625.0,250.0,True,2.083500628969015
missingness,49,ADWIN,0,0,0,0.0,,,False,
missingness,49,Page-Hinkley,0,0,0,0.0,,,False,
missingness,49,Boundary-Aware,8,3,5,0.057692307692307696,1375.0,0.0,True,2.0784981466176924
missingness,50,ADWIN,0,0,0,0.0,,,False,
missingness,50,Page-Hinkley,0,0,0,0.0,,,False,
missingness,50,Boundary-Aware,26,10,16,0.19230769230769232,1400.0,25.0,True,1.4811323848208484
missingness,51,ADWIN,0,0,0,0.0,,,False,
missingness,51,Page-Hinkley,0,0,0,0.0,,,False,
missingness,51,Boundary-Aware,3,3,0,0.057692307692307696,,,False,2.1668265100388178
missingness,52,ADWIN,0,0,0,0.0,,,False,
missingness,52,Page-Hinkley,0,0,0,0.0,,,False,
missingness,52,Boundary-Aware,2,2,0,0.038461538461538464,,,False,1.9266814824393745
missingness,53,ADWIN,0,0,0,0.0,,,False,
missingness,53,Page-Hinkley,0,0,0,0.0,,,False,
missingness,53,Boundary-Aware,13,7,6,0.1346153846153846,1525.0,150.0,True,1.9690910367440635
missingness,54,ADWIN,0,0,0,0.0,,,False,
missingness,54,Page-Hinkley,0,0,0,0.0,,,False,
missingness,54,Boundary-Aware,4,2,2,0.038461538461538464,1925.0,550.0,True,2.7698229757832795
missingness,55,ADWIN,0,0,0,0.0,,,False,
missingness,55,Page-Hinkley,0,0,0,0.0,,,False,
missingness,55,Boundary-Aware,2,2,0,0.038461538461538464,,,False,2.9549801443890367
missingness,56,ADWIN,0,0,0,0.0,,,False,
missingness,56,Page-Hinkley,0,0,0,0.0,,,False,
missingness,56,Boundary-Aware,17,6,11,0.11538461538461539,1375.0,0.0,True,1.828666942878436
missingness,57,ADWIN,0,0,0,0.0,,,False,
missingness,57,Page-Hinkley,0,0,0,0.0,,,False,
missingness,57,Boundary-Aware,19,9,10,0.17307692307692307,1400.0,25.0,True,1.5590250214747887
missingness,58,ADWIN,0,0,0,0.0,,,False,
missingness,58,Page-Hinkley,0,0,0,0.0,,,False,
missingness,58,Boundary-Aware,6,3,3,0.057692307692307696,1475.0,100.0,True,1.954396942948282
missingness,59,ADWIN,0,0,0,0.0,,,False,
missingness,59,Page-Hinkley,0,0,0,0.0,,,False,
missingness,59,Boundary-Aware,6,3,3,0.057692307692307696,1775.0,400.0,True,2.4152609076115366
missingness,60,ADWIN,0,0,0,0.0,,,False,
missingness,60,Page-Hinkley,0,0,0,0.0,,,False,
missingness,60,Boundary-Aware,21,10,11,0.19230769230769232,1450.0,75.0,True,1.7981809974246983
missingness,61,ADWIN,0,0,0,0.0,,,False,
missingness,61,Page-Hinkley,0,0,0,0.0,,,False,
missingness,61,Boundary-Aware,16,7,9,0.1346153846153846,1500.0,125.0,True,2.1525932686473177
missingness,62,ADWIN,0,0,0,0.0,,,False,
missingness,62,Page-Hinkley,0,0,0,0.0,,,False,
missingness,62,Boundary-Aware,8,3,5,0.057692307692307696,1425.0,50.0,True,1.9650363146263015
missingness,63,ADWIN,0,0,0,0.0,,,False,
missingness,63,Page-Hinkley,0,0,0,0.0,,,False,
missingness,63,Boundary-Aware,12,5,7,0.09615384615384616,1500.0,125.0,True,2.818425440631873
missingness,64,ADWIN,0,0,0,0.0,,,False,
missingness,64,Page-Hinkley,0,0,0,0.0,,,False,
missingness,64,Boundary-Aware,5,2,3,0.038461538461538464,1400.0,25.0,True,2.47399659638414
missingness,65,ADWIN,0,0,0,0.0,,,False,
missingness,65,Page-Hinkley,0,0,0,0.0,,,False,
missingness,65,Boundary-Aware,12,4,8,0.07692307692307693,1425.0,50.0,True,2.469077807825329
missingness,66,ADWIN,0,0,0,0.0,,,False,
missingness,66,Page-Hinkley,0,0,0,0.0,,,False,
missingness,66,Boundary-Aware,14,7,7,0.1346153846153846,1625.0,250.0,True,2.1302969270767287
missingness,67,ADWIN,0,0,0,0.0,,,False,
missingness,67,Page-Hinkley,0,0,0,0.0,,,False,
missingness,67,Boundary-Aware,3,3,0,0.057692307692307696,,,False,2.3315137836720066
missingness,68,ADWIN,0,0,0,0.0,,,False,
missingness,68,Page-Hinkley,0,0,0,0.0,,,False,
missingness,68,Boundary-Aware,9,2,7,0.038461538461538464,1675.0,300.0,True,2.361844246446064
missingness,69,ADWIN,0,0,0,0.0,,,False,
missingness,69,Page-Hinkley,0,0,0,0.0,,,False,
missingness,69,Boundary-Aware,1,1,0,0.019230769230769232,,,False,2.089901919635853
missingness,70,ADWIN,0,0,0,0.0,,,False,
missingness,70,Page-Hinkley,0,0,0,0.0,,,False,
missingness,70,Boundary-Aware,4,1,3,0.019230769230769232,1500.0,125.0,True,2.491201132911534
missingness,71,ADWIN,0,0,0,0.0,,,False,
missingness,71,Page-Hinkley,0,0,0,0.0,,,False,
missingness,71,Boundary-Aware,6,3,3,0.057692307692307696,1375.0,0.0,True,2.8416676982068325
missingness,72,ADWIN,0,0,0,0.0,,,False,
missingness,72,Page-Hinkley,0,0,0,0.0,,,False,
missingness,72,Boundary-Aware,2,2,0,0.038461538461538464,,,False,2.1502468373911725
missingness,73,ADWIN,0,0,0,0.0,,,False,
missingness,73,Page-Hinkley,0,0,0,0.0,,,False,
missingness,73,Boundary-Aware,10,3,7,0.057692307692307696,1450.0,75.0,True,2.0693502633686833
missingness,74,ADWIN,0,0,0,0.0,,,False,
missingness,74,Page-Hinkley,0,0,0,0.0,,,False,
missingness,74,Boundary-Aware,4,1,3,0.019230769230769232,2050.0,675.0,True,1.9703244190904572
missingness,75,ADWIN,0,0,0,0.0,,,False,
missingness,75,Page-Hinkley,0,0,0,0.0,,,False,
missingness,75,Boundary-Aware,15,7,8,0.1346153846153846,1375.0,0.0,True,1.735853581876838
missingness,76,ADWIN,0,0,0,0.0,,,False,
missingness,76,Page-Hinkley,0,0,0,0.0,,,False,
missingness,76,Boundary-Aware,2,1,1,0.019230769230769232,1875.0,500.0,True,2.2598540558722617
missingness,77,ADWIN,0,0,0,0.0,,,False,
missingness,77,Page-Hinkley,0,0,0,0.0,,,False,
missingness,77,Boundary-Aware,11,7,4,0.1346153846153846,1475.0,100.0,True,1.694712825434393
missingness,78,ADWIN,0,0,0,0.0,,,False,
missingness,78,Page-Hinkley,0,0,0,0.0,,,False,
missingness,78,Boundary-Aware,3,2,1,0.038461538461538464,2150.0,775.0,True,2.6967938845068007
missingness,79,ADWIN,0,0,0,0.0,,,False,
missingness,79,Page-Hinkley,0,0,0,0.0,,,False,
missingness,79,Boundary-Aware,6,6,0,0.11538461538461539,,,False,2.0602105704255322
missingness,80,ADWIN,0,0,0,0.0,,,False,
missingness,80,Page-Hinkley,0,0,0,0.0,,,False,
missingness,80,Boundary-Aware,9,2,7,0.038461538461538464,1425.0,50.0,True,2.0399185358552847
missingness,81,ADWIN,0,0,0,0.0,,,False,
missingness,81,Page-Hinkley,0,0,0,0.0,,,False,
missingness,81,Boundary-Aware,3,2,1,0.038461538461538464,2175.0,800.0,True,2.059651328893841
missingness,82,ADWIN,0,0,0,0.0,,,False,
missingness,82,Page-Hinkley,0,0,0,0.0,,,False,
missingness,82,Boundary-Aware,11,7,4,0.1346153846153846,1625.0,250.0,True,1.8848715340724418
missingness,83,ADWIN,0,0,0,0.0,,,False,
missingness,83,Page-Hinkley,0,0,0,0.0,,,False,
missingness,83,Boundary-Aware,10,3,7,0.057692307692307696,1575.0,200.0,True,2.6656960653700144
missingness,84,ADWIN,0,0,0,0.0,,,False,
missingness,84,Page-Hinkley,0,0,0,0.0,,,False,
missingness,84,Boundary-Aware,9,5,4,0.09615384615384616,1675.0,300.0,True,2.0499294332343334
missingness,85,ADWIN,0,0,0,0.0,,,False,
missingness,85,Page-Hinkley,0,0,0,0.0,,,False,
missingness,85,Boundary-Aware,17,6,11,0.11538461538461539,1375.0,0.0,True,2.3562219343680493
missingness,86,ADWIN,0,0,0,0.0,,,False,
missingness,86,Page-Hinkley,0,0,0,0.0,,,False,
missingness,86,Boundary-Aware,12,4,8,0.07692307692307693,1475.0,100.0,True,3.0527413485178116
missingness,87,ADWIN,0,0,0,0.0,,,False,
missingness,87,Page-Hinkley,0,0,0,0.0,,,False,
missingness,87,Boundary-Aware,4,3,1,0.057692307692307696,1650.0,275.0,True,2.6172940574383228
missingness,88,ADWIN,0,0,0,0.0,,,False,
missingness,88,Page-Hinkley,0,0,0,0.0,,,False,
missingness,88,Boundary-Aware,4,1,3,0.019230769230769232,1550.0,175.0,True,2.3891757622154675
missingness,89,ADWIN,0,0,0,0.0,,,False,
missingness,89,Page-Hinkley,0,0,0,0.0,,,False,
missingness,89,Boundary-Aware,9,6,3,0.11538461538461539,1500.0,125.0,True,2.2684155988388697
missingness,90,ADWIN,0,0,0,0.0,,,False,
missingness,90,Page-Hinkley,0,0,0,0.0,,,False,
missingness,90,Boundary-Aware,1,1,0,0.019230769230769232,,,False,1.9124043410043436
missingness,91,ADWIN,0,0,0,0.0,,,False,
missingness,91,Page-Hinkley,0,0,0,0.0,,,False,
missingness,91,Boundary-Aware,16,5,11,0.09615384615384616,1425.0,50.0,True,1.9269259947852153
missingness,92,ADWIN,0,0,0,0.0,,,False,
missingness,92,Page-Hinkley,0,0,0,0.0,,,False,
missingness,92,Boundary-Aware,7,3,4,0.057692307692307696,1400.0,25.0,True,2.508045370426457
missingness,93,ADWIN,0,0,0,0.0,,,False,
missingness,93,Page-Hinkley,0,0,0,0.0,,,False,
missingness,93,Boundary-Aware,6,4,2,0.07692307692307693,2100.0,725.0,True,2.2980230450438253
missingness,94,ADWIN,0,0,0,0.0,,,False,
missingness,94,Page-Hinkley,0,0,0,0.0,,,False,
missingness,94,Boundary-Aware,1,1,0,0.019230769230769232,,,False,3.7535266258986018
missingness,95,ADWIN,0,0,0,0.0,,,False,
missingness,95,Page-Hinkley,0,0,0,0.0,,,False,
missingness,95,Boundary-Aware,21,14,7,0.2692307692307692,1500.0,125.0,True,1.776775694352652
missingness,96,ADWIN,0,0,0,0.0,,,False,
missingness,96,Page-Hinkley,0,0,0,0.0,,,False,
missingness,96,Boundary-Aware,6,6,0,0.11538461538461539,,,False,2.1323220038125483
missingness,97,ADWIN,0,0,0,0.0,,,False,
missingness,97,Page-Hinkley,0,0,0,0.0,,,False,
missingness,97,Boundary-Aware,4,3,1,0.057692307692307696,2150.0,775.0,True,2.9202822896970897
missingness,98,ADWIN,0,0,0,0.0,,,False,
missingness,98,Page-Hinkley,0,0,0,0.0,,,False,
missingness,98,Boundary-Aware,2,1,1,0.019230769230769232,1825.0,450.0,True,2.081894017489371
missingness,99,ADWIN,0,0,0,0.0,,,False,
missingness,99,Page-Hinkley,0,0,0,0.0,,,False,
missingness,99,Boundary-Aware,4,4,0,0.07692307692307693,,,False,2.1785508404923997
missingness,100,ADWIN,0,0,0,0.0,,,False,
missingness,100,Page-Hinkley,0,0,0,0.0,,,False,
missingness,100,Boundary-Aware,7,2,5,0.038461538461538464,1425.0,50.0,True,2.3099162155729345
missingness,101,ADWIN,0,0,0,0.0,,,False,
missingness,101,Page-Hinkley,0,0,0,0.0,,,False,
missingness,101,Boundary-Aware,4,1,3,0.019230769230769232,1600.0,225.0,True,2.4504806373279515
missingness,102,ADWIN,0,0,0,0.0,,,False,
missingness,102,Page-Hinkley,0,0,0,0.0,,,False,
missingness,102,Boundary-Aware,22,9,13,0.17307692307692307,1425.0,50.0,True,1.7660240355249224
missingness,103,ADWIN,0,0,0,0.0,,,False,
missingness,103,Page-Hinkley,0,0,0,0.0,,,False,
missingness,103,Boundary-Aware,2,2,0,0.038461538461538464,,,False,2.7028652364379973
missingness,104,ADWIN,0,0,0,0.0,,,False,
missingness,104,Page-Hinkley,0,0,0,0.0,,,False,
missingness,104,Boundary-Aware,5,2,3,0.038461538461538464,1500.0,125.0,True,2.7774061392499045
missingness,105,ADWIN,0,0,0,0.0,,,False,
missingness,105,Page-Hinkley,0,0,0,0.0,,,False,
missingness,105,Boundary-Aware,2,1,1,0.019230769230769232,1950.0,575.0,True,2.497499235828288
missingness,106,ADWIN,0,0,0,0.0,,,False,
missingness,106,Page-Hinkley,0,0,0,0.0,,,False,
missingness,106,Boundary-Aware,5,4,1,0.07692307692307693,1525.0,150.0,True,2.4437295851513414
missingness,107,ADWIN,0,0,0,0.0,,,False,
missingness,107,Page-Hinkley,0,0,0,0.0,,,False,
missingness,107,Boundary-Aware,11,5,6,0.09615384615384616,1400.0,25.0,True,1.8030936164610278
missingness,108,ADWIN,0,0,0,0.0,,,False,
missingness,108,Page-Hinkley,0,0,0,0.0,,,False,
missingness,108,Boundary-Aware,9,2,7,0.038461538461538464,1450.0,75.0,True,1.7904535944028086
missingness,109,ADWIN,0,0,0,0.0,,,False,
missingness,109,Page-Hinkley,0,0,0,0.0,,,False,
missingness,109,Boundary-Aware,19,7,12,0.1346153846153846,1425.0,50.0,True,1.7238297018447923
missingness,110,ADWIN,0,0,0,0.0,,,False,
missingness,110,Page-Hinkley,0,0,0,0.0,,,False,
missingness,110,Boundary-Aware,13,6,7,0.11538461538461539,1475.0,100.0,True,1.6992193679902996
missingness,111,ADWIN,0,0,0,0.0,,,False,
missingness,111,Page-Hinkley,0,0,0,0.0,,,False,
missingness,111,Boundary-Aware,2,2,0,0.038461538461538464,,,False,2.523708104835198
missingness,112,ADWIN,0,0,0,0.0,,,False,
missingness,112,Page-Hinkley,0,0,0,0.0,,,False,
missingness,112,Boundary-Aware,7,3,4,0.057692307692307696,2050.0,675.0,True,1.8697126516676996
missingness,113,ADWIN,0,0,0,0.0,,,False,
missingness,113,Page-Hinkley,0,0,0,0.0,,,False,
missingness,113,Boundary-Aware,13,4,9,0.07692307692307693,1400.0,25.0,True,1.8077347990906556
missingness,114,ADWIN,0,0,0,0.0,,,False,
missingness,114,Page-Hinkley,0,0,0,0.0,,,False,
missingness,114,Boundary-Aware,6,3,3,0.057692307692307696,1850.0,475.0,True,2.468109441585325
missingness,115,ADWIN,0,0,0,0.0,,,False,
missingness,115,Page-Hinkley,0,0,0,0.0,,,False,
missingness,115,Boundary-Aware,4,4,0,0.07692307692307693,,,False,2.0203961233240375
missingness,116,ADWIN,0,0,0,0.0,,,False,
missingness,116,Page-Hinkley,0,0,0,0.0,,,False,
missingness,116,Boundary-Aware,2,2,0,0.038461538461538464,,,False,2.3136726045069747
missingness,117,ADWIN,0,0,0,0.0,,,False,
missingness,117,Page-Hinkley,0,0,0,0.0,,,False,
missingness,117,Boundary-Aware,21,13,8,0.25,1400.0,25.0,True,1.6535958306016574
missingness,118,ADWIN,0,0,0,0.0,,,False,
missingness,118,Page-Hinkley,0,0,0,0.0,,,False,
missingness,118,Boundary-Aware,13,3,10,0.057692307692307696,1450.0,75.0,True,2.2764817972661553
missingness,119,ADWIN,0,0,0,0.0,,,False,
missingness,119,Page-Hinkley,0,0,0,0.0,,,False,
missingness,119,Boundary-Aware,19,7,12,0.1346153846153846,1375.0,0.0,True,1.949697964101181
missingness,120,ADWIN,0,0,0,0.0,,,False,
missingness,120,Page-Hinkley,0,0,0,0.0,,,False,
missingness,120,Boundary-Aware,11,5,6,0.09615384615384616,1550.0,175.0,True,2.308847335043666
missingness,121,ADWIN,0,0,0,0.0,,,False,
missingness,121,Page-Hinkley,0,0,0,0.0,,,False,
missingness,121,Boundary-Aware,7,7,0,0.1346153846153846,,,False,3.438312916744311
missingness,122,ADWIN,0,0,0,0.0,,,False,
missingness,122,Page-Hinkley,0,0,0,0.0,,,False,
missingness,122,Boundary-Aware,7,3,4,0.057692307692307696,1925.0,550.0,True,2.227398358360441
missingness,123,ADWIN,0,0,0,0.0,,,False,
missingness,123,Page-Hinkley,0,0,0,0.0,,,False,
missingness,123,Boundary-Aware,4,1,3,0.019230769230769232,1900.0,525.0,True,2.471625065612575
missingness,124,ADWIN,0,0,0,0.0,,,False,
missingness,124,Page-Hinkley,0,0,0,0.0,,,False,
missingness,124,Boundary-Aware,9,5,4,0.09615384615384616,1625.0,250.0,True,1.8741165968289852
missingness,125,ADWIN,0,0,0,0.0,,,False,
missingness,125,Page-Hinkley,0,0,0,0.0,,,False,
missingness,125,Boundary-Aware,6,6,0,0.11538461538461539,,,False,2.195264921776238
missingness,126,ADWIN,0,0,0,0.0,,,False,
missingness,126,Page-Hinkley,0,0,0,0.0,,,False,
missingness,126,Boundary-Aware,5,2,3,0.038461538461538464,2025.0,650.0,True,2.0338345875941615
missingness,127,ADWIN,0,0,0,0.0,,,False,
missingness,127,Page-Hinkley,0,0,0,0.0,,,False,
missingness,127,Boundary-Aware,2,2,0,0.038461538461538464,,,False,2.032433869777132
missingness,128,ADWIN,0,0,0,0.0,,,False,
missingness,128,Page-Hinkley,0,0,0,0.0,,,False,
missingness,128,Boundary-Aware,16,8,8,0.15384615384615385,1375.0,0.0,True,1.9534239739128543
missingness,129,ADWIN,0,0,0,0.0,,,False,
missingness,129,Page-Hinkley,0,0,0,0.0,,,False,
missingness,129,Boundary-Aware,16,8,8,0.15384615384615385,1425.0,50.0,True,2.1519954217031265
missingness,130,ADWIN,0,0,0,0.0,,,False,
missingness,130,Page-Hinkley,0,0,0,0.0,,,False,
missingness,130,Boundary-Aware,1,1,0,0.019230769230769232,,,False,2.411819045002227
missingness,131,ADWIN,0,0,0,0.0,,,False,
missingness,131,Page-Hinkley,0,0,0,0.0,,,False,
missingness,131,Boundary-Aware,6,3,3,0.057692307692307696,1600.0,225.0,True,3.168351201624195
missingness,132,ADWIN,0,0,0,0.0,,,False,
missingness,132,Page-Hinkley,0,0,0,0.0,,,False,
missingness,132,Boundary-Aware,22,9,13,0.17307692307692307,1375.0,0.0,True,1.8350968924303352
missingness,133,ADWIN,0,0,0,0.0,,,False,
missingness,133,Page-Hinkley,0,0,0,0.0,,,False,
missingness,133,Boundary-Aware,16,8,8,0.15384615384615385,1550.0,175.0,True,1.6649218292958958
missingness,134,ADWIN,0,0,0,0.0,,,False,
missingness,134,Page-Hinkley,0,0,0,0.0,,,False,
missingness,134,Boundary-Aware,10,7,3,0.1346153846153846,1500.0,125.0,True,1.8925335537655246
missingness,135,ADWIN,0,0,0,0.0,,,False,
missingness,135,Page-Hinkley,0,0,0,0.0,,,False,
missingness,135,Boundary-Aware,1,1,0,0.019230769230769232,,,False,2.7665678948855765
missingness,136,ADWIN,0,0,0,0.0,,,False,
missingness,136,Page-Hinkley,0,0,0,0.0,,,False,
missingness,136,Boundary-Aware,15,8,7,0.15384615384615385,1475.0,100.0,True,1.947271095777032
missingness,137,ADWIN,0,0,0,0.0,,,False,
missingness,137,Page-Hinkley,0,0,0,0.0,,,False,
missingness,137,Boundary-Aware,9,4,5,0.07692307692307693,1475.0,100.0,True,2.381495130602901
missingness,138,ADWIN,0,0,0,0.0,,,False,
missingness,138,Page-Hinkley,0,0,0,0.0,,,False,
missingness,138,Boundary-Aware,2,1,1,0.019230769230769232,1400.0,25.0,True,2.3583319897220916
missingness,139,ADWIN,0,0,0,0.0,,,False,
missingness,139,Page-Hinkley,0,0,0,0.0,,,False,
missingness,139,Boundary-Aware,8,1,7,0.019230769230769232,1525.0,150.0,True,2.3389431758982573
missingness,140,ADWIN,0,0,0,0.0,,,False,
missingness,140,Page-Hinkley,0,0,0,0.0,,,False,
missingness,140,Boundary-Aware,3,1,2,0.019230769230769232,2150.0,775.0,True,1.9625286145654337
missingness,141,ADWIN,0,0,0,0.0,,,False,
missingness,141,Page-Hinkley,0,0,0,0.0,,,False,
missingness,141,Boundary-Aware,3,1,2,0.019230769230769232,1700.0,325.0,True,3.1642899266355657
missingness,142,ADWIN,0,0,0,0.0,,,False,
missingness,142,Page-Hinkley,0,0,0,0.0,,,False,
missingness,142,Boundary-Aware,12,5,7,0.09615384615384616,1475.0,100.0,True,2.2576098467331924
missingness,143,ADWIN,0,0,0,0.0,,,False,
missingness,143,Page-Hinkley,0,0,0,0.0,,,False,
missingness,143,Boundary-Aware,18,7,11,0.1346153846153846,1375.0,0.0,True,1.7873217340817917
missingness,144,ADWIN,0,0,0,0.0,,,False,
missingness,144,Page-Hinkley,0,0,0,0.0,,,False,
missingness,144,Boundary-Aware,2,2,0,0.038461538461538464,,,False,2.481855254416268
missingness,145,ADWIN,0,0,0,0.0,,,False,
missingness,145,Page-Hinkley,0,0,0,0.0,,,False,
missingness,145,Boundary-Aware,6,2,4,0.038461538461538464,1375.0,0.0,True,2.006724659987071
missingness,146,ADWIN,0,0,0,0.0,,,False,
missingness,146,Page-Hinkley,0,0,0,0.0,,,False,
missingness,146,Boundary-Aware,14,7,7,0.1346153846153846,1800.0,425.0,True,1.904498572321435
missingness,147,ADWIN,0,0,0,0.0,,,False,
missingness,147,Page-Hinkley,0,0,0,0.0,,,False,
missingness,147,Boundary-Aware,11,1,10,0.019230769230769232,1450.0,75.0,True,2.0887933833247425
missingness,148,ADWIN,0,0,0,0.0,,,False,
missingness,148,Page-Hinkley,0,0,0,0.0,,,False,
missingness,148,Boundary-Aware,2,1,1,0.019230769230769232,1925.0,550.0,True,2.4720883152295032
missingness,149,ADWIN,0,0,0,0.0,,,False,
missingness,149,Page-Hinkley,0,0,0,0.0,,,False,
missingness,149,Boundary-Aware,3,2,1,0.038461538461538464,1775.0,400.0,True,2.288707354537037
missingness,150,ADWIN,0,0,0,0.0,,,False,
missingness,150,Page-Hinkley,0,0,0,0.0,,,False,
missingness,150,Boundary-Aware,3,3,0,0.057692307692307696,,,False,2.019707286547601
missingness,151,ADWIN,0,0,0,0.0,,,False,
missingness,151,Page-Hinkley,0,0,0,0.0,,,False,
missingness,151,Boundary-Aware,6,3,3,0.057692307692307696,1900.0,525.0,True,2.049175700710057
missingness,152,ADWIN,0,0,0,0.0,,,False,
missingness,152,Page-Hinkley,0,0,0,0.0,,,False,
missingness,152,Boundary-Aware,10,3,7,0.057692307692307696,1525.0,150.0,True,1.9508540913995869
missingness,153,ADWIN,0,0,0,0.0,,,False,
missingness,153,Page-Hinkley,0,0,0,0.0,,,False,
missingness,153,Boundary-Aware,6,3,3,0.057692307692307696,1775.0,400.0,True,2.155484680157293
missingness,154,ADWIN,0,0,0,0.0,,,False,
missingness,154,Page-Hinkley,0,0,0,0.0,,,False,
missingness,154,Boundary-Aware,14,10,4,0.19230769230769232,1775.0,400.0,True,2.029943412528485
missingness,155,ADWIN,0,0,0,0.0,,,False,
missingness,155,Page-Hinkley,0,0,0,0.0,,,False,
missingness,155,Boundary-Aware,8,4,4,0.07692307692307693,2000.0,625.0,True,2.6616307374175805
missingness,156,ADWIN,0,0,0,0.0,,,False,
missingness,156,Page-Hinkley,0,0,0,0.0,,,False,
missingness,156,Boundary-Aware,5,1,4,0.019230769230769232,1400.0,25.0,True,2.3940012584637156
missingness,157,ADWIN,0,0,0,0.0,,,False,
missingness,157,Page-Hinkley,0,0,0,0.0,,,False,
missingness,157,Boundary-Aware,6,2,4,0.038461538461538464,1425.0,50.0,True,2.817256277077371
missingness,158,ADWIN,0,0,0,0.0,,,False,
missingness,158,Page-Hinkley,0,0,0,0.0,,,False,
missingness,158,Boundary-Aware,3,2,1,0.038461538461538464,1450.0,75.0,True,2.2724662925339896
missingness,159,ADWIN,0,0,0,0.0,,,False,
missingness,159,Page-Hinkley,0,0,0,0.0,,,False,
missingness,159,Boundary-Aware,9,4,5,0.07692307692307693,1925.0,550.0,True,2.3625459157520288
missingness,160,ADWIN,0,0,0,0.0,,,False,
missingness,160,Page-Hinkley,0,0,0,0.0,,,False,
missingness,160,Boundary-Aware,2,1,1,0.019230769230769232,1975.0,600.0,True,2.8362569562224564
missingness,161,ADWIN,0,0,0,0.0,,,False,
missingness,161,Page-Hinkley,0,0,0,0.0,,,False,
missingness,161,Boundary-Aware,13,4,9,0.07692307692307693,1375.0,0.0,True,2.433157157914184
missingness,162,ADWIN,0,0,0,0.0,,,False,
missingness,162,Page-Hinkley,0,0,0,0.0,,,False,
missingness,162,Boundary-Aware,3,3,0,0.057692307692307696,,,False,2.412467060474063
missingness,163,ADWIN,0,0,0,0.0,,,False,
missingness,163,Page-Hinkley,0,0,0,0.0,,,False,
missingness,163,Boundary-Aware,2,1,1,0.019230769230769232,1725.0,350.0,True,1.9911943223214534
missingness,164,ADWIN,0,0,0,0.0,,,False,
missingness,164,Page-Hinkley,0,0,0,0.0,,,False,
missingness,164,Boundary-Aware,16,4,12,0.07692307692307693,1475.0,100.0,True,2.108981628482882
missingness,165,ADWIN,0,0,0,0.0,,,False,
missingness,165,Page-Hinkley,0,0,0,0.0,,,False,
missingness,165,Boundary-Aware,6,3,3,0.057692307692307696,1825.0,450.0,True,2.0200935573979266
missingness,166,ADWIN,0,0,0,0.0,,,False,
missingness,166,Page-Hinkley,0,0,0,0.0,,,False,
missingness,166,Boundary-Aware,14,7,7,0.1346153846153846,1400.0,25.0,True,2.1137574966333204
missingness,167,ADWIN,0,0,0,0.0,,,False,
missingness,167,Page-Hinkley,0,0,0,0.0,,,False,
missingness,167,Boundary-Aware,5,2,3,0.038461538461538464,1550.0,175.0,True,2.0482018727408366
missingness,168,ADWIN,0,0,0,0.0,,,False,
missingness,168,Page-Hinkley,0,0,0,0.0,,,False,
missingness,168,Boundary-Aware,6,3,3,0.057692307692307696,1825.0,450.0,True,2.1015558816750537
missingness,169,ADWIN,0,0,0,0.0,,,False,
missingness,169,Page-Hinkley,0,0,0,0.0,,,False,
missingness,169,Boundary-Aware,6,3,3,0.057692307692307696,1500.0,125.0,True,2.6387559246150447
missingness,170,ADWIN,0,0,0,0.0,,,False,
missingness,170,Page-Hinkley,0,0,0,0.0,,,False,
missingness,170,Boundary-Aware,8,6,2,0.11538461538461539,1375.0,0.0,True,2.1868801349511346
missingness,171,ADWIN,0,0,0,0.0,,,False,
missingness,171,Page-Hinkley,0,0,0,0.0,,,False,
missingness,171,Boundary-Aware,7,4,3,0.07692307692307693,1425.0,50.0,True,2.8222340087879396
missingness,172,ADWIN,0,0,0,0.0,,,False,
missingness,172,Page-Hinkley,0,0,0,0.0,,,False,
missingness,172,Boundary-Aware,20,8,12,0.15384615384615385,1375.0,0.0,True,1.6539879104797834
missingness,173,ADWIN,0,0,0,0.0,,,False,
missingness,173,Page-Hinkley,0,0,0,0.0,,,False,
missingness,173,Boundary-Aware,14,6,8,0.11538461538461539,1525.0,150.0,True,1.837065599742689
missingness,174,ADWIN,0,0,0,0.0,,,False,
missingness,174,Page-Hinkley,0,0,0,0.0,,,False,
missingness,174,Boundary-Aware,1,1,0,0.019230769230769232,,,False,2.273218557211819
missingness,175,ADWIN,0,0,0,0.0,,,False,
missingness,175,Page-Hinkley,0,0,0,0.0,,,False,
missingness,175,Boundary-Aware,13,3,10,0.057692307692307696,1400.0,25.0,True,1.8254997520345955
missingness,176,ADWIN,0,0,0,0.0,,,False,
missingness,176,Page-Hinkley,0,0,0,0.0,,,False,
missingness,176,Boundary-Aware,5,1,4,0.019230769230769232,1500.0,125.0,True,2.1292147762318647
missingness,177,ADWIN,0,0,0,0.0,,,False,
missingness,177,Page-Hinkley,0,0,0,0.0,,,False,
missingness,177,Boundary-Aware,3,2,1,0.038461538461538464,2125.0,750.0,True,1.9150168372540475
missingness,178,ADWIN,0,0,0,0.0,,,False,
missingness,178,Page-Hinkley,0,0,0,0.0,,,False,
missingness,178,Boundary-Aware,13,5,8,0.09615384615384616,1600.0,225.0,True,1.7804678858550682
missingness,179,ADWIN,0,0,0,0.0,,,False,
missingness,179,Page-Hinkley,0,0,0,0.0,,,False,
missingness,179,Boundary-Aware,2,2,0,0.038461538461538464,,,False,1.9466598463587885
missingness,180,ADWIN,0,0,0,0.0,,,False,
missingness,180,Page-Hinkley,0,0,0,0.0,,,False,
missingness,180,Boundary-Aware,13,1,12,0.019230769230769232,1375.0,0.0,True,2.065830960574967
missingness,181,ADWIN,0,0,0,0.0,,,False,
missingness,181,Page-Hinkley,0,0,0,0.0,,,False,
missingness,181,Boundary-Aware,11,9,2,0.17307692307692307,1450.0,75.0,True,2.0608461480832965
missingness,182,ADWIN,0,0,0,0.0,,,False,
missingness,182,Page-Hinkley,0,0,0,0.0,,,False,
missingness,182,Boundary-Aware,25,9,16,0.17307692307692307,1375.0,0.0,True,1.6601803545721692
missingness,183,ADWIN,0,0,0,0.0,,,False,
missingness,183,Page-Hinkley,0,0,0,0.0,,,False,
missingness,183,Boundary-Aware,13,3,10,0.057692307692307696,1625.0,250.0,True,2.138402927310314
missingness,184,ADWIN,0,0,0,0.0,,,False,
missingness,184,Page-Hinkley,0,0,0,0.0,,,False,
missingness,184,Boundary-Aware,12,6,6,0.11538461538461539,1500.0,125.0,True,1.9774764554849513
missingness,185,ADWIN,0,0,0,0.0,,,False,
missingness,185,Page-Hinkley,0,0,0,0.0,,,False,
missingness,185,Boundary-Aware,6,6,0,0.11538461538461539,,,False,2.4869610849065524
missingness,186,ADWIN,0,0,0,0.0,,,False,
missingness,186,Page-Hinkley,0,0,0,0.0,,,False,
missingness,186,Boundary-Aware,4,4,0,0.07692307692307693,,,False,2.2059159938117556
missingness,187,ADWIN,0,0,0,0.0,,,False,
missingness,187,Page-Hinkley,0,0,0,0.0,,,False,
missingness,187,Boundary-Aware,16,4,12,0.07692307692307693,1375.0,0.0,True,2.6112646008047133
missingness,188,ADWIN,0,0,0,0.0,,,False,
missingness,188,Page-Hinkley,0,0,0,0.0,,,False,
missingness,188,Boundary-Aware,5,3,2,0.057692307692307696,1775.0,400.0,True,2.237254839701032
missingness,189,ADWIN,0,0,0,0.0,,,False,
missingness,189,Page-Hinkley,0,0,0,0.0,,,False,
missingness,189,Boundary-Aware,6,2,4,0.038461538461538464,1375.0,0.0,True,2.428253771442677
missingness,190,ADWIN,0,0,0,0.0,,,False,
missingness,190,Page-Hinkley,0,0,0,0.0,,,False,
missingness,190,Boundary-Aware,4,4,0,0.07692307692307693,,,False,2.19155720968935
missingness,191,ADWIN,0,0,0,0.0,,,False,
missingness,191,Page-Hinkley,0,0,0,0.0,,,False,
missingness,191,Boundary-Aware,2,2,0,0.038461538461538464,,,False,2.2345751785639476
missingness,192,ADWIN,0,0,0,0.0,,,False,
missingness,192,Page-Hinkley,0,0,0,0.0,,,False,
missingness,192,Boundary-Aware,15,2,13,0.038461538461538464,1450.0,75.0,True,2.0526212172529896
missingness,193,ADWIN,0,0,0,0.0,,,False,
missingness,193,Page-Hinkley,0,0,0,0.0,,,False,
missingness,193,Boundary-Aware,6,1,5,0.019230769230769232,1525.0,150.0,True,2.1691075975143073
missingness,194,ADWIN,0,0,0,0.0,,,False,
missingness,194,Page-Hinkley,0,0,0,0.0,,,False,
missingness,194,Boundary-Aware,7,4,3,0.07692307692307693,2025.0,650.0,True,1.8620263272094244
missingness,195,ADWIN,0,0,0,0.0,,,False,
missingness,195,Page-Hinkley,0,0,0,0.0,,,False,
missingness,195,Boundary-Aware,4,2,2,0.038461538461538464,1900.0,525.0,True,2.33069537406617
missingness,196,ADWIN,0,0,0,0.0,,,False,
missingness,196,Page-Hinkley,0,0,0,0.0,,,False,
missingness,196,Boundary-Aware,3,1,2,0.019230769230769232,1475.0,100.0,True,2.4423230954283452
missingness,197,ADWIN,0,0,0,0.0,,,False,
missingness,197,Page-Hinkley,0,0,0,0.0,,,False,
missingness,197,Boundary-Aware,18,6,12,0.11538461538461539,1625.0,250.0,True,2.0640951438469455
missingness,198,ADWIN,0,0,0,0.0,,,False,
missingness,198,Page-Hinkley,0,0,0,0.0,,,False,
missingness,198,Boundary-Aware,17,11,6,0.21153846153846154,1825.0,450.0,True,1.8770017949408482
missingness,199,ADWIN,0,0,0,0.0,,,False,
missingness,199,Page-Hinkley,0,0,0,0.0,,,False,
missingness,199,Boundary-Aware,11,2,9,0.038461538461538464,1650.0,275.0,True,2.1453952669619687
missingness,200,ADWIN,0,0,0,0.0,,,False,
missingness,200,Page-Hinkley,0,0,0,0.0,,,False,
missingness,200,Boundary-Aware,2,2,0,0.038461538461538464,,,False,2.605612489086107
missingness,201,ADWIN,0,0,0,0.0,,,False,
missingness,201,Page-Hinkley,0,0,0,0.0,,,False,
missingness,201,Boundary-Aware,18,4,14,0.07692307692307693,1375.0,0.0,True,1.9431005750806267
missingness,202,ADWIN,0,0,0,0.0,,,False,
missingness,202,Page-Hinkley,0,0,0,0.0,,,False,
missingness,202,Boundary-Aware,10,4,6,0.07692307692307693,1675.0,300.0,True,1.8154233222469893
missingness,203,ADWIN,0,0,0,0.0,,,False,
missingness,203,Page-Hinkley,0,0,0,0.0,,,False,
missingness,203,Boundary-Aware,7,3,4,0.057692307692307696,1850.0,475.0,True,1.9432320780856092
missingness,204,ADWIN,0,0,0,0.0,,,False,
missingness,204,Page-Hinkley,0,0,0,0.0,,,False,
missingness,204,Boundary-Aware,5,2,3,0.038461538461538464,2050.0,675.0,True,2.1644163246404275
missingness,205,ADWIN,0,0,0,0.0,,,False,
missingness,205,Page-Hinkley,0,0,0,0.0,,,False,
missingness,205,Boundary-Aware,27,15,12,0.28846153846153844,1375.0,0.0,True,1.7524867407026699
missingness,206,ADWIN,0,0,0,0.0,,,False,
missingness,206,Page-Hinkley,0,0,0,0.0,,,False,
missingness,206,Boundary-Aware,11,3,8,0.057692307692307696,1600.0,225.0,True,2.4668887781537325
missingness,207,ADWIN,0,0,0,0.0,,,False,
missingness,207,Page-Hinkley,0,0,0,0.0,,,False,
missingness,207,Boundary-Aware,4,3,1,0.057692307692307696,1775.0,400.0,True,2.541438121196927
missingness,208,ADWIN,0,0,0,0.0,,,False,
missingness,208,Page-Hinkley,0,0,0,0.0,,,False,
missingness,208,Boundary-Aware,2,1,1,0.019230769230769232,2100.0,725.0,True,2.139649521454636
missingness,209,ADWIN,0,0,0,0.0,,,False,
missingness,209,Page-Hinkley,0,0,0,0.0,,,False,
missingness,209,Boundary-Aware,17,5,12,0.09615384615384616,1500.0,125.0,True,1.6397585292735575
missingness,210,ADWIN,0,0,0,0.0,,,False,
missingness,210,Page-Hinkley,0,0,0,0.0,,,False,
missingness,210,Boundary-Aware,33,11,22,0.21153846153846154,1375.0,0.0,True,1.8061247483687286
missingness,211,ADWIN,0,0,0,0.0,,,False,
missingness,211,Page-Hinkley,0,0,0,0.0,,,False,
missingness,211,Boundary-Aware,11,3,8,0.057692307692307696,1475.0,100.0,True,2.1654556428310228
missingness,212,ADWIN,0,0,0,0.0,,,False,
missingness,212,Page-Hinkley,0,0,0,0.0,,,False,
missingness,212,Boundary-Aware,9,4,5,0.07692307692307693,1375.0,0.0,True,1.7660169059845714
missingness,213,ADWIN,0,0,0,0.0,,,False,
missingness,213,Page-Hinkley,0,0,0,0.0,,,False,
missingness,213,Boundary-Aware,10,1,9,0.019230769230769232,1450.0,75.0,True,2.5692531190516785
missingness,214,ADWIN,0,0,0,0.0,,,False,
missingness,214,Page-Hinkley,0,0,0,0.0,,,False,
missingness,214,Boundary-Aware,23,8,15,0.15384615384615385,1425.0,50.0,True,1.7552711918981025
missingness,215,ADWIN,0,0,0,0.0,,,False,
missingness,215,Page-Hinkley,0,0,0,0.0,,,False,
missingness,215,Boundary-Aware,8,3,5,0.057692307692307696,1375.0,0.0,True,2.1832177696724164
missingness,216,ADWIN,0,0,0,0.0,,,False,
missingness,216,Page-Hinkley,0,0,0,0.0,,,False,
missingness,216,Boundary-Aware,19,2,17,0.038461538461538464,1375.0,0.0,True,1.9068379353393545
missingness,217,ADWIN,0,0,0,0.0,,,False,
missingness,217,Page-Hinkley,0,0,0,0.0,,,False,
missingness,217,Boundary-Aware,6,4,2,0.07692307692307693,1650.0,275.0,True,2.213750309182239
missingness,218,ADWIN,0,0,0,0.0,,,False,
missingness,218,Page-Hinkley,0,0,0,0.0,,,False,
missingness,218,Boundary-Aware,6,3,3,0.057692307692307696,1525.0,150.0,True,2.4509920219599284
missingness,219,ADWIN,0,0,0,0.0,,,False,
missingness,219,Page-Hinkley,0,0,0,0.0,,,False,
missingness,219,Boundary-Aware,4,2,2,0.038461538461538464,1800.0,425.0,True,2.666565008382405
missingness,220,ADWIN,0,0,0,0.0,,,False,
missingness,220,Page-Hinkley,0,0,0,0.0,,,False,
missingness,220,Boundary-Aware,10,4,6,0.07692307692307693,1450.0,75.0,True,2.5528972664963083
missingness,221,ADWIN,0,0,0,0.0,,,False,
missingness,221,Page-Hinkley,0,0,0,0.0,,,False,
missingness,221,Boundary-Aware,18,7,11,0.1346153846153846,1450.0,75.0,True,1.8967792315226286
missingness,222,ADWIN,0,0,0,0.0,,,False,
missingness,222,Page-Hinkley,0,0,0,0.0,,,False,
missingness,222,Boundary-Aware,20,8,12,0.15384615384615385,1425.0,50.0,True,2.8620285058089183
missingness,223,ADWIN,0,0,0,0.0,,,False,
missingness,223,Page-Hinkley,0,0,0,0.0,,,False,
missingness,223,Boundary-Aware,1,1,0,0.019230769230769232,,,False,2.472553971013284
missingness,224,ADWIN,0,0,0,0.0,,,False,
missingness,224,Page-Hinkley,0,0,0,0.0,,,False,
missingness,224,Boundary-Aware,25,12,13,0.23076923076923078,1550.0,175.0,True,1.5909417827858292
missingness,225,ADWIN,0,0,0,0.0,,,False,
missingness,225,Page-Hinkley,0,0,0,0.0,,,False,
missingness,225,Boundary-Aware,11,2,9,0.038461538461538464,1375.0,0.0,True,1.7780624235060825
missingness,226,ADWIN,0,0,0,0.0,,,False,
missingness,226,Page-Hinkley,0,0,0,0.0,,,False,
missingness,226,Boundary-Aware,13,6,7,0.11538461538461539,1500.0,125.0,True,1.7538166789211356
missingness,227,ADWIN,0,0,0,0.0,,,False,
missingness,227,Page-Hinkley,0,0,0,0.0,,,False,
missingness,227,Boundary-Aware,12,4,8,0.07692307692307693,1575.0,200.0,True,2.547836526604818
missingness,228,ADWIN,0,0,0,0.0,,,False,
missingness,228,Page-Hinkley,0,0,0,0.0,,,False,
missingness,228,Boundary-Aware,4,1,3,0.019230769230769232,1650.0,275.0,True,1.9017056909731682
missingness,229,ADWIN,0,0,0,0.0,,,False,
missingness,229,Page-Hinkley,0,0,0,0.0,,,False,
missingness,229,Boundary-Aware,21,7,14,0.1346153846153846,1400.0,25.0,True,2.3104559424162905
missingness,230,ADWIN,0,0,0,0.0,,,False,
missingness,230,Page-Hinkley,0,0,0,0.0,,,False,
missingness,230,Boundary-Aware,16,8,8,0.15384615384615385,1800.0,425.0,True,1.8518095930310159
missingness,231,ADWIN,0,0,0,0.0,,,False,
missingness,231,Page-Hinkley,0,0,0,0.0,,,False,
missingness,231,Boundary-Aware,13,2,11,0.038461538461538464,1500.0,125.0,True,1.9413601716757083
missingness,232,ADWIN,0,0,0,0.0,,,False,
missingness,232,Page-Hinkley,0,0,0,0.0,,,False,
missingness,232,Boundary-Aware,6,1,5,0.019230769230769232,1500.0,125.0,True,2.132263126967446
missingness,233,ADWIN,0,0,0,0.0,,,False,
missingness,233,Page-Hinkley,0,0,0,0.0,,,False,
missingness,233,Boundary-Aware,21,11,10,0.21153846153846154,1500.0,125.0,True,2.0280583470737086
missingness,234,ADWIN,0,0,0,0.0,,,False,
missingness,234,Page-Hinkley,0,0,0,0.0,,,False,
missingness,234,Boundary-Aware,9,1,8,0.019230769230769232,1475.0,100.0,True,2.0924651305031308
missingness,235,ADWIN,0,0,0,0.0,,,False,
missingness,235,Page-Hinkley,0,0,0,0.0,,,False,
missingness,235,Boundary-Aware,28,13,15,0.25,1475.0,100.0,True,1.9005415640633003
missingness,236,ADWIN,0,0,0,0.0,,,False,
missingness,236,Page-Hinkley,0,0,0,0.0,,,False,
missingness,236,Boundary-Aware,5,3,2,0.057692307692307696,1575.0,200.0,True,1.8669691667309816
missingness,237,ADWIN,0,0,0,0.0,,,False,
missingness,237,Page-Hinkley,0,0,0,0.0,,,False,
missingness,237,Boundary-Aware,4,2,2,0.038461538461538464,1675.0,300.0,True,2.8384485034922955
missingness,238,ADWIN,0,0,0,0.0,,,False,
missingness,238,Page-Hinkley,0,0,0,0.0,,,False,
missingness,238,Boundary-Aware,15,5,10,0.09615384615384616,1575.0,200.0,True,2.094197150206465
missingness,239,ADWIN,0,0,0,0.0,,,False,
missingness,239,Page-Hinkley,0,0,0,0.0,,,False,
missingness,239,Boundary-Aware,17,5,12,0.09615384615384616,1400.0,25.0,True,2.040321599996106
missingness,240,ADWIN,0,0,0,0.0,,,False,
missingness,240,Page-Hinkley,0,0,0,0.0,,,False,
missingness,240,Boundary-Aware,10,2,8,0.038461538461538464,1400.0,25.0,True,2.046237252400424
missingness,241,ADWIN,0,0,0,0.0,,,False,
missingness,241,Page-Hinkley,0,0,0,0.0,,,False,
missingness,241,Boundary-Aware,22,11,11,0.21153846153846154,1375.0,0.0,True,1.6355031708314722
missingness,242,ADWIN,0,0,0,0.0,,,False,
missingness,242,Page-Hinkley,0,0,0,0.0,,,False,
missingness,242,Boundary-Aware,7,5,2,0.09615384615384616,1450.0,75.0,True,2.161073812875485
missingness,243,ADWIN,0,0,0,0.0,,,False,
missingness,243,Page-Hinkley,0,0,0,0.0,,,False,
missingness,243,Boundary-Aware,5,1,4,0.019230769230769232,1375.0,0.0,True,2.3134582557946937
missingness,244,ADWIN,0,0,0,0.0,,,False,
missingness,244,Page-Hinkley,0,0,0,0.0,,,False,
missingness,244,Boundary-Aware,9,2,7,0.038461538461538464,1425.0,50.0,True,1.9286320680250715
missingness,245,ADWIN,0,0,0,0.0,,,False,
missingness,245,Page-Hinkley,0,0,0,0.0,,,False,
missingness,245,Boundary-Aware,3,2,1,0.038461538461538464,1600.0,225.0,True,2.010091428000514
missingness,246,ADWIN,0,0,0,0.0,,,False,
missingness,246,Page-Hinkley,0,0,0,0.0,,,False,
missingness,246,Boundary-Aware,11,3,8,0.057692307692307696,1425.0,50.0,True,1.997642277441735
missingness,247,ADWIN,0,0,0,0.0,,,False,
missingness,247,Page-Hinkley,0,0,0,0.0,,,False,
missingness,247,Boundary-Aware,11,3,8,0.057692307692307696,1650.0,275.0,True,2.0001221021469746
missingness,248,ADWIN,0,0,0,0.0,,,False,
missingness,248,Page-Hinkley,0,0,0,0.0,,,False,
missingness,248,Boundary-Aware,7,3,4,0.057692307692307696,1400.0,25.0,True,1.9196484589754548
missingness,249,ADWIN,0,0,0,0.0,,,False,
missingness,249,Page-Hinkley,0,0,0,0.0,,,False,
missingness,249,Boundary-Aware,6,1,5,0.019230769230769232,1400.0,25.0,True,2.2913152547940268
missingness,250,ADWIN,0,0,0,0.0,,,False,
missingness,250,Page-Hinkley,0,0,0,0.0,,,False,
missingness,250,Boundary-Aware,4,1,3,0.019230769230769232,2050.0,675.0,True,2.0582464700140286
missingness,251,ADWIN,0,0,0,0.0,,,False,
missingness,251,Page-Hinkley,0,0,0,0.0,,,False,
missingness,251,Boundary-Aware,12,7,5,0.1346153846153846,1575.0,200.0,True,1.780403599258107
missingness,252,ADWIN,0,0,0,0.0,,,False,
missingness,252,Page-Hinkley,0,0,0,0.0,,,False,
missingness,252,Boundary-Aware,19,5,14,0.09615384615384616,1375.0,0.0,True,1.8560889900921438
missingness,253,ADWIN,0,0,0,0.0,,,False,
missingness,253,Page-Hinkley,0,0,0,0.0,,,False,
missingness,253,Boundary-Aware,39,20,19,0.38461538461538464,1475.0,100.0,True,1.791543275504978
missingness,254,ADWIN,0,0,0,0.0,,,False,
missingness,254,Page-Hinkley,0,0,0,0.0,,,False,
missingness,254,Boundary-Aware,16,6,10,0.11538461538461539,1450.0,75.0,True,1.9352529449451548
missingness,255,ADWIN,0,0,0,0.0,,,False,
missingness,255,Page-Hinkley,0,0,0,0.0,,,False,
missingness,255,Boundary-Aware,23,4,19,0.07692307692307693,1375.0,0.0,True,2.4082344958852535
missingness,256,ADWIN,0,0,0,0.0,,,False,
missingness,256,Page-Hinkley,0,0,0,0.0,,,False,
missingness,256,Boundary-Aware,14,7,7,0.1346153846153846,1550.0,175.0,True,2.0997077741029546
missingness,257,ADWIN,0,0,0,0.0,,,False,
missingness,257,Page-Hinkley,0,0,0,0.0,,,False,
missingness,257,Boundary-Aware,8,3,5,0.057692307692307696,1375.0,0.0,True,2.1086065882376315
missingness,258,ADWIN,0,0,0,0.0,,,False,
missingness,258,Page-Hinkley,0,0,0,0.0,,,False,
missingness,258,Boundary-Aware,12,6,6,0.11538461538461539,1475.0,100.0,True,2.2205241012912933
missingness,259,ADWIN,0,0,0,0.0,,,False,
missingness,259,Page-Hinkley,0,0,0,0.0,,,False,
missingness,259,Boundary-Aware,10,4,6,0.07692307692307693,1400.0,25.0,True,2.3334634093080644
missingness,260,ADWIN,0,0,0,0.0,,,False,
missingness,260,Page-Hinkley,0,0,0,0.0,,,False,
missingness,260,Boundary-Aware,6,3,3,0.057692307692307696,1550.0,175.0,True,2.2933922505209545
missingness,261,ADWIN,0,0,0,0.0,,,False,
missingness,261,Page-Hinkley,0,0,0,0.0,,,False,
missingness,261,Boundary-Aware,12,5,7,0.09615384615384616,1425.0,50.0,True,2.3892907992298524
missingness,262,ADWIN,0,0,0,0.0,,,False,
missingness,262,Page-Hinkley,0,0,0,0.0,,,False,
missingness,262,Boundary-Aware,6,3,3,0.057692307692307696,2000.0,625.0,True,2.93454238468716
missingness,263,ADWIN,0,0,0,0.0,,,False,
missingness,263,Page-Hinkley,0,0,0,0.0,,,False,
missingness,263,Boundary-Aware,9,4,5,0.07692307692307693,1700.0,325.0,True,1.8508112422442786
missingness,264,ADWIN,0,0,0,0.0,,,False,
missingness,264,Page-Hinkley,0,0,0,0.0,,,False,
missingness,264,Boundary-Aware,3,1,2,0.019230769230769232,1750.0,375.0,True,2.2555394518081533
missingness,265,ADWIN,0,0,0,0.0,,,False,
missingness,265,Page-Hinkley,0,0,0,0.0,,,False,
missingness,265,Boundary-Aware,11,4,7,0.07692307692307693,1375.0,0.0,True,1.6953792099654097
missingness,266,ADWIN,0,0,0,0.0,,,False,
missingness,266,Page-Hinkley,0,0,0,0.0,,,False,
missingness,266,Boundary-Aware,10,7,3,0.1346153846153846,2050.0,675.0,True,1.840411133646238
missingness,267,ADWIN,0,0,0,0.0,,,False,
missingness,267,Page-Hinkley,0,0,0,0.0,,,False,
missingness,267,Boundary-Aware,8,4,4,0.07692307692307693,1625.0,250.0,True,2.711477763354905
missingness,268,ADWIN,0,0,0,0.0,,,False,
missingness,268,Page-Hinkley,0,0,0,0.0,,,False,
missingness,268,Boundary-Aware,3,2,1,0.038461538461538464,2175.0,800.0,True,2.310133722385589
missingness,269,ADWIN,0,0,0,0.0,,,False,
missingness,269,Page-Hinkley,0,0,0,0.0,,,False,
missingness,269,Boundary-Aware,6,2,4,0.038461538461538464,1375.0,0.0,True,2.222365562982367
missingness,270,ADWIN,0,0,0,0.0,,,False,
missingness,270,Page-Hinkley,0,0,0,0.0,,,False,
missingness,270,Boundary-Aware,16,6,10,0.11538461538461539,1375.0,0.0,True,1.6441316520788776
missingness,271,ADWIN,0,0,0,0.0,,,False,
missingness,271,Page-Hinkley,0,0,0,0.0,,,False,
missingness,271,Boundary-Aware,2,2,0,0.038461538461538464,,,False,2.4417013988060874
missingness,272,ADWIN,0,0,0,0.0,,,False,
missingness,272,Page-Hinkley,0,0,0,0.0,,,False,
missingness,272,Boundary-Aware,3,1,2,0.019230769230769232,1800.0,425.0,True,2.2720921624244683
missingness,273,ADWIN,0,0,0,0.0,,,False,
missingness,273,Page-Hinkley,0,0,0,0.0,,,False,
missingness,273,Boundary-Aware,2,1,1,0.019230769230769232,1625.0,250.0,True,2.554302741023421
missingness,274,ADWIN,0,0,0,0.0,,,False,
missingness,274,Page-Hinkley,0,0,0,0.0,,,False,
missingness,274,Boundary-Aware,7,3,4,0.057692307692307696,1875.0,500.0,True,1.9725983017584938
missingness,275,ADWIN,0,0,0,0.0,,,False,
missingness,275,Page-Hinkley,0,0,0,0.0,,,False,
missingness,275,Boundary-Aware,10,3,7,0.057692307692307696,1600.0,225.0,True,2.9594001893471256
missingness,276,ADWIN,0,0,0,0.0,,,False,
missingness,276,Page-Hinkley,0,0,0,0.0,,,False,
missingness,276,Boundary-Aware,3,2,1,0.038461538461538464,1675.0,300.0,True,1.9198451375053072
missingness,277,ADWIN,0,0,0,0.0,,,False,
missingness,277,Page-Hinkley,0,0,0,0.0,,,False,
missingness,277,Boundary-Aware,16,7,9,0.1346153846153846,1600.0,225.0,True,1.8415070177209543
missingness,278,ADWIN,0,0,0,0.0,,,False,
missingness,278,Page-Hinkley,0,0,0,0.0,,,False,
missingness,278,Boundary-Aware,6,3,3,0.057692307692307696,1650.0,275.0,True,1.9199068052885573
missingness,279,ADWIN,0,0,0,0.0,,,False,
missingness,279,Page-Hinkley,0,0,0,0.0,,,False,
missingness,279,Boundary-Aware,16,12,4,0.23076923076923078,1900.0,525.0,True,1.488016820274235
missingness,280,ADWIN,0,0,0,0.0,,,False,
missingness,280,Page-Hinkley,0,0,0,0.0,,,False,
missingness,280,Boundary-Aware,15,6,9,0.11538461538461539,1400.0,25.0,True,1.7479199461643784
missingness,281,ADWIN,0,0,0,0.0,,,False,
missingness,281,Page-Hinkley,0,0,0,0.0,,,False,
missingness,281,Boundary-Aware,12,2,10,0.038461538461538464,1625.0,250.0,True,2.1829032559705643
missingness,282,ADWIN,0,0,0,0.0,,,False,
missingness,282,Page-Hinkley,0,0,0,0.0,,,False,
missingness,282,Boundary-Aware,20,6,14,0.11538461538461539,1375.0,0.0,True,2.187926612010896
missingness,283,ADWIN,0,0,0,0.0,,,False,
missingness,283,Page-Hinkley,0,0,0,0.0,,,False,
missingness,283,Boundary-Aware,8,4,4,0.07692307692307693,1450.0,75.0,True,1.8415386906320128
missingness,284,ADWIN,0,0,0,0.0,,,False,
missingness,284,Page-Hinkley,0,0,0,0.0,,,False,
missingness,284,Boundary-Aware,23,7,16,0.1346153846153846,1500.0,125.0,True,2.1265447220875586
missingness,285,ADWIN,0,0,0,0.0,,,False,
missingness,285,Page-Hinkley,0,0,0,0.0,,,False,
missingness,285,Boundary-Aware,2,2,0,0.038461538461538464,,,False,2.176719823605861
missingness,286,ADWIN,0,0,0,0.0,,,False,
missingness,286,Page-Hinkley,0,0,0,0.0,,,False,
missingness,286,Boundary-Aware,2,2,0,0.038461538461538464,,,False,2.164745166588873
missingness,287,ADWIN,0,0,0,0.0,,,False,
missingness,287,Page-Hinkley,0,0,0,0.0,,,False,
missingness,287,Boundary-Aware,5,4,1,0.07692307692307693,1900.0,525.0,True,1.8502496288753105
missingness,288,ADWIN,0,0,0,0.0,,,False,
missingness,288,Page-Hinkley,0,0,0,0.0,,,False,
missingness,288,Boundary-Aware,22,4,18,0.07692307692307693,1400.0,25.0,True,2.3617653652526545
missingness,289,ADWIN,0,0,0,0.0,,,False,
missingness,289,Page-Hinkley,0,0,0,0.0,,,False,
missingness,289,Boundary-Aware,6,2,4,0.038461538461538464,1475.0,100.0,True,2.3046072154054538
missingness,290,ADWIN,0,0,0,0.0,,,False,
missingness,290,Page-Hinkley,0,0,0,0.0,,,False,
missingness,290,Boundary-Aware,9,7,2,0.1346153846153846,1775.0,400.0,True,1.981112902338583
missingness,291,ADWIN,0,0,0,0.0,,,False,
missingness,291,Page-Hinkley,0,0,0,0.0,,,False,
missingness,291,Boundary-Aware,4,2,2,0.038461538461538464,1725.0,350.0,True,2.434116095479537
missingness,292,ADWIN,0,0,0,0.0,,,False,
missingness,292,Page-Hinkley,0,0,0,0.0,,,False,
missingness,292,Boundary-Aware,6,3,3,0.057692307692307696,1750.0,375.0,True,2.3419419998171636
missingness,293,ADWIN,0,0,0,0.0,,,False,
missingness,293,Page-Hinkley,0,0,0,0.0,,,False,
missingness,293,Boundary-Aware,8,1,7,0.019230769230769232,1525.0,150.0,True,2.0142274587510833
missingness,294,ADWIN,0,0,0,0.0,,,False,
missingness,294,Page-Hinkley,0,0,0,0.0,,,False,
missingness,294,Boundary-Aware,15,10,5,0.19230769230769232,1450.0,75.0,True,1.9847460776501913
missingness,295,ADWIN,0,0,0,0.0,,,False,
missingness,295,Page-Hinkley,0,0,0,0.0,,,False,
missingness,295,Boundary-Aware,11,7,4,0.1346153846153846,1625.0,250.0,True,1.7760849580550238
missingness,296,ADWIN,0,0,0,0.0,,,False,
missingness,296,Page-Hinkley,0,0,0,0.0,,,False,
missingness,296,Boundary-Aware,2,1,1,0.019230769230769232,1575.0,200.0,True,2.026109043320313
missingness,297,ADWIN,0,0,0,0.0,,,False,
missingness,297,Page-Hinkley,0,0,0,0.0,,,False,
missingness,297,Boundary-Aware,12,5,7,0.09615384615384616,1575.0,200.0,True,2.08035946952271
missingness,298,ADWIN,0,0,0,0.0,,,False,
missingness,298,Page-Hinkley,0,0,0,0.0,,,False,
missingness,298,Boundary-Aware,6,1,5,0.019230769230769232,1625.0,250.0,True,2.0328211184935974
missingness,299,ADWIN,0,0,0,0.0,,,False,
missingness,299,Page-Hinkley,0,0,0,0.0,,,False,
missingness,299,Boundary-Aware,18,9,9,0.17307692307692307,1425.0,50.0,True,1.9357986170356223
