ltable_id,rtable_id,label,score
journals/sigmod/BernsteinDK99,1TBnhFyUjYoJ,0,0.2
conf/vldb/ChienVZTZ02,0aJOXauNqYIJ,0,0.37248926604546767
conf/sigmod/GebhardtJJ97,9mbr0dyW1NgJ,1,0.9784729064039409
journals/sigmod/AtzeniMM97,b3k04mZw80oJ,0,0.41421182098032344
journals/sigmod/Palpanas00,jk91-QolxTYJ,0,0.33422058422058426
journals/tods/GhandeharizadehHJ96,-vcWB49r0CkJ,0,0.2779901811151811
conf/vldb/CowleyP00,JDqvl9WKI0YJ,0,0.36200083307624675
conf/vldb/ChaudhuriG99,719_w2tEo2sJ,0,0.3727446530078109
conf/vldb/NetzCBF00,Tjtt-J0IOXIJ,0,0.39454887218045115
conf/vldb/IoannidisLGP96,U04OC6OSBT0J,1,0.9172829007831855
journals/vldb/TurkerG01,PeJyoaPGo2YJ,0,0.3437825511108456
conf/sigmod/TomasicGS94,9C9iFUjjGSMJ,0,0.3554670986122599
conf/sigmod/AgrawalCFGHIIMMSS94,NGOrYA2SCIQJ,0,0.33429706234755324
conf/vldb/RamanRH99,TyF71uAlnLsJ,0,0.33779459998647465
journals/sigmod/MusickM98,ShxkQn-jV3UJ,0,0.20557885906040269
conf/sigmod/CareyK97,YJjxSnFI5WUJ,0,0.3111305048335124
conf/vldb/AdiBEY00,ZLKVnGTZxQUJ,0,0.3033913323217447
conf/vldb/Team00,url:http://ieeexplore.ieee.org/iel1/2206/3608/00129239.pdf%3Farnumber%3D129239,0,0.1953947368421053
journals/sigmod/AbererCDDHPS03,9B95uPD2TrUJ,0,0.3845717931323828
conf/vldb/MankuM02,F1hM1hj0CU8J,0,0.36210600310413743
journals/vldb/AbiteboulCM98,7M46bM1CRr0J,0,0.3582772455331878
conf/sigmod/WoelkBJOTU95,cMaooygNzdgJ,0,0.4249331168512203
journals/sigmod/SpynsMJ02,deISBUlZ74gJ,0,0.3552210674702371
journals/sigmod/ChakravarthyAEFO03,oX33sHHON2EJ,0,0.36033721180780004
conf/vldb/Mohan02a,_Vn4nSui5UMJ,0,0.34844902749832335
conf/vldb/ChangG00,H4BAFnrsTbwJ,1,0.627795248078267
conf/sigmod/OConnellISWABCCLPWW96,url:http://pubs.acs.org/cgi-bin/abstract.cgi/achre4/asap/abs/ar050084m.html,0,0.41346559223523366
journals/sigmod/BerraNT95,SrzAFdi1uCIJ,0,0.37747706727885755
conf/sigmod/ShintaniK98,JfxEos8BQDAJ,1,0.9957142857142858
conf/vldb/ChienTZ01,hwMWVdmagBAJ,0,0.3503826856413063
conf/sigmod/DoppelhammerHKK97,PVtdSEXW0X4J,0,0.4039078349727713
conf/sigmod/ColletC95,9Jm6n2g8-A4J,0,0.2798042484142708
conf/vldb/TanGO99,fGk6k_1kwzUJ,0,0.3720306864722783
journals/tods/LeveneL99,WAAopgT3T-0J,0,0.34114695340501794
conf/vldb/YuPM03,cAOct-nyDDgJ,0,0.30841929937674617
journals/sigmod/Hoffner03,REziczGybzsJ,0,0.41638888888888886
journals/sigmod/Suciu02,W5SknzgJU0YJ,0,0.3079326264452847
conf/vldb/MohaniaS94,Dp4pntLwWcgJ,0,0.3374537037037037
conf/sigmod/Brown99,qDMPS7PT2XEJ,0,0.35106161570465894
conf/vldb/TatbulCZCS03,T7woR6g7dE4J,0,0.320496632996633
journals/sigmod/ShethM02,JRKCuJwCDogJ,0,0.3467789820308306
journals/vldb/KamelWS94,k3x5pXEQcmQJ,0,0.3544250118048745
conf/sigmod/Chaudhuri97,qDMPS7PT2XEJ,0,0.34733183483183483
conf/vldb/Baumann03,qRl7qbcdOjIJ,0,0.5068613303907421
conf/vldb/GingrasL98,I-taeStropMJ,0,0.3044202898550725
conf/sigmod/ChaudhuriGS03,JcqJQkzKQPwJ,0,0.40126687038451747
conf/vldb/DaynesC02,I33UMOX3V_4J,0,0.2891828735112317
journals/sigmod/Group94,dV6g5Os5DXsJ,0,0.34386257484849037
conf/vldb/DarEGP98,xR8UUjwjdWAJ,0,0.3296780688081684
conf/sigmod/DeHaanTCO03,uq-pFFsnBusJ,1,0.8131387769318804
conf/vldb/LeeLWS97,bPVlz0fFr8wJ,0,0.3456609195402299
conf/sigmod/DobraGGR02,hlrCI-5jq9IJ,0,0.4144497214990022
journals/sigmod/JajodiaBBKMSW97,3PfRZ_Cur-YJ,0,0.33097049689440994
journals/tods/MelnikG03,qtVVVrzTLr4J,0,0.43515700028245935
conf/vldb/StolteA02,1V5tMDNYwDwJ,0,0.3639550264550264
journals/sigmod/KeetonPH98,url:http://portal.acm.org/citation.cfm%3Fid%3D885861.885870,0,0.3176743810331597
conf/sigmod/ParkCY95,mtsOASiZ4lkJ,0,0.3506481481481482
conf/sigmod/AvnurHLORRRW98,url:http://www.ncbi.nlm.nih.gov/entrez/query.fcgi%3Fcmd%3DRetrieve%26db%3DPubMed%26list_uids%3D15260502%26dopt%3DCitation,0,0.4074961948249619
conf/vldb/HaasKWY97,U09WdB3GIK4J,1,0.9592169092169093
journals/sigmod/Critchlow01,se_xnKJDtw0J,0,0.21121951219512197
conf/vldb/Sarawagi95,C8lF7grRFcMJ,1,0.795841503267974
journals/tods/CliffordDIJS97,v_IxeUF_C-sJ,0,0.36329347674742407
journals/sigmod/Kumar03,taphZimnV-gJ,0,0.332514880952381
journals/vldb/CandanLS00,d-aSGSjnrxQJ,0,0.30606661856661854
conf/sigmod/AgrawalW00,hNx9EEtRqz0J,0,0.3117521367521368
journals/sigmod/TsotrasJS98,4gmhuPHOt3UJ,0,0.3747833124477861
conf/vldb/ImielinskiB02,eq6Mxjb6IZAJ,0,0.3013492471456668
conf/vldb/UrhanF01,0-FUXURm1FQJ,1,0.8619578313253013
journals/sigmod/AnyanwuS02,TZGQHXPVKRcJ,0,0.43492213804713803
conf/sigmod/YerneniLGU99,Gnb52DoKdJwJ,1,0.6652223389355744
conf/sigmod/SunAA03,sJYlWX_mrBAJ,0,0.40674310301019717
conf/vldb/RamakrishnanGRSWZ95,z00TiDCcH3sJ,0,0.34278764536117473
journals/sigmod/ONeilG95,YNkY3rC_4zQJ,1,0.8495829066393583
conf/vldb/AnSVKIG01,GaGRp8zTtWoJ,0,0.25321180555555556
conf/sigmod/Toyama98,hSqlyqC11TgJ,0,0.36425346000469155
journals/vldb/BohmAnY97,8RS065tTCe8J,0,0.31001353244000307
conf/vldb/MahnkeMS02,VhxIKKG8oWYJ,1,0.779
conf/sigmod/TatarinovVBSSZ02,-jt174Yc14YJ,0,0.4544794564134183
conf/sigmod/SzalayGTKMRSv02,T5qIfUOYZMYJ,0,0.30702172539423184
journals/sigmod/BarbaraCJW01,WWP-Y_2_QhgJ,0,0.2509965728715729
conf/sigmod/HanPDW01,fJn_2E8aihYJ,0,0.3976583726583727
conf/sigmod/GorelikWD94,7Taw_3CC3mwJ,0,0.38211538461538463
conf/sigmod/LeflerSW96,8s4UaSFq_hwJ,0,0.27592163525898467
conf/vldb/ChanI99,KuA45Oh0rkYJ,1,0.7701111474338018
journals/sigmod/GerlhofKM96,BSbFiAfs0rAJ,0,0.32109315948601663
journals/sigmod/CaleroPR03,MT_gJPL6jG4J,0,0.3721764346764347
conf/sigmod/MaheshwariL97,_E5Tw79E-6wJ,0,0.4020334928229665
conf/vldb/MatthesS94,url:http://portal.acm.org/ft_gateway.cfm%3Fid%3D1099585%26type%3Dpdf,0,0.3376004671656846
journals/sigmod/CampbellEM03,KGBUafE_0dMJ,0,0.26939754689754686
journals/vldb/PapadiasS94,IdK_JWGTHCUJ,0,0.3555210091227041
conf/vldb/MiklauS03,ESgKdNKhO9sJ,0,0.30802692465121445
journals/vldb/DesslochHMMT98,5IL8VZpwqY0J,0,0.331376859574534
conf/sigmod/BohmBKK01,197SKBTV91sJ,0,0.3896692375379085
journals/sigmod/Jhingran00,4gLv1VaJN2IJ,0,0.3176994061677576
conf/sigmod/GorelikWD94,IrTKBa0mgEsJ,0,0.3865548606240096
conf/sigmod/LacroixSC98,swWOvIlkxOQJ,0,0.35056331560126625
journals/vldb/GarofalakisOS98,YldQHhxdfocJ,0,0.3591787160208213
conf/sigmod/JajodiaSSB97,XpY2UPc6vP0J,1,0.8316070662093047
conf/vldb/HelalL00,_nk7PlPl1LUJ,0,0.34643371376904314
conf/sigmod/AboulnagaC99,WWaxLMIptTMJ,1,0.9957142857142858
conf/sigmod/Lomet00,r9u7B_AxhCIJ,0,0.35775729646697385
journals/sigmod/Aberer01a,_pjwP11t_y8J,0,0.3298518518518519
journals/sigmod/Richey95,Sj_xMdLgruQJ,0,0.3914292969440028
conf/vldb/GibbonsMP97,08LammVe7dUJ,0,0.3295551670551671
conf/vldb/McHughW99,yhmQdBcr4E4J,0,0.3413689014888946
conf/vldb/HeymannTKWRMF02,DHnbaUmZMXsJ,0,0.39387684091773045
conf/vldb/MogiK95,R1U13red9k4J,0,0.3109311447214673
conf/vldb/JarkeKL00,WkQ2dFBgy6UJ,0,0.33960748123538825
conf/sigmod/LiskovACDGGMMS96,nYQRxEXS8V4J,0,0.3088038368101659
journals/tods/LiuM96,ufQbgla8HykJ,0,0.4518295382669197
conf/sigmod/SzalayGKT00,5Q_6HLwZ2YIJ,1,0.725601431963491
journals/vldb/AtkinsonM95,TiHiECxN2FYJ,0,0.3193602693602693
conf/vldb/KerstenWFKBC03,gvMpWmRttyAJ,0,0.3457425247145643
journals/sigmod/Palpanas00,3vW2UGSGsqsJ,0,0.37868197395869146
conf/vldb/MiloZ98,9hGnjxZmF8AJ,0,0.31570719954648524
conf/sigmod/ShanmugasundaramNSR99,xb6HOlOq6GEJ,0,0.37262688331528915
conf/vldb/Lindsay95,rzNWA8uJ1OcJ,0,0.3668164040486013
conf/vldb/GardarinST96,_DaRiXFyGqEJ,0,0.3627377040630053
conf/sigmod/LabioZWGGW97,uzpyy9XRpgYJ,1,0.9402365433006129
conf/sigmod/Chaudhuri97,8hc_3z__zjMJ,0,0.4390671420083185
journals/sigmod/QuixSJ02,slDq4TkewuQJ,0,0.3355917366946779
conf/vldb/HanF95,OdpKxDyMwhsJ,1,0.6883040935672515
journals/tods/DeySB99,dO-STHBKqroJ,0,0.3912738328190462
journals/sigmod/HuangKL02,yyUMt1X2WXcJ,1,0.9879227053140097
conf/vldb/PottingerL00,1tCKHeR85gIJ,0,0.29025142040621915
journals/vldb/HarderR96,syfsRKKBctcJ,0,0.3215744978387999
journals/tods/YanG94,X7w4rQXqf70J,1,0.7037813839559094
journals/vldb/BenzakenD95,nfivgfsKcQIJ,0,0.3533182728621011
journals/tods/KarpSP03,ItqN_TcXR-gJ,0,0.33875859434682964
conf/sigmod/Mohan96,uCNkDoBniLgJ,1,0.5201550387596899
conf/vldb/Hammond96,pqvepjASfvkJ,0,0.29210099274532264
conf/sigmod/KrollW94,X1jvvAKMdjUJ,0,0.3054703213730529
journals/tods/PetersO97,Hk2VbfZB1QAJ,0,0.3438294802681595
conf/sigmod/UrhanFA98,iEqIBQbMZngJ,0,0.40782494758909854
conf/vldb/BargaP95,C8lF7grRFcMJ,0,0.355105823255978
journals/tods/OliverS94,WB6WVZwLgD4J,0,0.3126952549366343
journals/sigmod/X94b,h7_7SZrI7M0J,0,0.20264227642276425
conf/vldb/LevyRO96,url:http://doi.wiley.com/10.1002/ev.1658,0,0.2812911343399149
journals/tods/WandSW99,zR3GCWmPqWIJ,0,0.3864497920380274
conf/sigmod/DasGR03,JaJKfzmaEBYJ,1,0.8
conf/sigmod/AgrawalK03,GeRt4nrgf7oJ,0,0.3501955552698127
journals/sigmod/BohmR94,GXApzwcGl78J,1,0.983263888888889
journals/sigmod/BargaL02,Da9Lt8RbasoJ,0,0.328976277007398
conf/vldb/AtzeniMM97,sARbiNQPPWQJ,1,0.9833333333333334
journals/sigmod/BoucelmaCGJLL02,pbDpdUdkQFYJ,0,0.20886075949367092
journals/vldb/RoySSSA98,7Ic5W29cRskJ,0,0.30540200138026224
journals/vldb/ChienTZ02,De1bl3lcAUQJ,0,0.31001398771513716
journals/vldb/OoiHLT96,EclgEUrqHQAJ,1,0.8616259116259117
journals/vldb/AbadiCCCCLSTZ03,pF8Lqj7CK-4J,0,0.40033806553328866
journals/sigmod/SnodgrassAABCDEGJKKKLLRSSS94,IOfKe4esmacJ,1,0.7635981589724884
conf/vldb/KornSFSP96,tRRU_MkR7PUJ,0,0.39211521999657595
conf/vldb/MuthOPW98,Jmoa_WsOE9sJ,0,0.20504336349924585
conf/vldb/MuntzR94,z9Iu12VlHTcJ,0,0.27402967646388693
conf/sigmod/BohrerBBCFHKKMNRRSUUW97,url:http://adsabs.harvard.edu/abs/1983PhDT........22M,0,0.40816992035742045
conf/vldb/GottlobKP02,lmLjPf_m6jwJ,1,0.8271341463414634
journals/vldb/C95b,cBno_DjIDv4J,0,0.21169467787114848
conf/vldb/AmirKN01,CcvdMgzMNTYJ,0,0.3480555555555555
journals/sigmod/AbererCDDHPS03,MO4B9npjSSsJ,0,0.3522044000753804
conf/sigmod/ClaypoolRZSK01,6kZN4cd0zWAJ,0,0.3543177733672462
journals/tods/Chomicki95,zPvSnY_ZJVwJ,0,0.4226090604026846
journals/vldb/C95,JqfEbjic16sJ,0,0.1527777777777778
conf/sigmod/FreireHRRS02,SNsk5KrS4SYJ,0,0.3443010160275967
conf/sigmod/IvesLPST00,4-FwpSOweRAJ,1,0.738029238029238
journals/tods/ChomickiTB01,MqgSlx1jbPsJ,1,0.9544471370305632
conf/vldb/ArionBCDMP03,l3qwhDxf8rsJ,0,0.34510212010212016
journals/sigmod/BawaCCDGGKMSSVY03,B2LjoOBj_-cJ,0,0.3781443389321979
conf/sigmod/NatsevRS99,url:http://www.csa.com/partners/viewrecord.php%3Frequester%3Dgs%26collection%3DTRD%26recid%3D0990225CI,0,0.39028231344146647
conf/sigmod/CranorJSS03,nHesT9ADTdEJ,1,0.9575316141930661
conf/vldb/TanEO01,5uJeShLoJikJ,0,0.3602964031082272
conf/sigmod/TsurUACMNR98,8hpWpo11W0AJ,0,0.41608371358160495
journals/sigmod/Snodgrass98c,url:http://portal.acm.org/citation.cfm%3Fid%3D74120.74126%26dl%3DGUIDE%26dl%3DACM%26idx%3DJ689%26part%3Dperiodical%26WantType%3Dperiodical%26title%3DACM%2520SIGMOD%2520Record%26CFID%3D11111111%26CFTOKEN%3D2222222,0,0.15364864864864866
journals/sigmod/GamacheS95,5Cj9Wx8llkwJ,0,0.3293377120963328
conf/sigmod/ArasuBBDIRW03,TbI7ruG4zHQJ,0,0.3945949033045807
journals/sigmod/Barbara01,uYpNYCM0abwJ,0,0.22000000000000003
conf/vldb/OuzzaniAB94,p0TLPzS0K4oJ,1,0.6596420940170941
conf/vldb/BergerBSW03,ajqWDmfSg_EJ,0,0.3132336623729214
conf/sigmod/ChenJDTW00,JcnZJ-eE2XsJ,1,0.9317931191615403
journals/vldb/AilamakiDH02,tecwWrVMX9MJ,0,0.32905862687540777
conf/sigmod/PadmanabhanBMCH03,W8zC0bTrHucJ,0,0.3580972278907024
journals/sigmod/TaninBS96,iG7qmnG6mqAJ,0,0.35202724358974363
conf/sigmod/BrinDG95,TEX5gaf9mwkJ,0,0.3170436507936508
conf/vldb/CliftonFHKLS03,hDNq3Vxrrm4J,0,0.1916666666666667
conf/vldb/HuebschHLLSS03,RQxD_avT9s4J,0,0.31042973591921885
conf/sigmod/KarbhariRXD02,umrivnVIoj0J,0,0.34120904436746907
journals/sigmod/KimballS95,xSVRlub6_9cJ,0,0.37992938284079325
journals/tods/DattaVCK99,bybuxZ2lRm0J,0,0.35893598511058994
conf/sigmod/TomasicABKNR97,ASt2D-qjgP0J,0,0.4269880533237038
journals/tods/KotidisR01,7hQge_9oGMMJ,0,0.3761020936250294
conf/vldb/Norvag99,6kiYvzSHBvEJ,1,0.834659090909091
journals/sigmod/Fagin02,FKVwJHf1eD4J,0,0.3629527939699436
conf/sigmod/ZhangNDLL01,kWpJY6LKauUJ,0,0.38217139755695956
conf/sigmod/SeshadriP97,url:http://www.springerlink.com/index/P8735323712T2281.pdf,0,0.4041408883514147
journals/tods/OliverS94,url:http://portal.acm.org/ft_gateway.cfm%3Fid%3D1099627%26type%3Dpdf,0,0.3550174288077514
journals/sigmod/Alonso95a,7v9LpAiq4KEJ,0,0.19836065573770487
journals/tods/Hellerstein98,h2z51QPXcSkJ,0,0.34052152242450756
conf/sigmod/FranklinZ98,yKBaGPC4zrwJ,0,0.3722090698653199
conf/vldb/HeMYW03,TNzzdTSSbH4J,0,0.30372171145686
journals/sigmod/RossFS02,Z4gbMdDyw3cJ,0,0.19493670886075948
journals/tods/LitwinN96,eKvrxzDXW0AJ,1,0.9284213098729228
conf/sigmod/ZhangRL96,ICoe8GLPWMIJ,1,0.8317645642753972
conf/sigmod/AdelbergD99,Pxxjq7CgdS0J,0,0.2812151982143493
conf/vldb/GravanoG97,K9OAl7oAV6kJ,0,0.33368755461146765
conf/sigmod/ShanmugasundaramNSR99,ODvDsK1VEicJ,1,0.7536940335628275
conf/sigmod/GeneserethKD97,V1GBio3oeqMJ,1,0.6215785622827877
conf/vldb/HoelS94,PBMxFmEVlBQJ,1,0.7653869969040248
conf/sigmod/NatsevRS99,PTkFusjXEIwJ,0,0.4545567220764071
conf/vldb/AmielBDS94,1fKcOU28PAEJ,1,0.8121362762280318
journals/tods/LeveneL99,iwPgaJ1eQrkJ,1,0.9612903225806453
conf/sigmod/ChenZCKR01,kjHg56mWhOEJ,0,0.3566067582335965
conf/vldb/DarmontS99,wdmmf7xVXJIJ,0,0.39227109368618807
conf/vldb/Deshpande00,dLP8AfWQ7r0J,0,0.3530343583096038
conf/sigmod/BrodskySCE99,46M3R-D2pvQJ,0,0.35974426807760146
journals/tods/KarpSP03,url:http://www.csa.com/partners/viewrecord.php%3Frequester%3Dgs%26collection%3DTRD%26recid%3D200111010662MT%26recid%3DA0032563AH,0,0.3960720044199394
conf/sigmod/NgLHP98,x-J6IbwI7u8J,1,0.7493782236977726
journals/sigmod/MalaikaEM03,url:http://portal.acm.org/ft_gateway.cfm%3Fid%3D945739%26type%3Dpdf%26dl%3DGUIDE%26dl%3DACM%26CFID%3D11111111%26CFTOKEN%3D2222222,1,0.8519097222222224
conf/sigmod/BargaL99,vqTNHgiSKbIJ,0,0.3948242402251837
journals/sigmod/BaaderJN97,dr4SzOhnLB8J,1,0.5235426008968611
conf/vldb/ZhangL98,eLUktfFxTHAJ,0,0.3985157952069716
conf/vldb/FlorescuLS98,N099RzOhQi8J,0,0.3617990457372178
conf/sigmod/Hellerstein00,SjYcdxTGOM8J,0,0.39581468531468533
conf/sigmod/GuptaMR95,kfE-PXWds-wJ,0,0.33893289328932896
conf/vldb/GotoK02,cXOigNRpj1UJ,0,0.4122278991465038
conf/sigmod/CruzJ99,uB_CKSJVerUJ,0,0.3487272727272727
journals/sigmod/RossHLW01,hF6d0-SWSPcJ,0,0.2329411764705883
conf/vldb/YuV00,cD58SWaZP7oJ,0,0.32167890520694264
conf/sigmod/DeutschFS99,OD3tV7b76oQJ,0,0.36877015728291046
conf/vldb/SistlaYH94,ygC4pAYSgsUJ,0,0.35171043401575863
conf/vldb/BaumgartnerFG01a,77D3VpInThQJ,0,0.370015915457092
journals/vldb/AmielBDS96,e9_oU7vSuI4J,0,0.3590833814504594
conf/sigmod/LarsonG03,kn-50YWUci4J,0,0.3714389941968587
journals/sigmod/Camps96,kmVsOnvHaZIJ,0,0.3161666666666667
journals/sigmod/TianDCZ02,JceK-ywXk8UJ,1,0.9869132501485444
conf/vldb/AilamakiDHS01,t-b4j-dF9gAJ,0,0.32442728983940095
conf/vldb/ChenDZ03,lfqer8RmzscJ,0,0.37503835091083415
conf/vldb/ShethKMWDLPLS96,_jgnDEx9DaEJ,0,0.33327461545546655
conf/sigmod/LiC95,fRWFlW2E96cJ,0,0.418450216864396
conf/sigmod/DeolaseeKPRS01,m6InEUbMG7gJ,0,0.36021356356994183
conf/vldb/KaushikBNS02,H_yE_do5UCYJ,0,0.32701686518375983
journals/sigmod/KoksalAD98,EIgl670_SXQJ,0,0.3122340350281527
conf/vldb/Mina98,jvMHeLGy6GcJ,0,0.3166138433515483
conf/vldb/AgrawalK02,1c0AT4oT_cYJ,0,0.33953081232493004
conf/sigmod/ChenJDTW00,OsfWKJek9L8J,1,0.5386634735539375
conf/sigmod/HacigumusILM02,Xcd3qOW2fd4J,0,0.39007145426500267
journals/sigmod/ONeilG95,O0uDi5nEPkcJ,0,0.3384106306144985
journals/sigmod/KantM00,k-fwgZTgbpkJ,0,0.3204225352112676
conf/vldb/RusinkiewiczKTWM95,T2fm7Wb1ak4J,1,0.8475043714668966
conf/vldb/BunemanDHOW95,PXUsChoj8A8J,0,0.3618598236055133
journals/tods/Subrahmanian94,wl8Wa2O28_oJ,1,0.7530837173579109
conf/vldb/SeshadriLR96,IuUkDqGDbesJ,0,0.4549814604350894
conf/sigmod/LiskovACDGGMMS96,53-jpW0LjbcJ,0,0.4102842527842528
journals/sigmod/MalaikaEM03,OGh0R54BW0MJ,1,0.9398689516129033
conf/sigmod/SarawagiTA98,url:http://portal.acm.org/ft_gateway.cfm%3Fid%3D1066184%26type%3Dpdf,0,0.4284870816058247
conf/vldb/MeoPC96,ak63oe42C-oJ,0,0.5211705152208584
conf/sigmod/HammerGIPUW95,Q2y53UR0g6oJ,0,0.48144131005760893
conf/sigmod/YangWYH02,mu6fdTzHQOwJ,0,0.3736960593204143
conf/sigmod/PengC03,OXth1KrPP4sJ,0,0.4277164354319874
conf/sigmod/MotakisZ97,rxE3_kEQcYoJ,0,0.38567275747508306
conf/sigmod/ZhangRL96,CRLHAnQ3DiYJ,0,0.3659203977540787
conf/vldb/Sterling98,LlP2Fn3bzUMJ,1,0.8583333333333334
conf/vldb/OhuraTPK02,MRMJOega1ukJ,0,0.32700344412885657
conf/sigmod/ChakrabartiM99,6EqWQRiUGHUJ,0,0.4418725490196079
conf/vldb/TsatalosSI94,vMHSepPFnMMJ,0,0.38032747881761403
conf/sigmod/BlottRS96,-N-UE4Poe1sJ,0,0.3765404111517882
journals/sigmod/Aberer02,url:http://doi.wiley.com/10.1002/ace.8701,0,0.31316666666666665
conf/vldb/GarciaLL98,eJrqu6I2pHkJ,1,0.8105806982173175
conf/sigmod/BilirisFOP96,M_Rq87hVxhUJ,0,0.3513871780515118
conf/sigmod/LeeKOTM00,Gr2vzVzLZTUJ,0,0.2943140978518337
journals/tods/ChoG03,HqAWyuB11loJ,1,0.9612903225806453
conf/sigmod/CuiOTS03,zsXYT5jm634J,0,0.40891884531590417
journals/vldb/MaratheS02,OcjxwjWjm-cJ,0,0.2752598690101568
journals/sigmod/BargaL02,lK1Sq-JKPgUJ,0,0.36383165445665444
conf/sigmod/HanKK97,AwiEHFKWsWEJ,0,0.3418029804650657
journals/vldb/TurkerG01,VBapgWSKifMJ,0,0.36936854623506205
conf/vldb/JaedickeM99,HBzKa1XoL4EJ,0,0.3911744212735262
conf/vldb/JosifovskiR99,qCe58TY1fqkJ,0,0.37661295423115226
conf/sigmod/BerensonBGMOO95,fAZOM8gdQ7wJ,0,0.3540330461222104
journals/vldb/Barbara-MillaG94,d6j8tc9zYtQJ,0,0.3806288156288156
conf/vldb/GravanoG97,STdSu3e3qVMJ,0,0.3538400488400488
journals/vldb/ChenHY97,GcwXXFcVl_IJ,0,0.25439071696094173
conf/vldb/VieiraM03,b9zAhFneX5YJ,1,0.7434192672998643
conf/vldb/PacittMS99,hKawtm0BmOEJ,0,0.3382930993236337
journals/sigmod/FrankGGJKLMNPSSSTW99,CnnVQyVfZusJ,0,0.36814986737400535
conf/vldb/AgrawalLSS95,Zbv89s2eSnwJ,1,0.6045826121688189
conf/sigmod/Aulakh98,gGDQ2HKF0OQJ,0,0.33287401574803155
journals/tods/GutingBEJLSV00,ZHrldrRfRxMJ,1,0.7589975262183957
conf/vldb/ChenHWW02,0BI3QmFJd7AJ,0,0.3309860781919606
conf/vldb/RezendeH98,F82YfvqF6vIJ,0,0.3586027068169925
conf/vldb/CareyD96,wEZuw_ozszIJ,0,0.36971667244338813
conf/sigmod/AdaliCPS96,npAaKsmFlpcJ,1,0.7631873505182036
journals/sigmod/LohmanGFS01,mkM9T_4RmqcJ,0,0.3604157909206197
conf/sigmod/FranklinZ98,url:http://ieeexplore.ieee.org/iel5/10304/32737/01536696.pdf%3Farnumber%3D1536696,0,0.32403703703703707
conf/vldb/RamamrithamABEGP00,PFXdMAy1d-kJ,0,0.30063027035658707
conf/sigmod/BrinMS97,lx7jXjm_Fa0J,1,0.8180336220071319
conf/vldb/CatozziR95,VGDJ7x2IcJUJ,0,0.34565473041879463
conf/vldb/YangKL97,ev0mVpk_d0UJ,0,0.37470317578231255
conf/sigmod/GillmannWSWW00,-lSs35XEYaYJ,0,0.4097432421954983
journals/vldb/AbiteboulCM98,url:http://portal.acm.org/citation.cfm%3Fid%3D984409.984412%26coll%3DGUIDE%26dl%3DACM%26idx%3DJ689%26part%3Dperiodical%26WantType%3Dperiodical%26title%3DACM%2520SIGMOD%2520Record%26CFID%3D11111111%26CFTOKEN%3D2222222,0,0.2965287554635381
conf/sigmod/KriegelMPS01,uPBlQ76s_g4J,0,0.34989062957733036
conf/vldb/BamfordAP99,lJNs48yqUfcJ,0,0.2712643678160919
conf/sigmod/AgrawalW00,64ov6Jvm5gIJ,0,0.3330447120708749
journals/vldb/OzsuPSILM95,E02lExYdRYwJ,1,0.8137626262626263
journals/sigmod/CherniakV03,LF2Mfkw48NoJ,0,0.18487394957983197
conf/sigmod/HristidisKP01,PjotCX33ODMJ,0,0.43345021218332663
conf/sigmod/BerchtoldBK98,j46yGNUAS-IJ,1,0.7305374729835937
journals/vldb/HarrisR96,5ddV_KksyeYJ,0,0.2954107142857143
conf/vldb/DattaRT99,9a9g4CiR-_kJ,0,0.33148876298547353
conf/vldb/GuntzerBK00,UusUgp94Cc0J,0,0.33587420508201643
conf/vldb/ChaudhuriN97,QtpyA6oVv2UJ,0,0.33741545893719804
journals/sigmod/Snodgrass94,SYVDufoTe_IJ,1,0.9881944444444446
conf/sigmod/DeshpandeNGS03a,TtpNyg2weMoJ,0,0.3493255126478072
journals/sigmod/AilamakiH03,url:http://portal.acm.org/ft_gateway.cfm%3Fid%3D945725%26type%3Dpdf%26dl%3DGUIDE%26dl%3DACM%26CFID%3D11111111%26CFTOKEN%3D2222222,1,0.9944444444444446
journals/sigmod/Franklin98b,HXn5gTIgEDcJ,0,0.32531645569620254
conf/vldb/YuSLJ02,xYEfeYUTOQYJ,0,0.26331168831168833
journals/sigmod/JacobS99,PZqCmiGKErMJ,0,0.38883566228767474
conf/sigmod/ArefBV95,K7mfVCHc3noJ,1,0.7139383701883701
journals/sigmod/McClatcheyV97,url:http://portal.acm.org/ft_gateway.cfm%3Fid%3D271087%26type%3Dpdf%26dl%3DGUIDE%26dl%3DACM%26CFID%3D11111111%26CFTOKEN%3D2222222,1,0.6000000000000001
conf/vldb/GilbertKMS01,wckfQhU2mPIJ,0,0.32910582672785427
journals/vldb/IshakbeyogluO98,1hE3eWRZoSEJ,0,0.39099763387898984
conf/vldb/BrodieC99,Sds3euytD38J,0,0.3557868180384736
journals/sigmod/BabuW01,RmbIKLLWdskJ,0,0.3785965828834582
conf/vldb/HumborstadSHT97,oAzvWOi68yIJ,0,0.34338624338624346
conf/vldb/FerrandinaMZ94,ZgRzt_urnaYJ,0,0.3067541343922607
conf/sigmod/IoannidisLANT97,RDYDZgifz6oJ,0,0.40335317460317466
conf/sigmod/ChaudhuriMN99,qbKdezwb2AcJ,0,0.3734487734487735
conf/vldb/BouganimFV96,Ci2-4E6d-40J,0,0.4041309110043126
conf/vldb/ShuklaDNR96,vnezjPI8jYIJ,1,0.9566666666666668
conf/vldb/MarianS03,op_IGvR0UGQJ,0,0.18333333333333335
conf/vldb/BratsbergH01,bJSrEuiIY7YJ,0,0.32416666666666666
journals/tods/JacoxS03,F5AaiKzqg-IJ,0,0.4137878197866516
conf/vldb/MahnkeMS02,2Qt0JWCKRfcJ,0,0.3474072382840434
journals/sigmod/TaninBS96,UMBIWu6vZS0J,0,0.41387516469038216
conf/vldb/ChaudhuriGN03,cz5uJZv1SIAJ,0,0.35630521439344975
journals/sigmod/DongS00,SvCAe9jlq90J,0,0.29728354978354976
conf/sigmod/Bierman03,Wfy4M36QFtwJ,0,0.3754197867777602
conf/vldb/Sterling98,FhxQwM3kbJIJ,0,0.3106379056047198
conf/vldb/JoshiBLL98,NCK_tyQFqxkJ,0,0.295568765696643
journals/vldb/FengYLH02,Mg0A5yz-_wYJ,0,0.40981481481481485
conf/sigmod/BohrerBBCFHKKMNRRSUUW97a,Hp7wJjHSBNEJ,0,0.35144300144300145
conf/vldb/IoannidisLGP96,jazpbJzP6k8J,1,0.6087488949996697
conf/sigmod/BarclaySG00,6uaAB7bg6C8J,1,0.7364529914529916
conf/vldb/HelmerNM03,8-HpAN0xpjcJ,1,0.8583333333333334
conf/vldb/ShatdalKN94,F6oRj3btIHsJ,0,0.3262475870843205
conf/sigmod/AdaliSS99,AbMTc3HBTfUJ,0,0.4376193095787834
journals/sigmod/Hammer01,v7aFoDlj-k8J,0,0.10999999999999999
conf/sigmod/DeutschFS99,mf5tW4zMjcwJ,0,0.374458514938452
conf/sigmod/Bampahl95,-259LIbjbisJ,0,0.2864108187134503
conf/sigmod/WuAA01,wLNJcNvsulkJ,0,0.41468609536837986
conf/vldb/RossS97,-rTWS2erFQcJ,1,0.8548792756539236
journals/sigmod/Liu03a,IyVAaOYdWYUJ,0,0.3334510427712973
conf/sigmod/JagadishJOT01,PEoFyjLVBHkJ,0,0.2562409036602585
conf/sigmod/AdaliCPS96,zE4iM0h4W2sJ,1,0.5982510321490083
conf/sigmod/Bernstein96,DvhhLOgCu7cJ,0,0.17111111111111113
conf/vldb/AggarwalHWY03,81l5N-8a4BYJ,0,0.3210175145326948
conf/sigmod/ZhaoDNS98,6ukLwrTDNzgJ,0,0.41710027100271
journals/tods/Meo00,iS4Hm1VgVKUJ,0,0.3112103174603174
conf/sigmod/AnnamalaiCD00,url:http://portal.acm.org/ft_gateway.cfm%3Fid%3D1016031%26type%3Dpdf,0,0.4265639172335601
conf/vldb/MedianoCD94,1vL9JGG_LD0J,0,0.398086184541293
conf/vldb/GrustKT03,25xRkmL_4BsJ,1,0.8395833333333333
conf/sigmod/LoR94,_Tk9nlHMxJkJ,0,0.35429391360035856
conf/vldb/KraissW97,pJNljJkGvm4J,0,0.2791377314814815
conf/sigmod/RamaswamyRS00,o0vnSBVzRQcJ,1,0.7888569604086846
conf/vldb/SteinbrunnPMK95,JeaUbHHjI3gJ,0,0.27932550236406617
journals/sigmod/MaelbranckeO95,hNGpxKQsCOMJ,0,0.37940342220320067
conf/vldb/KriegelPS00,X5N075lVgBMJ,0,0.36277174196747836
journals/vldb/MylopoulosCPST96,RI_rTOdwbOoJ,0,0.3847502035002035
conf/sigmod/MotakisZ97,3GzYoWc8vfcJ,0,0.3516629072681704
conf/sigmod/ZuzartePMCLW03,n3c4jAUbAywJ,0,0.23921275649665175
journals/sigmod/Snodgrass02,XJPduAQD1PkJ,0,0.31916546416546415
conf/sigmod/ZouS96,OaNzji_-7tsJ,0,0.3464751154968694
conf/vldb/KounevB02,SRYeYFXLL9IJ,0,0.3755952380952381
journals/sigmod/ONeilG95,51gKshu0CWcJ,1,0.9240740740740742
conf/sigmod/TatarinovIHW01,YiEpyN4HDEsJ,1,0.6877669622710815
conf/sigmod/MaddenH02,-tM3ONNrkXgJ,0,0.3359271646228168
conf/sigmod/ChaudhuriMN98,CBKhTPuUL2kJ,1,0.8285714285714286
conf/sigmod/RamaswamyRS00,g2qYCezAIOwJ,0,0.3333473166093353
conf/sigmod/BorkarDS01,mCkoY53a_FUJ,0,0.2893700396825397
conf/sigmod/RundensteinerCLCZNJLW99,abofgsfn4Q0J,0,0.2972021943573667
conf/vldb/CosleyLP02,wkT8-jP-fpAJ,0,0.3565113500597372
conf/sigmod/TomasicABKNR97,wBAI_ELrXkUJ,0,0.4619036940036015
conf/vldb/RamanH01,ZSD9XHtbqlkJ,0,0.339896456200804
journals/vldb/JagadishACLNPPSWWY02,hWFvHoXf7Q8J,0,0.26271919260478904
journals/sigmod/Danish98,jY1GqzKGtNkJ,0,0.3486542443064182
conf/sigmod/YanMHF01,Z2Mk4a-kTDgJ,0,0.3832695511138983
journals/sigmod/Stirling03,UKrfQewL4-4J,0,0.3411824877250409
conf/sigmod/FreireHRRS02,YKkMxZntSUQJ,1,0.6309927030548628
journals/vldb/Ozsu03,url:http://www.springerlink.com/index/3G9E0YCGLRQFPN89.pdf,1,0.7473401973401974
conf/vldb/Brodie03,kFS7lPXpDTEJ,0,0.34040844598709047
journals/vldb/HarrisR96,TN_8Sj5Xq48J,0,0.3211302644323553
conf/vldb/RisheYACLMVSV00,L5_kR9Ch3c4J,0,0.37590556876020365
conf/sigmod/ZhaoDN97,YwLoGdTgG-sJ,1,0.9926839826839827
conf/sigmod/CallanCD99,8UP-2TRKI5wJ,1,0.8728744939271256
conf/vldb/Mohan96,oVB4fQTPKgkJ,0,0.3120308559560896
conf/sigmod/Carey94,5qXvL5LKpiEJ,0,0.3733868494368321
conf/vldb/KamelF94,url:http://doi.ieeecomputersociety.org/10.1109/SEW.2005.40,0,0.29116307866307867
journals/sigmod/SchlageterBHMSW95,pZoTILl_-RYJ,0,0.3788872354497355
conf/sigmod/Sarawagi00,i5qpVT6P3U0J,0,0.2974768098406937
conf/sigmod/SlivinskasJS01,JVr5x4Fco4YJ,0,0.32226800976800973
conf/vldb/Korth95,dUgyzs6sdmAJ,0,0.42475989268947023
conf/sigmod/WaasG00,ett0Rp85AGAJ,0,0.4566422748874831
journals/vldb/CasatiSG01,347oyb_b7DAJ,1,0.4337209302325581
conf/vldb/NatsevCSLV01,2Dx2qKjA1UMJ,0,0.3206565306322588
conf/sigmod/HanPY00,5jM9s5CVQHUJ,0,0.40341021092055984
conf/vldb/PetrovicBJ03,IaAth0p_R_gJ,0,0.395422149122807
conf/sigmod/KiesslingHFE01,cs-5zbwujVQJ,0,0.3589507714507715
conf/vldb/KilgerM94,es2kSNccUGMJ,0,0.3222378409792598
conf/vldb/Leymann03,_Y767mldm38J,0,0.29113553113553114
conf/sigmod/StonebrakerH01,xz5_5Em-0jYJ,0,0.2785204351439148
conf/sigmod/HanKS97,yzL3Kfsz8scJ,1,0.7159124280646073
conf/sigmod/BornhovdAKMPR03,YgouJdrCoZQJ,0,0.48112029522462396
journals/tods/Wijsen99,BMJr8lwrH2cJ,0,0.35276402640264026
conf/sigmod/SeshadriHPLRSSS96,3QzbBBq9D1sJ,0,0.3604131652661065
conf/sigmod/WaasG00,xnoCdNeQykAJ,1,0.9957142857142858
journals/sigmod/GolabO03,23QwSzC7vecJ,0,0.30846467455902626
conf/sigmod/AgrawalCD02,LVuwIOnOYCcJ,0,0.2905102662344041
conf/sigmod/LiS98,482NZg01oDoJ,0,0.32963310929112816
journals/vldb/ShyyASL96,nJybDn_PhVwJ,0,0.3251535431066305
conf/sigmod/BlakeleyD00,cJ_WgTtHKpYJ,0,0.16041666666666665
journals/tods/Ross96,YWEQXv9Db9cJ,0,0.36712962962962964
conf/sigmod/FranklinZ98,ZA6odKmrqTcJ,0,0.37457264957264963
conf/sigmod/IoannidisLANT97,U04OC6OSBT0J,1,0.7401382375340708
conf/vldb/LiRS99,H1FAQNITOgoJ,0,0.3289820545567672
conf/vldb/TaoP02,VYUJSOj--SkJ,0,0.3382684341342171
journals/sigmod/AndlerHEMBE96,xpaAdEJShEoJ,1,0.7655251141552513
journals/sigmod/Widom95,yp82ArYEGxIJ,0,0.3286780575192029
journals/tods/LiuM96,url:http://portal.acm.org/citation.cfm%3Fid%3D113421,0,0.38412185090889506
journals/sigmod/KappelR98,url:http://doi.wiley.com/10.1002/ace.85,0,0.3865903781258112
journals/vldb/SivasankaranSTPR96,_g-w2pHdou8J,0,0.33614276996629944
conf/sigmod/BabyCY01,UDBfc81ls0kJ,0,0.33758813334006427
journals/tods/KrishnakumarB94,PcMqnvwNcBIJ,0,0.40401478947177866
conf/vldb/AboulnagaAN01,P6wBeL9DsREJ,1,0.7512594711224848
conf/sigmod/KotidisR98,7WpfhGSn2uIJ,0,0.31791094584286805
journals/vldb/MirbelPSTV00,qnOtvit9xyMJ,0,0.41705700072912016
conf/sigmod/ZhangNBB94,bymQ_6SSse4J,1,0.9086206896551725
conf/vldb/Amer-YahiaCD98,6AJ3ZaWdKygJ,0,0.3753399252535709
conf/sigmod/AndersonBKW98,LL4nIyQBQngJ,0,0.2726421188630491
journals/tods/Jimenez-PerisPAK03,HyrDoAOGJeAJ,0,0.3670056468519645
journals/tods/CeriFPT94,V_gDFHfq3CMJ,0,0.25713548892776844
journals/sigmod/OukselS99,lsgGhf8de0EJ,0,0.3062034975954854
conf/vldb/ViglasNB03,JKsOBgDsJhIJ,0,0.35379269838392474
conf/vldb/MadhavanBR01,q1daReBZRYwJ,0,0.29668966282185594
conf/sigmod/OoiTZGLLLNSWZ03,url:http://portal.acm.org/ft_gateway.cfm%3Fid%3D1083782%26type%3Dpdf,0,0.3889376642856767
conf/vldb/KornLKF98,bOhjn8sQnisJ,0,0.3416921701486919
journals/sigmod/RoantreeMH99,url:http://portal.acm.org/ft_gateway.cfm%3Fid%3D310066%26type%3Dpdf%26dl%3DGUIDE%26dl%3DACM%26CFID%3D11111111%26CFTOKEN%3D2222222,1,0.8527472527472528
conf/vldb/DoDJJR98,url:http://www.csa.com/partners/viewrecord.php%3Frequester%3Dgs%26collection%3DTRD%26recid%3D0165516CI,0,0.38007197480881694
conf/sigmod/LakshmananNHP99,f5nVogarz5kJ,0,0.4455810171248914
journals/vldb/RamanRH00,4ZAkW2UyRsEJ,0,0.3308720985950588
conf/vldb/SeshadriLR96,ifOM4z6uxXUJ,1,0.8043900543900544
conf/vldb/CliftonFHKLS03,qw3Y4vFAOXIJ,0,0.22116013071895427
conf/vldb/YangLH03,bY-Kw6S719MJ,0,0.31908531053267897
conf/vldb/CeriFP99,jOpSoGOrQnoJ,0,0.3597443534375776
journals/tods/ZaharioudakisCF97,S-LYnzS1K70J,0,0.4027733939104097
conf/sigmod/FernandezS96,lMKrltuk53EJ,1,0.4
conf/vldb/Duranti01,K4q9OTcR5lQJ,0,0.342497965517894
journals/sigmod/SpynsMJ02,8pvbCS32i88J,0,0.3544241461420954
conf/sigmod/GionisGK01,cy_Fe935WMAJ,1,0.8892089249492902
conf/vldb/SistlaYLL95,6Gg-i-gKhEwJ,0,0.28853715728715723
journals/sigmod/RoantreeS02,kB4OUrRPnlAJ,0,0.3510531135531135
journals/sigmod/Hammer00,bsqAJeoBskIJ,0,0.14406015037593986
journals/vldb/JagadishACLNPPSWWY02,eCxegyTD3Q4J,0,0.3321100569259962
journals/tods/DeyS96,cunkcr4ShToJ,0,0.42726521164021164
journals/tods/CuiWW00,HEAX8OOSpKgJ,1,0.8441560203504805
journals/tods/WandSW99,yTBma_5-q2sJ,0,0.3661064425770308
journals/tods/OliverS94,2vfsC9OZoUYJ,0,0.36053255130389406
journals/sigmod/HuangKL02,fE6cGG1wBP0J,0,0.4213664625910265
conf/sigmod/RoussopoulosKV95,iIF6sbKPp30J,1,0.821963829009865
journals/sigmod/Weikum02,Iuoy4WsqDi0J,0,0.22785714285714287
conf/sigmod/LometT03,GidOUF_Jd4oJ,1,0.7921052631578948
conf/sigmod/FernandezFKLS97,zjrD8FvY6TgJ,1,0.6654444444444445
conf/vldb/AnkerstBKS98,f_TqON-5rOsJ,0,0.3460366675807853
conf/sigmod/BhattacharyaMBNHS02,To0qarKAK50J,0,0.4620246583481878
conf/sigmod/HammerGIPUW95,aRa4tDW1OeQJ,0,0.3979687080311577
journals/sigmod/David03,yygYiAA6c00J,0,0.3339015750105352
conf/sigmod/CranorJSS03,Gi3XNiXsAncJ,0,0.37102841012415483
journals/vldb/Li03,r90B-sIjtEwJ,0,0.34048870298870293
conf/vldb/Toivonen96,tZpeMfkDl8cJ,1,0.7580231596360629
journals/sigmod/WuY00,l7HUoQFGW08J,0,0.16815068493150687
journals/sigmod/X95,Rg4FqDKmWOIJ,0,0.26891566265060246
conf/vldb/DiaoLCT00,oSixJ19vWSUJ,0,0.44635737628384686
conf/sigmod/EmbleyJN99,BVxdB8YAHOUJ,0,0.3571637882357523
journals/sigmod/SantucciT96,YHZ664dVNAIJ,0,0.3587147215865752
journals/vldb/MehrotraKS97,0NemR8CbCIQJ,0,0.3689037698412699
conf/vldb/LometT95,pZea0mPq_EkJ,0,0.38123366013071897
conf/vldb/VelegrakisMP03,7p_6jpeTzksJ,0,0.30004668534080303
journals/vldb/MuckP97,J-hdquISylkJ,0,0.3598914938030332
journals/sigmod/Jagadish01,cMR7qEn25m8J,0,0.2
conf/sigmod/KriegelMPS01,28i36c1jWuIJ,0,0.3929774602959835
conf/vldb/SilversteinBMU98,_GLI7Izv17cJ,1,0.7317927170868348
journals/sigmod/TomasicS97,XQmkTGGSTZwJ,0,0.3895933883551808
journals/sigmod/OoiST03,wcgPKAndGUIJ,0,0.3232769423558898
conf/vldb/PapadiasMD98,9FrasmiNf7wJ,0,0.27762425746296715
journals/vldb/MihailaRT02,DLFYm0wUCgIJ,0,0.34381720430107526
conf/sigmod/LometT99,neNN4usIS9kJ,0,0.37116619375022736
conf/sigmod/OlstonJW03,0EPm518WWX8J,0,0.43152893981018986
conf/sigmod/LiuPBHPT00,Edx9rmN-mo4J,0,0.37558084481441856
conf/vldb/DeRose99,_7DyRIjTceAJ,1,0.8500000000000001
journals/sigmod/DunhamH95a,-tVkkvxF3DcJ,0,0.37474242082761355
conf/sigmod/BertinoCF01,5LeO8x2COfQJ,0,0.3816785789584651
conf/sigmod/Gettys95,wHGVkYYxHwMJ,0,0.3663293650793651
conf/vldb/StolteA02,3gs9gcIKO-sJ,0,0.3477941493972148
conf/sigmod/MatiasVW98,a0XxaLUN4pQJ,0,0.3397643882124377
conf/vldb/SrinivasaK03,5eqLOqAZytcJ,0,0.3180175983436853
conf/sigmod/ZadorozhnyRVUB02,iXkSngvyu08J,0,0.46700449876920463
conf/sigmod/CranorJSS03,LL4nIyQBQngJ,0,0.20890102028119945
conf/vldb/FangSGMU98,Je52Jsdu4wEJ,0,0.2892653993516062
conf/vldb/GrumbachRS00,iQ3Zi3crc9wJ,1,0.9833333333333334
conf/vldb/Amer-YahiaFSX03,p-vhRwBl8kcJ,0,0.3398029152279171
journals/sigmod/Stacey95,xCaAtdkhgCgJ,0,0.30991812865497076
conf/sigmod/IvesLPST00,ITjiNN099dgJ,0,0.35566321112052823
journals/sigmod/Hammer02a,HU1tiuKpj6wJ,0,0.14816849816849817
conf/sigmod/DeolaseeKPRS01,RL4mW4GcDIIJ,0,0.3331205255742801
journals/sigmod/Kim94,FVcSntHvBEAJ,0,0.2884090909090909
journals/vldb/BeckerGOSW96,K53EIcG4ta8J,1,0.8651325145442793
journals/sigmod/GroskyFS94,sWM6PKw-JaQJ,1,0.6899592094274081
journals/sigmod/AndlerHEMBE96,oNYOKYvjoKgJ,1,0.977777777777778
conf/sigmod/HinneburgK99,_QqGJwo6HG8J,0,0.40519569363660723
conf/vldb/AggarwalHWY03,ZFtAmPKKRBQJ,1,0.7158204937237196
journals/sigmod/RiekertMW97,WP63eYWvk4YJ,0,0.35303571428571434
conf/vldb/GravanoIJKMS01,MOcvZPZVuhAJ,0,0.36636987498907253
journals/tods/KossmannFDA00,6oreAPFguCwJ,0,0.4314028214732466
journals/vldb/KraissW98,70iQdIhfRbsJ,0,0.29554170967833204
conf/sigmod/Mohan02,7NV6-S-SLekJ,0,0.3671052631578947
journals/sigmod/AbererCDDHPS03,82dR_egwlkMJ,0,0.38160078556295
conf/sigmod/YangM97,d2tXju_pTkYJ,1,0.7380490196078433
journals/tods/AmmannJR97,2e-NAgqt-joJ,1,0.9612903225806453
journals/tods/RosenthalR94,url:http://portal.acm.org/ft_gateway.cfm%3Fid%3D390004%26type%3Dpdf%26dl%3DGUIDE%26dl%3DACM%26CFID%3D11111111%26CFTOKEN%3D2222222,0,0.43687672448283654
journals/sigmod/David03,UQOhDWR5__sJ,0,0.3323820539451736
journals/vldb/C95,ery6k1e8h_sJ,0,0.1947368421052632
conf/sigmod/BrinMUT97,p3Vs2JjPEyUJ,0,0.4164455255786525
conf/vldb/Brodie00,WFmae47kgN4J,0,0.4658876811594203
journals/tods/LeveneL99,0hymtQUSVAYJ,0,0.411310467771142
conf/sigmod/GeneserethKD97,vRxd72o2PdoJ,1,0.8430176948828313
conf/sigmod/YangYW00,5KnUCPuK_YUJ,0,0.39839331667377675
journals/vldb/ShyyASL96,zdkN438QOV4J,1,0.5531769292638545
conf/sigmod/ShanmugasundaramNSR99,DZI4GwpYBOcJ,1,0.7457737238606804
journals/tods/SistlaWYS98,e1nIDl7v-wEJ,0,0.35078532885250435
journals/vldb/ConstantopoulosJMV95,fsMEFFr2WiwJ,0,0.3102498653571478
conf/sigmod/LibkinMW96,8y18SfVO9FkJ,0,0.3562941267378758
conf/vldb/Guting94,-PJ7v0EyAVwJ,0,0.32769274376417235
conf/sigmod/KornackerMH97,v34_ZFX7kZYJ,1,0.8320359052711994
conf/vldb/CareyKRLABFLOPQRSSUVWY01,O0b3qfkcUZwJ,0,0.3240079365079365
journals/sigmod/X94b,cH2FsExS-SoJ,0,0.2018154761904762
journals/sigmod/RamanathanH97,nBW0dKgW67sJ,0,0.3152356902356903
journals/tods/DekhtyarRS01,ywEAyex_frMJ,1,0.7958911629167795
conf/sigmod/AdaliCPS96,AjazKw2BIggJ,0,0.412373591881087
journals/vldb/SwamiS95,cGbo_ZtYKwYJ,0,0.35416451668386656
conf/sigmod/TheodoulidisAACKS94,gJ98j9ycej8J,0,0.3540688552785327
conf/vldb/KietzRS97,UmRfl3p3jasJ,0,0.3603996462736301
conf/vldb/GohOST99,MF-ixFwqMqoJ,0,0.37648758949537225
conf/vldb/MoserKK95,Ul50mCnYQsEJ,0,0.3953299676926527
conf/sigmod/VriesMNK02,1qV5-83rTyUJ,0,0.41412068318318324
journals/tods/Galindo-LegariaR97,url:http://www.springerlink.com/index/F2254767474728W7.pdf,0,0.3851462242151285
conf/vldb/YangKL97,8b1nk87L2KoJ,0,0.42914142865123256
conf/vldb/MarianS03,fp9Xqmm63BcJ,0,0.30414254590725187
conf/sigmod/RundensteinerCLCZNJLW99,vpEPU-opSxQJ,0,0.2788510101010101
journals/tods/DeySB99,lUIjuGqk6q4J,1,0.9575866188769415
journals/sigmod/BuchnerM98,9fueHQFiBjsJ,0,0.3829282547767269
conf/vldb/KornSFSP96,yaaZKZCP3soJ,0,0.3983612902150393
conf/sigmod/GoyalHKMSZ97,JyDEoz9hvJQJ,0,0.3814206977171068
conf/vldb/SenkulKT02,yLBfAqsW_8oJ,0,0.38692149342958665
conf/vldb/ZhouLZLZJT01,31M_lPvFUhsJ,0,0.3529461124469573
journals/vldb/GibsonKR00,-_15icVhJIoJ,0,0.3198232323232323
conf/sigmod/Mohan02,8f79Vb7uEZQJ,0,0.22234042553191494
conf/vldb/FrohnLU94,Y2E6Xu-YPzUJ,0,0.36133331754602
conf/vldb/PanRAMOHAMV02,F9Fe5NfpK6MJ,1,0.946515582977377
conf/vldb/GeorgeH98,alsM1_uNQUoJ,0,0.3246162280701755
conf/vldb/Hallmark95,4i9bGcd4BnsJ,0,0.3258927108927108
journals/vldb/OoiHLT96,Yfc66c7aY6YJ,0,0.39599537037037036
conf/vldb/HalversonBKKRTVWND03,6LkW2vUa-HwJ,0,0.27227433060766393
conf/sigmod/Lassettre98,7p2MaOtr7u8J,1,0.7937500000000001
conf/vldb/GalhardasFSSS01,otGW0G5B6AYJ,1,0.7129358288770054
journals/sigmod/Huyn01,HQJGQ2daPfkJ,0,0.30005216484089725
conf/sigmod/RadekeBBEKKN95,ideOjKSk9XgJ,0,0.30849358974358976
conf/sigmod/ShahC01,rXEp8wg_qLUJ,0,0.37920944696958553
conf/vldb/ShiSZ03,QzpePwRoku8J,0,0.31313542400751704
conf/sigmod/AcharyaFZ97,hHMtxXFlyu8J,0,0.3168122021347828
journals/sigmod/MaelbranckeO95,lULaxkq7UCYJ,0,0.39955906909736505
conf/vldb/JagadishKNS99,JtQkQGQEmVEJ,0,0.2916630591630591
conf/sigmod/GreenwaldK01,pQ5nIDpz0O4J,0,0.38409357996071986
conf/vldb/AnandBH94,e1M1TDnY8AUJ,0,0.30492839889579026
conf/sigmod/MerialdoAMMP00,TDmgjMcGhQ8J,0,0.329213983768577
conf/sigmod/TheobaldW02,w5_HkketH-wJ,1,0.9957142857142858
conf/sigmod/KiepuszewskiMO98,XRy7JVJk8GkJ,0,0.33247503121098626
journals/vldb/ApersCS02,J06mf7KHTU8J,0,0.10648604269293925
conf/sigmod/OhHP00,cFpgCsBTSBEJ,1,0.7920112414467253
conf/sigmod/QunLO03,BnNNuVfklfcJ,1,0.8780062214837702
journals/vldb/FuCCM00,gGsCuWYRBfMJ,0,0.41916628692944485
journals/sigmod/CaplinskasEV02,k-iIdwOjtRwJ,0,0.2885743145743146
conf/sigmod/ArasuG03,crwF45KqR20J,0,0.38281143208373286
journals/vldb/TempletonHMB95,LXFe_A9zN_AJ,0,0.371501473500023
journals/sigmod/Sidell96,6_O1BswYKCUJ,0,0.35930555555555554
conf/sigmod/LeeKOTM00,letc4Dd7_gcJ,0,0.33312289562289565
conf/vldb/AbrolLMMMRTWZ01,url:http://portal.acm.org/ft_gateway.cfm%3Fid%3D957098%26type%3Dpdf%26dl%3DACM%26dl%3DACM%26CFID%3D11111111%26CFTOKEN%3D2222222,0,0.3624884499884499
journals/sigmod/SonDT96,62uEWBKYqgoJ,1,0.9921006944444446
conf/sigmod/Mamoulis03,8-eaDTdtfY4J,1,0.9957142857142858
conf/vldb/ChienVZTZ02,wQ4t1L0h-0QJ,0,0.33151433691756277
journals/tods/DeySB99,vhVnF1cUYtEJ,0,0.3662915775244543
journals/sigmod/ONeilG95,MUXTIMdJLjgJ,1,0.8583510609283806
conf/vldb/RaghavanG01,w3KNmD0ftY4J,0,0.29127392269047253
journals/tods/PetersO97,jVjUfPerJHMJ,0,0.44009254634254624
conf/vldb/CasatiS00,OjOQRHgD-qwJ,1,0.8553921568627452
conf/sigmod/Bosworth03,CIFYyZ_IQDYJ,0,0.3535037002775208
conf/sigmod/Ivinskis95,mt0i9qybtrMJ,0,0.33807189542483657
journals/sigmod/Ozsu02,5g9JKqiXKF0J,0,0.15230769230769234
conf/vldb/ChaHKK01,YI-y_g0tfxAJ,0,0.2750455349248453
conf/vldb/GarciaLL98,6_O1BswYKCUJ,0,0.33177083333333335
journals/tods/KorthS94,8rosJ4gbX_kJ,0,0.40378926733698395
conf/sigmod/Hidber99,Z9eCUch9hQAJ,0,0.3858464970016089
journals/sigmod/Stonebraker02,d7vY6vDq_7EJ,0,0.37204271534916694
conf/sigmod/Galindo-Legaria94,rV2CEYCxWQYJ,0,0.28200980392156866
conf/sigmod/BenediktCFFR03,Zt2bFUPzohIJ,0,0.38682977650368955
journals/vldb/MaratheS02,3KHB1N8OE7AJ,0,0.3402960163829729
conf/vldb/HelalL00,xj4ZPX7Pqr4J,0,0.311314012784601
conf/sigmod/Gerber95,wlxZ0FqTy_MJ,1,0.8321693657219973
conf/vldb/KornMS02,FOW0zVz43cUJ,0,0.32774253845682416
conf/sigmod/KrishnanVI96,YNPBkJNVbeYJ,0,0.35745680727415463
conf/sigmod/ChaudhuriN98,qGTxTpQXTDsJ,1,0.7238408521303259
journals/vldb/BarbaraI95,fMuom_ogj4MJ,1,0.7454685556710217
conf/sigmod/RajagopalanML98,6bxNVhIp7FAJ,1,0.8055671750729891
conf/vldb/LakshmananSS96,IJyunaAcul8J,1,0.7448429541595927
conf/vldb/GoyalHSS95,tkVzfOgnhIUJ,0,0.381266102318734
journals/tods/OliverS94,eI4MKkvcojgJ,0,0.307962962962963
conf/sigmod/ShklarSKT95,1j-tL6DypZYJ,0,0.32634502923976605
conf/vldb/FlodinR95,wRH4xwHwkakJ,0,0.3614372776137482
conf/sigmod/ChenRW02,pBPkQYQSJLIJ,0,0.4146759154823671
conf/sigmod/BrodskySCE99,hdDsjafWJIwJ,0,0.37662251740678265
conf/vldb/Schnase00,YnHgJgXvQzwJ,0,0.3394440508199501
journals/sigmod/Ozsu03a,kHzWWAyhPEcJ,0,0.3031645569620254
conf/vldb/VeltriCV01,itG_XrygxXIJ,1,0.7213955663807406
conf/sigmod/BerckenDS00,s9Z7TuA9l4sJ,0,0.36346990822797276
conf/sigmod/CareyMN97,wmaTndn-UxUJ,0,0.19570552147239267
conf/sigmod/Chakrabarti99,tjcUNXOYWToJ,0,0.18550724637681162
conf/vldb/WeberSB98,1RggnOMvJUkJ,0,0.3575556428384394
conf/sigmod/FernandezFKLS98,4xxRU4CpidMJ,1,0.6960967432950192
conf/sigmod/WuAA01,FWs-zp1aQQ4J,0,0.3878535344372276
conf/sigmod/AntonJLPZZ02,89P3EdEDuOEJ,1,0.9898319327731093
journals/sigmod/Aberer03,bqM-3cp6bRwJ,0,0.33535714285714285
conf/sigmod/BohannonDGKLNS03,83wqw4ciNWoJ,1,0.6412927564874575
journals/sigmod/Snodgrass01a,YlzIG4004J4J,0,0.2815862708719852
journals/sigmod/PapianiWDN99,ag2yenuSdCAJ,0,0.2682881446039341
journals/sigmod/Franklin99,63t-u0Menw4J,0,0.3223809523809524
journals/tods/WijesekeraJPH03,FrZyjbY81k4J,0,0.3876823284264301
conf/vldb/LiCHH97,bjHo2ftV4FsJ,0,0.3730124189817661
conf/sigmod/Gettys95,B35HJnfOTU0J,0,0.3322848484848485
conf/sigmod/PangCL94,QPaG2PoXGwoJ,0,0.3708528416028416
conf/sigmod/BrinMUT97,JBB4svDpBF8J,1,0.7761375661375661
conf/vldb/MaedaT01,url:http://doi.wiley.com/10.1002/(SICI)1521-3773(19991004)38:19%253C2894::AID-ANIE2894%253E3.0.CO%3B2-F,0,0.29979225023342676
conf/sigmod/SunAA03,ZNV5NsBuGgQJ,0,0.4054429201024792
conf/vldb/LiuJ02,rtwnQ3oR_zoJ,0,0.2784414877061936
conf/sigmod/DogacTPPLKTK02,ftWHg08h9poJ,0,0.3466045064550317
journals/sigmod/Anisimov03,LXTk4MS5HPwJ,0,0.27554347826086956
conf/vldb/BernsteinD94,rHLmfJRQUu0J,0,0.33212698412698416
conf/sigmod/Seshadri03,ZwZCcCu3_R0J,0,0.31576140873015873
conf/sigmod/BerchtoldBBKK97,Xp_ozcJ2MDsJ,0,0.3653446284174048
conf/vldb/MankuM02,WS4ljty1ff8J,1,0.9793859649122807
journals/vldb/ChakrabartiDAR98,AyDb4G2EiGwJ,1,0.7671814671814672
journals/sigmod/OoiST03,ys4Wxup7mQUJ,0,0.30399415204678365
conf/vldb/KumaranH03,wW6dUVL80RYJ,1,0.800952380952381
conf/vldb/AbiteboulBBCCDMMP03,FxxIkHP-0AcJ,0,0.35670379541453423
journals/sigmod/CalvaneseGLV03,anIvo49WSfsJ,0,0.36873947811447816
conf/vldb/ChoG00,D4MiKRaC-rEJ,1,0.8102116402116402
conf/sigmod/HoAMS97,r1um7d3ckAYJ,1,0.6973780876131557
conf/vldb/CatozziR01,PPWk50Q_5bEJ,0,0.2861327231121282
conf/sigmod/KanthRA02,pUsJ4WIx8HgJ,0,0.40548832197156043
conf/vldb/MohaniaS94,JV3daILiAtcJ,0,0.34883408919123204
conf/vldb/Jamil97,oQsBJO-tDQEJ,0,0.3255725457338361
conf/vldb/MohanBWSZ00,B0v85x3OH0YJ,0,0.3609614808671412
conf/vldb/KumaranH03,url:http://portal.acm.org/ft_gateway.cfm%3Fid%3D1101350%26type%3Dpdf,0,0.3382065072150231
conf/vldb/Ogawa96,EWphFX13-ZIJ,0,0.3171087147201797
journals/sigmod/JainH94,QkTd5WogN-AJ,0,0.3866402116402117
conf/vldb/JagadishKMPSS98,YEqBX33vMRkJ,0,0.3201028773652013
conf/sigmod/ZhuSZ03,url:http://www.csa.com/partners/viewrecord.php%3Frequester%3Dgs%26collection%3DTRD%26recid%3DN9210517AH,0,0.3728436624872027
conf/sigmod/QunLO03,qkVYPShC-dAJ,0,0.2570010496326286
conf/vldb/ChakrabartiSD98,De6WQ2ePMsIJ,0,0.3693569481284998
conf/sigmod/AdamY98,reqJu2VmsG4J,0,0.37877777777777777
conf/vldb/TsatalosSI94,acezjvNgGwYJ,0,0.34151747655583975
journals/sigmod/dOnofrioP03,SiVZIhp6b3sJ,0,0.3639651147584017
conf/vldb/DarmontS99,url:http://ieeexplore.ieee.org/iel1/2206/2510/00075479.pdf%3Farnumber%3D75479,0,0.3656855439642325
conf/vldb/GaasterlandL94,-lIyvOKLADAJ,0,0.3393377863966099
conf/vldb/NatsevCSLV01,1YsUOcYIWAwJ,0,0.36945713297580873
conf/vldb/Moerkotte02,tShdANM9mJ8J,0,0.38013636363636366
journals/sigmod/Snodgrass03b,nbaQOTfAYbEJ,0,0.2822218899521531
conf/sigmod/ZaharioudakisCLPU00,qW_oF_qWmvQJ,1,0.7348191908342284
conf/vldb/ChangG00,N5rwLna4P7sJ,0,0.2838560635103189
conf/sigmod/Martin94,poC8pEn__hEJ,0,0.36484188461324896
journals/sigmod/DongS00,fKiM5TQEESoJ,0,0.3205870368640153
conf/sigmod/MumickP94,ETlGZQjZptEJ,0,0.37744200244200243
conf/vldb/Wang95,zDFHIu7LHhoJ,0,0.22805555555555557
conf/vldb/MengLLA03,EMK8ZjQyjvoJ,0,0.3187688094378235
journals/sigmod/LightstoneLZ02,EB8_Bz6fOZkJ,0,0.3721532451458188
conf/vldb/AgrawalSX01,P3GB0IRKc2IJ,1,0.8217948717948718
conf/vldb/HulgeriS02,xGcM9AuhrBMJ,1,0.9833333333333334
journals/sigmod/MeltzerC98,-wQ-mpGIWdMJ,1,0.6785714285714286
conf/vldb/NaumannLF99,Z5uZT35iyw0J,0,0.3627081817740919
conf/vldb/SeshadriLR97,eFDQJo4KK6QJ,1,0.6794530881659596
conf/sigmod/PadmanabhanBMCH03,ZC81Ld31FlYJ,0,0.3387738836910524
conf/sigmod/UrhanFA98,z2Dq47ODuksJ,0,0.4475267379679144
conf/sigmod/ZhouR02,-hUVSdRv5UUJ,1,0.9923809523809525
conf/sigmod/CareyDFHMNSSTTWZ94,ft3wfWcENmgJ,0,0.3830062106809937
journals/sigmod/DrewHKKLLLSW95,uV6DD8rfG2IJ,0,0.40585503395132916
journals/sigmod/Suciu02,Ikk1rb4o66UJ,1,0.9944444444444446
conf/vldb/FlorescuHKLRWCSA03,url:http://www.csa.com/partners/viewrecord.php%3Frequester%3Dgs%26collection%3DTRD%26recid%3D0214573CI,0,0.373923042841558
journals/vldb/GibsonKR00,6I-ScID7GXkJ,0,0.3710731565353414
conf/vldb/AtzeniMM97,url:http://www.geography.org.uk/journals/download.asp%3FarticleID%3D155,0,0.27795600150744304
conf/vldb/JagadishLS99,PbPCf78sARsJ,0,0.33918281104220405
conf/sigmod/Kramer97,ClmNJMP6ttMJ,0,0.32778822055137846
journals/sigmod/LudascherMM01,szcVumclSzoJ,0,0.4819078947368421
journals/sigmod/EisenbergM01,lTNqBpBUA5sJ,1,0.6591836734693879
conf/vldb/VassalosP97,jmYHA7e95XAJ,1,0.7789115646258504
journals/sigmod/YeungHL94,l20dF_QyLJEJ,0,0.283020683020683
conf/sigmod/FukudaMMT96a,HBIsI6-C2v8J,0,0.38534168883261793
conf/sigmod/RoussopoulosKV95,fKiXyCQ0LNgJ,1,0.7398357963875205
journals/vldb/PapazogluK97a,8Vp0MLe7nMUJ,0,0.33986013986013985
conf/sigmod/ColbyKLMR97,AhnsJnjlnV4J,0,0.3202958541907329
journals/sigmod/Snodgrass98a,ZulQHKbuoGsJ,0,0.34312977099236647
conf/sigmod/ChenGK01,_MyBwbnQplIJ,0,0.3516595441595442
journals/vldb/PucheralBVB01,KZ9Z0B-BWmQJ,0,0.3446978651765886
conf/vldb/KonigW99,SlwEQMI00AAJ,0,0.40574721490663446
journals/sigmod/LeeF01,zr-WXIZ_0-wJ,0,0.38691589305193796
journals/sigmod/AbererCH02,KpwQycBoGQ0J,0,0.36749056308552874
conf/sigmod/RothAHCCFSTW96,0bKQMoFIHIMJ,0,0.3208361833065706
conf/vldb/JagadishKMPSS98,d19jKF_vqKMJ,0,0.3046529737618912
conf/vldb/AbiteboulAAACHHMMMMSTV99,2MSe6dRu6OcJ,1,0.7647072079830969
conf/sigmod/NgLK98,Df6v0_J0mpsJ,0,0.3577992995734369
journals/sigmod/TatarinovIMHSDDKMM03,rrSZOoViGqoJ,1,0.7708498197086299
conf/vldb/GohOST99,lZRyMv1pt68J,0,0.3091744558123869
conf/sigmod/CarinoKKB01,7k6r7i1HGpYJ,0,0.3830498868736323
conf/sigmod/DanielsDDEHJJLSSS94,iz8I017svR8J,0,0.41059634984163285
conf/sigmod/Kohler99,BlPRNL018nEJ,0,0.2471119929453263
conf/vldb/QianZXP03,a4tRStszc5kJ,0,0.343912037037037
conf/sigmod/GuhaJKSY02,FRT7mjEuTgoJ,0,0.3648529673063255
conf/sigmod/MankuRL99,vry1-y-mFF8J,1,0.7490753934728512
conf/vldb/CarinoJ98,ANOfuwtUAFcJ,0,0.3680454330081196
conf/vldb/BonczMK99,xWYu2JWiF_kJ,1,0.7313773277152926
conf/vldb/SahuguetA99,VT_vPPmEIEIJ,1,0.6802851439977189
conf/sigmod/Blakeley96,1fs-qN_SdH4J,1,0.8564102564102564
conf/vldb/May01,2hKPPms4BTkJ,0,0.3443717948717949
conf/vldb/TsurAADKW01,9DodgncDmegJ,0,0.3553104400180862
conf/vldb/DeutschPT99,QxgH2yvePIgJ,0,0.36111982488794087
conf/sigmod/Al-KhalifaYJ03,CRhr7dm8WIgJ,0,0.39767439727875015
journals/sigmod/Seshadri98,_nIg_hi8PAAJ,1,0.9944444444444446
conf/vldb/Baumann03,dJW1G3PAhEcJ,0,0.3594144090384693
conf/vldb/BestavrosB95,BfwR5WDld28J,0,0.3380730897009967
journals/sigmod/Winslett02c,tBBMp7XkUmsJ,0,0.33815789473684205
conf/vldb/KossmannRR02,DcnydEuFfzwJ,0,0.41951921742190207
conf/vldb/OoiYTJ01,RFEE_MNM8IUJ,1,0.9787878787878789
conf/sigmod/BumbulisB02,Mmm9LlEKpWAJ,0,0.3089965986394558
conf/sigmod/KatayamaS97,G6ASbNA7wp4J,0,0.3324956845390282
journals/sigmod/Seligman97,otGW0G5B6AYJ,0,0.2807602076470001
conf/vldb/Sol01,DvasJn1LzQUJ,0,0.3549752760279076
journals/sigmod/GunopulosK01,4RrCiVMO9IIJ,0,0.3348026135741653
journals/sigmod/TomasicS97,gyJxlhMoDfgJ,0,0.3573596792668957
conf/vldb/SilversteinBMU98,jqQgs11omKsJ,0,0.311763379594262
journals/sigmod/MedeirosP94,Ug0WsuFcymIJ,0,0.26502554463080774
conf/vldb/HjelsvoldM94,url:http://www.geography.org.uk/journals/Journals.asp%3FarticleID%3D46,0,0.3200118203309693
conf/vldb/McKennaBHT96,url:http://portal.acm.org/citation.cfm%3Fid%3D30120.30124,0,0.3531065162907268
journals/vldb/Antoshenkov97,gleX-n_dgkcJ,1,0.8743243243243244
conf/sigmod/WhiteD94,url:http://doi.wiley.com/10.1002/ev.1656,0,0.3803870639164757
journals/sigmod/DrewHKKLLLSW95,url:http://portal.acm.org/ft_gateway.cfm%3Fid%3D219769%26type%3Dpdf%26dl%3DGUIDE%26dl%3DACM%26CFID%3D11111111%26CFTOKEN%3D2222222,1,0.8577981390481392
journals/sigmod/dOnofrioP03,yRYdf1nzLEUJ,0,0.31848942047112777
conf/vldb/AnciauxBBPV01,IddFq2o4ZsoJ,0,0.3632637628554144
conf/vldb/KornLKF98,zsRCDMhYVj0J,0,0.2935419165840853
journals/sigmod/McHughW97,dAnyGPqToQEJ,1,0.9944444444444446
conf/vldb/George98,9nJYF0FGPywJ,0,0.28145940073546993
conf/sigmod/ThaperGIK02,PBwqFDIQ79UJ,1,0.7342857142857144
conf/vldb/Ramanan03,url:http://www.csa.com/partners/viewrecord.php%3Frequester%3Dgs%26collection%3DTRD%26recid%3D0011794CI,0,0.3526237732810744
journals/sigmod/OrlandicLS02,49NxXZfVBt8J,0,0.20359477124183006
journals/sigmod/SnodgrassACFLLORRSV99,js4mWlUOF90J,0,0.2248917748917749
conf/vldb/LiCHPALHAY01,wupPxMYjWu0J,0,0.31209325396825394
conf/vldb/LakshmananJN00,eHDjF-5o6YEJ,0,0.37501597420163796
conf/sigmod/KeoghCMP01,Mqg5svJwsCoJ,0,0.4659263820470717
journals/sigmod/NadoH97,HR5uV0aHc7sJ,0,0.3716304320606581
journals/vldb/LiR99,MGWWncKT_owJ,0,0.31887300129630114
conf/sigmod/AgrawalS00,Mg4DmwWKxOcJ,0,0.3178483804175175
conf/sigmod/AgichteinGV01,fH-WAdPWnl0J,0,0.3828142873007941
conf/vldb/KnorrN98,kKQ_2bg6WXAJ,1,0.7534984339332165
conf/sigmod/Ross00,B-EFnqb4BwcJ,0,0.29416264090177136
journals/sigmod/Chang03,hME315qu2u0J,0,0.3526839295456317
conf/vldb/LingLL00,HoZx0hs-rEkJ,0,0.3442690058479532
conf/sigmod/FernandezS96,iLwFjrX22vYJ,1,0.5051851851851852
journals/sigmod/Barbara01,ZcCSghkhdAYJ,0,0.19103773584905664
journals/tods/BaralisW00,O3OBY3fu-AgJ,0,0.30338827838827837
conf/sigmod/NguyenS96,2Dr_OFAorMEJ,0,0.3542207792207792
conf/sigmod/HammerGNYBV97,HVBfqCENVOIJ,0,0.36693691461098515
journals/sigmod/RamamrithamSSTX96,url:http://portal.acm.org/ft_gateway.cfm%3Fid%3D1083724%26type%3Dpdf,0,0.446031405230714
conf/vldb/RohmBSS02,HC_VCN78-joJ,0,0.2660300402212167
conf/sigmod/SubramanianV98,KxwymZ2AGNQJ,1,0.9570073891625617
journals/vldb/C94a,rOBaPIl1aQcJ,0,0.21781076066790353
journals/sigmod/LinP96,0MgO_QuKNFoJ,0,0.4053189865689866
journals/vldb/HjaltasonS02,v96aue1u9n0J,0,0.3857273078603354
journals/sigmod/WenLMZ03,42KZZ_CiLC0J,0,0.39536714818171775
conf/vldb/BalminPP00,FoAVdcYe0tsJ,1,0.8584507042253522
journals/tods/Bohm00,ybcHUz44bywJ,0,0.29931575914721986
conf/vldb/HsuLOMTX02,jux1eHt7GhQJ,0,0.31130397380397384
journals/sigmod/WuY00,H88ZLgwsiu8J,0,0.21049382716049386
conf/sigmod/GraySEBW94,IS6ujL13ktgJ,0,0.30837438423645325
journals/sigmod/DomenigD99,5ivvYJZyZq8J,0,0.3823368000563122
conf/sigmod/LibkinMW96,uxD8p47apUYJ,1,0.6757530825659435
journals/sigmod/Eisenberg96,inivssAucCYJ,0,0.3733439827066893
conf/sigmod/FegarasSRM00,EJiw5lUwsPYJ,0,0.32597646500948385
conf/vldb/DidriksenGD95,url:http://www.csa.com/partners/viewrecord.php%3Frequester%3Dgs%26collection%3DTRD%26recid%3DA7214161AH,0,0.34161432279251436
conf/vldb/DayalHL01,3yu3bjMkLg4J,0,0.34487263943785684
conf/vldb/FankhauserGLMT98,url:http://www.csa.com/partners/viewrecord.php%3Frequester%3Dgs%26collection%3DTRD%26recid%3DN9118026AH,0,0.39453020231847896
journals/sigmod/Manola98,V95A5wSijwMJ,0,0.33164682539682544
conf/sigmod/DanS95,nkLetT5c1S0J,0,0.3645694103194103
conf/vldb/SrinivasanDFCJYKTDB00,g6AmwNCLvKwJ,0,0.36317194937884595
journals/sigmod/GlavitschSW94,XvPqkB-s_iIJ,0,0.379969474969475
conf/vldb/SeligmanBNSW95,9hQvxrUBFH8J,0,0.2827119883040936
conf/sigmod/JohnsonD03,PAtbGvXDP1wJ,0,0.39112588609111354
conf/sigmod/SeidlK98,B8MoLkcvms4J,1,0.8033625730994152
conf/vldb/AshwinGG02,YiJojduGXXkJ,1,0.980654761904762
journals/sigmod/RisheSBDOALOSS95,url:http://portal.acm.org/ft_gateway.cfm%3Fid%3D62150%26type%3Dpdf%26dl%3Dportal%26dl%3DACM%26CFID%3D11111111%26CFTOKEN%3D2222222,0,0.47692682554704
conf/vldb/OlstonW00,0Hqq6IfPZTcJ,0,0.34220930423253393
conf/vldb/Bhashyam96,E4tAtmvL2s8J,0,0.19044256120527303
conf/vldb/PapadiasZMT03,url:http://doi.wiley.com/10.1002/he.14.abs,0,0.3180350181008076
conf/vldb/JosifovskiR99,WhV3pI-k2l0J,0,0.392371158933659
conf/sigmod/FlorescuLMS99,h0uuqAstOPUJ,1,0.9682142857142858
conf/sigmod/ChaudhuriKN03,GqjpvJEQseQJ,0,0.33785310274227415
conf/vldb/NinkHR99,mVBpZI_E3eAJ,0,0.24356303418803416
journals/sigmod/Loeffen94,qhlySuQoZdMJ,0,0.3102505959648817
conf/vldb/JohnsonS94,x3wm5TY4qtUJ,0,0.36943436176648525
conf/vldb/AnciauxBBPV01,url:http://www.csa.com/partners/viewrecord.php%3Frequester%3Dgs%26collection%3DTRD%26recid%3D8902720088MD%26recid%3D8901G2C0012EC,0,0.2987232214457555
journals/vldb/AgrawalHK03,NDKJPUgy_K4J,1,0.8672430435361471
conf/vldb/HuntAI01,oT6BnZdh1SYJ,0,0.3061001042752868
journals/sigmod/ChristoffelPSL98,vMIhYKkFpfsJ,0,0.31687168911578356
conf/vldb/MorimotoFMTY98,WGv9zvnJ484J,0,0.39478527720999484
conf/sigmod/LoR96,url:http://portal.acm.org/citation.cfm%3Fid%3D800297.811533%26dl%3DGUIDE%26dl%3DACM%26type%3Dseries%26idx%3DSERIES473%26part%3DProceedings%26WantType%3DProceedings%26title%3DInternational%2520Conference%2520on%2520Management%2520of%2520Data%2520and%2520Symposium%2520on%2520Principles%2520of%2520Database%2520Systems%26CFID%3D11111111%26CFTOKEN%3D2222222,0,0.3065277932321996
journals/vldb/MedjahedBBNE03,Vh3V0UQ86ogJ,0,0.3757796523517382
journals/sigmod/DogacAOD95,wW8uP6TSvhwJ,0,0.2810803929298903
journals/vldb/AslanM99,ZftK-FNBDygJ,0,0.3031094805071788
conf/sigmod/BohrerBBCFHKKMNRRSUUW97a,iH82ien08ZUJ,0,0.3344755820921075
journals/sigmod/SchmidtWKFCMB01,mkfP-JNsNZoJ,1,0.5903354427747589
journals/sigmod/OConnellW03,SeDkIL_DlRwJ,1,0.9121649902300384
journals/sigmod/Palpanas00,qZn7XVfm0bAJ,0,0.30104166666666665
conf/sigmod/WangSSZZW00,s8ZGD0r4M0wJ,0,0.4502160771772818
journals/tods/WolfsonJH97,Uhg6pXe7dw4J,0,0.331890118373649
journals/vldb/ChuIT94,1ameyfHhHR0J,0,0.40108303008631147
journals/sigmod/Ozsu03a,5-ovIWykKG8J,0,0.2451923076923077
conf/sigmod/WaasG00,tzmaIcLn5gsJ,0,0.4253858941709111
conf/sigmod/AgrawalW00,ZGtTTAgxA5gJ,0,0.37255116959064327
conf/vldb/ChandrasekaranF02,mounBiMdlY4J,0,0.32205133106473827
conf/sigmod/SistlaW95,4qh5icz3Dj8J,0,0.3891660310195779
conf/sigmod/Amer-YahiaFSX03,url:http://ieeexplore.ieee.org/iel5/164/5238/00204075.pdf%3Farnumber%3D204075,0,0.287803911488122
journals/sigmod/BollKB98,sPF7UR4UOBMJ,0,0.3090277777777778
conf/vldb/ZirintsisKM99,v7DrwSSAKCIJ,0,0.31611759572587034
conf/sigmod/GuoSBS03,pff6mrCNsycJ,0,0.42425323446076846
conf/sigmod/Agarwal96,-JYQE7IPu_4J,0,0.2982857142857143
conf/vldb/GrumbachRS00,evfuc1dQuNwJ,0,0.36923118238802954
conf/vldb/DonjerkovicR99,4U31XD8P478J,1,0.7835668103448277
conf/vldb/WeberSB98,TkaEMuHGE9cJ,1,0.6050940860215054
conf/sigmod/PalmerF00,eiA9HVOF2IsJ,1,0.7589285714285714
journals/sigmod/Wu02,y5aIjnfU6JIJ,0,0.19371069182389944
conf/vldb/LevySSZ94,FhuFhkgjXi0J,0,0.31710323450848643
conf/sigmod/NazeriBO01,KOH0XCxknEMJ,0,0.4037673773527521
journals/vldb/RoySSSA98,FOwg5BZTqTIJ,0,0.33172035480859013
conf/sigmod/ZhangRL96,46aixXBMD6sJ,1,0.7593264751552796
journals/tods/Chen95,nHUHOREx2JwJ,0,0.42034604519774016
conf/vldb/PanRAMOHAMV02,lbN02XMDx-AJ,0,0.3649384753817323
conf/vldb/Toivonen96,ut53pjEsmxEJ,1,0.9833333333333334
journals/sigmod/Snodgrass02b,KENWBobILMwJ,1,0.9881944444444446
journals/sigmod/Gaffney96,JkOkOXqQ0OcJ,0,0.3303418803418804
journals/sigmod/McHughAGQW97,_kQritXCbvUJ,0,0.28800529100529104
conf/vldb/Vaskevitch95,boJKiPCpIxkJ,0,0.3351164874551971
conf/vldb/JagatheesanMPW03,9UM3b_U8NMIJ,0,0.1984567901234568
conf/sigmod/FernandezS96,NHkz6RmPrD4J,0,0.4065527065527065
conf/sigmod/BerckenDS00,M4bJGWb_b7oJ,0,0.40984455439110806
conf/vldb/AgrawalPWZ95,bebOe4pVnmUJ,1,0.678528589203898
conf/sigmod/QuassWGHLMNRRAUW96,ln-VrVfiBtoJ,0,0.3240193934091572
journals/vldb/PapazogluK97,kFQl7LX8OQkJ,1,0.8471057096057096
conf/sigmod/Stonebraker98,Pjc8xwhCOgQJ,0,0.3346106867915379
journals/sigmod/Franklin98b,IF-DByZxDwUJ,0,0.27456907883926523
conf/vldb/GoldsteinR00,aLJ67MTKHsYJ,0,0.22954922179212958
conf/vldb/SubietaKL95,S9TKETHc7y8J,0,0.3212236533957845
conf/sigmod/ChakrabartiDI98,AUmbKDpid_IJ,0,0.3866259578544061
journals/sigmod/EisenbergM99a,bO9RbkuIhEEJ,0,0.33100885225885224
journals/sigmod/Snodgrass02b,9QmI_JaKDkEJ,0,0.3005270092226614
journals/sigmod/Liu01,ygFHW0aoYqYJ,0,0.2902380952380953
journals/sigmod/PissinouSEMOPSTD94,url:http://www.csa.com/partners/viewrecord.php%3Frequester%3Dgs%26collection%3DTRD%26recid%3DN9210576AH,0,0.1861842105263158
conf/vldb/CherniackZ98,uy491GhrFloJ,0,0.32230848861283645
conf/sigmod/GoyalHKMSZ97,gIqKv68WTZIJ,0,0.3253022106458292
conf/sigmod/WangZS95,QqtH6hKShTIJ,0,0.44036343732895455
conf/sigmod/RamaswamyRS00,vC8ePxLVI-wJ,0,0.3786637142960148
journals/tods/OliverS94,zAczQV37xxsJ,1,0.7679811253966449
conf/vldb/StohrMR00,3gurjeLnRDcJ,0,0.31179201820794744
journals/vldb/HansonCDERTX98,wUKJkyju1EQJ,0,0.34143024479264106
conf/sigmod/ZhangMCMR02,url:http://doi.wiley.com/10.1002/ev.1275,0,0.3567991261174754
conf/sigmod/PeiMHZ00,VBIk95QaMgEJ,0,0.33012578616352206
conf/vldb/KahveciS01,frMKnMtrsksJ,1,0.9577850877192984
journals/sigmod/CiliaB02,iZ49d5-O6zQJ,0,0.45929057710174637
journals/vldb/HarderR96,Xo1pC8kazg8J,0,0.31054622991587494
conf/sigmod/GangulyGR03,hOiOouCY3ZAJ,0,0.423942189055305
conf/sigmod/DeligiannakisR03,ceBu3Z6ZMXwJ,0,0.3611027971769575
conf/sigmod/HarinarayanRU96,wubaXvkwzk8J,0,0.3616370854976552
conf/vldb/FerrandinaMZ94,H-fW-k-0wVsJ,0,0.3549827770795512
journals/tods/SistlaWYS98,Cw5SSWeVJ54J,0,0.42685664529403444
conf/sigmod/Whelan98,bnhkewEqFhMJ,0,0.4089715516692853
conf/sigmod/Gettys95,hCtxmDI_dykJ,0,0.32739435583617615
conf/vldb/SindoniTABFGMPPT01,8KlfEnw-8zMJ,0,0.34697625588077424
conf/vldb/RizviH02,Hj4NRvtPDHwJ,0,0.26238569059464584
journals/sigmod/MeltonE01,XT3Zb79YjQYJ,0,0.2861904761904762
conf/sigmod/Jhingran00,JP9JP9fdxGkJ,0,0.3670818764568765
conf/vldb/SattlerGS03,rvJJHuoFovQJ,0,0.35110413736102175
journals/sigmod/MeltzerC98,9nvHLQAOuGUJ,0,0.33915394402035626
journals/sigmod/VelACM01,TGs5I-LE_GUJ,0,0.31451973951973955
conf/vldb/ShanmugasundaramGTZDN99,HwGtJYVLC9UJ,0,0.39308514079776224
journals/vldb/JagadishKNS00,TSntgmLOjDUJ,0,0.34739898989898993
conf/vldb/NaumannLF99,iEDcnfE18D4J,0,0.380079493728919
journals/sigmod/LabrinidisM01,QlBMVuCl96kJ,0,0.3911298901565219
journals/vldb/ShanmugasundaramSBCLPR01,MSw9OnOdcVEJ,1,0.747178130511464
journals/tods/Galindo-LegariaR97,g4p3K22hY_oJ,1,0.7349116161616163
conf/vldb/Suciu96a,YgsE9dEuZsAJ,0,0.3414198606271777
conf/vldb/FlescaFM03,9esu1fHUJwwJ,0,0.34120425216647826
conf/sigmod/ShashaB02,2qvvCHg4EHQJ,0,0.29936589591762014
conf/sigmod/WangZS95,hZe-eDqB6J4J,0,0.41722972972972977
journals/sigmod/KiyokiKH94,ImlionaoDFUJ,0,0.3523983474668406
conf/vldb/LongS03,iskOnjIAfbsJ,0,0.32312669214843126
journals/vldb/LiR99,6uOdvMHd2CcJ,0,0.2914539961953756
journals/vldb/FiletoLPAM03,HtLil2C_e5wJ,0,0.3433852258852259
conf/vldb/ChanGR02,tvi_iYz-A8oJ,0,0.3915827843751231
journals/tods/MayL02,oYuQ4eTAvvMJ,0,0.3802535045906619
conf/vldb/Malaika96,wDI1Xo3Fc7AJ,0,0.3357333333333334
journals/vldb/Guting94,mQp5jjo-npAJ,0,0.4480831609121083
journals/sigmod/KuanL99,3183A_lhVmQJ,0,0.38734429904277234
conf/vldb/Galindo-LegariaJWW03,-3LEFj2dY-UJ,0,0.2949433982509791
journals/sigmod/HummerLW02,t2SDd9iPwnMJ,0,0.42269351149632844
conf/vldb/AggarwalY02,u03oQbB0y-oJ,0,0.33529066964139786
conf/vldb/LakshmananSS96,XPjpq3h5BhUJ,1,0.6314331501831502
conf/vldb/ChaudhuriW00,8m4X_FcBdF0J,0,0.30976216376851895
conf/sigmod/GrayHOS96,cS8_6Qp-JYUJ,1,0.647275433328065
conf/sigmod/BarbaraI94,7N0H3ra1FFsJ,1,0.7619484702093398
conf/vldb/WeikumMHZ02,W_b-Eo5VaOgJ,1,0.9362460266519959
conf/sigmod/ReveszCKLLW00,bx_A3QEqKhEJ,1,0.7793714858319881
conf/vldb/ManolescuFKXO00,HGxLn1SaTXYJ,0,0.37110784929919943
conf/vldb/NgY94,Uny-rlVr5-MJ,1,0.6049032698748459
conf/vldb/RoussopoulosK98,r1sqj1QVpIAJ,0,0.33763888888888893
journals/vldb/DeWittNSV96,wpE1TRHh_KQJ,0,0.32266201804758
conf/sigmod/ChristophidesCM96,9cze45KfVdUJ,0,0.3178642497919607
conf/vldb/DesslochM97,oxwXhKyLH3wJ,0,0.33090950631163524
conf/vldb/ParkMC02,KpLo16dtaeoJ,0,0.35544800922498765
conf/vldb/CasatiDGS01,url:http://www.csa.com/partners/viewrecord.php%3Frequester%3Dgs%26collection%3DTRD%26recid%3DN9210566AH,0,0.36054477227750886
conf/vldb/ZengBNN01,R3cHBC1e5DEJ,0,0.3495727344992051
conf/vldb/PapadiasTS03,r3Td_K_A2J4J,0,0.3343073649021229
journals/sigmod/TheodoridisN00,kKvl443qwe4J,0,0.374384701342763
journals/sigmod/KuanL99,BZfdROjhbhwJ,1,0.8463496844520942
journals/tods/TendickM94,_ZqWZi72FLcJ,0,0.35568642350557245
conf/vldb/Bayer95,6jvgr26CcmkJ,0,0.36944727891156465
conf/sigmod/BabcockBDM03,X61tvWGyvbAJ,0,0.5031803781803782
conf/vldb/BaulierBGJGKKMMNNRSS98,1tKWKmyczaYJ,0,0.35628994125288715
conf/vldb/HinneburgLH03,ugIlHOBNhhoJ,0,0.332155118208669
conf/sigmod/YerneniLGU99,H7WRDjhwQxIJ,0,0.3119343292872705
conf/sigmod/MaddenFHH03,dOuij_QCOMUJ,0,0.2876202441414952
journals/sigmod/Segev94a,bEcWOadl71cJ,0,0.28416764250040233
journals/vldb/HuangDT99,XP9DzXtpAR8J,0,0.3298651669190281
conf/vldb/KahveciS01,qjwy38hCaMgJ,0,0.3055645743145743
journals/sigmod/PissinouSEMOPSTD94,ZsUpDroAFBQJ,1,0.30386740331491713
conf/sigmod/ConsensM94,S96r8doginAJ,0,0.3506657879247079
journals/vldb/AlbanoGO95,1dbUaQY8eEgJ,0,0.3334021194290073
conf/sigmod/KiepuszewskiMO98,rq0Thaf1znAJ,1,0.7566938405797101
conf/vldb/Schek00,url:http://portal.acm.org/citation.cfm%3Fid%3D1031570.1031579,0,0.4033982683982684
journals/sigmod/Barbara01,IRddDOImJF0J,0,0.21435897435897436
conf/vldb/ShengBDM02,8GNypG_TKlcJ,0,0.3609189908322857
journals/vldb/GrefenVA01,5LUqH21V4-YJ,0,0.33952367589590093
conf/vldb/JagadishKNS99,_8u3tglG57YJ,0,0.3042356013551666
conf/vldb/StillgerLMK01,a8GdqPKOJHcJ,0,0.3104810744810745
conf/sigmod/IoannidisLANT97,bbr1Xk0-hH8J,1,0.673556087383407
conf/sigmod/Weininger02,Thv-yCEowS0J,0,0.3334321475625824
journals/tods/BohlenJS00,nhURMzTkyaoJ,0,0.34957642618932944
conf/sigmod/ZaianeHLCC98,5NWajfZBQhAJ,0,0.3192425976800977
conf/vldb/AnanthakrishnaCG02,FFKP2GRm2LEJ,1,0.9833333333333334
conf/sigmod/DanielsDDEHJJLSSS94,piu88authDgJ,0,0.3550657632025557
journals/sigmod/Snodgrass98,CWlEleucrqcJ,0,0.1020618556701031
conf/sigmod/SionAP03,9NSJ60mSACsJ,0,0.3944501372839023
conf/vldb/JagadishMN99,nPMGiIM4L3cJ,0,0.3266397849462366
journals/tods/FranklinCL97,sSD8M_kYZAUJ,0,0.41205128205128205
conf/sigmod/BorkarDS01,ZUogvNDfHxQJ,0,0.3629861111111111
conf/vldb/Kuhn03,kdCVTDMln4kJ,0,0.3032828282828283
journals/sigmod/DunhamH95,WBa-ChZ2fdEJ,0,0.3289983904009365
conf/sigmod/CareyK97,F0VufxHFRP8J,0,0.38043439704430415
conf/vldb/SetzerZ94,1tmW1mOCZqIJ,1,0.8543859649122807
conf/sigmod/SzalayGKT00,GYR0v7CFkP0J,1,0.940952380952381
conf/vldb/ChungCLL01,JEbEHXTatQwJ,0,0.36419613185014205
conf/vldb/AgrawalCN00,Jx63MEaw52oJ,1,0.7287096774193549
conf/sigmod/BilirisDGJR94,3Lzo6p8X-n4J,1,0.8974887690925428
conf/sigmod/AdaliBSS98,rkCKzi1v0-0J,0,0.381391446106636
conf/sigmod/NybergBCGL94,TFcyeBYkfwAJ,0,0.3276402004482385
conf/sigmod/AdelbergGK95,H9-zPx6eVaIJ,0,0.36467487849840796
journals/vldb/Sciore94,jzVXJuFGQnsJ,0,0.2914220272904484
conf/vldb/BlokWZPAKJ01,4Vqd4MmE0P8J,0,0.36529787730976193
conf/vldb/LakshmananPZ03,UC1ad6xOmvQJ,0,0.3940590744091252
conf/vldb/GuptaHQ95,url:http://doi.wiley.com/10.1002/ace.130,0,0.3680262069565975
journals/sigmod/GobleR02a,IRzjh5j7FGsJ,0,0.3860607803886353
conf/sigmod/Chakrabarti99,CqvUVnX2OLgJ,0,0.2416666666666667
conf/sigmod/CherniackZ96,aQc379dSLlIJ,1,0.7746631598375784
conf/sigmod/Doherty98,IHPe8vg5UFcJ,0,0.3817762004683788
conf/vldb/CotterB00,Jvjpmr-7HAkJ,0,0.3663970825274017
conf/sigmod/DogacHKOONDMAKE96,SYV3r4_a5EsJ,1,0.7168516345788021
journals/sigmod/DarwenD95,dRjSn10qk9wJ,0,0.30307860998650477
conf/vldb/Pound99,RYItbxPlRlMJ,0,0.3694047619047619
conf/sigmod/GarofalakisGRSS00,kCH4ZzrozMkJ,0,0.43266557034981645
conf/sigmod/PapadiasTSE95,Tx-YrdLDYMQJ,0,0.376125
conf/sigmod/DobraGGR02,url:http://www.csa.com/partners/viewrecord.php%3Frequester%3Dgs%26collection%3DTRD%26recid%3D1030382CI,0,0.3363392600795701
conf/sigmod/ArasuBBDIRW03,url:http://www.ingentaconnect.com/content/els/08830355/2001/00000035/00000003/art00021,0,0.38806653545459513
conf/sigmod/IoannidisL94,dDHNsS9sisEJ,1,0.950333850931677
conf/sigmod/MissikoffT94,HxQoc9PkFOMJ,0,0.3915717496920123
conf/sigmod/LakshmananNHP99,FfYkDJrlW4wJ,0,0.45877834030376397
conf/sigmod/ChandrasekaranCDFHHKMRS03,nNN2b3AcrtYJ,0,0.3810469632768362
conf/sigmod/BerchtoldBBKK97,5Bwi9FFjCkYJ,0,0.3095844292818919
journals/vldb/ChakrabartiRS03,VQyVpfyNA38J,0,0.3674338624338624
journals/tods/WijesekeraJPH03,qwhCauZB76MJ,0,0.34120370370370373
conf/sigmod/CareyDFHMNSSTTWZ94,GJ_7cqL0d70J,1,0.5450572492223273
conf/sigmod/ZhangRL96,K-vThVRBOdEJ,0,0.39232081562602156
conf/vldb/JagadishKMPSS98,d_dnCeYzXdsJ,0,0.35609574000878347
journals/sigmod/McClatcheyV97,_lCYrsJ1UxEJ,0,0.26858974358974363
conf/vldb/MillinerBP95,hOnXVRUkILsJ,0,0.43539226376708845
journals/vldb/MihailaRT02,LE5hvSFBCxUJ,0,0.4097449884064246
journals/vldb/BarbaraI95,GXhaGGajWZkJ,1,0.8306510206435245
conf/sigmod/DeshpandeNGS03a,8Xq9qerJCwUJ,0,0.4221588332143252
journals/sigmod/SureSS02,pq0JGxDVca8J,0,0.36215211117385027
journals/sigmod/Critchlow01,0m-dxWFSDycJ,0,0.18602941176470592
journals/sigmod/CarmelMS01,P4y4lRVhOuoJ,0,0.3510752688172043
conf/sigmod/HanPY00,OaU-bCO5hnwJ,0,0.34871387244707513
journals/vldb/MehrotraKS97,t2JZTC9_SX4J,0,0.31478354978354983
conf/vldb/MaedaT01,3ojH_EB68dwJ,0,0.34875722232466655
journals/vldb/KemperK95,Xb6Yi6_et0kJ,0,0.387442816940981
conf/sigmod/PangCL94,oKj8jomWcNkJ,0,0.3702042946188597
conf/sigmod/HanPY00,toEy-aJI6fAJ,0,0.33439409006386933
conf/vldb/George98,url:http://doi.wiley.com/10.1002/he.164,0,0.2855200501253133
conf/vldb/DayalHL01,0XYRlW9tvw8J,1,0.9833333333333334
journals/sigmod/GolabO03,jGb8C7wu8aYJ,1,0.8372222222222223
conf/vldb/WangZ00,WLNXlwFRHy4J,0,0.2883431989147861
conf/sigmod/Aggarwal03,hHlX8JsE3ywJ,0,0.40187912087912087
journals/vldb/KrivokapicKG99,VGodNh5ztPkJ,1,0.8226067846493437
journals/sigmod/Bussche00,Biwrjz4WsCIJ,0,0.3518790849673203
conf/vldb/VenkataramanZ98,1qc5YYmUHXAJ,0,0.363086013888964
conf/vldb/RiedelGF98,DFXKdJJtFsQJ,1,0.7437007874015749
conf/sigmod/GeneserethKD97,OhiGJ7Gy3KgJ,0,0.40036033411033417
journals/vldb/PacittiS00,QAISVBqeaxwJ,0,0.3208194458194459
conf/vldb/AgarwalADGNRS96,iX8lBZBEgSwJ,1,0.6239651075755384
journals/vldb/ChakrabartiDAR98,0EbuWDceVnoJ,1,0.759493670886076
conf/sigmod/DeshpandeNGS03a,0Dt69b7cNtsJ,0,0.3337789412484535
conf/sigmod/MoonWH02,To3ytn2SaioJ,0,0.3366826156299841
conf/sigmod/NatsevRS99,Uq6TyvdJBsYJ,0,0.4510068010408759
conf/sigmod/Cattell94,nN4KC3qcGa0J,0,0.3104326676907322
conf/sigmod/LometW98,5SmDfJWfFvUJ,1,0.7855370436015598
conf/sigmod/LuWYBLY02,8-aExB_VmiIJ,0,0.2875577257930199
conf/vldb/DingGS00,UZBoDXflaXoJ,0,0.40362350694419
journals/tods/AndriesCPB01,6gK7k-OqgEUJ,1,0.6863636363636364
conf/sigmod/SeidlK98,vzKiDzUEQmQJ,0,0.33308588761174973
journals/sigmod/KoubarakisTID03,VtCTqej5JSQJ,1,0.9750000000000001
conf/vldb/FuhDCMTLDRM99,h8hdYUoaTz4J,0,0.36036735700197237
conf/sigmod/CeriFPP95,idzlYUIw_hwJ,0,0.3997712624283838
conf/sigmod/ColbyGLMT96,tldMVXRTSrwJ,0,0.3579842125529457
conf/vldb/SavasereON95,u5IqiSYfNCwJ,0,0.4153361344537815
journals/sigmod/StolfoLCFE01,lvIPWxkN4YAJ,1,0.9734782155513865
conf/vldb/Vaskevitch95,NEEnKUsnNUMJ,0,0.3265522875816994
conf/sigmod/BilirisDGJR94,rpZaDUsLS5MJ,0,0.4024383691954447
conf/sigmod/ReinwaldP98,E9i1t00_OogJ,0,0.3571683021279795
journals/sigmod/DiazJPa94,sG7PCEiN2xAJ,1,0.9137914230019495
conf/vldb/DeWittKLPY94,WbnSYesbN8QJ,1,0.7012043512043512
conf/sigmod/OzdenRSS96,KnKA2Cpk9a4J,0,0.38585637950217283
conf/vldb/TreschPL95,L9dW7LT7mx8J,0,0.36323355644987526
conf/sigmod/KalnisP01,yOYGgVie5CsJ,0,0.3927583979328165
conf/sigmod/Agarwal96,cIk07SwjAgcJ,0,0.33396011396011394
conf/vldb/Sarawagi99,yfjKkIhvfXcJ,0,0.31597222222222227
conf/sigmod/Ramakrishnan00,uLiEqn5nA_IJ,0,0.4142349089266898
journals/sigmod/MaelbranckeO95,url:http://portal.acm.org/citation.cfm%3Fid%3D212433.220209%26dl%3DGUIDE%26dl%3DACM%26type%3Dseries%26idx%3D212433%26part%3DProceedings%26WantType%3DProceedings%26title%3DSymposium%2520on%2520Principles%2520of%2520Database%2520Systems%26CFID%3D11111111%26CFTOKEN%3D2222222,0,0.3668100015926103
conf/vldb/ArunJ98,B3E3_clrrrYJ,0,0.3850114811402162
journals/vldb/HalkidiNVV03,jpJMa9UNggoJ,0,0.36977794663964875
conf/vldb/BaralisPT97,tyNO4U-fmrIJ,1,0.8008333333333333
journals/sigmod/RossAJS02,HJn8phLF4goJ,0,0.17476635514018696
journals/tods/ZobelMR98,AvV6lMEBGWsJ,1,0.8875944291289248
conf/vldb/ZellerK02,28JpFC5tACAJ,0,0.3204230815133071
conf/vldb/GravanoG95,XJSdGKO2i28J,0,0.3362197048925887
conf/sigmod/GarofalakisG02,hO_32Nq5uMkJ,0,0.3527044799026223
conf/vldb/CarinoOBS99,ai3aZn2GQQEJ,0,0.31789533435874895
conf/sigmod/Chong98,url:http://portal.acm.org/ft_gateway.cfm%3Fid%3D1083691%26type%3Dpdf,0,0.3581245644599303
journals/vldb/SivasankaranSTPR96,vOMftlBcthQJ,0,0.4327124871907481
journals/sigmod/GerlaX03,TZ9F0aDrp_IJ,0,0.3227081076200795
conf/vldb/HardingLM03,V84ijWbsRPQJ,0,0.36656525165313325
conf/sigmod/ChenGMV02,_97IHVhDq-YJ,0,0.4233933144706171
conf/sigmod/HellersteinHW97,s8rEuoOQdQgJ,0,0.31558539264930174
conf/vldb/OConnellWG01,kka0y1urWDQJ,0,0.40577085651085404
conf/sigmod/BreitbartKRSS99,XndkyLSjcHIJ,0,0.45581103830031316
journals/vldb/TanGO00,uRTmVEmapA8J,0,0.32079990692103166
journals/tods/BaekgaardM95,Env_l859TVoJ,0,0.3404928290772211
journals/sigmod/Ozsu02a,jeVu8JxF9H0J,0,0.13943661971830987
conf/vldb/LiPHCAAT03,NtBrBYY7nA8J,0,0.3768664562599233
conf/vldb/SenkulKT02,DwfH-vQFJtkJ,0,0.39136780680110045
conf/vldb/SellisRF97,2VdxGfQWZMkJ,0,0.3637621883589171
conf/vldb/KumaranH03,n5MVJf7oo1wJ,0,0.3116918660535682
conf/sigmod/Ozsu99,rE2UklzR2g0J,0,0.37060526913468095
conf/sigmod/HammerGNYBV97,vuPFPZHDIP8J,0,0.35459365650755925
conf/vldb/IshikawaSF98,9MDCp_a1roUJ,1,0.816441332689522
journals/vldb/AguileraCMVV02,ACzmUwoGs6UJ,0,0.3502259612073552
conf/sigmod/OrdonezC00,GL8XEeYm7GsJ,0,0.4016942827287655
conf/sigmod/Brown99,url:http://portal.acm.org/citation.cfm%3Fid%3D234286.1057808,0,0.40828180733091846
journals/vldb/DiazJ97,gDveXD9MFCsJ,0,0.3814014202172098
conf/sigmod/MaddenH02,VqTL9bzyQscJ,0,0.3933425244023484
journals/vldb/HelmerM03,81KDJ5FJnrYJ,0,0.34664080451482027
conf/sigmod/ChanI99,uLiEqn5nA_IJ,1,0.8065854027861902
conf/sigmod/GuptaMR95,amW4UmNV33QJ,0,0.3733047103698761
conf/vldb/Sarawagi95,XytMOSOiq4IJ,0,0.33085122938064115
journals/sigmod/MeltonE01,-66rQAtXENEJ,0,0.36179803386692994
conf/vldb/DittrichSTW02,Gz0uaD8l3T4J,0,0.3251676023872286
journals/sigmod/Winslett02c,hwPiaqFIpgQJ,0,0.17229508196721313
conf/sigmod/LiuPBHPT00,EwwWi9eexLIJ,0,0.3325144643523703
conf/vldb/PapadiasTS03,PrPDd-L5t3kJ,0,0.31538323334583174
conf/vldb/VieiraM03,a_DdnIdhfAMJ,0,0.34341403600793224
conf/sigmod/MohanN94,SdeyMWlJnHIJ,0,0.3320762300505191
journals/vldb/DanYC95,RWrhmPd907kJ,0,0.3208865766094682
conf/sigmod/ZhangRL96,Q4JDSTBf5_oJ,1,0.7811169871794872
conf/vldb/JohnsonS94,9y4qaJj6olwJ,0,0.3351152402595527
conf/sigmod/HammerGIPUW95,JP4jIjmnUy8J,0,0.357977018764495
conf/vldb/PapakonstantinouAG96,BIF2jRwmL0EJ,1,0.6535171568627453
journals/sigmod/WestmannKHM00,BmJKyK7NlOoJ,1,0.8761192511192513
journals/sigmod/YanG95,5jkW0DzBV9cJ,0,0.3814359531764443
conf/vldb/Galindo-LegariaPK94,R4fJ14rUjAAJ,1,0.7698493190379601
conf/vldb/BrownG01,url:http://doi.wiley.com/10.1002/tl.159,0,0.3167808519982433
journals/sigmod/JensenCEGHJ94,ElXj_wVez0kJ,0,0.27221164021164024
conf/sigmod/AdaliBSS98,TqsKjhLxQuAJ,0,0.3382431457431458
journals/sigmod/ZobelMR96,oyCWMHBXjyEJ,0,0.3699238688816694
conf/sigmod/ChoG00,zmwPMSd8rGgJ,0,0.36626373626373626
journals/sigmod/KambhampatiK03,dQn8bvgR5hoJ,0,0.4362452887079753
conf/sigmod/BaulierBGGHJKKMMNNRSSSWW99,0Hqa98RoP5cJ,0,0.41862599274880813
journals/tods/LiuDL02,3sq1VHK1N9sJ,0,0.3265791062801932
journals/vldb/JagadishKNS00,RA2fTAESYuoJ,0,0.26886273448773446
journals/sigmod/SilberschatzZ97,FFrU-EN6kAEJ,0,0.3412863617993663
conf/vldb/ChaudhuriW00,u-8KapWYyWkJ,1,0.7724378881987578
conf/vldb/SayalCDS02,vZTgh9y6_TQJ,0,0.26291531764220843
conf/sigmod/KiesslingHFE01,_uRVwo5DgycJ,0,0.3694309419702791
journals/sigmod/ShethM02,3CvYY0iN8dcJ,0,0.4054143370528518
journals/tods/FraternaliT95,OLyxzHUtWhMJ,0,0.2606746031746032
journals/sigmod/BerzalM02,ekhj9lMrjR4J,0,0.37945322535730014
journals/sigmod/ChakravarthyAEFO03,wKRherlvStMJ,0,0.2823126220185044
conf/sigmod/GunopulosKTD00,LuKTsyrlQR4J,0,0.36777505000909255
conf/vldb/RothOH99,oQwo8TPoYHsJ,0,0.3319352507962428
conf/vldb/Mattos03,Zw2_ecmAtN4J,0,0.31144668737060044
conf/vldb/LabrinidisR01,BYAyZpRK7k0J,0,0.3814056974873872
conf/sigmod/DeolaseeKPRS01,5OTQGZ1gb18J,1,0.8612918002748512
conf/sigmod/VriesMNK02,dDVLln9QGUsJ,0,0.2903560888474682
conf/sigmod/GillmannWSWW00,L61_1TEGBLYJ,1,0.9813630952380953
journals/sigmod/BallMRZ02,cdhHAEVhrcoJ,0,0.36688237894994313
conf/sigmod/ShatdalN95,nbU59lK7JJYJ,1,0.9934415584415586
conf/vldb/GehrkeRG98,44R_vYrStiQJ,0,0.35088144215881445
conf/sigmod/KatayamaS97,VP4IxBOFXA4J,0,0.3246716613897604
journals/vldb/LometS97,url:http://portal.acm.org/citation.cfm%3Fid%3D171926.172025,0,0.3526891198032534
journals/sigmod/GuptaHR97,sSvWYnhUVxIJ,0,0.3666149068322982
conf/vldb/MiningGroup96,wSR1F6mDIqoJ,0,0.19299023957409053
conf/vldb/ShuklaDNR96,gTSn7nMr9dQJ,1,0.763595123544785
conf/vldb/ChavdaW97,Pj-5nxE3mn8J,0,0.3066106284856285
journals/sigmod/FengJH01,N195RG0Jd2AJ,0,0.30859788359788365
conf/sigmod/Epstein95,gzTVIb7MIjwJ,0,0.17853773584905666
journals/sigmod/OrlandicLS02,io-vOg38HE0J,0,0.36394724556489266
conf/vldb/MatiasVW00,FsGD-mNIagkJ,0,0.300863603988604
journals/sigmod/KantM00,2sOVHZTXJXIJ,0,0.19642857142857142
conf/vldb/MuthOPW98,cy0zVqmNba4J,1,0.8332107843137255
conf/vldb/AilamakiDHW99,3fPebO3t6hsJ,0,0.32613923125452
conf/sigmod/Brown99,itP4yy9sLUUJ,1,0.8
journals/sigmod/CabreraLM01,r1opsyU9yIYJ,0,0.28584124544269474
conf/sigmod/Ullman03,PTgehCE4RH4J,0,0.3592401960784314
journals/vldb/HuangDT99,CVtn-Iitao0J,0,0.3563074249358575
conf/sigmod/VingralekBW94,ctmv5JHHDtYJ,0,0.2854152352765006
conf/sigmod/AbadiC02,K3k7DcJ-6J0J,0,0.416437728937729
conf/sigmod/WangZS95,7ppAScAyOPkJ,0,0.3058730158730159
conf/sigmod/BunemanDHS96,Da60jinzi-IJ,1,0.7755520794994479
journals/sigmod/NadoH97,y5rQJNMxx9gJ,0,0.40699628278984556
conf/sigmod/GarofalakisG02,url:http://www.springerlink.com/index/X256555608656055.pdf,0,0.30489285714285713
journals/tods/KossmannS00,url:http://doi.wiley.com/10.1002/ace.8207,0,0.37534540576794106
journals/sigmod/Ouksel03,zZYrp5PGaTIJ,0,0.2770528083028083
conf/vldb/HelmerWM98,7jEt-szAguYJ,0,0.2787400686572774
conf/sigmod/MohanN94,H0CQaW9XLT0J,0,0.40531017270765346
conf/sigmod/ChristophidesCM96,FkkGJCc2RbgJ,0,0.4188250581395743
conf/vldb/HanF95,EWdjCIv1enwJ,1,0.7024193548387097
conf/sigmod/HarinarayanRU96,s5XC5TE5kxQJ,0,0.2910102386494824
conf/vldb/StohrMR00,TLsHBTC2d-YJ,0,0.3075668726688204
journals/vldb/PapadiasS94,f6gfB1YJtAAJ,0,0.3655100658149439
conf/vldb/GibsonKR98,url:http://portal.acm.org/citation.cfm%3Fid%3D223784.223865%26dl%3Dportal%26dl%3DACM%26type%3Dseries%26idx%3D223784%26part%3DProceedings%26WantType%3DProceedings%26title%3DInternational%2520Conference%2520on%2520Management%2520of%2520Data%2520and%2520Symposium%2520on%2520Principles%2520of%2520Database%2520Systems%26CFID%3D11111111%26CFTOKEN%3D2222222,0,0.37211608461608464
conf/vldb/KeidlSSK02,dTval1yE6p8J,1,0.9833333333333334
conf/vldb/XinHLW03,di5Q4ZyBHpkJ,0,0.3499889008609939
journals/sigmod/EisenbergM98a,hl1q4BlVvlcJ,0,0.34435711645195755
journals/tods/StolboushkinT98,xDufxGgFtOgJ,0,0.4075133160319674
conf/vldb/Moerkotte02,vuuzUzVRnTsJ,0,0.3241195488142053
conf/vldb/CareyHMW96,Nz8zwxjBoyYJ,1,0.881289064183801
journals/tods/BeneventanoBS03,ZhCenyFgEyoJ,0,0.2768460544623335
conf/vldb/ShiSZ03,SwjBQ2YUJjoJ,0,0.33285162549868436
conf/sigmod/ChristophidesCS00,Xssa5A6mJ1UJ,1,0.844684072495246
journals/sigmod/RossIJP00,url:http://www.csa.com/partners/viewrecord.php%3Frequester%3Dgs%26collection%3DTRD%26recid%3D200404210602MT,0,0.1948
journals/tods/Chen95,vLTxfUajPGQJ,0,0.322514619883041
conf/sigmod/Adelberg98,url:http://portal.acm.org/citation.cfm%3Fid%3D48351.48358,0,0.3242333402798929
conf/vldb/GoldmanSVG98,b3H6Yt4f7hAJ,1,0.6706424505285986
conf/vldb/ChaudhuriS01,4bS3tvLQ-LAJ,1,0.5666666666666668
conf/sigmod/FreireHRRS02,1p-q7eofLWIJ,1,0.7841515595599943
conf/sigmod/GoyalHKMSZ97,XJSdGKO2i28J,0,0.4174009428969455
conf/vldb/GardarinST96,3PInuu87q-kJ,0,0.34391975308641975
journals/sigmod/Labrinidis01,C5Jfm5lkgj0J,0,0.32415223665223664
conf/vldb/BlottKS98,Qc2uUWCZugAJ,0,0.29584792250233427
journals/vldb/AgrawalHK03,NIdyiHRYNrIJ,0,0.3778452380952382
conf/vldb/KumaranH03,-E6PVa9gaoYJ,0,0.376488788988789
conf/sigmod/ShanmugasundaramNSR99,72QaFE5aAWoJ,0,0.3641379791528348
conf/sigmod/JagadishKS00,url:http://www.springerlink.com/index/MG76EHFRC3CMWL1X.pdf,0,0.3904718959148201
conf/sigmod/OrdonezC00,yWkfJz_YMPkJ,1,0.7704545454545455
conf/vldb/DavisonG94,ed2GTIj3wXcJ,0,0.39303594351732996
conf/sigmod/RajagopalanML98,wO6VeeLIXAsJ,1,0.9823376623376624
journals/sigmod/Hammer00,IopwjAMtfmMJ,0,0.15172413793103448
conf/sigmod/DobraGGR02,8TyeAhDYtAcJ,0,0.36758178485933796
conf/vldb/PoosalaI96,WqbmG1h2AkEJ,0,0.3053904656363673
conf/sigmod/ImielinskiVB94,1H_A7k3QsbQJ,1,0.9017543859649123
conf/sigmod/DarEGP98,m_rkrhc73ywJ,0,0.2966975925147183
journals/vldb/ClaussenKKW00,xaMoGOQ1F-EJ,0,0.3279151995176336
journals/sigmod/Sidell96,url:http://www.csa.com/partners/viewrecord.php%3Frequester%3Dgs%26collection%3DENV%26recid%3D8913266,0,0.35406401017782707
conf/sigmod/LoR94,a3j5YRXnPIQJ,0,0.36651420892874415
conf/sigmod/KiepuszewskiMO98,9ee83FN6HvsJ,0,0.2972763655864839
conf/sigmod/GrayHOS96,92XgZkibRYwJ,1,0.7974073917369348
conf/vldb/BassiliadesV95,P0QbmunsVy8J,0,0.3581478899423684
journals/vldb/C95a,xcRKDHBIUb8J,0,0.08571428571428574
conf/vldb/RizviH02,9G33mEkjeKUJ,0,0.3810215053763441
journals/sigmod/BunemanLSTW94,pqYgegyQF_oJ,0,0.31418831419570686
conf/vldb/Mohan99,qnbTFUCT0aAJ,0,0.3101553848283499
journals/tods/WijesekeraJPH03,a0iD5vx47hQJ,0,0.3593767708166812
conf/vldb/CarneyCCCLSSTZ02,w6tFyHB7ptUJ,0,0.35808813761194713
conf/sigmod/HernandezS95,zHwWuE8A76gJ,0,0.3725651155702093
journals/sigmod/Ozsu03,xGSC5VO_KjEJ,0,0.1033333333333333
conf/vldb/Cluet03,url:http://www.csa.com/partners/viewrecord.php%3Frequester%3Dgs%26collection%3DTRD%26recid%3DA9640118AH,0,0.2696850822708946
conf/sigmod/HsiaoN00,TpC-5fkTB6sJ,0,0.39370525988173055
conf/vldb/Galindo-LegariaPK94,FWsvUWPVXgEJ,0,0.3290855762594893
conf/vldb/GuntzerBK00,DDyZXuEtGiwJ,0,0.37459045584045586
journals/tods/FormicaGM98,Aiy1CuDyBNQJ,0,0.36781409481600863
journals/sigmod/RashidS00,J4sCIAjJFhwJ,0,0.3511904761904762
journals/sigmod/Widom94,avCc9NSPiwIJ,0,0.3651820728291316
conf/sigmod/HammerGIPUW95,JN1q2tNlqi8J,0,0.39011610124123597
conf/sigmod/BohmA96,k60F6622RlwJ,0,0.31876044277360066
conf/vldb/KornSFSP96,JXDBWOqcIlIJ,0,0.35339345212226564
conf/vldb/AbiteboulBBCCDMMP03,Y7_AjJ89DaEJ,0,0.3220093080736645
conf/sigmod/2000,Gw9dumy3hRIJ,0,0.20602284527518178
journals/tods/JacoxS03,BotVccAUkv8J,0,0.3291896508751634
conf/sigmod/BunemanM95,_exQCqK727EJ,0,0.3427674633660549
journals/vldb/LandauST95,N9d3F0NvbcEJ,1,0.8500061425061426
conf/vldb/LahiriSCMC01,fAy6r3pLqOwJ,0,0.3572659828094611
conf/vldb/OzsuLON01,qqdXmdgAaMgJ,1,0.8303606237816765
conf/vldb/ConradGJM02,mL-EmtOtcgEJ,0,0.24329368663675016
conf/sigmod/Brewer98,ugLxyOa7qUYJ,0,0.37646720969089387
journals/tods/DattaVCK99,VaO8O5WO0IcJ,1,0.7714248941032609
conf/sigmod/AggarwalWY99,Bp6MOaqVzHYJ,0,0.365348254198381
conf/vldb/LuoN01,w7aYR3jPtuAJ,0,0.3468545751633987
conf/sigmod/KalnisP01,CCSnKcFegHQJ,0,0.3579743650303404
conf/vldb/TamuraK99,N0yBbMrpeUwJ,1,0.7695298116735623
conf/sigmod/MelnikRB03,HhdW2CaIIZwJ,1,0.8447478372427664
conf/vldb/GionisIM99,-hSrbJOfGIcJ,0,0.2947101911819654
journals/sigmod/Grohe02,3Kulb8dutZgJ,0,0.34509223509223513
conf/sigmod/MarklL02,b-HPvd6xzsoJ,0,0.31741611538232317
conf/vldb/AggarwalY02,fTBaM_Jaf4wJ,0,0.3291214760097588
conf/vldb/SeegerBBKSDS01,vZVyzSgsdcAJ,0,0.3574899936664643
conf/vldb/BestavrosB95,lGyhpsPV6ogJ,1,0.8583333333333334
conf/vldb/CarinoOBS99,47kAOej6WIQJ,1,0.7031113195747344
journals/vldb/StonebrakerALPSSSY96,dWgXDMGuFd4J,1,0.8555611664295876
conf/vldb/DoR02,poUtz1rrj6kJ,1,0.7767399267399268
conf/vldb/SeshadriLR96,YldQHhxdfocJ,0,0.36661967418546365
journals/sigmod/NascimentoM99,3ytw-QvDC4IJ,0,0.22384615384615386
journals/vldb/HalkidiNVV03,yEIHjCL5UykJ,0,0.3786020266042533
conf/vldb/PereiraFJLS01,Cd6A4nsDnkQJ,1,0.8310455349248453
conf/vldb/LuTD95,qX-uYKXVk7EJ,1,0.855701754385965
conf/vldb/YuSLJ02,eSXR7LCcGDcJ,0,0.26352813852813856
conf/vldb/Kotidis01,lRL4LmMtwnYJ,1,0.8583333333333334
conf/sigmod/WolfsonSXZC99,Mib0RzjUNC0J,1,0.7237137383689108
journals/sigmod/BerndtssonH96,SnHTguHH-fcJ,0,0.27092436974789913
journals/vldb/RamamurthyDS03,ZgOisAJCOgEJ,0,0.3387168133357158
conf/sigmod/KrishnamurthyBN99,yZPFN3DSYeUJ,0,0.37315476190476193
conf/sigmod/YangM97,19VIHSiMAXcJ,0,0.3586111111111111
conf/vldb/HeMYW03,cBe5X4EKjIEJ,1,0.8583333333333334
conf/sigmod/Pirahesh94,TA7XBwT0TcwJ,0,0.332973297329733
journals/vldb/GutingS95,ceBWKDUmKDAJ,1,0.6480952380952383
conf/vldb/SattlerGS03,MyAfiXdSGWAJ,0,0.3006629698506174
journals/sigmod/Vassilakis00,3vKOkoxzODUJ,0,0.3260671960438316
conf/vldb/LakshmananPH02,BCVYk3ACowoJ,0,0.33871723870601284
journals/sigmod/VassiliadisS99,UZT6VDiLF6wJ,0,0.35409151608479106
conf/sigmod/GotoK03,vCDpY0kzZYgJ,0,0.3270475020475021
conf/sigmod/Tajima96,OdfzSKRtPAwJ,0,0.42629273504273507
journals/sigmod/GalianoM03,a_k7dn3BCA4J,0,0.17500000000000004
conf/vldb/KornackerB95,Ca1_aZvusXYJ,0,0.30165525114155256
conf/vldb/GardarinST96,gq0RaiHHrLEJ,0,0.38092592592592595
conf/sigmod/Gettys95,oKgy-dm_l9UJ,0,0.2991300366300367
conf/vldb/TsurAADKW01,USBXg-_E4FgJ,0,0.34438176156896533
conf/sigmod/Ubell94,VIybK6Ynhf0J,0,0.388282698477601
journals/sigmod/Konig-RiesMMPPRSVW02,RREs5vRqqPsJ,0,0.21452380952380953
conf/sigmod/BarclaySG00,v6Rokk9Eht8J,1,0.7973259724845014
conf/vldb/BlottKS98,HEHDVY37j8kJ,0,0.34053571428571433
journals/sigmod/FininJ02,fVbTLeDsj0AJ,0,0.344959505541347
conf/vldb/Kuhn03,OwnTLRUjSwMJ,0,0.2825014854426619
conf/sigmod/NaumanS98,t6idcmH47swJ,0,0.34869778613199665
conf/sigmod/ClossmanSHKPB98,LXO9OXwthccJ,0,0.18333333333333338
conf/vldb/CherniackZ98,e5YmUa3cXZwJ,0,0.36214855211123875
conf/vldb/BonifatiCDS01,z1lfON1kBycJ,0,0.33922672672672677
conf/vldb/Gawlick96,io-vOg38HE0J,0,0.2597685185185185
conf/vldb/CooperSFHS01,hZ7qKD1MLNEJ,0,0.32606958061002184
conf/vldb/DarFJST96,U3sURDcacksJ,0,0.26785714285714285
conf/sigmod/RajagopalanML98,i3tfT_UsAg8J,0,0.37936016106747816
conf/vldb/MahnkeMS02,28J6cMuxLoIJ,0,0.3032861722132804
conf/vldb/HoelS95,_eI1gPrBtTEJ,0,0.3359321764556319
journals/sigmod/PapianiWDN99,4DFPZ6Bhet0J,0,0.4312003893686401
journals/vldb/Atkinson00,3Vd-HExv4gsJ,0,0.18214285714285713
journals/sigmod/Fagin02,C3swZi1md5YJ,1,0.9944444444444446
conf/sigmod/Keim96,AF9vuEJOr6cJ,1,0.9850000000000001
journals/sigmod/BargaL02,g-1Ve3ReXXMJ,0,0.30040151515151514
journals/sigmod/BuchnerM98,aSU30jPQiOMJ,0,0.34701839826839825
conf/vldb/GardarinST96,vDoIQ6Wlct8J,0,0.3423384518191898
conf/vldb/PfoserJT00,5irgbROyqwIJ,0,0.353963193669076
conf/sigmod/PeiMHZ00,PSbzNWRtPfQJ,0,0.3555489417989418
conf/vldb/DavisonG94,Cyo90MIIXGYJ,0,0.3508189867191343
conf/sigmod/ClaypoolRZSK01,0YTjrIdzTqEJ,0,0.44799735527377976
conf/sigmod/RossSS96,4QHlHUAeliMJ,0,0.3343395192232402
journals/tods/IoannidisR95,oHYg3VMBpToJ,0,0.4328213242719507
journals/sigmod/ButtlerCCFHLPRX02,0oMk6nWqFhUJ,0,0.4335336798787091
conf/vldb/CarneyCCCLSSTZ02,oMYaPHciq80J,0,0.3947591883975813
conf/sigmod/JosifovskiSHL02,caqllf_yhoUJ,0,0.33222431077694237
conf/vldb/ChienVZTZ02,SgUc7R0GR6QJ,1,0.842184786148502
journals/sigmod/Hoffner03,IaTXy-9dTsAJ,0,0.4041119120002616
conf/sigmod/Whelan98,hERRtM--HBkJ,0,0.400297619047619
conf/vldb/LuTD95,url:http://portal.acm.org/citation.cfm%3Fid%3D882082.882084%26dl%3Dportal%26dl%3DACM%26CFID%3D11111111%26CFTOKEN%3D2222222,0,0.32260734434647476
conf/sigmod/BrinkhoffKSS94,Cmq7lkkXNt4J,0,0.3193438003220612
journals/sigmod/Finkelstein95,uFVUuCgIk5wJ,0,0.27682745634552863
conf/sigmod/LoR94,3CMnzSHX7KoJ,1,0.8146271069037175
conf/sigmod/SrikantA96,KwgLlNLlaTcJ,1,0.7482905982905983
conf/sigmod/LiefkeS00,xsepj3WPacQJ,0,0.36162266793509856
journals/sigmod/MeltonMJKSZ01,E_eOZJYat6IJ,0,0.3771504360115337
journals/sigmod/LeveneP02,S6Z679-64uAJ,0,0.32322834645669296
journals/sigmod/SnodgrassACFLLORRSV99,QgR0DgMbdgIJ,0,0.31500000000000006
conf/vldb/CareyD96,lW_0wZmDIaIJ,1,0.6680787379653516
conf/sigmod/AcharyaAFZ95,2fO9nM2FoGYJ,1,0.6701680672268908
conf/sigmod/MaddenFHH03,qz24tfFNHuoJ,1,0.986515319306017
conf/sigmod/HacigumusILM02,frhLWBcm1vcJ,0,0.352251521001521
conf/vldb/BamfordAP99,WmtiDGY_BdoJ,0,0.34790956273873513
conf/vldb/MeccaCM01,5wnsmL9_Ck0J,0,0.380029716768479
conf/sigmod/RaoR00,ugZnwiGEcD0J,0,0.31708075449454765
conf/sigmod/FlorescuLMS99,Kf-LfDx-sekJ,0,0.4360752351097179
conf/vldb/YanL95,-wC9D3jzmBMJ,0,0.3304586563307494
journals/sigmod/RiekertMW97,shHIGwa3MoUJ,0,0.2990338164251208
conf/sigmod/ShashaB02,yChyZfgu2SwJ,0,0.3265406162464986
conf/vldb/ShashaB02,EmoELruF2scJ,0,0.36351637074051724
journals/sigmod/CheungF98,Tt2En36wfIEJ,0,0.34378646715603234
journals/sigmod/Chen94,i9U9DAQWm3sJ,0,0.3433371987181885
conf/sigmod/BilirisP94,QsPxm6zhtecJ,0,0.35277254951167997
conf/vldb/KriegelPS00,DOOggMfdGYoJ,1,0.7847008726040985
conf/sigmod/BhargavaGI95,AKQO2YNTRCgJ,0,0.42582328590949287
journals/sigmod/TanakaV01,F_QR5qMCmmIJ,0,0.33110902255639096
journals/sigmod/Kemper02,Y637VqfdczEJ,0,0.35003039677409425
journals/sigmod/Qian94,url:http://portal.acm.org/ft_gateway.cfm%3Fid%3D187462%26type%3Dpdf%26coll%3DGUIDE%26dl%3DACM%26CFID%3D11111111%26CFTOKEN%3D2222222,1,0.9944444444444446
conf/sigmod/CarinoKKB01,a9HFF_bwiH4J,1,0.8618154910509392
conf/vldb/AgrawalCN00,49BUF_66HgcJ,1,0.6163411624367571
conf/vldb/Norvag99,szXxWA8xBbIJ,0,0.2697769654202435
journals/vldb/Atkinson00,VG1x3yR4ZpwJ,0,0.1626984126984127
conf/vldb/OuzzaniAB94,2zi0IJdcZpgJ,0,0.32228839817952276
conf/vldb/ChaudhuriS96,oeyTuOgMtAQJ,0,0.38642875846332253
conf/vldb/Banerjee00,yKwcBq5iGUMJ,0,0.31322188449848026
conf/vldb/FaloutsosG96,9FaD4DYeeRMJ,0,0.4069323671497585
journals/sigmod/DAndreaJ96,AFQrSfPME-AJ,0,0.4120796747112536
conf/vldb/Shenker03,T75dvUTVzMsJ,0,0.38149915988473065
conf/sigmod/ChangH02,OuMumdGAaq8J,1,0.7401767785427423
conf/vldb/GrovlenHT98,bFYYOtv2qNMJ,0,0.259374804999805
conf/sigmod/KuhnTS94,ZR968mUeJI4J,0,0.2656130268199234
journals/tods/ShashaLSV95,5BnlJ0KTG-gJ,0,0.379302850288456
conf/vldb/LockemannKKKN97,TkPepQPPXpcJ,0,0.3182475671347623
conf/vldb/ChristodoulakisTZ97,TU0AzBLoE-YJ,0,0.29208366333069335
conf/vldb/CeriCW00,bDuu6x2n1tgJ,1,0.8240000000000001
conf/sigmod/Amer-YahiaCLS01,cI__jZiScegJ,0,0.2870403790949004
journals/sigmod/EisenbergM99a,xhgZ4Aex99kJ,0,0.42055811571940604
conf/sigmod/FukudaMMT96,h2dr3sCxVoEJ,0,0.3868233089674737
conf/vldb/OhuraTPK02,OsaFPJobOCAJ,0,0.33100148601554685
conf/sigmod/DogacTPPLKTK02,dpKEIXz_-9EJ,0,0.3897109194892112
journals/tods/ChrysanthisR94,zNTON2fdCV8J,0,0.3573352677642208
conf/vldb/LockemannKKKN97,url:http://portal.acm.org/ft_gateway.cfm%3Fid%3D1027581%26type%3Dpdf,0,0.28680295015653073
journals/vldb/GarofalakisOS98,byJ0lVRijnkJ,1,0.8650335669430664
conf/sigmod/LiGS02,I4nzFwhV_a8J,0,0.338319360608093
conf/vldb/VriesDBA99,gctYweHeMVwJ,0,0.3300554567095823
conf/vldb/SistlaYLL95,n1ixxafAD_EJ,1,0.7840056022408964
conf/vldb/HinneburgAK00,1ambq2RMGMoJ,1,0.9803030303030303
conf/vldb/Gibbons01,tYtl6ZxQ-_YJ,1,0.9591666666666667
journals/sigmod/Giorgini03,WiPGTjejI0kJ,0,0.19941520467836257
conf/vldb/CeriCW00,K1psyoQRPpgJ,1,0.7460199577816158
conf/vldb/AlonsoHST97,IhLYbSp29A0J,0,0.36320519435844517
journals/tods/DiaoAFZF03,CVQSGBNUQOMJ,0,0.38826089515321516
journals/sigmod/AbererCDDHPS03,hBrgosYDi3oJ,1,0.913353765940957
conf/vldb/MehtaD95,5x3igDVDD9gJ,0,0.310464494135813
conf/sigmod/StonebrakerH01,url:http://portal.acm.org/ft_gateway.cfm%3Fid%3D1083675%26type%3Dpdf,0,0.32048271363339853
conf/vldb/BalminPP00,CPZMW7O4pA8J,0,0.36322751322751323
journals/vldb/PapazogluK97a,nObV7pgGlJIJ,0,0.3256004158443183
journals/sigmod/Sidell96,url:http://portal.acm.org/ft_gateway.cfm%3Fid%3D245906%26type%3Dpdf%26dl%3DGUIDE%26dl%3DACM%26CFID%3D11111111%26CFTOKEN%3D2222222,1,0.9944444444444446
conf/vldb/StathatosRB97,Ce_bAhqO8EkJ,0,0.30910806049472933
conf/vldb/IyerW94,x2k6N7blYdcJ,0,0.3195365600046375
conf/sigmod/FegarasM95,2bu7GlExiJ8J,0,0.4276810190392868
conf/sigmod/AcharyaFZ97,NDzryNtTyL8J,1,0.6075168690958165
journals/sigmod/DAndreaJ96,c0D02SzWH9MJ,0,0.5150147819260797
conf/sigmod/ChristophidesACS94,W5Ch7V5niEEJ,0,0.40341313335994194
journals/tods/Subrahmanian94,UumKoUpnFSwJ,1,0.6473495332534235
conf/vldb/LongS03,zU4MULiFRrYJ,1,0.8583333333333334
conf/sigmod/DattaDRTV01,XNzmeWRWnAcJ,0,0.3633400553211874
conf/vldb/Sullivan96,pRqEPJ3OHc8J,0,0.3904040404040404
journals/sigmod/MaelbranckeO95,_FKSZiytB2AJ,1,0.9530791788856305
conf/sigmod/MaheshwariL97,sLYxv1rp3-sJ,0,0.32903485403485405
conf/sigmod/HanPY00,DKxx9BU2HsIJ,0,0.4518098798485046
journals/sigmod/GobleR02,url:http://doi.wiley.com/10.1002/he.10.abs,0,0.19000000000000003
conf/sigmod/AbadiC02,cEHWiuGUswkJ,0,0.3552564870034035
conf/vldb/AgrawalS94,ujWZNcj2qkgJ,1,0.69721870604782
journals/sigmod/HummerLW02,YWlzBMqlYbYJ,0,0.3910180813791584
conf/sigmod/BrinMUT97,8i4I4K2N5dMJ,0,0.37029304029304033
journals/sigmod/Liu03a,DlDtKpLI9rUJ,0,0.35234441602728045
conf/sigmod/AdyaGLM95,W-9QhxmyIoIJ,0,0.4067113095238095
conf/sigmod/ZhangNBB94,QmWmwrZOR0QJ,0,0.2805440069563327
conf/sigmod/Bussler02,FHxdIpXzPk4J,0,0.2065666666666667
conf/vldb/RamanRH99,HQuS5fNPqZYJ,1,0.7254693134747476
conf/vldb/CohenMKS03,uTVqF9CbsZMJ,0,0.3549255560810183
conf/sigmod/RinfretOO01,6WUEn1S-wLUJ,0,0.35713213829593143
journals/vldb/PacittiS00,yXCROrOo320J,1,0.8743243243243244
conf/sigmod/MaheshwariL97,tIn5XIu8si0J,0,0.39510027708140916
conf/sigmod/DeshpandeNGS03,aBiqHXGXoJEJ,1,0.8564392179636082
conf/vldb/PellenkoftLK97,wgLAZJAEZGMJ,0,0.3534036409856082
conf/sigmod/BorkarDS01,a9BwchkajwgJ,0,0.33422619047619045
conf/vldb/ChristodoulakisTZ97,LcnskFLgHy4J,0,0.291889808359794
journals/sigmod/MedeirosP94,5aANcyqvjJQJ,1,0.6094930121914958
journals/vldb/Seshadri98,QOZIguNHpT4J,0,0.3875179211469534
conf/sigmod/LahiriG01,2eJIgKjsQF4J,1,0.8
conf/vldb/BestavrosB95,FzewmmeVFhIJ,0,0.3839926204399889
journals/sigmod/Mendelzon98,iFz8ByPprC0J,0,0.31
journals/sigmod/RashidS00,mpswK2w1uqwJ,0,0.3780391090391091
conf/vldb/Kiessling02,url:http://www.csa.com/partners/viewrecord.php%3Frequester%3Dgs%26collection%3DTRD%26recid%3D1137846CI,0,0.3394400584795322
journals/sigmod/Loeffen94,f7613nVGeKEJ,0,0.3168686868686869
journals/sigmod/TanakaV01,BgNbzTia474J,0,0.304419066772008
conf/vldb/JohnsonA00,XagwI2rdvEUJ,0,0.3305956592573704
conf/sigmod/ChaudhuriGS03,3Mi8EeGnX-IJ,0,0.43537003971009763
conf/vldb/KriegelPS00,0vMkmzYwsx0J,0,0.32935660018993357
conf/vldb/NgH94,HLu7MvWb5rMJ,1,0.8148491457651764
journals/tods/ChrysanthisR94,7T5FFR6ShGcJ,0,0.3216575091575091
journals/tods/BellNNS96,-ZAKITqaNZUJ,0,0.3128404344193818
conf/sigmod/MerialdoAMMP00,Qq0WheHyVv8J,1,0.9872237196765499
conf/vldb/EvangelidisLS95,EbGZKQPyH_4J,1,0.8583333333333334
journals/sigmod/Kim99,hnJULGy3qDIJ,0,0.26481173864894797
conf/sigmod/Cotton02,1ymHdq7k7UgJ,0,0.3002083333333333
journals/sigmod/GottlobKP03,Pc1aU7JTKNIJ,0,0.344346675868415
conf/sigmod/NgLK98,AxRFsloy1hcJ,0,0.13628969427313603
conf/vldb/ZirintsisKM99,1A06w64wjvcJ,0,0.37935606060606064
journals/sigmod/RosenthalSMBTL95,url:http://doi.wiley.com/10.1002/he.51,0,0.3964231601731602
conf/vldb/ZurekS99,lRqFA3zxneAJ,0,0.32586110546636865
journals/sigmod/CherniakV03,7pB-JP1PC2wJ,0,0.19022556390977444
conf/vldb/RamakrishnanGRSWZ95,u6T2DeOiFigJ,0,0.12250253549695739
conf/vldb/DonjerkovicR99,mRIRFxOC8A8J,0,0.3786178287284148
journals/vldb/NguSHL01,f1ReFm4fS9UJ,0,0.35916212264896474
journals/sigmod/DoanPK95,c0TSepqRwwMJ,1,0.9890873015873017
conf/vldb/ChristodoulakisTZ97,IkGN_rqII0QJ,0,0.35533034228876853
journals/sigmod/Huyn01,gCsPS_1fwmYJ,0,0.4650062656641604
conf/sigmod/CherniackZ98,it9fvJ8a-4YJ,0,0.42811559250136844
conf/sigmod/GoldsteinL01,IpKCMqWRjDwJ,0,0.35212700385114176
conf/vldb/IdrisGC94,jcbMiQDuiLsJ,0,0.3602260890496185
conf/vldb/AgrawalS94,TOn7rwqUZP4J,0,0.4184799519476939
conf/vldb/AtzeniMM97,FWLthA3ur-0J,0,0.32133273066088586
conf/sigmod/Miller98,YMT5a0bB7AMJ,0,0.3852146464646465
journals/vldb/PanagosB97,Ht4Yl1kJuxIJ,1,0.8743243243243244
conf/sigmod/WangWYY02,vOspQVR0hwQJ,0,0.3540286927877947
conf/vldb/ChenRS95,4TMZhO1wdwsJ,1,0.7827546296296297
journals/vldb/StonebrakerALPSSSY96,FnypYUw9pwEJ,1,0.77963261327923
conf/vldb/Fox02,9MkfATNHK-gJ,0,0.3376079645341282
conf/sigmod/LoR94,PpyOTK673dwJ,1,0.781015037593985
conf/vldb/Keogh02,6sTO1cWgwP0J,0,0.25594662985967337
journals/vldb/TsatalosSI96,zt5Ck1PrGf0J,1,0.8682432432432433
conf/sigmod/AggarwalY01,_taRTInEzkIJ,0,0.3414509054895302
conf/vldb/ChaudhuriN97,v_bImeVtVPwJ,0,0.3435292022792023
journals/vldb/Li03,zz4vXtAff3AJ,0,0.32884489693313224
journals/sigmod/EisenbergM98a,7k3KiLBq7soJ,0,0.31109668109668115
conf/vldb/MendelzonV00,hJwI00DglvIJ,0,0.33034193284193286
conf/sigmod/AdiBEY01,url:http://portal.acm.org/citation.cfm%3Fdoid%3D375663.375759,1,0.8967436132432124
conf/sigmod/LakhamrajuRSS00,ca738lDKymIJ,0,0.34780092592592593
journals/sigmod/ShahMFH01,bU7wSVKvhscJ,0,0.4391962981687451
conf/vldb/BertinoBFS96,3jC3CvK2-T8J,0,0.31323949408404733
conf/sigmod/GrumbachRS98,Ylgi06yyFcoJ,0,0.34158909714333796
journals/vldb/KashyapS96,b2pZG5QihaYJ,0,0.29022239488224005
journals/sigmod/Aberer01a,B7Mw8CQYZTEJ,0,0.36469748088169146
journals/sigmod/LuoI02,url:http://portal.acm.org/citation.cfm%3Fid%3D601858.601879%26dl%3DGUIDE%26dl%3DACM%26idx%3DJ689%26part%3Dperiodical%26WantType%3Dperiodical%26title%3DACM%2520SIGMOD%2520Record%26CFID%3D11111111%26CFTOKEN%3D2222222,1,0.6000000000000001
conf/sigmod/LuWYBLY02,url:http://portal.acm.org/citation.cfm%3Fid%3D234286.1057837,0,0.3243012230728133
conf/sigmod/FaloutsosL95,MGWWncKT_owJ,0,0.3691365683301167
journals/sigmod/KoubarakisTID03,DkXeosKJlEMJ,0,0.4096219273835553
conf/vldb/BlottK02,DcSYGPdhxwoJ,0,0.37252694950247073
conf/vldb/HelmerM97,Des-PSLVQi4J,0,0.3806210726942435
conf/vldb/HelmerM97,v0HGx47N2nEJ,0,0.30397907647907646
conf/vldb/AgrawalK02,AzteHLioEnMJ,0,0.30575396825396817
conf/sigmod/KoudasS97,-efkFUfIjK0J,0,0.38476285846975505
conf/sigmod/LiuPTBBZBHY98,0e3PPUvtZ0MJ,1,0.7353631030804942
conf/sigmod/BlohsfeldKS99,2kYe3-xOboYJ,0,0.40823476702508965
journals/sigmod/ChakravarthyAEFO03,rGxBVJuZGjwJ,0,0.35028097798259084
conf/sigmod/GarofalakisGRSS00,fPf7i-ehQ-YJ,0,0.3918326947637293
journals/tods/GravanoGT99,aXLcAfb2y5kJ,1,0.9612903225806453
conf/sigmod/KemperMPS94,ChCPyLiBpr4J,1,0.7795705978968831
journals/sigmod/WolfsonSDNR95,qEl7ZsZgAzQJ,0,0.35521448775337894
conf/sigmod/YangWYH02,_s0fKoUqny0J,0,0.3132120215453549
journals/vldb/TurkerG01,Ouw7Up9-AvcJ,0,0.3729195071485439
journals/vldb/ChakrabartiDAR98,0akJbWzU7N8J,0,0.2569904743897937
conf/sigmod/TheobaldW02,OicK-ibcULAJ,0,0.3909530505726158
conf/vldb/Pound99,zWp_JdEQ8MgJ,1,0.8583333333333334
conf/sigmod/PengC03,3gllfyTLq6UJ,0,0.35921691508581755
conf/vldb/GrovlenHT98,H9YUokqdbl8J,0,0.2995132076973509
conf/sigmod/LuoEHN02,w6tFyHB7ptUJ,0,0.27556397306397307
conf/sigmod/GardarinMP95,VOxehNSHEWQJ,1,0.8577832292595897
conf/sigmod/RodriguezR00,CiXNx_52xCwJ,0,0.36632933856879263
conf/sigmod/CareyDNAGS97,vz6rR_u2H0oJ,0,0.35359031410345554
conf/vldb/LinR98,9qhYcGzQxC4J,1,0.8583333333333334
conf/vldb/BernsteinPS99,TmLbUIz6KjkJ,0,0.3779659797642254
conf/sigmod/KornJF97,dALgjUhfAeMJ,0,0.35344604223344994
journals/sigmod/Ozsu01a,9Zn0dh6lhxsJ,0,0.10521739130434783
conf/vldb/TatbulCZCS03,url:http://portal.acm.org/citation.cfm%3Fid%3D1101149.1101205,0,0.3905619905619906
conf/vldb/LakshmananPH02,7jC5y7Krk9sJ,0,0.3729749417249418
journals/sigmod/Bernstein98,AYEI8XDoY9wJ,1,0.9881944444444446
conf/sigmod/KornJF97,D1z6gOxdt2MJ,0,0.3045796409360661
conf/sigmod/Bonnet02,9AKh8QZcLrAJ,0,0.3270408163265306
conf/sigmod/BabyCY01,rNoNn5hWsroJ,1,0.7971153846153847
conf/sigmod/ChaudhuriD97,xrEgH_bWZYsJ,0,0.1916666666666667
conf/vldb/YagoubFIV00,195Hlqu94qEJ,1,0.9833333333333334
conf/vldb/ZemankovaI94,AI_fVKWNHyoJ,0,0.36674999999999996
conf/vldb/LudascherMP02,nh0Sz24nkF8J,0,0.3189763593380615
journals/sigmod/X95,OG3JVKIF2xIJ,0,0.27663043478260874
conf/sigmod/Al-KhalifaYJ03,boJKiPCpIxkJ,1,0.7983870967741936
conf/vldb/Chakrabarti02,_GhUt2dtkVgJ,0,0.22440476190476194
conf/sigmod/Bonnet02,08bwdEy_OY8J,0,0.3987140366172624
conf/vldb/StathatosRB97,26ebPZNrCnIJ,0,0.3540171311090947
conf/vldb/Bayer95,ci12sfusvLoJ,0,0.3524987555998009
conf/sigmod/ChoSG00,f1b7ayzpCSgJ,0,0.3102689793866264
journals/sigmod/Aberer01a,-HF_Z6YeQIwJ,0,0.2970340722495895
conf/sigmod/KornackerMH97,O81USJg2EhwJ,1,0.9614285714285715
journals/sigmod/BabuW01,MW9z00klLsAJ,0,0.2992777777777778
conf/sigmod/IvesFFLW99,ecpl52HcELwJ,0,0.41100828445156995
conf/sigmod/ChenRW02,url:http://portal.acm.org/ft_gateway.cfm%3Fid%3D959085%26type%3Dpdf%26dl%3DGUIDE%26dl%3DACM%26CFID%3D11111111%26CFTOKEN%3D2222222,0,0.47351924640824083
conf/sigmod/LiuFP03,EcNTcLfWvpcJ,0,0.35391797828684224
conf/vldb/ParkMC02,qUGuS7ucsHwJ,0,0.35442678846830755
conf/vldb/CosleyLP02,QTRms48svnYJ,0,0.4033588583472159
journals/sigmod/Franklin98a,o696R1xHJcsJ,0,0.2566145637162586
journals/sigmod/ChengP03,url:http://doi.wiley.com/10.1002/tl.89,0,0.4109417344173442
conf/sigmod/Doherty98,JsKYXyM6IaEJ,0,0.32080706958348787
journals/sigmod/Fagin02,TriLgFt_ETgJ,0,0.3747742200328407
conf/vldb/KraissW97,amMdliV7LmYJ,0,0.3700661375661376
conf/vldb/Greco98,bk_kmyqo3o8J,0,0.40316299392097266
conf/sigmod/KabraD98,7OyvdUHeptMJ,0,0.4197456598918637
conf/sigmod/WuAA01,url:http://www.csa.com/partners/viewrecord.php%3Frequester%3Dgs%26collection%3DTRD%26recid%3DA8622925AH,0,0.3511881249408286
conf/sigmod/SeshadriHPLRSSS96,Elpbl8vygYoJ,1,0.5716903073286053
conf/sigmod/GoyalHKMSZ97,OcGPxRYxbsUJ,1,0.7870967741935484
conf/sigmod/Suciu99,url:http://www.ncbi.nlm.nih.gov/entrez/query.fcgi%3Fcmd%3DRetrieve%26db%3DPubMed%26list_uids%3D372293%26dopt%3DCitation,0,0.11719810040705567
journals/sigmod/Ley00,H88ZLgwsiu8J,0,0.18539325842696633
conf/vldb/CuiW01,Wz715jHhThQJ,0,0.3803534588017346
journals/sigmod/RoantreeMH99,7YmqkRgbw8EJ,0,0.337877421695663
conf/sigmod/CranorJSS03,b0ayPKpqTwsJ,1,0.7857770464042826
conf/vldb/KossmannRR02,iGlztgiSTe4J,1,0.9833333333333334
journals/sigmod/MarchiLPT03,B0gGtPpx7uUJ,1,0.8715586915935348
journals/vldb/FiletoLPAM03,cDqOoa7WXiIJ,0,0.32779344193817883
journals/sigmod/SayginVC01,9uv0K6D3GNsJ,0,0.37626068038765315
conf/vldb/EsterKSWX98,url:http://www.ingentaconnect.com/content/els/09505849/1998/00000040/00000004/art00046,0,0.4131041181041181
journals/sigmod/SpynsMJ02,QhV2enShaz8J,0,0.35240255811943655
conf/vldb/GarofalakisRS99,Xm3ygCvkmN8J,1,0.9833333333333334
conf/vldb/AbiteboulACEMM99,4NPsBQIM3KcJ,0,0.364011897323753
journals/vldb/MuthOPW00,WFygKYK0NVQJ,1,0.8592173724526666
conf/vldb/KoudasMJ99,7Jv_oN7Plx8J,0,0.35023972248110186
journals/sigmod/Baeza-YatesN96,5XWWxb87_74J,1,0.9055555555555557
conf/vldb/ChoG00,Hd90xxjjPokJ,1,0.7565359477124184
conf/vldb/CarusoCGLM00,_5IeJDvaM6cJ,0,0.26011583841225194
journals/vldb/PapazogluK97,damRLjJVvpkJ,0,0.351437665403047
conf/sigmod/Vaskevitch94,_x-nxHMGC18J,0,0.3131084656084656
conf/vldb/BunkerCCMMW01,AcaygttDu4wJ,0,0.3637210468808893
journals/sigmod/BorgidaCS98,EZngTwTjDiQJ,0,0.1795309168443497
journals/vldb/AilamakiDH02,_dk4kC2EwFEJ,0,0.3405241291147332
conf/sigmod/JohnsonD03,5OYgUpRggiMJ,1,0.8
conf/sigmod/Suciu99,JQTeaBWzwy0J,0,0.12014749262536874
conf/sigmod/KriegelMPS01,tsPOU-H3A94J,1,0.7694280888030889
journals/vldb/GibsonKR00,9FBwT6XFOssJ,1,0.8743243243243244
journals/sigmod/Kim99,VMFe7r0og8QJ,0,0.3629032258064516
conf/sigmod/RamaswamyK95,zPhEE9iqXsoJ,0,0.3580401945724527
conf/vldb/IshikawaSF98,vWHF4NlcL_8J,0,0.3197476025062232
journals/sigmod/FrankNS02,wne0RSDi_hwJ,0,0.16854838709677417
conf/sigmod/IlyasRLGL03,hZo7t0zFVFsJ,0,0.28549087364876835
journals/sigmod/JensenCEGHJ94,9ccpmdcUA5QJ,1,0.5537470352125525
journals/sigmod/Franklin97b,hF4wfcItZEIJ,0,0.2538710507926
journals/sigmod/MaximilienS02,HqytuZsDNx8J,1,0.7698939235201676
conf/sigmod/WaasG00,EtmLqag8Y3cJ,0,0.39904586886209936
conf/vldb/Dayal99,B-q_Gc7lgUIJ,0,0.33560938760102793
journals/sigmod/HadzilacosT97,Sv-IPhEqi60J,0,0.40462580448424734
conf/sigmod/HellersteinA00,Gsb6dnkFBMoJ,1,0.9935403726708075
journals/sigmod/Ouksel02,sUGhLAkig4QJ,0,0.3675134202453988
conf/sigmod/RoussopoulosKV95,6F_cUJERo6sJ,0,0.3218491875044001
conf/sigmod/Aggarwal03,q3CrjW83wy4J,0,0.3389578353864069
journals/vldb/HalkidiNVV03,C_X4Frh2wHIJ,1,0.6731663803356681
conf/sigmod/NgLHP98,BsyjUnkzMkAJ,1,0.7279205362538697
conf/vldb/OhuraTPK02,crm7SR8JORoJ,0,0.4261337776156029
conf/vldb/WangZ00,yGZmGWILaz8J,0,0.3512064947436464
journals/sigmod/Rosneblatt94,D1RdxKP6_6YJ,1,0.7066840277777778
conf/vldb/PereiraFLS00,c1EswHCKugIJ,0,0.3396002744896209
conf/vldb/GoldmanSVG98,lhr1qunsYyMJ,0,0.31372853267335993
journals/sigmod/YanG95,tMXkkRDxvkQJ,1,0.9911835748792271
journals/vldb/MuckP97,YCa22FNFaWsJ,0,0.36270616004752754
conf/vldb/DeutschPT99,2bafas1GXWQJ,0,0.35737891737891736
conf/sigmod/BarclaySG00,Yiyko_0KiEIJ,1,0.6249005305039789
conf/sigmod/KornJF97,ftMd0zZVAV0J,0,0.4234741423451101
conf/sigmod/RajagopalanML98,iUtn70TmoZIJ,1,0.7919743655037773
conf/vldb/CormodeDIM02,HjwbHpPjvasJ,1,0.7656449206564493
conf/sigmod/PapakonstantinouV99,RXNrIdVGNlsJ,0,0.3453700967047782
journals/sigmod/TianDCZ02,vGBA3aJ8EDsJ,1,0.8018021390374334
conf/vldb/AbiteboulMRVW98,kuueK-yBQqMJ,1,0.7958845208845209
conf/sigmod/DasGR03,OnIDF7rxIZUJ,0,0.38266178266178263
conf/sigmod/Whelan98,ha3Q6Xord1cJ,0,0.3977967300820062
conf/vldb/Klots96,mSYylocyId8J,0,0.3612155388471178
journals/sigmod/Jarke95,LWKEP4vk1_EJ,0,0.31823409148990545
journals/sigmod/AbiteboulH95,url:http://www.csa.com/partners/viewrecord.php%3Frequester%3Dgs%26collection%3DTRD%26recid%3DN9210378AH,0,0.3669502431806458
journals/vldb/HansonCDERTX98,F6Ko8ZvWypUJ,1,0.8228661443310156
journals/sigmod/LacroixB03,2GWSe3ewRl0J,0,0.2636054421768708
conf/sigmod/Chamberlin03,l5Y7WQZn4BgJ,0,0.19775280898876407
journals/sigmod/Franklin98a,t9Kc_UuFiPsJ,0,0.2929489218805232
conf/sigmod/SeidlK98,dDgs0IjT7d0J,0,0.30502477606251194
conf/vldb/SimonD95,qedtE3Ujgd8J,0,0.40651739192252045
conf/vldb/PoosalaI97,X1gcckoWjK0J,0,0.3645831378803515
conf/vldb/Galindo-LegariaPK94,47fE4F2kahEJ,1,0.9734403839055003
conf/sigmod/LabioYG99,T5b_hdW7cAYJ,0,0.33400488400488404
journals/vldb/IoannidisNSS97,6QKLA7Lgu_8J,0,0.3182356532356532
conf/vldb/PossP03,ENb3jCRhOi8J,0,0.2952276481688247
journals/vldb/SaltenisJ02,hM920cBVn1wJ,0,0.3753806895932881
conf/vldb/Jacobs97,uy491GhrFloJ,0,0.2860172672672673
journals/vldb/JagadishKNS00,IlHHVDDCChAJ,0,0.29351706722396376
conf/vldb/CeriFP99,A356HG96KY8J,0,0.2546296296296296
conf/vldb/WiesnerK01,2BbdV6HV8GsJ,0,0.29613269284321914
conf/vldb/BaralisPT97,url:http://portal.acm.org/ft_gateway.cfm%3Fid%3D1083594%26type%3Dpdf,0,0.4159096293158561
conf/sigmod/GaoW02,COCdIiipkJ4J,0,0.33734737484737487
conf/sigmod/HsuLG00,P7GUGC5bz7wJ,0,0.35669347067583707
journals/tods/CuiWW00,url:http://doi.wiley.com/10.1002/ev.1547,0,0.3437496890083097
conf/vldb/KahveciS01,ZdYKXFaBA3wJ,0,0.44792840687577534
conf/sigmod/HacigumusILM02,zMRWZaFMRhQJ,1,0.6529693541321449
conf/vldb/HasanM94,kOFZ1tLO28AJ,0,0.32581449951015173
conf/vldb/MuntzR94,1Xb3aONOi7UJ,0,0.21547442550037066
journals/sigmod/QuixSJ02,url:http://www.csa.com/partners/viewrecord.php%3Frequester%3Dgs%26collection%3DTRD%26recid%3D155929WS%26recid%3D199301550063MD,0,0.37359596870076256
journals/tods/Hellerstein98,ncxILj9Zo3UJ,0,0.41781551781551785
journals/sigmod/Rosneblatt94,JtnfX_sAfjwJ,0,0.43047619047619057
conf/vldb/JagadishKMPSS98,X7cFkIupVZUJ,0,0.3109042809042809
journals/vldb/CuiW03,url:http://www.csa.com/partners/viewrecord.php%3Frequester%3Dgs%26collection%3DTRD%26recid%3DN9210568AH,0,0.3828146853146854
conf/vldb/PapadiasT01,JtQbB9D7zkwJ,1,0.7643188854489165
journals/sigmod/Konig-RiesMMPPRSVW02,S6NN60LA4eQJ,0,0.21308760683760686
journals/sigmod/MalaikaEM03,url:http://adsabs.harvard.edu/abs/1980PhDT........23D,0,0.34321564448111475
conf/vldb/HelalL00,p8W7eozXEfwJ,0,0.33520564844289236
conf/vldb/OzsuVU98,zjcrwoImTfgJ,0,0.33645983408071634
conf/sigmod/SzalayGKT00,1kKap3JyndkJ,1,0.5928875968992248
conf/vldb/LakshmananPZ03,zmaZB54pysAJ,0,0.3170393664104356
journals/sigmod/FrankNS02,A_2AIP05w_kJ,0,0.3846153846153846
conf/vldb/WangC03,zIzK75THxEEJ,0,0.3862069034766404
conf/vldb/GravanoG95,oU9cdVnAkbAJ,0,0.3509162895927602
conf/vldb/Klots96,C0rxF4CLEmcJ,0,0.3739328614328615
conf/sigmod/GuhaRS98,dD4qUMoxnpEJ,1,0.8611486486486486
journals/sigmod/Ioannidis96,9MalMNOTeNEJ,0,0.30785764622973927
conf/sigmod/GuptaLM03,gwMKwDbPqTcJ,0,0.2693922486116035
journals/vldb/Cobb97,53FLgMwgm5QJ,0,0.353983918128655
conf/sigmod/JosifovskiSHL02,JmNWOZqMhokJ,0,0.30671710002636876
conf/vldb/GalhardasFSSS01,RZZjZ_7yJb8J,1,0.5832177984756525
journals/sigmod/Ahlberg96,8AHaTrvwsJoJ,0,0.32490842490842486
journals/sigmod/BunemanLSTW94,JSneUh-KoPgJ,0,0.32323485693050913
conf/sigmod/HanKS97,_EEZCcB1BPYJ,1,0.832936507936508
conf/sigmod/Sheth95,EY4WkDAGzSoJ,0,0.321875
journals/sigmod/McClatcheyV97,cpAZq0CI7hwJ,0,0.3867088607594936
conf/vldb/CarusoCGLM00,h-mH9PA8VR0J,0,0.34597396796768604
conf/sigmod/JagadishLMSV99,3eFGLcOR7aAJ,0,0.29877211908461904
conf/vldb/Klots96,kZImUUvsV9YJ,0,0.27751322751322755
conf/sigmod/KrishnamurthyBN99,-RFIaxNKoW4J,0,0.3454980842911878
conf/vldb/ChanGR02,7rn7AHVs1YUJ,1,0.8396286811779771
conf/vldb/SchieferKBLF98,d0myAleSXmUJ,0,0.38036686477364445
conf/vldb/Klots96,wNfDbLk-8XIJ,0,0.30723218107409284
conf/sigmod/Dyreson03,SkKKRvDXgVsJ,0,0.386096379925781
conf/vldb/Mohan02a,ulDehVmIgfAJ,1,0.9833333333333334
conf/sigmod/WangSSZZW00,WeSHqD6FA_oJ,0,0.3750163059067191
conf/sigmod/GuhaRS98,ljW2E2I1pYcJ,0,0.3542020445060696
conf/vldb/GhoshPSH02,2dlOojuSNeIJ,1,0.9703070175438597
journals/sigmod/ChongFTSYKDJJ03,AzVDrEngncwJ,0,0.4011225402731031
conf/sigmod/CeriFPP95,2h7zqIfyfQMJ,0,0.3939051930374526
conf/vldb/GuptaM96,jp_6k8FAN7gJ,0,0.3295920609258503
journals/sigmod/TsotrasK96,EtmLqag8Y3cJ,0,0.35716105045052415
journals/sigmod/Dogac02,cunAou45dOkJ,0,0.1570261437908497
conf/sigmod/McAuliffeCS96,NKGFZLcQlSoJ,0,0.23225382140824186
conf/vldb/HaasNSS95,mfUWn3l_L0EJ,0,0.2904960317460318
conf/sigmod/AgrawalASY97,-XBy73K2jq0J,1,0.754845106262449
conf/vldb/ChirkovaHS01,8aaPMwOAlgYJ,0,0.3654966247035213
conf/sigmod/BrunoC02,XH_1E5jpOAMJ,0,0.3676748132393293
journals/sigmod/Franklin00a,YB7nDYJMJhkJ,0,0.24500831898016337
journals/sigmod/MattosD94,O4tbXH0pa3sJ,0,0.3934941869724478
conf/sigmod/OoiTZGLLLNSWZ03,url:http://portal.acm.org/ft_gateway.cfm%3Fid%3D1101328%26type%3Dpdf,0,0.3778980171860486
conf/vldb/AgrawalCN00,2_wSKkY-OyEJ,0,0.4061347253855964
conf/vldb/AbiteboulBMMW02,gYFEB75Yp5gJ,0,0.3286468286468287
conf/sigmod/GetoorTK01,KjhqThwBXIsJ,0,0.4483060515873016
journals/sigmod/PitouraB95,VFDEnDh_jzIJ,0,0.38520372055403906
conf/sigmod/BettiniWBJ95,EDrYOcufbIMJ,0,0.3553127428127428
conf/sigmod/SunAA03,O73dzlUgcU4J,0,0.3961814130886296
journals/sigmod/Geller02,BrBZLtubGs8J,0,0.3515113137453564
journals/sigmod/Liu02b,url:http://portal.acm.org/citation.cfm%3Fid%3D154766.155382%26dl%3DGUIDE%26dl%3DACM%26type%3Dseries%26idx%3D154766%26part%3DProceedings%26WantType%3DProceedings%26title%3DHistory%2520of%2520Programming%2520Languages%26CFID%3D11111111%26CFTOKEN%3D2222222,0,0.32093696158913554
journals/vldb/TenienteO95,Y7ICKU_J4WsJ,1,0.8393301435406698
conf/vldb/AlonsoHST97,Jvjpmr-7HAkJ,0,0.35643625683973784
conf/vldb/WildfogelY97,uqYakLN84x0J,1,0.8583333333333334
conf/sigmod/LeflerSW96,4b12cZc8QK4J,1,0.9086206896551725
conf/sigmod/GravanoGT94,rrhLX70dl_IJ,0,0.38065989644937015
conf/sigmod/IoannidisL94,Rgku_u7SYPcJ,0,0.34303365716409195
conf/sigmod/AcharyaGP00,gyfFLO3-bm8J,0,0.3427591935668056
conf/vldb/Graefe99,Bk86ZNO7wE0J,0,0.3579690065681445
journals/sigmod/Segev94a,vIkbfY4thiYJ,0,0.3994957983193277
journals/tods/FraternaliT95,VIpUteNTskQJ,0,0.2538078351908139
journals/tods/DeyS96,Jfo57_VwkfUJ,1,0.8490069513406158
conf/sigmod/StoltePAG03,CUZTZNxPqxUJ,0,0.30108556832694766
conf/vldb/BaralisPT97,Cp7_R7yjRjQJ,1,0.8220338983050849
journals/tods/KonopnickiS98,5cWufy7ZrAoJ,1,0.7317338177697852
journals/vldb/NybergBCGL95,RhKSGU-DhQUJ,1,0.745
conf/sigmod/AgrawalGGR98,gTdlHQmiIzEJ,0,0.37617677954634476
conf/sigmod/CareyK97,RHXZVpqFaOcJ,0,0.26531288167187617
journals/sigmod/Liu01b,PJTSMO1yhhkJ,0,0.3071888497840346
conf/sigmod/ChawatheRGW96,ilCT5UFnHxgJ,1,0.9942142857142857
journals/tods/GutingBEJLSV00,0sWY3m_RUgsJ,0,0.38076872759076785
journals/sigmod/PhatakSSS96,rObTZteVi7gJ,0,0.3550478524743231
journals/sigmod/Halevy03,8FwTno3QyAoJ,0,0.4108303262336443
conf/vldb/ScheuermannSV96,EnrllAo58CMJ,1,0.6524509803921569
journals/sigmod/Hanna95,rOJySmCkl2gJ,0,0.3809198057332386
conf/sigmod/WitkowskiBBDFGSS03,4uyVkCs3B9IJ,0,0.386928964788062
journals/vldb/Guting94,B9bbbxuHm0EJ,0,0.3204175956893348
conf/sigmod/GillmannWW02,M3iWMxl0d2AJ,0,0.3416170634920635
journals/vldb/HaasCLS97,AypWukSuKVoJ,1,0.8525105988341284
conf/sigmod/HuangSW94,t-Po9dMZvoAJ,0,0.32106738326398515
conf/sigmod/Stonebraker98,zgm5VCmzZ-MJ,0,0.37562418840978756
conf/sigmod/BrinMUT97,CnTgirrsL3EJ,1,0.7813440860215054
journals/vldb/CliftonGB95,JBB4svDpBF8J,0,0.3632066052227343
conf/vldb/LamKR02,CFXzUY4EtzcJ,0,0.30282999164578117
conf/vldb/ChenJLP03,BGcx_nZKM4wJ,1,0.8335416666666667
journals/sigmod/YeungHL94,50TGa4WDZ6AJ,0,0.36695243858705406
conf/sigmod/Kleissner95,cIaTItb_Mn4J,0,0.36130082772747507
conf/sigmod/GangulyGR03,AsZIMEJorPAJ,0,0.34918569992099413
conf/vldb/QianZXP03,Chp-3UwMgTQJ,1,0.8583333333333334
conf/sigmod/BlottRS96,HPPJQPCzTEcJ,0,0.4014534570890503
conf/vldb/BerckenS01,mQU7B9pIJh0J,0,0.4070963714101934
conf/sigmod/ForlizziGNS00,url:http://www.csa.com/partners/viewrecord.php%3Frequester%3Dgs%26collection%3DENV%26recid%3D8913239,0,0.3246697669278854
conf/vldb/Deshpande00,eyp6zb2J2uwJ,0,0.3720337914512672
conf/sigmod/Bussler01,b8Nfo5HL5MUJ,0,0.1491525423728814
journals/tods/KotidisR01,s2ORB6Bdm8gJ,0,0.3561507936507937
conf/vldb/BamfordAP99,8CFi8dolAk0J,0,0.3413406243306918
conf/sigmod/HammerGNYBV97,48O7UQtGDg4J,0,0.3565947931491387
conf/sigmod/CatarciS01,Hy7yNduVU_wJ,0,0.45717893217893224
conf/vldb/ShethKMWDLPLS96,_KKkrRdguAgJ,0,0.23434582392915726
conf/vldb/WitkowskiBBFGSS03,gyDXFc6m5aoJ,0,0.3396121060009949
conf/sigmod/Rosenthal01,CMoBPT8aVAYJ,0,0.4206511884342073
conf/sigmod/RaoZML02,lHReC6jroGMJ,0,0.39683435739887357
conf/sigmod/KanthRSB99,cXCXCB-8Z0gJ,0,0.38957225593385253
conf/vldb/BrownS95,BAtOuOliW9MJ,0,0.3403135521885522
conf/sigmod/ArasuG03,zN8ngmWNDlgJ,1,0.8
journals/sigmod/SlivinskasJS02,url:http://www.csa.com/partners/viewrecord.php%3Frequester%3Dgs%26collection%3DTRD%26recid%3D20021212023588MT%26recid%3DA7642837AH,0,0.3203431494532038
journals/sigmod/RossNO03,url:http://doi.wiley.com/10.1002/anie.199005091,0,0.1758823529411765
conf/sigmod/AltinelABFSZ99,wzSXfJbGRwEJ,0,0.28384088791108714
journals/sigmod/NadoH97,kxSlWFh5t48J,0,0.4390282624328953
conf/vldb/HoskingC99,cM7u25ciwZUJ,0,0.4065125164598773
conf/sigmod/RamanH02,F0T3KimkbGcJ,1,0.7978260869565218
conf/vldb/ChakrabartiM00,qXRFPgy43Q0J,0,0.29003052503052507
journals/sigmod/Ozsu01,MVhkVNWMhW8J,0,0.2875
conf/vldb/LakshmananSS99,elcpYLRAh7QJ,0,0.3533333333333334
journals/sigmod/BunemanFSW01,Se5nLOvk0lIJ,0,0.40012246693281184
conf/vldb/SilversteinBMU98,bCj7bOIqDc0J,1,0.8316666666666668
conf/vldb/LiM01,2sc-YzwoOVsJ,0,0.2446955250444953
journals/vldb/ApersCS02,-yI6I5629M4J,0,0.11578947368421053
journals/vldb/RamakrishnanSSS94,HWrekGn-UNYJ,0,0.31141291264181037
conf/vldb/AltinelF00,onPj3O8mJEAJ,1,0.7943592814371259
conf/sigmod/AcharyaGPR99a,IkNOhDqEY18J,1,0.7653463203463204
conf/sigmod/SeshadriLR94,lbPkiO2NpgMJ,0,0.2746935063411036
conf/sigmod/Jamil99,I7nwv7EhCSAJ,0,0.2682380952380953
journals/sigmod/Widom96,IZBWRo2_bbcJ,0,0.3383597883597884
conf/vldb/OConnellWG01,Qv90wS6eW6sJ,0,0.29408092505294803
conf/sigmod/BaulierBGGHJKKMMNNRSSSWW99,VMUQxO5sWMUJ,0,0.42510337239740814
conf/sigmod/LiC95,5NWAws0ISPwJ,0,0.35047468354430383
journals/vldb/PanagosB97,DAI5P6tfp2UJ,0,0.2762352790578597
conf/sigmod/QuassWGHLMNRRAUW96,SyDjsY8HzwUJ,0,0.3613286332656465
conf/vldb/RiedelGF98,2wU39NHB1WQJ,0,0.40649242492696
conf/vldb/ManegoldBK02,gDveXD9MFCsJ,0,0.38761453327508383
journals/vldb/MedjahedBE03,QhfEl-oaZXsJ,0,0.3724748617395677
conf/vldb/BliujuteJSS98,NTsJjbg5_dMJ,0,0.37670034242838446
journals/sigmod/BernsteinBCDFGGHHJLMNPSU98,oFiEYaenxe4J,1,0.6730443691232327
conf/sigmod/RaoZML02,7Ucs6vmjHN0J,1,0.8058420441347272
conf/vldb/SayalCDS02,Tke6G8xQpzsJ,0,0.2984877714526671
journals/sigmod/WangD03,Ss4vSAUeHvsJ,0,0.34161290322580645
journals/sigmod/AbererCH02,6aR3Vaf0vBAJ,0,0.29685967082782955
conf/vldb/BernsteinHSSZ97,Un9Un8bXIVkJ,0,0.29761286189739966
journals/tods/WolfsonJH97,url:http://portal.acm.org/ft_gateway.cfm%3Fid%3D276373%26type%3Dpdf%26dl%3DGUIDE%26dl%3DACM%26CFID%3D11111111%26CFTOKEN%3D2222222,0,0.3572144640349509
journals/tods/KorthS94,wVQz83NpKoAJ,0,0.2546814814814815
conf/vldb/Rengarajan96,-OKnxCq8_DAJ,0,0.3037876095711917
conf/vldb/JermaineDO99,h6R5rXre-_QJ,1,0.8677068485376412
conf/sigmod/LlirbatFS97,l5UX6xe8y_8J,0,0.38908692509261766
conf/sigmod/GibbsBT94,KQng3-WlcmkJ,0,0.34750346313079045
conf/sigmod/Hidber99,jpPY3goN9SsJ,0,0.37588824289405687
conf/vldb/ChaudhuriGS95,4M_GfToQ5c8J,0,0.34167795281042534
conf/vldb/AcharyaGP99,_NB-Elj_oS4J,0,0.37129794088198165
conf/vldb/OuzzaniAB94,url:http://portal.acm.org/ft_gateway.cfm%3Fid%3D1099659%26type%3Dpdf,0,0.3470663265306123
journals/sigmod/Qian96,Uip1zVBzvHUJ,0,0.34403409090909093
journals/sigmod/MukhopadhyayGS03,BheVqT_tL8cJ,0,0.29781104641553446
journals/sigmod/Vassilakis00,AdKwAT_X-IgJ,0,0.4124832663989291
conf/sigmod/Stonebraker98,mJQr1JTja64J,0,0.3434825043377675
conf/sigmod/KornM00,w8bp1EKgHM8J,0,0.3823672056395169
journals/sigmod/TheodoridisN00,fq7HqBH_Ne8J,0,0.3908535384668071
conf/sigmod/GodfreySE98,O5S8QV9TOXAJ,0,0.45818037995457356
journals/vldb/ChakrabartiDAR98,JeaUbHHjI3gJ,0,0.22198030586487016
conf/vldb/JoshiBLL98,url:http://portal.acm.org/citation.cfm%3Fid%3D1058150.1058152,0,0.27392400241508896
conf/vldb/LinR98,2-PT9tRdBBcJ,0,0.36353896103896105
conf/vldb/GallersdorferN95,98GD-x4I6Y4J,0,0.3868812348884
journals/tods/Subrahmanian94,k7Nb3hZIot8J,0,0.3870606191194427
conf/vldb/TheodoratosS97,vGeegEztVl8J,0,0.31403745030139796
conf/sigmod/FlorescuLMS99,mH0XY3h8UlcJ,1,0.8128347578347579
journals/sigmod/GatziuJSV99,JwYu2fHOLpwJ,0,0.2813630490956073
conf/vldb/StathatosRB97,NNNdfQcOzDgJ,0,0.3216382480622986
conf/sigmod/Bayardo98,wHaeR7DBDTUJ,1,0.6967741935483872
journals/vldb/Guting94,o-m4PVPylpMJ,0,0.3538003663003664
journals/vldb/JiangE98,3rMCofZbFcgJ,0,0.3387797653010765
conf/sigmod/BhargavaGI95,TXvfEP4WTD0J,1,0.9086206896551725
conf/vldb/PolyzotisG02,5FjiJAvdj8IJ,0,0.3621417797888387
conf/sigmod/Cohen98a,TUdCqoRkkcsJ,0,0.2554507235831514
conf/sigmod/LometT03,-zjoaqeIRbcJ,0,0.4017990196078431
journals/tods/LakshmananLRS97,bV8_CDuW2gMJ,0,0.38879162656227617
conf/vldb/AggarwalY02,V_CVwaL33ycJ,0,0.35871577008618294
journals/sigmod/SlivinskasJS02,b-_XKniHQ-EJ,0,0.4454265112397642
conf/vldb/ShahRS02,sbP52JgTJoQJ,0,0.325954787698173
journals/sigmod/FrewD97,x15Bvav_QmoJ,0,0.39990745163601626
journals/sigmod/LiefkeS00,XuhtK-DsK6gJ,0,0.38666020514485994
conf/sigmod/GeorgeH97,ESTZeMfniX8J,0,0.3656740845948041
conf/vldb/KalusD95,iC8zsnSMdIQJ,0,0.3862850140056023
journals/vldb/SheikholeslamiCZ00,Xx6kw0tCeQIJ,0,0.36120849958059265
conf/vldb/BernsteinD94,Wnfxt9_45AYJ,0,0.34810173160173163
journals/sigmod/DunhamH95a,url:http://www.springerlink.com/index/X8351WWP723U0652.pdf,0,0.32053793560434934
conf/vldb/Uhl02,fQ3CFKAb9D8J,0,0.3718137254901961
conf/sigmod/GuhaRS98,YCjIP8n8UnMJ,1,0.7575166666666668
conf/sigmod/Whelan98,SwydmtyVobAJ,0,0.4173496448812232
conf/vldb/FlodinR95,WmtiDGY_BdoJ,1,0.8584507042253522
journals/sigmod/RossGR03,gN62IO2US4gJ,0,0.33554216867469877
journals/sigmod/EisenbergM99,8XK6hM9y_8AJ,0,0.33071619781591693
journals/sigmod/AbererCH02,04LsMX9GK9cJ,0,0.347495546323953
conf/vldb/HulgeriS02,xEKFXku9onUJ,0,0.37283383283383287
conf/vldb/Galindo-LegariaJWW03,UQ1Vg2r8GacJ,0,0.2515723270440251
conf/vldb/OlstonW00,gCeV-683i3wJ,0,0.20289926115373685
journals/sigmod/Franklin98b,jxPqWIuxhvwJ,0,0.31488825031928486
conf/vldb/KamelF94,mWuFkI1cdGYJ,0,0.3742096570034887
conf/vldb/Toivonen96,OiV1iqdiSjgJ,0,0.3617857142857144
conf/vldb/LeslieJBY95,Svbxes_XzdUJ,0,0.3595974287150757
conf/sigmod/KrishnamurthyBN99,url:http://adsabs.harvard.edu/abs/1989mit..reptS....H,0,0.3806962481962482
conf/vldb/ZhouLZLZJT01,IqjYD8NRzR0J,1,0.7376072041166382
conf/sigmod/GetoorTK01,DOXL2fRql0MJ,0,0.3724598813884529
conf/vldb/LeeL99,OneChd5hPMQJ,0,0.3034399906662681
journals/sigmod/RossGR03,NlavkcGIC2IJ,0,0.19411764705882353
conf/vldb/WangYM97,S9wculyJyIAJ,0,0.29554276783177036
journals/sigmod/DogacDATKCD98,EZtmAlgBk40J,0,0.28316993464052287
journals/sigmod/Ouksel02,url:http://portal.acm.org/citation.cfm%3Fid%3D565117.565131%26dl%3DGUIDE%26dl%3DACM%26idx%3DJ689%26part%3Dperiodical%26WantType%3Dperiodical%26title%3DACM%2520SIGMOD%2520Record%26CFID%3D11111111%26CFTOKEN%3D2222222,1,0.46169590643274855
conf/sigmod/HanKK97,MqdtZ_cUxDEJ,1,0.866926406926407
conf/sigmod/HernandezS95,IHy3bqAuSOUJ,1,0.7403811514156343
conf/sigmod/BabcockCD03,hB-ZA0wX-fsJ,0,0.45716007203771386
journals/sigmod/Ozsu01a,yeTL7R2XzQYJ,0,0.11454545454545453
journals/vldb/ShanmugasundaramSBCLPR01,FsPfyk2Suz0J,0,0.3221052550193995
conf/vldb/BrownCC94,ZtI_JtK81ccJ,0,0.39912453873600967
conf/vldb/PoosalaI97,uj_sBYejHHIJ,0,0.31618807118807124
conf/sigmod/Gettys95,url:http://www.ncbi.nlm.nih.gov/entrez/query.fcgi%3Fcmd%3DRetrieve%26db%3DPubMed%26list_uids%3D748418%26dopt%3DCitation,0,0.3363026819923372
conf/sigmod/KoudasS03,3R5ShNb_tt8J,0,0.35462260834216847
journals/vldb/GibsonKR00,QY5fkQcFNkcJ,0,0.3726026531947585
conf/sigmod/WaasG00,url:http://doi.wiley.com/10.1002/tl.144,0,0.44120172954743014
conf/vldb/LitwinNS94,Ass0qgT-aa4J,1,0.697533613340065
journals/vldb/Cobb97,cH46MV7BljUJ,0,0.35607261094371906
conf/sigmod/ZadorozhnyRVUB02,rcGydCoyP1oJ,0,0.3534221423938532
conf/sigmod/DarEGP98,GEQikhTlQh4J,0,0.3417480391480979
journals/sigmod/RamDD99,uA-E1lBgLe0J,1,0.9944444444444446
conf/vldb/BernsteinHSSZ97,JcqJQkzKQPwJ,0,0.3041131815044859
journals/vldb/LiCHH01,8YQBC_Cl6xkJ,0,0.3490443836964908
journals/vldb/ScheuermannWZ98,m3oRLyXxnaIJ,0,0.3412074945214962
conf/vldb/SheikholeslamiCZ98,btydMRJMBqoJ,1,0.9833333333333334
conf/sigmod/ShklarSKT95,pw4iH8H8Pn0J,0,0.3627007091635575
conf/sigmod/TsurUACMNR98,w5i-zY0c1jAJ,1,0.7131074915110357
journals/vldb/AtluriJY03,QIkViAdLT-gJ,0,0.13146853146853146
conf/sigmod/ArasuBBDIRW03,url:http://www.springerlink.com/index/P44M360615819N47.pdf,0,0.41141850980560657
journals/sigmod/Dogac02,s-mFSAgA1zwJ,0,0.20380434782608697
journals/tods/Bohm00,V6xAUPqM298J,0,0.31614987080103363
conf/vldb/Ramanan03,ruVmVa1bhoUJ,1,0.7214285714285715
journals/vldb/CombiP01,YCW1PkqsKKoJ,0,0.32413243075007786
journals/sigmod/Liu03a,67GJHxipk28J,0,0.28187229437229433
conf/sigmod/CookKWZ96,aOrJDY7QX_8J,0,0.32503367003367006
conf/sigmod/VriesMNK02,6aMl9nrx6acJ,0,0.3476922344880091
conf/sigmod/BarbaraI94,F7azEOfg-Q0J,1,0.7372838265741081
journals/vldb/MuthOPW00,xlyg-9QKSbwJ,0,0.36485277668114224
conf/vldb/Ladin00,aKRIqWSifA0J,0,0.3351218421640957
journals/sigmod/NgH95,5JzWOff649cJ,0,0.42850444674448473
journals/sigmod/ONeilG95,RlH2shMtkfwJ,1,0.8953373015873017
conf/vldb/MehtaD95,X4SfuVfzR7oJ,0,0.3091301915539638
conf/vldb/ZimbraoS98,url:http://www.csa.com/partners/viewrecord.php%3Frequester%3Dgs%26collection%3DTRD%26recid%3D155949WS%26recid%3D199301560034MD,0,0.39941620621059687
conf/vldb/SubietaKL95,B-LJY-oFTc8J,0,0.3798176577276849
journals/vldb/HjaltasonS02,Wnqdk1QpALkJ,0,0.3848090277777778
conf/vldb/Brodie00,YekV04VfcowJ,0,0.31938976377952755
conf/vldb/SteinbrunnPMK95,url:http://www.ingentaconnect.com/search/expand%3Fpub%3Dinfobike://els/13891286/2000/00000034/00000001/art00093%26unc%3D,0,0.3203492890856057
conf/vldb/JonscherD94,hh95B5UZYXoJ,0,0.31745272271588065
journals/sigmod/RossFLOSSVW00,oeal9PAkZYIJ,0,0.35683760683760685
conf/vldb/Ioannidis03,8EN0KTTC4-MJ,0,0.36382140554480985
conf/vldb/CarneyCCCLSSTZ02,wqCNvihL8LwJ,0,0.31440909697212216
conf/sigmod/ZaharioudakisCLPU00,qzxeS4RQAhwJ,1,0.7536967418546366
conf/vldb/KemperK94,qUfWV4VVxegJ,1,0.9833333333333334
conf/vldb/HjelsvoldM94,d8zdEtomMLIJ,0,0.2882539682539682
conf/sigmod/BlohsfeldKS99,d6w0VNL9kCQJ,0,0.3832897638355385
conf/sigmod/WhitneyS01,bZj9gl0_YUIJ,1,0.9868907563025211
conf/vldb/HeymannTKWRMF02,frRQkHZ98CAJ,0,0.4002772815588578
conf/vldb/CarneyCZRCS03,pmtY1d0NLe4J,0,0.3819540602523924
conf/vldb/BonifatiCDS01,9Wo54Wyh_X8J,0,0.33710797278230664
conf/sigmod/VossenW99,jg44bLCzUH0J,0,0.3331568991232857
journals/sigmod/Bhashyam96,D0WYfx6nJD0J,0,0.3473919947556676
conf/vldb/AgrawalS94,1lpNNpHnY_kJ,1,0.6261569148936171
journals/sigmod/ClementiniF00,PAtbGvXDP1wJ,0,0.3344463415157958
conf/sigmod/PapakonstantinouV99,sG4KCQVnZHMJ,0,0.3257326007326008
conf/vldb/VassalosP97,sD1sCJcm6-8J,0,0.31350675511935056
conf/sigmod/IoannidisP95,1jxtM_-ODswJ,0,0.33853501570892874
conf/vldb/MeccaCM01,zd9Ql77Uk2gJ,1,0.6561538461538462
journals/sigmod/Geller02,jSBtu4dadZYJ,0,0.3674610762800418
conf/vldb/VelegrakisMP03,1Xb3aONOi7UJ,0,0.18874883286647992
conf/sigmod/PaparizosACJLNPSWWY03,HuPDChjYd44J,1,0.8326798294401188
conf/vldb/AnciauxBP03,QmBVG_ox_lUJ,0,0.30888694638694636
conf/sigmod/NguyenACP01,-9IzlUkjtRYJ,0,0.32222222222222224
conf/sigmod/ChawatheRGW96,lPvqk8Fvi68J,0,0.4411636219130782
journals/sigmod/BertinoEH01,Rba70P6SqQYJ,1,0.9915032679738564
conf/vldb/GalanisWJD03,YP7qrouFTZIJ,0,0.5062066118473442
conf/sigmod/DeutschFS99,-KuX7UT0JIIJ,1,0.839880583126551
conf/sigmod/DuSD95,TfZra-h3D0sJ,0,0.27547178983349196
conf/sigmod/KangN03,bYIuPge4940J,0,0.38036579161579154
journals/tods/TariSS97,T9V6n-CqEvMJ,0,0.3785943987524088
journals/tods/RaschidL96,kRHYZELNeoIJ,0,0.4166101055806939
conf/vldb/IlyasAE02,w8Jxk_yFks8J,0,0.3460073534661241
journals/vldb/ClaussenKKW00,DSF-ukHbE64J,1,0.8504806581369695
journals/sigmod/YeungHL94,QPtyjgJgmWwJ,0,0.36717378705083614
journals/vldb/Baumann94,lf6JE5hJ_psJ,0,0.35616843033509704
conf/vldb/HalversonBKKRTVWND03,oR7DmJ9JJDYJ,1,0.8275297619047619
conf/vldb/ChengGKLLQS99,url:http://portal.acm.org/citation.cfm%3Fid%3D182591.182603%26dl%3DGUIDE%26dl%3DACM%26type%3Dseries%26idx%3D182591%26part%3DProceedings%26WantType%3DProceedings%26title%3DSymposium%2520on%2520Principles%2520of%2520Database%2520Systems%26CFID%3D11111111%26CFTOKEN%3D2222222,0,0.31868990877695486
journals/sigmod/LenzeriniNNS01,tlMpFbpYQCoJ,0,0.23342105263157895
conf/sigmod/WangJLY03,g59hJ98p3LkJ,0,0.35636084656084654
journals/tods/KotidisR01,hnGXqyaYvv0J,0,0.29560734463276833
journals/vldb/WhangKW94,fPlccIvvUdoJ,0,0.3638912337662338
journals/vldb/HaasCLS97,J9cOxEKjg40J,0,0.33100916453537943
conf/sigmod/Rajaraman99,url:http://portal.acm.org/ft_gateway.cfm%3Fid%3D304246%26type%3Dpdf%26dl%3DGUIDE%26dl%3DACM%26CFID%3D11111111%26CFTOKEN%3D2222222,1,0.8
journals/sigmod/ShinM94,9taALUJaH28J,0,0.35269900148491123
conf/vldb/IyerW94,url:http://www.csa.com/partners/viewrecord.php%3Frequester%3Dgs%26collection%3DTRD%26recid%3DA9115399AH,0,0.34265708350870083
conf/vldb/GalanisWJD03,o4VQGNugMFsJ,0,0.38401088505577674
conf/sigmod/ZhaoDN97,url:http://doi.wiley.com/10.1002/he.142,0,0.36674564570785423
conf/sigmod/Martin94,Lyjic_xwquEJ,0,0.43115264575000434
journals/sigmod/AndersonS94,LImuGHnAgjMJ,0,0.3478763828763829
journals/sigmod/GrayG97,ALy38oHr8P8J,0,0.37016167953667956
conf/sigmod/Tajima96,yLLN5x12O_oJ,0,0.33481652548967294
conf/vldb/RohmBSS02,S-pQ6U62cl4J,0,0.3603291316526611
conf/vldb/MiloZ98,Nd7-CTB1lRgJ,1,0.9833333333333334
conf/vldb/MohaniaS94,35OhiNd9MFsJ,0,0.3609457671957672
conf/vldb/AggarwalY02,kN_ZyT5BwsYJ,0,0.3344344442558729
conf/vldb/KarayannidisTSPMRFEB02,cwNOunR2C5QJ,0,0.3676225201808493
conf/vldb/MogiK95,39DBh8H18iEJ,1,0.8583333333333334
conf/sigmod/BrinMS97,s8hvfG_mtYkJ,0,0.3681875950363854
conf/sigmod/ButtlerLPP01,ha3Q6Xord1cJ,0,0.4028881530104356
conf/sigmod/DeshpandeGR01,knAoAIpo7hYJ,1,0.9957142857142858
journals/sigmod/BergamaschiCV99,jFixxK5Xyr0J,0,0.4214300447901933
journals/sigmod/SofferMC02,WC8dLZh2tyQJ,0,0.172008547008547
conf/vldb/HerlekarDRGS02,s_d1IqK5ovgJ,0,0.3532861774241085
journals/vldb/SuHHHLWLPLL01,vqgfvx71hgQJ,0,0.39442429824285324
conf/sigmod/AnkerstBKS99,h24eSPFv8MoJ,0,0.4143815114445825
conf/vldb/LiRS99,M_wUKT7k-AEJ,0,0.3649931585959666
journals/sigmod/ErdurD02,axp1RMp_l80J,0,0.3166768065640043
conf/vldb/HinneburgAK00,3X2qgdW7fWwJ,0,0.346594330400782
journals/sigmod/Chamberlin03,Cm209Vuk17cJ,0,0.33504728132387707
conf/sigmod/NazeriBO01,6e9Xrj9hOPcJ,0,0.3475898401159646
journals/sigmod/Gaffney96,Sh0jmMqSkDoJ,0,0.3935025542784163
conf/sigmod/FegarasM95,IWHC7eIcPnkJ,0,0.4166606168158963
conf/vldb/FlescaFM03,LfScTAiu_coJ,0,0.3526928514046313
conf/vldb/RohmBSS02,fQF9BtQFBWYJ,0,0.3669791196313988
conf/sigmod/Bernstein96,g96Kej4SFe0J,0,0.14558823529411763
conf/sigmod/Doherty98,mUx3_N055EoJ,0,0.38503487253487256
conf/vldb/NieKH03,AKpj0yg7eqMJ,0,0.29585959060097
journals/vldb/Ozsu03,bolov3CrMYwJ,0,0.2762353186888791
journals/sigmod/GobleR02a,YPzPY5gKqFQJ,0,0.32806461352657
conf/vldb/ViglasNB03,nBKTPaMbKrQJ,0,0.37230158730158736
conf/sigmod/PoosalaIHS96,bvyqSciFIjcJ,1,0.7341079519632012
conf/sigmod/MoonSL00,Z2Xnx7cTK4cJ,0,0.4348638721939693
conf/vldb/ChaudhuriW00,6qf2PtmvN4kJ,0,0.34585600907029485
conf/sigmod/IoannidisLANT97,qb-jf_sQ_5kJ,1,0.7843783130868671
conf/vldb/BerckenSW97,4hgJKMTv0VgJ,0,0.3209341996818278
conf/vldb/Mihalisin98,2nYLvtuHchIJ,0,0.37280244310361327
journals/sigmod/TsotrasK96,9HEdn3A13BQJ,1,0.8083938228186955
conf/vldb/AdityaBCHNS02,r6IoeI23MzQJ,0,0.34952732452732455
conf/vldb/BerchtoldKK96,O9TJcX8MbvAJ,0,0.32046319206915236
journals/vldb/ZezulaSAR98,-lH1BxGntzkJ,0,0.30466711650922174
conf/sigmod/GuhaRS98,Dux-7sONElwJ,1,0.8493559322033899
conf/vldb/FaloutsosJS97,E39dyvjw5zYJ,0,0.3187879350922829
journals/sigmod/Elderini02,nF1Uoxi5r3MJ,0,0.3039507113821138
conf/vldb/KnorrN98,oCPpSbHhL3IJ,1,0.8136405743399722
journals/sigmod/DongS00,PExcY_05qTkJ,0,0.36042894625829097
conf/sigmod/HaasH01,cNu3M_rB7zYJ,0,0.3046875
journals/sigmod/Qian96b,oXXI5NOXKzQJ,0,0.3363131888214125
conf/sigmod/ChaudhuriGN02,wG7LEvsEL30J,0,0.3570469170038136
journals/sigmod/Kim02,roXzlpLXDukJ,0,0.3657452625038832
conf/sigmod/ChenJDTW00,i5mKqKyCsdUJ,0,0.34199900793650795
conf/vldb/KriegelPS00,OdMRVp76ShAJ,0,0.33972895200965375
conf/sigmod/CallanCD99,hqItKlvGzJIJ,1,0.777004389004389
conf/sigmod/Norrie95,z9gvKU_5ybQJ,0,0.21778350515463918
journals/vldb/AtkinsonM95,dahaBAYvs5AJ,1,0.8398310747223791
journals/vldb/EvangelidisS97,juuYl4fKoKIJ,0,0.3522058823529412
conf/sigmod/CareyDFHMNSSTTWZ94,5wcgt7bNx7YJ,1,0.46699200426707854
conf/sigmod/GoldsteinL01,xufwWHmOf6IJ,1,0.9910606060606061
conf/sigmod/Chakravarthy97,pCsAI2xXTPoJ,1,0.6715017909818796
conf/sigmod/GravanoGT94,n9srhpr6YGUJ,0,0.3982444279789546
conf/sigmod/Shivakumar03,Tzsux1M6egwJ,0,0.3817380214101145
journals/tods/DattaVCK99,L_EKDuVUoIEJ,1,0.9497839123242349
journals/sigmod/KokkotosIPS95,Z1hvKdsl1-8J,0,0.34140132504256426
conf/vldb/BerckenSW97,hIMueG-GeNsJ,1,0.6642025089605735
conf/sigmod/ZadorozhnyRVUB02,Ef0uPzhzBQ4J,0,0.388425769233662
conf/sigmod/NatsevRS99,DsB7ELXeXAoJ,0,0.3712798900783397
conf/sigmod/WangJLY03,Ma1cFQ2Q4m4J,0,0.4247808641975309
conf/vldb/SellisRF97,moT0ba0vRKcJ,1,0.8563596491228072
conf/vldb/GehaniJR94,MxYiwR2f9UYJ,1,0.8281435921563867
journals/sigmod/ChakravarthyAEFO03,no6py2aFx1QJ,0,0.39511243386243394
conf/sigmod/ChaudhuriKN03,R2xZcwTwfBwJ,0,0.31361216529622604
conf/vldb/Deshpande00,7uirBM-KZBsJ,0,0.35254839322635934
conf/vldb/Uhl02,amGQ0Q2I8tIJ,0,0.3213772712586003
conf/vldb/IshikawaSF98,url:http://www.ncbi.nlm.nih.gov/entrez/query.fcgi%3Fcmd%3DRetrieve%26db%3DPubMed%26list_uids%3D739117%26dopt%3DCitation,0,0.3396652116821444
journals/tods/Meo00,tlPwe61JKTkJ,0,0.333968253968254
journals/vldb/Li03,dGZP6StwvVYJ,0,0.37158219196262676
conf/sigmod/Seshadri99,url:http://doi.wiley.com/10.1002/tl.91,0,0.38730872159340174
journals/vldb/TurkerG01,BdTFp97-Jh4J,0,0.2894038423450188
journals/sigmod/DogacAOD95,KVv1xbM1docJ,0,0.3709109241232653
conf/sigmod/ChoALS03,MAdjH9lCsysJ,1,0.960342564995426
conf/vldb/MatthesS94,1w32RJsdQ44J,0,0.3645917678812416
journals/vldb/Amer-YahiaCLS02,HLuCWkx4B9AJ,0,0.34690748566987273
conf/sigmod/SchusterW01,59akjz-Qe9IJ,1,0.8547132374962564
conf/vldb/IoannidisLGP96,rnS4AF5sAjIJ,0,0.3284925811566461
journals/sigmod/OConnellW03,dvkn55y9UVMJ,0,0.32519009350770356
conf/sigmod/ArasuG03,AOToym0K1SsJ,0,0.3515164967882359
journals/vldb/AbiteboulB95,EpnbAr9FUqEJ,0,0.31183898261363047
conf/sigmod/AgrawalS00,Hl0V7UB0NxIJ,0,0.36199622097617074
conf/vldb/KraissW97,X6w3sK-vb2wJ,1,0.7912254901960786
journals/vldb/RahmB01,TBoS0CBe1vQJ,1,0.7668676900584795
conf/vldb/KamelF94,b1gS8kz09xcJ,1,0.8102624179943767
journals/sigmod/SnodgrassHMOPRRWY98,XT90aTUCckEJ,0,0.29915254237288136
conf/sigmod/Larson01,HBNSWk0kT0sJ,0,0.38954213672661797
journals/sigmod/KramerNKRLKLZ97,zkX87rT_cbUJ,0,0.30013796510507035
conf/vldb/AgrawalKSX02,UIJqCMqkQb8J,0,0.29598667117103694
conf/sigmod/CallanCD99,gC92S-tGJzUJ,0,0.3993267334498678
journals/vldb/AguileraCMVV02,GhpIuPHdcqkJ,0,0.32726430130626105
journals/sigmod/Widom95,uJ0DJ1OZnnYJ,0,0.24315127690420435
conf/vldb/Gawlick96,i3REh2krlLwJ,0,0.36451916018876723
journals/sigmod/Naughton00,8qW5iqUASeoJ,0,0.15512820512820513
conf/sigmod/LakshmananPZ03,R0j4Cz8QWgQJ,0,0.3644256206756207
conf/vldb/OoiYTJ01,T8BPorXB1VsJ,1,0.7982074846828946
conf/sigmod/GangulyGMS96,co1ondh5LckJ,0,0.40951070017263314
conf/sigmod/BhattacharyaMBNHS02,NwBwLRnC0QkJ,0,0.3697951125980793
conf/sigmod/Galhardas00,uYB7tJbw-6wJ,0,0.336740525556315
conf/sigmod/NazeriBO01,wkIa4_xlVxgJ,0,0.43529798959765004
conf/vldb/Shenker03,0ccAyTIIs8oJ,0,0.3485439523404803
journals/sigmod/Snodgrass94,i7dLYB6NnW0J,1,0.8949295859412614
conf/sigmod/PapakonstantinouPV02,16yr6uv8Rn8J,0,0.3386078042328043
conf/vldb/Norvag99,url:http://www.springerlink.com/index/JGP35L0664481167.pdf,0,0.28573086823086824
conf/vldb/LernerS03,VsqlfmhgAO8J,0,0.3704381253514202
journals/tods/StolboushkinT98,muyWFdyqDHoJ,0,0.3997405411270957
conf/sigmod/YanMHF01,rRMiXD3kgBcJ,0,0.40439413830962645
conf/sigmod/JagatheesanR03,hHMtxXFlyu8J,1,0.8
conf/vldb/ShanmugasundaramSBCLPR00,ZQyBjtpbhvIJ,1,0.7522780717225163
journals/sigmod/LacroixB03,bX1kLEJpR2cJ,0,0.2183206106870229
conf/sigmod/HernandezS95,MDjANq6HqOMJ,0,0.27463563288563286
conf/sigmod/HanPDW01,ue3gCyIirokJ,1,0.9957142857142858
conf/vldb/RothOH99,JKsOBgDsJhIJ,0,0.34609619422231275
journals/sigmod/BohmR94,mFYtlJu__iMJ,0,0.35773435575264845
conf/sigmod/SimmenSM96,ArjzNTPuy3IJ,0,0.379601335954451
conf/sigmod/LabioYG99,url:http://www.csa.com/partners/viewrecord.php%3Frequester%3Dgs%26collection%3DTRD%26recid%3DA8622933AH,0,0.3523723615192593
conf/vldb/LevyRO96,biHvq8aD3_QJ,1,0.730572941362415
journals/sigmod/YuenCLL00,wR0R0jS5J6oJ,0,0.38772269943529786
journals/vldb/KornLKF00,vZgDb1hfYR4J,0,0.40641082599780975
journals/vldb/DanYC95,9fyefbBmr3EJ,0,0.38554154995331463
conf/vldb/RusinkiewiczKTWM95,RG2aEx3ey7EJ,0,0.3523301956441492
conf/sigmod/QuassWGHLMNRRAUW96,KS5QYRqDlt4J,0,0.2561412315930388
conf/vldb/LuTD95,ggV87TiwH04J,0,0.3612347124642207
conf/sigmod/SistlaW95,SPY1ObYBQuUJ,0,0.4071638540212504
conf/vldb/HinneburgLH03,TkPepQPPXpcJ,0,0.3422739640702859
conf/vldb/GardarinGT95,ywhJMXgGOBUJ,0,0.33571428571428574
conf/vldb/DarFJST96,G0NRRwqLiXwJ,0,0.3265668148447498
conf/vldb/ChakravarthyKAK94,2s57CZXlJh8J,0,0.33238107284914664
conf/sigmod/Mohan02,eyxIItge9MQJ,1,0.6000000000000001
conf/sigmod/ChaudhuriD97,jsapF3OoWXcJ,1,0.36666666666666675
journals/sigmod/McHughAGQW97,-x4XWHXbFBkJ,0,0.37199175824175823
conf/sigmod/KanthRSB99,Wbs3Onc5aggJ,0,0.2953347578347578
conf/sigmod/GarofalakisGR02,YL0TdeqwA-EJ,0,0.19130434782608696
journals/sigmod/Seshadri98,vsC6PqvtwPkJ,0,0.4075568211780837
conf/sigmod/CatarciS01,tf-fBHTTTtAJ,0,0.35726707226707227
conf/vldb/DavisonG94,egCgEjikCgAJ,0,0.4662690049589363
conf/sigmod/AggarwalPWYP99,5uimonC4q_QJ,1,0.8112845592070945
journals/sigmod/PitouraAPSV03,IXGu2hxJcUsJ,0,0.4503374913762563
conf/vldb/HankinsP03,url:http://www.csa.com/partners/viewrecord.php%3Frequester%3Dgs%26collection%3DTRD%26recid%3DN9210469AH,0,0.38594295262652256
journals/sigmod/Ozsu02,2YGNU4EPcwcJ,0,0.12790697674418605
conf/vldb/BernsteinD94,lWzqZfCvrgQJ,0,0.3554865424430642
conf/vldb/Bar-YossefBCFW00,w28deb8yb4cJ,0,0.2508470695970696
conf/sigmod/LuWYBLY02,KAyaU-PvaC0J,0,0.2898405758699876
journals/sigmod/MaximilienS02,url:http://portal.acm.org/citation.cfm%3Fid%3D645925%26coll%3DGUIDE%26dl%3DACM%26CFID%3D11111111%26CFTOKEN%3D2222222,0,0.3763110500610501
journals/vldb/AgrawalHK03,OLUF0opJoJoJ,0,0.3502722406792174
conf/vldb/BaulierBKS98,suohWKDDX4IJ,0,0.39501986841248127
journals/vldb/FuCCM00,FfYkDJrlW4wJ,0,0.31702628155087176
conf/sigmod/DanielsDDEHJJLSSS94,-Aw9zi3h104J,0,0.39850170793567025
journals/vldb/GutingS95,7ByaAFO50r8J,0,0.2824822146263719
conf/sigmod/BrinMUT97,A7Mm5kFK3zwJ,1,0.7676251956181533
journals/vldb/SinghalS97,G1uOZEz98iQJ,0,0.33906552706552706
conf/sigmod/BuchmannDZH95,6Yug31FgK6MJ,0,0.3172390341374164
journals/vldb/HaasCLS97,KuSarJPrvBEJ,0,0.3389017174666477
journals/sigmod/Ritter98,8iVuCS7xQq4J,0,0.36737914862914867
conf/sigmod/Amer-YahiaFSX03,7-b5YXuGJS0J,1,0.7922463768115943
journals/tods/ChomickiTB01,6tJCs6-Oh5EJ,0,0.33698233979917036
conf/sigmod/KementsietsidisAM03,uCU2G94_fOIJ,1,0.9943984962406016
journals/sigmod/SlivinskasJS02,DV_fNjZrcHwJ,0,0.32821024996343917
journals/sigmod/DadamK97,7NG3y2kcm8QJ,0,0.3528433218861934
conf/vldb/HaasKWY97,8Fy6YT12yIgJ,1,0.7527793614161509
journals/vldb/Baumann94,ex4YJGYehpcJ,0,0.3610086370955936
journals/vldb/C95a,HsWGRVTWh5wJ,0,0.13472222222222224
conf/vldb/PardonA00,url:http://doi.wiley.com/10.1002/ace.8701,0,0.3851753349093775
conf/vldb/Mohan02a,7DfUlF0dyq4J,0,0.39962976696105534
journals/sigmod/Snodgrass97,ZN01i6MgMhAJ,0,0.1305084745762712
journals/sigmod/GrayG97,SXHPvzZDrFMJ,0,0.35521536568213785
journals/tods/Wijsen99,1C4Uh8BlYaEJ,1,0.8236111111111112
conf/sigmod/Spiro98,CjHwRU64VswJ,0,0.29943064182194623
conf/sigmod/AfratiLU01,YVdt1EKYr6kJ,0,0.4127427637721755
conf/vldb/Madnick95,Wk4ENCffb9cJ,0,0.3225780796470452
journals/tods/ZaharioudakisCF97,vGxIrjbMVH4J,0,0.3704599375211077
conf/sigmod/FreedmanD95,BYfNTIUI5N0J,0,0.38228192780518366
conf/sigmod/BuchmannDZH95,IU1cjdPVT6cJ,1,0.8008236434108527
journals/sigmod/Palpanas00,XtIYeDk03esJ,0,0.3872695852534562
journals/sigmod/Franklin00,d5qlOGQJgm8J,0,0.3135912698412699
conf/sigmod/Mylopoulos98,CbaK7EusYRYJ,0,0.4217873035739118
conf/vldb/SetzerZ94,ZrfHBiOdT-YJ,0,0.3773688080139693
journals/sigmod/Giorgini03,url:http://portal.acm.org/ft_gateway.cfm%3Fid%3D959084%26type%3Dpdf%26dl%3Dportal%26dl%3DACM%26CFID%3D11111111%26CFTOKEN%3D2222222,1,0.5930379746835445
conf/sigmod/AgrawalK03,bpl2J2-RSfwJ,0,0.3571148459383754
conf/vldb/HristidisP02,bGdFoA4L9QIJ,0,0.38491473730697257
conf/vldb/ChaudhuriN97,lW1mG77k6_UJ,0,0.3855935285773288
journals/sigmod/TsotrasK96,-FGfZQ_8TxIJ,1,0.6921506734006735
conf/vldb/RantzauCHM02,UTe8b9IiclUJ,0,0.3515343915343916
conf/vldb/WeberSNSS03,-Xo2sJa7T7YJ,0,0.25518749788472606
journals/sigmod/Bernstein01,6EJ6A2y_U1IJ,0,0.1625
journals/sigmod/Hammer02a,Iu5gdskx0hMJ,0,0.09801980198019805
journals/sigmod/Aberer03,JS8V5NlmLcUJ,0,0.13124031007751938
conf/sigmod/DanielsDDEHJJLSSS94,dNMQdZUSdgEJ,0,0.3752250617171653
conf/sigmod/BrinDG95,QmhdqC_PIWsJ,1,0.832017055988135
journals/sigmod/RamamrithamSSTX96,yji-JsAHIgkJ,0,0.3889335113109825
conf/sigmod/KriegelMPS01,mDSCqktbfNUJ,0,0.28485019110019105
conf/vldb/MaedaT01,LwKKzfi_MpUJ,0,0.3549154655163947
conf/vldb/CuiW01,M5kdF6xibZUJ,0,0.35156836767326055
conf/sigmod/GibbonsM98,KpLo16dtaeoJ,0,0.40677987521718484
conf/sigmod/DeshpandeRSN98,t-j2HR2JRlwJ,0,0.2742401779095626
conf/vldb/Dayal99,OoknnZ3rbfwJ,1,0.6488455988455989
journals/vldb/BraumandlCKK00,rbluxTXqUQwJ,0,0.38736250088709107
conf/vldb/LahiriSCMC01,hbJvXBHwkS8J,0,0.3588139264144476
journals/sigmod/KlasS94,KO3FcQ57_rkJ,0,0.5088460398307597
conf/sigmod/GorelikWD94,h10FxbLW6zAJ,1,0.7431561085972851
conf/sigmod/Han96,QnogN0sVO2gJ,0,0.29461651917404136
journals/tods/GhandeharizadehHJ96,TnnGbQoTybAJ,0,0.3316185422054761
conf/sigmod/LibkinMW96,LWVewhy_xh8J,0,0.3968100975329891
journals/sigmod/Franklin00,VVzBEqz33TcJ,0,0.28735380116959064
journals/sigmod/CfP99,2Di5npoDXHEJ,0,0.20058693244739756
journals/sigmod/Stacey95,LYr2s0HvuXUJ,0,0.23974358974358975
conf/vldb/KnorrN99,7J-gi_InWY0J,1,0.7515621390621391
conf/vldb/Fecteau95,LhjvKpDcJKUJ,1,0.8583333333333334
conf/sigmod/DogacTPPLKTK02,uUcmU_hKF2kJ,0,0.31238300835003807
conf/vldb/WhiteheadSM97,url:http://www.geography.org.uk/Journals/Journals.asp%3FarticleID%3D58,0,0.2560749447458308
journals/sigmod/Wiegand03,tn7HwSDRMy4J,0,0.3031645569620254
journals/tods/KonopnickiS98,IV9_0xGGBnEJ,0,0.36319543982587466
conf/vldb/Bar-YossefBCFW00,url:http://www.csa.com/partners/viewrecord.php%3Frequester%3Dgs%26collection%3DTRD%26recid%3DN9210409AH,0,0.31771154903705234
conf/vldb/ChaudhuriS01,GJtc6TCE-hIJ,0,0.2
conf/vldb/Blum99,mGP-m7wGrUUJ,0,0.3151688745673708
journals/sigmod/Dogac02,Rr9mVIOvf9kJ,0,0.17067415730337082
conf/vldb/Leymann03,oFxNNqh7XcIJ,0,0.3375106022052587
conf/sigmod/ColbyGLMT96,url:http://portal.acm.org/ft_gateway.cfm%3Fid%3D769815%26type%3Dhtml%26dl%3DGUIDE%26dl%3DACM%26CFID%3D11111111%26CFTOKEN%3D2222222,0,0.32839569160997734
conf/vldb/LabrinidisR03,Fy5mnWj8N2QJ,0,0.29156746031746034
journals/sigmod/ChangGKRS98,_eeniFHHJKwJ,0,0.35337706821143183
conf/vldb/Hess96,gXfEmDAz7iwJ,0,0.3775045537340619
journals/sigmod/RossNO03,Epetq54hpUUJ,0,0.21620370370370376
conf/vldb/AbrolLMMMRTWZ01,RJqiCyURi7UJ,0,0.28980841440518856
conf/vldb/Hallmark95,1RLToX1CncQJ,0,0.3582326892109501
conf/vldb/CarneyCCCLSSTZ02,HLd7exz0QagJ,1,0.5580745474216114
journals/sigmod/Aberer02a,6GTA5iEyRT4J,0,0.2742434988179669
conf/vldb/KumarRRT99,VX5kBgAOdnMJ,0,0.3166786398467433
conf/vldb/LiCHH97,Nn3ps1KHY2oJ,0,0.37430807000219446
journals/sigmod/Qian97,Axu6UlX-pPYJ,0,0.3473538011695907
journals/sigmod/CaplinskasEV02,Xo1pC8kazg8J,0,0.36751607565561056
journals/sigmod/PoessF00,t4-_Dfpk2SMJ,1,0.7319849120703439
journals/vldb/BernsteinPS00,08d5th2jiqcJ,1,0.8645028957528959
conf/vldb/JagadishKNS99,8AyIvg77C28J,0,0.28732323232323237
conf/sigmod/ZhaoDNS98,I5JNUp7RoGgJ,1,0.7772168683915228
conf/vldb/GraefeBC98,2TC9tYsgRhMJ,0,0.3424457994579945
conf/sigmod/AshleyFHLNP95,x_ykbVlfyP8J,0,0.4809965882736282
conf/sigmod/Dyreson03,B9UGLlvnRS0J,0,0.4061061362083816
journals/sigmod/GobleR02,KHiBjaxGnDAJ,0,0.13595505617977532
conf/sigmod/BaruGLMPVC99,aP4cYIgjKTEJ,0,0.35430880591836506
conf/vldb/DarFJST96,cM4adSkCTK0J,1,0.6840929705215419
conf/sigmod/GraySSU03,Y4xVPSK_v-QJ,0,0.3428142087381218
conf/vldb/NaumannLF99,ugk6UvojUNgJ,0,0.286397353648757
journals/vldb/HjaltasonS02,dR6RSiFmG3sJ,0,0.3443302891933029
journals/tods/KossmannS00,ujy-Joy6wiIJ,0,0.4323260073260073
conf/sigmod/BrodskySCE99,rQ6qKK6pPksJ,0,0.40204131391582765
journals/sigmod/Elderini02,osIpBeJ_w0QJ,0,0.3583333333333334
conf/sigmod/ChristophidesCM96,gKOsM57uFB4J,0,0.4194752618330405
conf/sigmod/AgrawalS00,SYVrK9kj_8kJ,0,0.3369778742762613
conf/sigmod/ZuzartePMCLW03,MI0c0OPStOoJ,0,0.37745718464238
conf/vldb/AnSVKIG01,HosSI1GtRY8J,1,0.8370000000000001
conf/vldb/AgrawalS94,kAi6HssDySgJ,1,0.7058252427184466
conf/vldb/MadhavanH03,mu31RuCR_E4J,1,0.7334169453734671
conf/sigmod/GangulyGMS96,rIm9uDX6PHUJ,0,0.45476661205247054
conf/sigmod/FernandezFKLS98,N9NHi5y3K38J,1,0.8519012605042017
conf/vldb/BrownS95,toKwFt-XgooJ,0,0.2927609427609428
conf/vldb/LuL00,zfQlRB8M-RQJ,0,0.3458333333333333
conf/vldb/PottingerL00,mpnnRdFUUJQJ,1,0.7434916476712142
conf/vldb/PottingerB03,08-sYfwpHI8J,0,0.3469392401769451
journals/sigmod/OoiST03,gpjVvUtM6H8J,1,0.9576023391812867
conf/vldb/Huyn01,poAXRC5I_kQJ,0,0.3556852480664026
journals/sigmod/HalkidiBV02,url:http://www.csa.com/partners/viewrecord.php%3Frequester%3Dgs%26collection%3DENV%26recid%3D7800015,0,0.3039670691356085
conf/sigmod/BunemanDHS96,BQltSXRqmSEJ,1,0.7908432920756865
conf/sigmod/OlstonWL01,I_YprPVQ45QJ,1,0.9937142857142858
conf/sigmod/AbiteboulCM95,jvMbKrSKdKwJ,0,0.35278442317916003
conf/sigmod/AgrawalCN01,4ucXjAqrE5kJ,0,0.3287289174385949
conf/sigmod/LivnyRBCDLMW97a,m1qLxAcMGu4J,0,0.4496031625214355
conf/sigmod/GoyalHKMS96,HwGxhT8BSUsJ,0,0.36122364425731734
conf/sigmod/GuptaS03,qmrGOToSJn0J,0,0.3235277777777778
conf/vldb/RamanH01,cNfXvlgcrDoJ,0,0.35166202844774275
conf/sigmod/BonnetBCCCHKMMOSS99,WZsLRqvpRhcJ,0,0.3058818713450292
conf/vldb/BamfordAP99,2y9m1qzVu4EJ,1,0.9833333333333334
conf/vldb/NieKH03,_79CET6wReMJ,0,0.36702445452445454
conf/sigmod/JagatheesanR03,QDqI_QZyy10J,1,0.7192059952929518
conf/sigmod/ShuklaD00,fdb2fhVPXWUJ,0,0.23366666666666666
conf/sigmod/FabretJLPRS01,IHZ0cEpqnPkJ,1,0.5713568756207391
conf/vldb/HasanM95,JmlFFnMD_D0J,1,0.6680555555555556
journals/sigmod/RiekertMW97,XIGhlcP0OzYJ,0,0.3678478141909346
conf/sigmod/DarR94,t3W0lRjFylgJ,0,0.39494471811713194
journals/vldb/BerendtS00,mwxAwIhijyEJ,0,0.35839901477832514
conf/vldb/OhuraTPK02,GzOK_PJlOwQJ,0,0.3568359052687871
journals/sigmod/PissinouSEMOPSTD94,epYRT6tr3l0J,0,0.33815789473684205
conf/sigmod/SarawagiTA98,kT7z4mcwLrYJ,1,0.7748828232699201
journals/sigmod/SchlageterBHMSW95,Z8zZYBJYVusJ,0,0.4932458807798482
conf/vldb/Cluet03,RIwjXF_tjXUJ,0,0.25376984126984126
journals/vldb/ChuaCL03,MY0lTfhxnr4J,1,0.8247301684801686
conf/sigmod/HinneburgKW02,7v3f7Thmyw0J,1,0.7809740726227795
journals/sigmod/CeriKKLOSV00,UnhqvHPghSsJ,0,0.34554657170869013
conf/vldb/BrownMCL94,h0E8JYdjre0J,0,0.21517273576097107
journals/sigmod/NejdlSS03,bxc3Gc3B-vkJ,0,0.37306034696793827
conf/vldb/ZhuS02,xISsf6B3MgkJ,0,0.29460816960816966
conf/sigmod/FlokstraKS94,rUpu2pcFa8cJ,0,0.3764325808196989
conf/sigmod/BrinDG95,7mNCkZ7D-R8J,1,0.9957142857142858
journals/tods/FukudaMMT01,HNZUPXIIGzMJ,0,0.3285612535612536
conf/vldb/NiermanJ02,u2zU4yaeotkJ,0,0.26884920634920634
conf/vldb/Meier95,-o0YwuNkGvwJ,0,0.3480873205137911
conf/vldb/WeberSNSS03,XE8bM1yIQDIJ,0,0.31774521774521775
conf/vldb/Mohan96,MZtzjUBUqxwJ,0,0.2978641456582633
conf/vldb/TanEO01,url:http://www.csa.com/partners/viewrecord.php%3Frequester%3Dgs%26collection%3DTRD%26recid%3D200111010712MT%26recid%3DA0032647AH,0,0.3581070242742406
journals/sigmod/Hampapur99,CoQIJpdfIVkJ,0,0.33261936635430617
journals/sigmod/RossHLW01,jpb9g07Q198J,0,0.35121951219512193
journals/sigmod/Segev95,4Jc1I_EYdZgJ,0,0.10999999999999999
conf/vldb/ChaudhuriG99,qCe58TY1fqkJ,0,0.343209250398724
journals/tods/BozkayaO99,url:http://www.csa.com/partners/viewrecord.php%3Frequester%3Dgs%26collection%3DTRD%26recid%3DN9210449AH,0,0.35247424309356346
conf/vldb/RantzauCHM02,a7N7lztSmMsJ,0,0.33799676578714694
journals/sigmod/VelACM01,0Sx_giEGNlMJ,0,0.38801914742074317
conf/sigmod/Ozsu99,xizjj-pO6gIJ,0,0.36709927140255005
conf/vldb/BelloDDFNSWZ98,XLyfgjG_fOIJ,0,0.34364483482787056
journals/tods/Subrahmanian94,KnKwXVSXN_wJ,1,0.5976587537933578
conf/vldb/SchindlerAG03,NwxpeiAlEmcJ,0,0.33626443001443
journals/sigmod/ZobelMR96,A_2AIP05w_kJ,0,0.30002029797426216
journals/sigmod/Liu01,f4WviFfTb_EJ,0,0.1070796460176991
conf/vldb/ShahabiFKF00,ypIwIw0dXTEJ,0,0.25901930894308944
conf/sigmod/2003,yniboichufIJ,0,0.1375
journals/vldb/HuntAI02,urhYz3m7v30J,0,0.37012701350936644
journals/vldb/PapadiasS94,Xxwou2lOlp4J,0,0.34155913353483686
journals/vldb/EvangelidisS97,9_zkjXaBRIoJ,0,0.3392991615041439
conf/sigmod/ChungMS02,4H4P6i2hsqAJ,0,0.43842823842823847
conf/sigmod/SagonasSW94a,dgDrTf52fbgJ,0,0.4116726110147163
journals/sigmod/BaaderJN97,ZBjVusKqqrIJ,0,0.21601114388725012
journals/sigmod/Snodgrass02a,DUgJZD3SXBUJ,0,0.4321522680218332
journals/sigmod/HummerLW02,3uyXiahWxA0J,0,0.3006596917373915
conf/vldb/NathDKGKS03,FirBsg8jxtkJ,1,0.7008392248229647
conf/vldb/GyssensL97,cvHvC7tUSrIJ,0,0.4040968078052477
journals/sigmod/ChenHKPW94,HTvxhMKB69AJ,1,0.9857142857142859
conf/vldb/StohrMR00,VVD-U4tY4P4J,0,0.3028862876254181
conf/vldb/LuSL95,oIFrkS2rPrcJ,0,0.4954918394170731
journals/vldb/ChirkovaHS02,5dRfXRkwe2gJ,0,0.32201798934068077
conf/sigmod/GangulyGMS96,nFt9PoXBymMJ,0,0.47034570341092086
conf/vldb/MankuM02,YQ476hPupGkJ,0,0.35160616186931976
journals/vldb/ClaussenKKW00,WkcdtG_5kfgJ,0,0.3440852707392403
journals/vldb/C94b,aZ84JB1CLo0J,0,0.27375
conf/sigmod/CareyDNAGS97,DZq1Zm99WLQJ,0,0.3711150909763563
conf/sigmod/GangulyGMS96,BAVduPhvTGwJ,0,0.454954382254574
conf/sigmod/Meseck01,qk3LVAuS2SUJ,0,0.3831651138716356
conf/vldb/Blum99,TLolFO1dPHQJ,0,0.35655291329097943
conf/sigmod/BarclaySG00,6ApSevJB-WEJ,0,0.3896888601594485
conf/vldb/OoiGT98,njcmMrSNtuQJ,0,0.33650889713891163
journals/sigmod/JainH94,StK4aAolGpQJ,0,0.42487362778060456
journals/sigmod/FrankNS02,YbvPQOhZxOoJ,0,0.18333333333333338
conf/sigmod/Kohler99,gI0sAJUC4YoJ,0,0.4327114789005033
conf/sigmod/FegarasSRM00,dcn7Qsp4rAAJ,0,0.33029100529100525
conf/sigmod/ForlizziGNS00,url:http://doi.wiley.com/10.1002/tl.55,0,0.38048352178924094
journals/sigmod/BertinoEH03,l-g6C1RQUrQJ,0,0.401707899812953
journals/sigmod/Winslett03b,vJTSU6Y2XsgJ,0,0.3009803921568628
journals/sigmod/Franklin99,OS4_l9VMXxQJ,0,0.365248503773094
journals/sigmod/SchlageterBHMSW95,GCccBH7y3IkJ,0,0.31025828460038984
journals/sigmod/MeltzerC98,4d5xHc9eKLAJ,0,0.4154388239821708
conf/vldb/LlirbatST97,QiSf-FBUE8QJ,0,0.34588675213675213
conf/vldb/Kiessling02,Y_NW84zIgHsJ,0,0.2510416666666666
conf/sigmod/PapadiasTFS03,dNQ2E_TtLMYJ,0,0.43047227626175
journals/sigmod/HasanFV96,gFyGs0wxyNkJ,0,0.33193027210884357
conf/sigmod/ThomasDM95,ce-udbzE15sJ,0,0.3499007840974704
conf/vldb/RamaswamyMS98,WTYQ40Rn_tUJ,1,0.9833333333333334
journals/sigmod/Snodgrass97a,6Yb1wmjWxIkJ,0,0.11308411214953273
conf/vldb/Norvag99,JqZrog6tbYsJ,0,0.318681592039801
conf/vldb/ShuklaDNR96,1ZsldF-YhNsJ,0,0.3947714270071994
journals/sigmod/Kemper02,yHaj5STtq0sJ,0,0.35128824215711696
conf/vldb/ChristodoulakisTZ97,L9HFMK1DTDAJ,0,0.3525259717732178
journals/sigmod/ArenasKKKMM03,1hazaAEoGTAJ,0,0.3006063102962887
journals/sigmod/Winslett01,hcitYiFVpSkJ,0,0.20625000000000002
journals/tods/BozkayaO99,c_kkE1dO4g8J,0,0.3653446911511428
conf/sigmod/ChaudhuriDY95,otDMd9heh_AJ,0,0.39471333276440806
conf/sigmod/GarofalakisG02,eF1O38xdOKYJ,0,0.44958568015019623
journals/sigmod/Bohlen95,v5P_NFXdOR8J,1,0.9473026637341153
conf/sigmod/ZhuSZ03,8qKLEszXbfUJ,0,0.33614925612666846
journals/tods/AikenHW95,tdn1kwY6xD4J,0,0.2960309359099682
journals/vldb/MylopoulosCPST96,2hwfMn6c-sIJ,0,0.2928347864967583
conf/vldb/VeltriCV01,4WgWyAFveXcJ,0,0.33577492299601835
conf/sigmod/GoyalHKMS96,aaYBSkcmqWsJ,0,0.2972368224019168
conf/vldb/GaasterlandL94,f4WviFfTb_EJ,0,0.33744751183775573
conf/vldb/NgC97,J7mY8RlpTKMJ,1,0.8311871227364186
conf/vldb/Suciu96,ZpJk6AWnYgwJ,0,0.32892857142857146
conf/vldb/BaralisW94,6IvElzuMCnQJ,0,0.3365345339629539
journals/tods/CastanoAFP98,7RM9pBzNc2QJ,0,0.37349766151365743
journals/tods/SchuldtABS02,to6lpt0FDeMJ,0,0.4200096816696509
conf/vldb/RothOH99,MBl4t0vU_lcJ,0,0.3792776061615773
conf/vldb/GarofalakisG02,url:http://www.csa.com/partners/viewrecord.php%3Frequester%3Dgs%26collection%3DTRD%26recid%3D074157WS%26recid%3D7910351444MD,0,0.19669871794871793
journals/sigmod/Mackay99,XTMaU7IF2OoJ,0,0.27847222222222223
conf/sigmod/Brown99,6IHZgkVILdoJ,0,0.3571097543933201
conf/sigmod/ZaianeHLCC98,tFB9gJLG4_UJ,1,0.6850206336997297
journals/tods/FernandezKSMT02,kLK62e-pDyAJ,0,0.3833853492302035
conf/sigmod/DeshpandeGR01,h2MGfn5r8JUJ,0,0.42716357071013966
conf/vldb/LempelM02,njuthCBUMPAJ,0,0.3814063037495701
conf/sigmod/GuptaS03,darWCYZjZHcJ,1,0.7734989648033126
conf/sigmod/Hidber99,zuMaWx2Fo2EJ,0,0.3060496794871795
conf/sigmod/Hellerstein00,_97cTemKZnMJ,0,0.4204776017027173
conf/sigmod/LitwinS00,HI2KgQdo39gJ,1,0.8369461077844311
journals/sigmod/BoulosO99,nRO7mxtGexEJ,0,0.3305005737234653
conf/vldb/TaoPS02,hQ1mZq1gwgUJ,0,0.18992989312842254
journals/vldb/HarrisR96,EdptOa1wBe0J,0,0.3116420754348251
conf/vldb/LeeL96,8ZDbG3tJRlsJ,0,0.20260896018874744
journals/vldb/NgS98,8vJEjrhM7foJ,1,0.8057407407407408
journals/sigmod/BuchnerM98,dkWnTbi9xnEJ,1,0.7582837301587302
conf/vldb/DattaRT99,yiXwBWdL-z0J,0,0.371331764986426
conf/vldb/ManolescuFKXO00,0mGtqfQNJ-4J,1,0.7443186956888421
conf/sigmod/DoanDH01,HGo-3LYtAooJ,0,0.3814766723780967
journals/sigmod/JajodiaBBKMSW97,3M6loXLLjPYJ,0,0.35959477334477336
journals/vldb/RamanRH00,OoxAB5XZBawJ,0,0.3627472543269507
journals/sigmod/CarmelMS01,iLRcJx04m4QJ,0,0.17837837837837842
conf/vldb/VassalosP97,vPKoA4R_sU8J,1,0.7379522097084577
journals/vldb/FiletoLPAM03,pJsnj7fi9LIJ,0,0.3832539682539683
conf/vldb/AgrawalLSS95,kvFoPg6MAoYJ,1,0.615934065934066
conf/sigmod/DeHaanTCO03,CArmBvNK-skJ,0,0.29925213675213674
conf/sigmod/BrownCL96,1NX7tngeQrQJ,0,0.3999923592625456
journals/vldb/KraissW98,yPobzVe586kJ,0,0.39187436119202856
journals/vldb/FerrariAABC02,vFiS_SKr-4kJ,0,0.35094455061846364
journals/sigmod/Aberer03,6_mVeU4CAKsJ,0,0.16210526315789475
conf/vldb/ShanmugasundaramKSFF01,yVIwwbQbgT0J,0,0.3399427530575072
conf/sigmod/DattaDTVSR02,CW6R80Ly4MYJ,0,0.31418966640485624
conf/vldb/IoannidisLGP96,6NI_YrVysEMJ,0,0.34038018535193065
conf/vldb/SenkulKT02,i9KYmk14ATUJ,0,0.38179253143463115
journals/tods/MayL02,G-IY7laejRQJ,0,0.4067919643781712
conf/vldb/BunemanDHOW95,95LnCs7V35YJ,1,0.9717402120422638
conf/sigmod/RossSS96,q5Q6lrg5WjMJ,0,0.3557387903424489
conf/vldb/BenediktCFRZZ02,6Cdfxiuibd0J,0,0.36520203437596904
conf/sigmod/HacigumusILM02,lIAwaKbBeAcJ,0,0.3575905621958253
journals/vldb/Li03,37bE4odQHLgJ,0,0.3801111111111111
conf/sigmod/ChristophidesCS00,dn5N-XwuRS4J,0,0.4188113396659239
conf/vldb/Raghavan96,qjv2kAj1mi0J,0,0.33942307692307694
conf/sigmod/Ahn94,1tXk_9aZjp0J,0,0.41887364688316536
journals/sigmod/Chen94,url:http://portal.acm.org/ft_gateway.cfm%3Fid%3D1083697%26type%3Dpdf,0,0.340734126984127
conf/vldb/ShatdalKN94,TOn7rwqUZP4J,0,0.43958391853275053
conf/sigmod/SrikantA96,ZBuWjiVOE94J,1,0.8554584377610694
journals/tods/ScioreSR94,UF2SA_4NJREJ,0,0.35372083036782853
conf/sigmod/Squire95,ery6k1e8h_sJ,1,0.9086206896551725
journals/vldb/DanYC95,VsqlfmhgAO8J,0,0.3615927465927466
journals/tods/CiacciaP02,FL1ixPy2S9oJ,0,0.33488555770470674
conf/sigmod/MaheshwariL97,lek1SiQoXcUJ,0,0.343227219117312
conf/vldb/BohlenSS96,sk0AY7dBctgJ,0,0.27121848739495796
conf/vldb/Fox02,NfmlJutyHIkJ,0,0.35853707016497716
conf/sigmod/ChenGMV02,COwPtdqPe7MJ,0,0.30471491228070174
journals/sigmod/Hainaut03,aM0GU9L2Y7MJ,0,0.28524179605632555
conf/vldb/BrownG01,AY76zPJPFG4J,0,0.3273431594860167
conf/vldb/ColletCS94,BotVccAUkv8J,0,0.3623844146159583
journals/vldb/MuckP97,cb2WDZXn-D8J,0,0.3728076779288378
journals/sigmod/DiazJPa94,sLzMm4q8cjAJ,0,0.29701550885761413
conf/vldb/BerckenSW97,uQvpOuVz5CUJ,0,0.31407969028936766
conf/sigmod/BersonGMJ94,zRYo84carGoJ,0,0.3215662090662091
conf/sigmod/PolyzotisG02,obfTDYVJb4gJ,1,0.9938624338624339
conf/vldb/BohlenSS96,whS6sLlqS0gJ,0,0.296794090133386
conf/sigmod/WangWYY02,MqgSlx1jbPsJ,0,0.4133441558441559
conf/vldb/BrightR02,STlesPqWwkcJ,0,0.3403512072543079
conf/sigmod/Zeller03,RPIjOZY1n9gJ,0,0.37135253689417647
conf/vldb/CarusoCGLM00,S6TmnZKgmxwJ,0,0.3489160920157754
conf/vldb/GalhardasFSSS01,OEpwAcnqlWwJ,1,0.6089620693111126
conf/vldb/LakshmiZ98,04c2Rc_sHBIJ,0,0.2814950980392157
journals/vldb/MuthOPW00,PquJkXdlRXYJ,0,0.34218021699995144
conf/vldb/RysNS96,JcH-7Pa_4XkJ,0,0.39049413735343386
conf/vldb/GarofalakisG02,YkSTcehl8o4J,1,0.6845794392523366
journals/tods/MamoulisP01,CJG7EpzJ_6gJ,0,0.27352378929481735
journals/sigmod/BuchnerM98,z6M6iQngnVMJ,0,0.4201856331374404
conf/vldb/LakshmananPZ03,a7-NoViZ3VoJ,0,0.2698465388653561
conf/vldb/Blum99,a4tRStszc5kJ,0,0.3326058201058201
conf/vldb/JagatheesanMPW03,Y64liAHa10kJ,0,0.1903846153846154
conf/vldb/BrinkhoffK94,uQ9_jWkgWuEJ,0,0.25082127582127584
conf/sigmod/CookKWZ96,6aqTdMS3KlkJ,0,0.2895310245310246
journals/tods/CeriFPT94,DoS7NkmUyYgJ,1,0.8003355704697986
journals/vldb/FiebigHKMNSW02,rQtBBuYbqJkJ,0,0.36187952658540895
journals/sigmod/Elderini02,UE24twi-1wMJ,0,0.35433006535947714
conf/sigmod/SismanisDRK02,1Ivh1I9jL9QJ,0,0.34812317051017616
journals/sigmod/Rosenthal98,Wu9uDWGPUkEJ,0,0.4032836868265696
journals/sigmod/RamamrithamS97,AHBr9VNDBKQJ,0,0.2640625
conf/sigmod/CeriFPP95,6tbbOAIiLq4J,0,0.2997729394788219
conf/sigmod/ChoiC02,khdP4spNnPoJ,0,0.435609857978279
journals/vldb/CatarciSC97,-qsHBe_0vI4J,1,0.7931146978021979
journals/sigmod/Snodgrass03b,N-wWB-bnOn4J,0,0.25816957864830203
journals/sigmod/HalkidiBV02a,iLxI15ZFSGEJ,0,0.35770915755092975
journals/tods/MehrotraRKS98,VVIuDV3T0TgJ,0,0.42801620966520226
conf/vldb/SundaraHCAS01,VfsR6gvwaq8J,0,0.388952170015293
conf/sigmod/Zeller03,PaW8zjiNR9cJ,0,0.3722215937657114
conf/sigmod/DanS95,url:http://portal.acm.org/ft_gateway.cfm%3Fid%3D32219%26type%3Dpdf%26dl%3Dportal%26dl%3DACM%26CFID%3D11111111%26CFTOKEN%3D2222222,0,0.4241977703867948
conf/vldb/GalanisWJD03,4C8bHkTnCg8J,0,0.30703887378019523
conf/vldb/ShatdalKN94,0oEAGmVzGvAJ,0,0.3135534499781324
conf/sigmod/SeshadriP97,XqpMijpKbaEJ,0,0.3432551703862772
conf/vldb/YanG95,baVAtfo4WCoJ,1,0.8161835748792271
conf/vldb/YangG01,g8raVwL_ICIJ,1,0.7698914127183667
conf/vldb/CareyKSSS00,jP1KhvyT7R0J,0,0.3524979871175523
conf/sigmod/BersonGM95,url:http://portal.acm.org/ft_gateway.cfm%3Fid%3D333608%26type%3Dpdf%26dl%3DGUIDE%26dl%3DACM%26CFID%3D11111111%26CFTOKEN%3D2222222,0,0.45896099573518934
conf/sigmod/ChenWZ98,1DQ24XICaxwJ,0,0.33211045742255385
journals/sigmod/Qian97,T1XSO7pWkoIJ,0,0.38153340256144
conf/vldb/Orenstein98,ePDeK48SzT8J,0,0.32456709956709967
conf/vldb/CareyKRLABFLOPQRSSUVWY01,mRWLGqueLNsJ,0,0.3623299102946965
conf/sigmod/Weininger02,ji2emPz2tb4J,0,0.2903268398268398
conf/vldb/GotoK02,F4DVEf2CBUkJ,0,0.3113666014350946
journals/sigmod/Ulusoy95,tD06FaSd55AJ,0,0.34476122058018616
journals/sigmod/TanakaV01,sQu8znidi50J,1,0.7429047358264227
journals/vldb/C94,LJOwsosFqvgJ,0,0.13378378378378378
journals/tods/KemmeA00,BtexvKRi5dcJ,0,0.3650169370073611
conf/vldb/BalminHKPSW03,url:http://doi.wiley.com/10.1002/he.10102,0,0.34485156697372077
conf/sigmod/Whelan98,KEu2V2ksmtsJ,0,0.4320697577276525
conf/sigmod/Aulakh98,JukqzyDm9-oJ,0,0.31170056867891516
conf/sigmod/RajagopalanML98,lkrtCULVA6oJ,0,0.47083442450516977
conf/vldb/SadriZZA01,sU9uqUHgZBoJ,0,0.33514525306978143
journals/sigmod/MalaikaEM03,iDQUr01UFGsJ,0,0.43409541847041844
conf/vldb/Norvag99,wzXQwnislakJ,0,0.3578760880592013
conf/sigmod/CranorJSS03,7Z7tduFDfNgJ,0,0.3352209835370188
conf/sigmod/BerchtoldK97,XzIdaHbZPaAJ,0,0.3333916674342206
journals/tods/Alagic99,IZju4T9oCaEJ,0,0.3575399669692998
conf/sigmod/Grust02,F3sNx_8p3McJ,1,0.7050465555014606
journals/tods/MuralidharS99,4sRgCLIWKncJ,0,0.3432193094629156
conf/vldb/YangG01,UZBoDXflaXoJ,1,0.6821148927798544
journals/tods/Subrahmanian94,uoCFHnYrx6wJ,1,0.8487226829774
conf/vldb/CherniackZ98,So_H9Oer6lsJ,1,0.8560606060606062
conf/vldb/Bar-YossefBCFW00,url:http://portal.acm.org/citation.cfm%3Fid%3D319878.319938%26dl%3DGUIDE%26dl%3DACM%26type%3Dseries%26idx%3D319878%26part%3DProceedings%26WantType%3DProceedings%26title%3DInternational%2520Multimedia%2520Conference%26CFID%3D11111111%26CFTOKEN%3D2222222,0,0.37560990044864234
journals/vldb/FiletoLPAM03,url:http://www.csa.com/partners/viewrecord.php%3Frequester%3Dgs%26collection%3DTRD%26recid%3D20021211038652MT%26recid%3DA7423786AH,0,0.33292748722495424
conf/vldb/WiesnerK01,UrDwK2S7QVwJ,1,0.8583333333333334
conf/sigmod/ZhaoDNS98,Wg8o4cj8Cq4J,1,0.8428691162020001
conf/vldb/Adler01,YrCxca3NuwgJ,0,0.314124351868407
journals/sigmod/Liu03c,Cks4eBzJ9z0J,0,0.3370718050065876
journals/sigmod/Segev94b,5Ca6WOB3X-wJ,0,0.19408602150537638
conf/vldb/AbiteboulABBNM03,f_oP_Oqfok8J,0,0.34712180010893245
conf/sigmod/KalnisNOPT02,cngPSt2HgIUJ,0,0.3830969634230504
conf/vldb/LinLYZ03,_fKZb0nkqjoJ,0,0.3122507936507936
journals/vldb/KemperK95,G_vKTsC4EaAJ,0,0.314309090909091
conf/vldb/BerckenS96,h3ECutoG4zQJ,0,0.38688816444654106
journals/tods/StoreyCDGS97,k2NXe9IVVnIJ,0,0.4169154028354896
conf/vldb/SeshadriLR96,0E4IPpxTz2AJ,0,0.33807142857142863
conf/sigmod/ShouCTRH01,url:http://portal.acm.org/ft_gateway.cfm%3Fid%3D375755%26type%3Dpdf%26dl%3DGUIDE%26dl%3DGUIDE%26CFID%3D11111111%26CFTOKEN%3D2222222,1,0.9120475252891102
conf/sigmod/RaoR98,url:http://portal.acm.org/ft_gateway.cfm%3Fid%3D1027684%26type%3Dpdf,0,0.4168405488678788
conf/vldb/BonczRK98,D7k3WB9ZFqMJ,0,0.2943354973842779
conf/sigmod/BerensonBGMOO95,bBTi2V_WTXgJ,0,0.37194300776608236
conf/vldb/Taylor00,s0v2kYtOvgoJ,0,0.30408620562674915
conf/vldb/NatsevCSLV01,MD0OLeQ4JMEJ,0,0.4287635843646566
journals/sigmod/Snodgrass00c,HNDwkFGwM7EJ,0,0.18333333333333338
conf/vldb/AbrolLMMMRTWZ01,xBwTMy706loJ,0,0.3672453703703704
conf/sigmod/HsiaoN00,pWo1z2m3odMJ,0,0.3544720715929458
conf/sigmod/AggarwalY00,5OOAS2wMXycJ,0,0.3878283360594681
conf/sigmod/Shyy95,url:http://portal.acm.org/ft_gateway.cfm%3Fid%3D16857%26type%3Dpdf%26dl%3DGUIDE%26dl%3DACM%26CFID%3D11111111%26CFTOKEN%3D2222222,0,0.323992673992674
conf/sigmod/Gray95,u3YWmIGFY7UJ,0,0.31244979919678717
conf/sigmod/BouguettayaBH99,Eo--LaiZqgcJ,0,0.3104536746778126
conf/vldb/KornMS02,mClzTQppJE4J,1,0.9833333333333334
journals/sigmod/LightstoneLZ02,ixJQQZcoH1YJ,0,0.3775900313142497
conf/vldb/CohenMKS03,url:http://www.csa.com/partners/viewrecord.php%3Frequester%3Dgs%26collection%3DTRD%26recid%3D20021212029378MT%26recid%3DA7340047AH,0,0.31064591588179546
conf/sigmod/ParkKKLPC98,qcJGwUsAi-EJ,0,0.36561097282829447
conf/vldb/IlyasAE03,J2Lx4woQ9FUJ,0,0.361304090601758
journals/tods/ParsonsW00,TLpu0XBrufcJ,0,0.40313883527892813
conf/vldb/SeligmanBNSW95,wERnOwGb2uwJ,0,0.3272056238402392
conf/sigmod/ChaudhuriGN02,SG-uTdqYCEoJ,0,0.3344700021976412
conf/vldb/ChatziantoniouR97,UEvW-FsWASUJ,1,0.7619949494949495
conf/sigmod/VanceM96,url:http://portal.acm.org/citation.cfm%3Fid%3D81403.81406,0,0.3942187077699618
conf/vldb/SchaeferBBJ00,cZcYad79Sz0J,0,0.26358695652173914
conf/sigmod/Aggarwal03,9RhyaHEMvAgJ,0,0.43091999731534614
conf/sigmod/RaoR98,WlSXiMaxGlQJ,1,0.9921428571428572
journals/sigmod/CherniakV03,3gmctUQXB7kJ,0,0.17460317460317462
conf/vldb/Bowker00,ijVxuMg1iUIJ,0,0.3316130198256673
journals/tods/BellNNS96,0MteXOu7gzcJ,1,0.75059977258519
conf/vldb/StaudtJ96,G5TFyecUP9QJ,0,0.34303587344028524
conf/sigmod/ZaharioudakisCLPU00,zRkSwyP872gJ,0,0.2965225563909774
conf/vldb/Kotidis01,url:http://doi.ieeecomputersociety.org/10.1109/ICCCN.1997.623310,0,0.3649581470014906
conf/vldb/CareyD96,oynyctdLMcoJ,1,0.8930856553147574
conf/vldb/TatbulCZCS03,F42wOOy-KR0J,1,0.7265173692427791
conf/vldb/CherniackFZ01,N0z0oDyhHVsJ,0,0.3488402470154295
conf/vldb/MeccaCM01,38XWshHXHHwJ,0,0.3491496359080031
conf/vldb/Gibbons01,NR73OWaqqTAJ,0,0.3256127450980393
conf/vldb/LabrinidisR03,kB6K6cB1euMJ,0,0.3269345238095238
journals/vldb/LandauST95,KexzuoreqpkJ,0,0.3130250677506775
conf/vldb/LabrinidisR01,AouQfnLdUvUJ,0,0.334907326751839
journals/vldb/ShethTP03,2XgLxexlCeoJ,0,0.37536960599126207
conf/sigmod/FabretJLPRS01,uaOB9o42w5AJ,1,0.6463611111111112
conf/sigmod/FranklinJK96,40cq9ovvXn8J,1,0.6988774912687957
journals/sigmod/Jhingran00,y4_VKQwHk88J,0,0.31476608187134497
conf/vldb/Padmanabhan96,1IjlMvLBFC0J,1,0.8583333333333334
conf/sigmod/BohannonDGKLNS03,ml1M1DTzYqwJ,0,0.35564658038566954
conf/sigmod/RinfretOO01,-8zgeIdh6C4J,0,0.40353936985658123
journals/sigmod/Alonso95a,lJvM7i4RgpAJ,0,0.14305555555555557
conf/vldb/Taylor00,Af_4cNCu3MwJ,1,0.8583333333333334
journals/vldb/DesslochHMMT98,W4_LZfs09oMJ,0,0.3521152318562328
journals/sigmod/Chaudhri98,qtiXLjb0b2QJ,0,0.06395348837209303
conf/sigmod/AgichteinGV01,TGAXcbrUDUQJ,0,0.350880066866779
conf/vldb/KumarKA97,FV8R3VR8ilMJ,0,0.36926006092672764
conf/vldb/LabioYCGW00,FItD6ee8IwUJ,0,0.3692476318484383
journals/vldb/VerykiosME03,pyvcyaRSWcgJ,0,0.3452147275061268
journals/sigmod/Jhingran00,-nxCwEfFhcMJ,0,0.3742690058479532
journals/sigmod/GottlobKP03,Y-k-K7s8XPIJ,0,0.3367933057280884
conf/sigmod/NgLK98,vZ-YEOg1B2wJ,0,0.41550832208726945
conf/vldb/ZellerK02,eTleNxKokg4J,0,0.33988488488488494
journals/sigmod/Cardelli01,1zM7xIlG3ZQJ,0,0.32095589604796
journals/vldb/MedjahedBBNE03,GUfuXzIxG7QJ,0,0.3612511722563409
journals/sigmod/YauLMS99,W-9QhxmyIoIJ,0,0.3755359806114839
conf/sigmod/LabioZWGGW97,WyCQmiQwZbMJ,0,0.3934759875331672
journals/sigmod/AnyanwuS02,PFv38CtcMjoJ,0,0.3612609441175114
conf/sigmod/RossSS96,iurxdvB6oLAJ,1,0.9062481962481963
journals/sigmod/Liu01a,_1nDTUgGJCIJ,0,0.24623444914710788
conf/vldb/LakshmananNWZJ02,8pVcouosEiYJ,0,0.3740942028985507
journals/sigmod/Gaffney96,QkyXMep2bWsJ,0,0.31958789867845444
journals/sigmod/KimballS95,5AiEsU9p7FIJ,1,0.9758064516129032
conf/sigmod/MarklL02,nMNWKeFxgkwJ,0,0.37934366817312126
conf/sigmod/LaursenOP94,rSDBT9JINOIJ,0,0.41260015250654597
conf/sigmod/GravanoCGP97,To_EjIKwfSAJ,0,0.4183362347295939
journals/vldb/RamanRH00,CgiCp6N9XZQJ,1,0.8727618243243244
journals/vldb/HarderST99,VaO8O5WO0IcJ,0,0.3724828948152119
conf/vldb/ArunJ98,K_DxuVn3_CsJ,0,0.3776218031531125
conf/sigmod/LakhamrajuRSS00,DyGC4KFw5mgJ,1,0.848020207312401
conf/sigmod/AggarwalPWYP99,fY3kkkzBLw8J,0,0.44250982365901725
conf/vldb/GotoK02,url:http://doi.wiley.com/10.1002/ev.1289,0,0.3055984316230218
conf/vldb/TaoPS02,v7hQCqKepzwJ,1,0.7444703530979347
conf/vldb/AmirKN01,-1RDjZ9UI5YJ,0,0.3889285714285715
conf/sigmod/ONeilQ97,5iolWs79wEEJ,1,0.7367077287068391
journals/sigmod/SnodgrassACFLLORRSV99,I8WbYXw2zhYJ,0,0.339247311827957
conf/sigmod/AcharyaPR99,5rrS2RkHTC4J,0,0.384961961386012
journals/sigmod/RossAA02,uFVf0mEOih4J,0,0.19324324324324324
conf/vldb/BaumannDFRW99,lmKF8hAYUkMJ,1,0.6909093379926229
journals/tods/SistlaWYS98,LY-spr1tey4J,0,0.4201412126412127
conf/sigmod/ChangC01,Sy6KA50PawsJ,0,0.42112150920974456
journals/tods/FernandezKSMT02,YlzdUtUxJE4J,0,0.32233383231835244
conf/vldb/PardonA00,Bax8yKEV6McJ,1,0.8084079245733381
conf/vldb/GyssensL97,1oCTwvC32jkJ,0,0.3482329539564583
journals/sigmod/YeungHL94,yQv94p3tE1IJ,1,0.9944444444444446
conf/vldb/BerckenS96,ETlGZQjZptEJ,0,0.3289562616217965
conf/vldb/BrinkhoffK94,uHcMYIQRGCYJ,0,0.31507528111301697
journals/sigmod/Qian96b,-G33Dk9rRiEJ,0,0.2953107810781078
conf/sigmod/FaloutsosRM94,url:http://links.jstor.org/sici%3Fsici%3D0146-4949(196324)4%253A1%253C41%253AJDS%2522SO%253E2.0.CO%253B2-N,0,0.3404629096262161
conf/sigmod/DewanSHH94,yRGvbCAsVH0J,0,0.3767185716408802
conf/vldb/Galindo-LegariaPK94,nlZZsUsWTCAJ,0,0.36952273404738195
journals/sigmod/SalgadoE03,qe3zCXe4dHQJ,0,0.19813664596273295
conf/sigmod/ZaianeHLCC98,MAWJiylMIswJ,0,0.39987952985525804
conf/sigmod/Cattell94,eq_9Q3y6QAQJ,0,0.26868527541784665
journals/sigmod/Kim94,omEzydS8KaAJ,0,0.37153123791322556
conf/vldb/NaumannLF99,MEQuU1E4vdoJ,1,0.8522666666666667
conf/sigmod/MumickP94,6uJxkOy-gTMJ,0,0.37208367873261483
conf/vldb/HageJPST03,J__0OnKhOxIJ,0,0.38307334428024087
conf/vldb/SrikantA95,08bwdEy_OY8J,1,0.7398110200364298
conf/sigmod/Carey00,x6n6Ev8WnhEJ,1,0.790625
journals/sigmod/ArpinarD00,0ZvZqSKtM5UJ,0,0.42455400727216197
conf/sigmod/PhanN02,LLIkm2GMqakJ,1,0.7892857142857144
journals/tods/GravanoGT99,url:http://portal.acm.org/citation.cfm%3Fid%3D984393,0,0.4448408516150123
conf/sigmod/TsueiPK97,Ipb3SWexII4J,0,0.3675267008469378
journals/sigmod/NgH95,WGGz49N3PfwJ,0,0.3909329140461217
journals/vldb/ShanmugasundaramSBCLPR01,ZQyBjtpbhvIJ,1,0.7547990801258776
journals/sigmod/Konig-RiesL97,x98qKvpwKyYJ,0,0.35068815331010456
conf/sigmod/ClaypoolRZSK01,bJU-8m2wELoJ,0,0.3949650598052133
conf/sigmod/ChenDLT00,d96KfYgz1EgJ,0,0.3353685666185666
journals/sigmod/Liu03,ui0EPSYakuEJ,0,0.24451754385964916
conf/vldb/LohmanL02,url:http://links.jstor.org/sici%3Fsici%3D0146-4949(196023)1%253A3%253C5%253ANMATRO%253E2.0.CO%253B2-O,0,0.3297848257014425
conf/vldb/KemmeA00,ddg41eYxzNIJ,0,0.316897689163056
conf/sigmod/ZhangRL96,n2OXPdZj2kIJ,0,0.3464282216999608
journals/tods/SchuldtABS02,Id1cvsQURBAJ,0,0.4362478659281655
conf/vldb/HeMYW03,GOUpOosp8sEJ,0,0.23341817496229267
conf/sigmod/FaloutsosRM94,PwMBJ0o1N3YJ,0,0.43711276589843856
journals/sigmod/BernsteinHP00,U5SUKc5W5WAJ,0,0.4427754435107376
journals/tods/BertinoBFS98,aNcVvkw32SYJ,0,0.27595922089766145
conf/vldb/Amer-YahiaFSX03,VjpTkVqPF9UJ,0,0.34360380116959066
conf/vldb/Dyreson96,NLHGmRaRTGgJ,0,0.38228340451494813
conf/vldb/Moerkotte98,url:http://www.csa.com/partners/viewrecord.php%3Frequester%3Dgs%26collection%3DENV%26recid%3D2658727,0,0.32859006734006735
conf/sigmod/RinfretOO01,eaLwUoe7CdIJ,0,0.3946351528886587
journals/sigmod/AshishK97,yi4FBvZ-JYkJ,0,0.3955597771023303
conf/sigmod/Mohan02,fBJ5iYP1NxkJ,0,0.3481981981981982
conf/sigmod/Blakeley96,37_iwO5NlgwJ,1,0.7048484848484848
conf/sigmod/RafieiM97,nc4-SXCzfaMJ,0,0.3250192012288787
journals/sigmod/KeetonPH98,0WW6WbtOAa4J,0,0.37597481021394064
journals/sigmod/AilamakiG03,oB6MP-UwVVMJ,0,0.366173113380778
conf/sigmod/AcharyaGPR99,YqdrTNxo6sMJ,0,0.35654541302023324
journals/sigmod/MaximilienS02,_ouQpdHHLOMJ,0,0.38329706842864747
conf/vldb/Bhashyam96,url:http://portal.acm.org/ft_gateway.cfm%3Fid%3D245908%26type%3Dpdf%26dl%3DGUIDE%26dl%3DACM%26CFID%3D11111111%26CFTOKEN%3D2222222,1,0.8462962962962964
conf/vldb/SilversteinBMU98,pUkGurURIxcJ,0,0.3106323061554127
journals/vldb/ChidlovskiiB00,XTu_F2NnfZEJ,0,0.4160018993352327
journals/vldb/GrefenVA01,fohOTTsEtIwJ,1,0.8352247982579737
conf/vldb/JermaineDO99,6NI_YrVysEMJ,0,0.33783210253798496
conf/vldb/WienerN94,-jefK4N3Z6UJ,0,0.30915750915750917
conf/sigmod/WoelkBJOTU95,iFiv0xEJvIkJ,1,0.6841952986349539
conf/sigmod/LometW98,7OVrRejV-tAJ,0,0.418406619063938
journals/sigmod/KannanKIK03,lf681qNdRv4J,0,0.41218709974631107
conf/sigmod/AndersonBKW98,cNHauPHxbn8J,0,0.37704133522211325
conf/sigmod/BaruGLMPVC99,arQIThq-W4gJ,1,0.6936005625879044
conf/vldb/BrownS95,xNe9B0rIx8oJ,0,0.3952195045945046
conf/sigmod/Amer-YahiaCLS01,VzfXEsmoyUcJ,1,0.7487396664096242
conf/vldb/Mihalisin98,1rW7ao6gK-QJ,0,0.3609879406307978
conf/sigmod/MatiasVW98,oNI3ghQOpckJ,0,0.3540506995176492
journals/sigmod/BernsteinBCDFGGHHJLMNPSU98,gLjn4f4f63wJ,0,0.4160439490495375
journals/tods/BunemanO96,xT4l9LBtTcUJ,1,0.7737241850145076
conf/vldb/NipplM98,SEnrzIT9DWMJ,0,0.32008028598218474
conf/vldb/Kornacker99,aOmma8tnFKIJ,1,0.9833333333333334
journals/tods/Hellerstein98,Ae-y0LICgtkJ,1,0.7626555613170859
conf/vldb/TaoPS02,q2ZF-a_JbOoJ,0,0.3124577274730117
conf/sigmod/Bussler02,PXzvBBXwhtIJ,0,0.2475
journals/sigmod/NascimentoM99,url:http://portal.acm.org/citation.cfm%3Fid%3D1101149.1101341,0,0.1718135158254919
journals/vldb/ChakrabartiRS03,xLQby8M7dFsJ,0,0.3669481364315206
journals/sigmod/SureSS02,SQ-G-IKtM9cJ,1,0.845262946252644
journals/sigmod/Camps02,-qAPCSTwYssJ,0,0.39403623188405795
conf/sigmod/AbiteboulCM95,lBYs7BnMQLIJ,0,0.428741103924057
conf/sigmod/KotidisR98,5lTPjooTBNIJ,0,0.37386146137362253
conf/vldb/GantiLR00,zgeNhOXSLigJ,0,0.3860664919875447
conf/sigmod/ChenZCKR01,U2SXqAtrtoQJ,0,0.3526057153154652
conf/sigmod/GuptaMR95,q-qZWa6vF7EJ,0,0.38921800968060816
conf/sigmod/TatarinovIHW01,Xbc9WP2giWgJ,0,0.3066410566410566
conf/vldb/FlorescuLS98,uB5xSNxu3V0J,0,0.3271652060127984
conf/vldb/AggarwalHWY03,ytP9dDWZp3UJ,0,0.346073476702509
conf/vldb/CuiW01,xaBAsRlH-dgJ,0,0.36385132288416966
conf/sigmod/GeneserethKD97,2Nl65Vp7bxUJ,1,0.7710227272727272
journals/tods/AndriesCPB01,JGuPo8c_vZkJ,0,0.38966848358263817
journals/sigmod/BarclayBGS94,Bze_idud4goJ,0,0.387986054382075
journals/sigmod/BuchnerM98,SZwq84m3bGYJ,1,0.8588131883901985
conf/sigmod/ChenR94,hlQJGQCSurIJ,1,0.8300092126612215
conf/sigmod/PeiMHZ00,uexPs_0wnSAJ,0,0.27964285714285714
conf/sigmod/CareyMN97,u64n4yMnma4J,1,0.55
journals/sigmod/Snodgrass02,AsIkSgsf6csJ,0,0.269257481648786
conf/sigmod/YanMHF01,rEdeXpBYDyYJ,0,0.3415589330301409
conf/vldb/LifantsevC02,G2Z2jScNrQMJ,0,0.3906345146754355
journals/sigmod/Hammer03,url:http://portal.acm.org/ft_gateway.cfm%3Fid%3D601859%26type%3Dpdf%26dl%3DGUIDE%26dl%3DACM%26CFID%3D11111111%26CFTOKEN%3D2222222,1,0.5625
conf/vldb/CareyKSSS00,hNx9EEtRqz0J,0,0.3363819862784472
journals/vldb/AtkinsonM95,url:http://www.springerlink.com/index/X1511125004H5724.pdf,0,0.2796355891464587
journals/sigmod/AbiteboulH95,OV6n7LhOe_cJ,0,0.37942722833086107
journals/tods/CeriFPT94,G4d72hAN0q4J,0,0.44368116813686187
conf/vldb/Vieille98,AgttRKif4rcJ,0,0.26618437118437116
journals/sigmod/BernsteinHP00,HvE-7XtxsJgJ,0,0.32198577506649645
conf/sigmod/HanKS97,i0c65loyE60J,0,0.40897893614923975
conf/sigmod/BargaL99,mt8Q1YmVRkMJ,0,0.46980559777102326
conf/sigmod/YangWYH02,V0c3PqbXCWYJ,0,0.3461858647638465
conf/sigmod/LakhamrajuRSS00,xsA791uKxFsJ,0,0.36407318097555325
journals/sigmod/ConradEHRSSSV97,8xoK2Ve4hfcJ,0,0.16739130434782612
journals/sigmod/KeetonPH98,url:http://doi.wiley.com/10.1002/he.11105,0,0.29787851037851043
conf/vldb/DattaDTVRF01,mPBmOUreSecJ,1,0.7424970500364038
conf/sigmod/BarclaySG00,JTEJ-q3T1vsJ,1,0.7104970311492051
conf/sigmod/ChanI99,lR5CFnoMtX0J,0,0.4289120780228242
conf/vldb/ChenCFGJMTW99,lu7zjT6p1ycJ,0,0.3560917864062336
conf/vldb/TriantafillouP97,QUNzZEruN-8J,0,0.3828016366235126
conf/sigmod/Levine95,FxxIkHP-0AcJ,0,0.40628968253968256
conf/vldb/OzdenGHNSDGGW01,i2tQqqUglT4J,0,0.34350205053016303
conf/sigmod/DogacHKOONDMAKE96,oAO74aolStoJ,1,0.760039469077559
conf/sigmod/ChenRW02,EPVkQkFM2osJ,0,0.3640478110286406
conf/vldb/ShatdalKN94,Cs2wt2doGG8J,0,0.33355248200075793
conf/sigmod/ChenGK01,8OgkUeiawO0J,1,0.8
conf/vldb/KumaranH03,cKlLDtxSJIcJ,0,0.36277513500667863
journals/vldb/RamakrishnanSSS94,YAsocPxLhlQJ,0,0.3342505241090147
conf/sigmod/IoannidisLANT97,xUUg3BL5pScJ,0,0.39844241490632964
conf/vldb/LeeWMS02,l-wyNMUH_LYJ,0,0.32033328745756495
conf/vldb/YuSLJ02,LoGrg4FE5-sJ,0,0.33751395534290274
conf/vldb/KeidlSSK02,Pl4rJ3OCn7IJ,0,0.31846606458675425
journals/sigmod/EnglertGH95,kgv3UMVbi-kJ,0,0.29835573476702515
journals/vldb/PapazogluK97,1nBixmS06kwJ,0,0.32706606021543183
journals/sigmod/FininJ02,pJsnj7fi9LIJ,0,0.4950425627240144
conf/vldb/MorimotoFMTY98,7J2CcsbxP2EJ,0,0.3796563081639357
conf/sigmod/FabretJLPRS01,url:http://www.csa.com/partners/viewrecord.php%3Frequester%3Dgs%26collection%3DTRD%26recid%3D0517753CI,0,0.359051473612676
journals/vldb/KraissW98,9JuBz-W-FX8J,0,0.34669612794612803
conf/sigmod/WynblattN01,3eI-Hper3ToJ,0,0.43679885382312006
conf/sigmod/WangCMSSZ94,ZM65itnp_E4J,1,0.8792234629700937
conf/sigmod/BersonGMJ94,QWB3Uw2JKOUJ,0,0.41677625016689834
journals/vldb/ChakrabartiRS03,NArd9NIZXUUJ,0,0.39161607766550005
conf/vldb/ShuklaDN98,sRnvH9JihZgJ,0,0.3950548417303737
conf/sigmod/ChenGM01,Y69E-V1vbN4J,0,0.373424646625957
conf/vldb/CarinoJ98,hmhqLcukHosJ,0,0.3775457554295431
conf/sigmod/Epstein95,CVE7WSpfwhAJ,0,0.14285714285714285
conf/vldb/ChanFFGR02,AMqU9oJPrzQJ,0,0.40793585377152874
conf/vldb/FuC94,ZNj16S5HpQgJ,0,0.3435563285608658
journals/sigmod/ClementiniF00,8GZyHNOo69EJ,0,0.2976377414254703
conf/sigmod/PossSKL02,Gl5cGOLsXkEJ,0,0.2920399855618834
journals/sigmod/NestorovAM97,NVS_rDpScp0J,1,0.9878179384203482
conf/vldb/BrownG01,GkwWJKTSdTwJ,0,0.36238196270804973
conf/sigmod/FabretJLPRS01,jjxjcLk53bcJ,0,0.38131951466127406
journals/sigmod/CheungF98,ujeEtXpQFIsJ,1,0.865639097744361
conf/vldb/YagoubFIV00,zSv16ElUAn4J,0,0.3354978354978355
conf/vldb/ShegalovWBL02,VFNvUH5yaVsJ,0,0.3865573631047315
conf/sigmod/WuAA01,v6dK5WI-4pMJ,0,0.41125873337840885
conf/sigmod/LeflerSW96,JLDVYDho8zYJ,0,0.43963062539243203
conf/sigmod/MerialdoAMMP00,WD4c-qVPWGUJ,0,0.37364721319154764
conf/vldb/OzsuLON01,hzKblLP7ASEJ,0,0.30644069897945864
journals/vldb/LandauST95,E8U_krxA1dsJ,1,0.7505454545454546
journals/sigmod/BoucelmaCGJLL02,-pBCHexwDmIJ,0,0.1906666666666667
journals/vldb/HjaltasonS02,eXKk0944Rr8J,0,0.3621207729468599
journals/sigmod/SalgadoE03,fIS5Kxe2HDsJ,0,0.24166666666666672
journals/tods/CliffordDIJS97,f1wgD54UUKwJ,1,0.8610222659286884
conf/sigmod/GeneserethKD97,41HovX7YOH0J,0,0.30453102453102454
conf/vldb/X00,znKU32WsnfEJ,0,0.14872420262664166
conf/vldb/BrownCC94,E-1nAx7gc-8J,1,0.6882924194651587
conf/sigmod/LiCHH97,xV2g0DPwClsJ,0,0.340030745306169
journals/tods/KorthS94,IkGN_rqII0QJ,0,0.34074074074074073
conf/vldb/Baumann03,qNtckJ69X04J,0,0.33068334171275354
conf/sigmod/LoR94,KbZW5jRieV0J,0,0.33422076382602706
conf/vldb/LeslieJBY95,hUtYffw-KjcJ,0,0.335942760942761
conf/vldb/AltinelBKMPR03,hd5JHUAr6z4J,1,0.7641173935723844
conf/vldb/RahmM95,fU12Zz3ZQz0J,0,0.2919124877089479
conf/sigmod/Olson95,nJycrIdh5E4J,1,0.9863392857142858
journals/vldb/HjaltasonS02,_Psba9JxUPYJ,0,0.34825120666433934
conf/vldb/BawaBA03,umR_ElW0LQQJ,0,0.37136704319408925
conf/sigmod/ReinwaldP98,1wDH0gxVhWcJ,0,0.3959645463351663
conf/sigmod/BerensonBGMOO95,zuAl_DENZW0J,0,0.3831472821297582
conf/vldb/HoelS95,aRzxzQozbdEJ,0,0.34916981703622924
journals/sigmod/SegevJS95,K18tWuYszsMJ,0,0.1946153846153846
conf/sigmod/BressanGOT00,E4NRpXGg6HMJ,0,0.38653146086624235
journals/sigmod/Snodgrass02b,hgm1IUfAeCcJ,0,0.34065069395865655
conf/sigmod/HouZ95,dFjt-3Kl_C8J,0,0.4214071637426901
conf/vldb/TengCY03,wJjaZnzD6pAJ,1,0.9660507246376813
conf/vldb/ChoG00,url:http://portal.acm.org/ft_gateway.cfm%3Fid%3D1041425%26type%3Dpdf,0,0.2859665621734587
journals/sigmod/Jannink95,lLag8Oyvot0J,0,0.3682576943140323
conf/sigmod/BohrerBBCFHKKMNRRSUUW97,0JF0Qh_QcgIJ,0,0.437478222260831
conf/sigmod/JaedickeM98,LrJw7qiWElQJ,1,0.8654782258875592
journals/sigmod/Halevy03,KCesUyax0EoJ,0,0.3346511519302615
conf/sigmod/LehnerSPC00,oP_cXK6lMFkJ,0,0.33087679575720486
conf/sigmod/CareyK97,ucdmk8xwaTsJ,1,0.5433830375863293
journals/tods/Ng01,lry_2bY9lc4J,0,0.3015620490620491
conf/vldb/MiklauS03,kpIsE5-lrJoJ,0,0.3339001629572853
conf/vldb/RamasamyPNK00,bpWvAVOZLbwJ,0,0.5179434092477571
conf/vldb/FlorescuKLP97,jseL5_9wKPUJ,0,0.3191465459423206
conf/vldb/ReuterCGSW95,url:http://portal.acm.org/citation.cfm%3Fid%3D645921.673318,1,0.8541199955639349
journals/sigmod/Labrinidis01,LqLJLX1ss5QJ,0,0.3866793252545941
journals/sigmod/Snodgrass03,9tNTM-lEDNsJ,0,0.3296994911022803
conf/sigmod/SinghTW94,dsed9UZjbUUJ,0,0.3904166070341206
conf/sigmod/HellersteinA00,VlRO0WwUy3wJ,1,0.8035888447215679
journals/sigmod/SycaraKWL99,fdruJtO0F0UJ,1,0.7636834733893558
conf/vldb/BasuFP00,url:http://portal.acm.org/ft_gateway.cfm%3Fid%3D776989%26type%3Dpdf%26dl%3DGUIDE%26dl%3DACM%26CFID%3D11111111%26CFTOKEN%3D2222222,0,0.37529595769727353
conf/sigmod/Mohan01,url:http://adsabs.harvard.edu/abs/1988lsso.conf.....B,0,0.38698320413436693
conf/vldb/LudascherMP02,cxnuI54po5EJ,1,0.9267927501970056
conf/sigmod/Fernandez94,R84NdcgsF70J,0,0.3586760461760462
conf/sigmod/ZaharioudakisCLPU00,3WEqFbqFuWcJ,0,0.43716402688271266
conf/vldb/ChakrabartiSST00,DxyKjur4q8wJ,0,0.3792977975781444
conf/vldb/TanGO99,url:http://portal.acm.org/citation.cfm%3Fid%3D1007677,0,0.36374973548879214
conf/sigmod/FaloutsosSTT00,1j2pS4gsAa0J,0,0.39156254607106
conf/sigmod/HsiaoN00,0GlQcw6XTVYJ,0,0.4290073844275246
journals/vldb/HelmerM03,url:http://portal.acm.org/citation.cfm%3Fid%3D54176.54178,0,0.38603453232813695
journals/vldb/NgS98,I6aKO-jLBmgJ,1,0.6708333333333334
conf/vldb/OzsuLON01,I7BIiWLtsmEJ,0,0.34935497997998
conf/sigmod/ClossmanSHKPB98,qq2lTNrNTBUJ,1,0.5253086419753087
conf/vldb/KemmeA00,qGD7ZWZazLEJ,0,0.3316148405927256
journals/sigmod/David03,v2F8PPzwrWUJ,0,0.34359221308762594
conf/sigmod/ChenCPPSTM00,Ab6MIDVDzhAJ,1,0.8720616883116884
conf/sigmod/ShahC01,_ojAgiG_YREJ,0,0.420923520923521
conf/sigmod/Kramer97,o_l36WcWTy0J,0,0.3085682420029491
journals/vldb/C95b,Ob_9jHdbnfkJ,0,0.4344262295081967
conf/sigmod/YanMHF01,N4BY17DhGwsJ,0,0.4049192931301271
journals/sigmod/Aberer03,TYR9dmempocJ,0,0.1257142857142857
conf/vldb/ChenCFGJMTW99,Hq3W65us8dkJ,1,0.8332384675364563
conf/vldb/PolyzotisG02,0PmgzK0Ou4EJ,0,0.32622453870117424
conf/vldb/YagoubFIV00a,Og5F8rb6Z3EJ,0,0.27894327894327897
journals/tods/CeriFPT94,aphxPCo8qkgJ,1,0.9612903225806453
journals/sigmod/Winslett01a,FyaDdmU186MJ,0,0.12709163346613547
conf/vldb/MogiK95,jl0EnLbOg9IJ,0,0.3281051587301587
journals/sigmod/RamDD99,kHE9-cv77fwJ,1,0.8386019271924103
conf/sigmod/WangCMSSZ94,W1IuO3EFDJ8J,1,0.7100525280035748
conf/sigmod/AdyaGLM95,hWJ64HW0j1AJ,0,0.41119200172811765
conf/sigmod/ChenZCKR01,Vjh8QOeqfukJ,0,0.39856941562594234
journals/sigmod/ShahMFH01,5QFhf2NHpCMJ,0,0.415599538182418
journals/sigmod/JajodiaBBKMSW97,url:http://portal.acm.org/citation.cfm%3Fid%3D271095,1,0.9545237718743411
conf/sigmod/SistlaW95,KO3FcQ57_rkJ,1,0.9919642857142859
conf/vldb/GinisHKMT97,8cOgiFevwNQJ,0,0.2732373284382068
conf/vldb/LaneEN00,Fd9CaSXdk9QJ,0,0.20189873417721518
journals/vldb/FerrariAABC02,rICSj0ohX3YJ,0,0.36044763840495553
journals/sigmod/LeveneP02,FbKAi2JL8l0J,0,0.19532710280373836
conf/sigmod/GrossmanHQ95,IIRkTHJYlcsJ,0,0.3970440821256039
conf/sigmod/JagadishLMSV99,url:http://www.csa.com/partners/viewrecord.php%3Frequester%3Dgs%26collection%3DTRD%26recid%3D017501540005AI,0,0.31987025320358653
conf/sigmod/BargaL99,RPWDtUmq6_QJ,0,0.44964779968140184
conf/vldb/LitwinNS94,6a1G1MBvuWcJ,0,0.3518020858598108
journals/sigmod/AbererCH02,lMp8Px1wYv8J,0,0.32411967418546367
conf/sigmod/ZhuS03,J28mMeNrts4J,1,0.7851831501831502
journals/sigmod/Snodgrass00b,url:http://portal.acm.org/citation.cfm%3Fid%3D983055.983056%26coll%3DGUIDE%26dl%3DACM%26idx%3DJ689%26part%3Dperiodical%26WantType%3Dperiodical%26title%3DACM%2520SIGMOD%2520Record%26CFID%3D11111111%26CFTOKEN%3D2222222,0,0.09697802197802201
conf/vldb/Kiessling02,FBAFy8DFRqoJ,0,0.36642805824312674
conf/vldb/AshwinRSSS97,6fROcFBCwCgJ,0,0.3392857142857143
journals/sigmod/Jonsson03,jMB7bjDmG_0J,0,0.14789915966386558
journals/vldb/KamelWS94,UIkY4TNB75UJ,0,0.3102195849099874
conf/vldb/Sullivan96,kFzThocml-EJ,0,0.2866314976839938
conf/vldb/BaralisW94,nqaF5CzBelgJ,1,0.7750694444444445
conf/vldb/Mattos96,hhzf0Ib9PNIJ,0,0.3330319005136524
conf/vldb/StathatosRB97,PJ755vWjC9MJ,1,0.7913052338052338
conf/vldb/GuptaHQ95,TAyZMoK2CwoJ,0,0.25315846301119793
conf/sigmod/DeshpandeNGS03a,Thoke4oYLt4J,1,0.7816787178933737
conf/vldb/LabioG96,1c4CLqEV9IoJ,0,0.3633212560386474
conf/sigmod/Aulakh98,k2TbkdAuLWkJ,0,0.28406274281274285
journals/tods/GoldmanL94,hAxBIHgm-GAJ,0,0.3450624254972081
journals/sigmod/Huyn01,E3u1miR4IPMJ,0,0.35636836343732897
conf/vldb/AlexandrovABBBCDFHJKKKLLMMMPNPPRRSSW02,omhk81_X_mQJ,0,0.3518349238920375
conf/vldb/XieH94,3mIFpmoWAFUJ,1,0.6463363363363364
conf/sigmod/KornM00,aFbSV6QqzTUJ,0,0.39120617066300273
conf/sigmod/ViglasN02,76s19lz839cJ,0,0.29323836276083465
journals/sigmod/Bhashyam96,wFeLVZKq71gJ,0,0.34077380952380953
conf/vldb/VieiraM03,JxP-0xYMRUMJ,0,0.3602108947683675
conf/sigmod/Weininger00,url:http://portal.acm.org/citation.cfm%3Fid%3D335465,1,0.9086206896551725
conf/sigmod/BozkayaO97,J9bYvZ3eKygJ,0,0.3597467152730311
journals/sigmod/BernsteinDK99,url:http://portal.acm.org/ft_gateway.cfm%3Fid%3D1027636%26type%3Dpdf,0,0.18511904761904763
conf/vldb/NiermanJ02,kgl4TaGT2mIJ,0,0.2859385783298827
journals/vldb/LiangOY00,897NTVaanAcJ,0,0.36406991260923843
conf/sigmod/ChangH02,DTlgw3BY-h0J,0,0.387102534562212
conf/sigmod/Rodriguez-Martinez00,url:http://portal.acm.org/ft_gateway.cfm%3Fid%3D375742%26type%3Dpdf%26dl%3DGUIDE%26dl%3DACM%26CFID%3D11111111%26CFTOKEN%3D2222222,0,0.3462638888888889
journals/tods/GraefeC95,OI6s-rhMr4AJ,0,0.39171100103956463
journals/sigmod/BaaderJN97,d7BjiGQKQzcJ,0,0.20771929824561403
journals/sigmod/Snodgrass98b,ahXzeNjFKLcJ,0,0.2567961165048544
conf/vldb/AtzeniMM97,luS7m096cCsJ,0,0.3180552134646962
journals/sigmod/Widom96,F1ZEZXK-gtQJ,0,0.3347890517368472
journals/sigmod/Gardels97,PlitMluIJyYJ,1,0.9944444444444446
conf/vldb/PapakonstantinouAG96,auDoY1P8zG0J,1,0.7944245495495496
journals/sigmod/ClementLGMK97,xCVyT78mj84J,0,0.33309297052154196
conf/vldb/ScheuermannSV96,RTNQqKi6_VAJ,0,0.33707318167541617
conf/vldb/PapadiasZMT03,IYTTZTE5qpYJ,0,0.389045439686172
conf/vldb/AgrawalS94,0haDaGr-V3oJ,1,0.693609022556391
journals/sigmod/Liu01,q4WTJRNxPM4J,0,0.14102564102564102
conf/sigmod/GunopulosD01,oYtmj53qV0UJ,1,0.6000000000000001
conf/sigmod/ChenRW02,270HbEEy7M8J,0,0.2515705221350383
journals/vldb/ZezulaSAR98,xv0Zt25NSBwJ,0,0.3050093880185414
conf/sigmod/McIverK94,fAQIvfizUAcJ,0,0.3302401684441735
journals/vldb/ChirkovaHS02,ZMjm73VkPC8J,0,0.3328492975734355
conf/vldb/SchieferKBLF98,crAnU758rPUJ,0,0.3043052365258498
conf/vldb/WildfogelY97,QHGIgjpqaQkJ,0,0.4080096305064213
journals/sigmod/Snodgrass00b,G2kL-P2LbAEJ,0,0.09900000000000003
conf/vldb/AcharyaFZ96,4AK08s31YqUJ,1,0.8287545787545787
conf/sigmod/ZouS96,jl6M370Kcy0J,0,0.2718687857845013
journals/tods/Alagic99,x98qKvpwKyYJ,1,0.8740681650018498
conf/sigmod/Melling94,url:http://www.csa.com/partners/viewrecord.php%3Frequester%3Dgs%26collection%3DTRD%26recid%3DA9115399AH,0,0.37872126935418077
conf/sigmod/ImielinskiV95,k-iIdwOjtRwJ,0,0.31786445294099364
conf/vldb/Huyn01,XKe1CxvXQ8gJ,0,0.43997432306255835
journals/tods/WandSW99,DmU8t5s07UIJ,0,0.42829004751606276
conf/vldb/ChakrabartiGRS00,Ce9xUiPEtQYJ,0,0.3724965848432116
conf/sigmod/GarofalakisI96,AsG-4_bY8L0J,0,0.3748054341909764
conf/vldb/PapadiasZMT03,0zGy3BmEHnIJ,0,0.3685208528212623
journals/tods/Kim94,jzVXJuFGQnsJ,0,0.3547223317128717
conf/sigmod/QuassW97,zGTkptLuIuAJ,0,0.3669196813092162
conf/sigmod/HammerGIPUW95,Nyn-VlK1UzwJ,0,0.3735010240655402
journals/vldb/KrivokapicKG99,TkekH9zWdW0J,0,0.3532258064516129
conf/vldb/SchaeferBBJ00,oIaWnP97cpsJ,0,0.3396474601076386
conf/sigmod/Epstein95,SeO0XM_hXyIJ,0,0.22096774193548385
conf/vldb/JiangWL03,xyxGppU1aQcJ,0,0.32069236704653376
journals/sigmod/TsotrasJS98,AKUBANrfXFEJ,0,0.26503472222222224
journals/sigmod/SofferMC02,c1n2ohCqmyEJ,0,0.18761261261261264
journals/tods/BaralisW00,Qq2kFNELi_8J,0,0.4197410876919074
conf/sigmod/MankuRL99,BbyLVkGzJ-8J,0,0.4255485671657149
conf/sigmod/MoonWH02,br6JogwQyJEJ,0,0.3509997531708058
journals/sigmod/GamacheS95,0WXQjwXCy0QJ,0,0.3311383043375256
journals/tods/GunopulosKMSTS03,BJwBy4hJCQcJ,0,0.2995322794998503
conf/vldb/VenkataramanZ98,KrAyBSajhZEJ,1,0.9833333333333334
journals/vldb/BalkirO98,0Uh-bk_8KA0J,0,0.35801587301587307
conf/sigmod/HinneburgK99,V3cZfG1Poo4J,1,0.8430070712495525
conf/sigmod/ChenGM01,PSE-sKS82TcJ,0,0.34798534798534797
journals/sigmod/Bestavros96,HVBfqCENVOIJ,0,0.3501791601290031
conf/sigmod/YangYW00,zyurlAjbafMJ,0,0.37456664096832815
conf/vldb/LuoNEW03,tsTdm0EGiiAJ,0,0.3470033268919717
conf/vldb/KiesslingK02,TekOSrRi-QQJ,0,0.3408489740852755
journals/vldb/BalkirO98,kKvl443qwe4J,0,0.316469422390475
conf/sigmod/ArasuG03,jp9ptMpdoGwJ,1,0.7464847673250754
journals/tods/ParsonsW00,ViuzpPBPWe0J,0,0.3433349501719729
conf/sigmod/ChawatheRGW96,Xz0ZPMLOwcgJ,1,0.8123371299739409
conf/vldb/BernsteinHJRW00,SrXcs00Ywv0J,0,0.3675551090001218
conf/sigmod/BreitbartKRSS99,JE_Yc2N-4NkJ,0,0.18657407407407406
conf/vldb/TaoP02,AQOcKd6cVZsJ,0,0.3123208898944193
journals/sigmod/TaninBS96,url:http://portal.acm.org/ft_gateway.cfm%3Fid%3D245891%26type%3Dpdf%26dl%3DGUIDE%26dl%3DACM%26CFID%3D11111111%26CFTOKEN%3D2222222,1,0.9006944444444446
conf/vldb/ShaferAM96,bILsEt6LdJgJ,0,0.28436813186813187
journals/sigmod/TatarinovIMHSDDKMM03,iLqDnllesSEJ,0,0.3027406398442369
journals/sigmod/Loeffen94,04aoGNMFRs8J,0,0.33728769091672317
conf/sigmod/GrayHOS96,8w5kj2G2c_oJ,0,0.44884699129907946
journals/sigmod/CasatiDS00,wG7LEvsEL30J,0,0.1798076923076923
journals/vldb/BonifatiCP01,ElySRceE0HAJ,0,0.3712181141121359
journals/tods/MayL02,RyYVLA3-mikJ,0,0.4317717667264038
journals/tods/KarpSP03,Gw_ENWFYGJQJ,0,0.38540945584031905
journals/sigmod/TsotrasK96,NzGZCYMD_ngJ,0,0.27872213842802074
conf/sigmod/GetoorTK01,fq0eCH-u91cJ,0,0.338752145002145
journals/sigmod/GobleR02,url:http://www.ncbi.nlm.nih.gov/entrez/query.fcgi%3Fcmd%3DRetrieve%26db%3DPubMed%26list_uids%3D682705%26dopt%3DCitation,0,0.21543283582089554
journals/sigmod/BoulosO99,yzbCsw2erkcJ,1,0.9711111111111113
journals/sigmod/Ozsoyoglu00,q6nC7Zuz8a0J,0,0.1529166666666667
conf/vldb/RastogiS98,yztQfwBZU6EJ,1,0.8124413145539907
conf/sigmod/GoldmanW00,-zTv_1aYR3gJ,0,0.42476175888532214
journals/vldb/TurkerG01,U7Y-zCfnlb8J,0,0.3536362127587042
conf/vldb/SeidlK97,G4d72hAN0q4J,0,0.35428211171039037
conf/vldb/CeriCW00,LlZwS4UrRtkJ,1,0.7375862663906143
conf/sigmod/BaulierBGGHJKKMMNNRSSSWW99,FhkbdYqNZvMJ,0,0.41477317821067816
conf/vldb/RothS97,9xWSlRBwaPIJ,1,0.7978102189781022
journals/vldb/CandanLS00,v1MIy7nisZMJ,1,0.8239084557542975
journals/sigmod/Halevy03,T1j2EfBSsrkJ,0,0.28825532724505326
conf/vldb/SumiyaYTSI95,Lmv5vIC6UTkJ,0,0.3066315628815629
conf/sigmod/KementsietsidisAM03,4b-TFeRunScJ,0,0.348936302073886
conf/sigmod/TomasicGS94,N-90g8lFrVcJ,0,0.4928302187386628
journals/sigmod/BoulosO99,g39HMDLUxp0J,0,0.393468834688347
journals/sigmod/MotroA03,url:http://portal.acm.org/ft_gateway.cfm%3Fid%3D959085%26type%3Dpdf%26dl%3DGUIDE%26dl%3DACM%26CFID%3D11111111%26CFTOKEN%3D2222222,1,0.6000000000000001
conf/sigmod/BlottRS96,LbJTZX5PVIMJ,0,0.3487430786267996
conf/sigmod/RamanH02,BheVqT_tL8cJ,0,0.3301205330617095
conf/vldb/Kleewein96,ZMMhKani9O0J,0,0.3776610644257703
conf/sigmod/IvesLPST00,ucEUF_7KWIIJ,0,0.3018987434035978
journals/sigmod/KempsterST99,CSY3l7BKFXQJ,0,0.26381037263390206
conf/sigmod/ShashaB02,DEl2TsijDYEJ,1,0.6254880633645695
conf/sigmod/HanPY00,m_v17ivHB_EJ,0,0.3491820710312366
conf/vldb/AbiteboulMRVW98,4ixyz5xGv5wJ,0,0.38998868778280543
journals/sigmod/TanK03,url:http://www.csa.com/partners/viewrecord.php%3Frequester%3Dgs%26collection%3DENV%26recid%3D8913248,0,0.4191669455600178
conf/vldb/GottlobKP02,m5rgZeGa3fcJ,0,0.32827271667540947
conf/vldb/DeRose99,XijyPb231fAJ,0,0.34038621262458474
conf/vldb/BaulierBKS98,5A9Skr8u_20J,0,0.38249901480055887
conf/sigmod/AdelbergGK95,j1Z0dIGlCsEJ,0,0.4294817927170869
conf/vldb/LimWPVP02,wHkCjOPM-xAJ,0,0.3232505351738393
conf/sigmod/PadmanabhanBMCH03,K1Sd0kRy3moJ,0,0.3925062621491193
conf/sigmod/HullZ96,Ar8qus-3KAQJ,0,0.3800228930228931
conf/vldb/BaumgartnerFG01,lhEP-ANTkfgJ,1,0.8152603110209601
journals/sigmod/ElmagarmidJF95,f86VsMJZ9gAJ,0,0.5216402500922851
conf/vldb/Mohan96,G9DGYRD0cnMJ,0,0.5001709956709957
conf/sigmod/LehnerSPC00,h0dglEQLpbMJ,0,0.28556469864758605
journals/tods/MumickFPR96,kaZA2eBctgUJ,1,0.8939394796380091
conf/sigmod/AdiBEY01,Jb9Ogc1qQAYJ,0,0.26509820588767957
journals/tods/GraefeC95,bpYFu0VZ05QJ,0,0.30749199997870214
journals/sigmod/Wu02,vNqMD9z2FicJ,0,0.363125
conf/sigmod/Shivakumar03,tRSGyl1RWiIJ,0,0.2963814814814815
conf/sigmod/DogacAEOADAOS94,2ZjeBNt-RvQJ,0,0.32139312910310613
conf/sigmod/KriegelMPS01,7ZWnoDAQHlAJ,0,0.32940389692967015
conf/sigmod/HammerGIPUW95,Mmm9LlEKpWAJ,0,0.3746868431070725
journals/vldb/FungKL03,rFEOA75JjSIJ,1,0.8715465465465466
conf/sigmod/RoySSB00,0MCbJO8XsEoJ,1,0.7812080179123574
conf/sigmod/GraySEBW94,bbWXEbBUueYJ,1,0.7063853489921706
conf/sigmod/GuoSBS03,FzuTb8aM2zgJ,0,0.35627384110142735
conf/vldb/Blecken00,EgTfT4De9XQJ,0,0.31815602076240374
conf/vldb/RaghavanG03,DrnbAqJboX4J,0,0.31564898609016256
conf/sigmod/Galhardas00,DLymXxpy2qYJ,0,0.4002393521511169
conf/sigmod/Squire95,pbq-NyW3dB0J,0,0.3543185640702197
journals/sigmod/AbererCH02,t4CmsEi8gjcJ,0,0.2987226129840731
conf/vldb/AmsalegFG95,iItGTFTpqcIJ,0,0.35603699541144246
conf/sigmod/LitwinS00,fx0s58TJ75EJ,1,0.7549124015034636
journals/sigmod/HalkidiBV02,GyrAyGWgqYYJ,0,0.3248548820195161
conf/sigmod/ChristophidesACS94,MNQLc3rxq2kJ,1,0.7721552856627686
journals/sigmod/Weikum02,D4Lx5i0LdQEJ,0,0.3177653108929406
conf/vldb/DeWittKLPY94,b7mbUqf2HzwJ,0,0.26879693359379575
journals/vldb/PucheralBVB01,ZHCSKiFL7x8J,0,0.3326482692813698
journals/tods/PetersO97,mYVTDaXJ4wYJ,0,0.2768732191817644
journals/sigmod/RossKMV02,iWBN4BUulqsJ,0,0.37713963963963965
conf/sigmod/ChaudhuriMN99,CHiVmvaHDjIJ,0,0.4005864461980103
conf/vldb/AshwinRSSS97,zGpqfCPNlNoJ,0,0.48250661375661374
conf/vldb/TheodoratosS97,CnTgirrsL3EJ,0,0.33643892339544523
journals/vldb/LometS97,_WWpPrphMo8J,0,0.3233805443842164
conf/vldb/Mohan99,fRWFlW2E96cJ,0,0.36658416875522143
journals/tods/GunopulosKMSTS03,rO4-yA3tlfoJ,0,0.4042216224022466
conf/vldb/DiwanRSS96,Q4SPL32ESSEJ,0,0.3650396061851532
journals/vldb/RamamurthyDS03,gaMFcjD7S38J,0,0.3428854875283447
conf/vldb/LakshmananSS96,IeM1-SEpNlIJ,0,0.3460323582892233
journals/sigmod/VelACM01,WeOhZnUpPMYJ,0,0.40743756613756615
conf/sigmod/RafieiM97,bH7h-aKyIsQJ,0,0.3859309779367919
conf/sigmod/SzalayGKT00,gczdCNC0-SMJ,0,0.38918601319861557
journals/vldb/ChanFGR02,hGZOwbS0AfgJ,0,0.4074608430568695
journals/sigmod/LometBCLN98,zj-FhkuOrRoJ,0,0.35108424416832634
conf/sigmod/GillmannWSWW00,6JCptpcjZdAJ,0,0.40291693600517126
journals/sigmod/DogacDATKCD98,fYMpjIpF8ckJ,1,0.8798719157630049
journals/vldb/C94b,url:http://portal.acm.org/ft_gateway.cfm%3Fid%3D1101337%26type%3Dpdf,0,0.13616666666666669
conf/sigmod/WynblattN01,-ii3kTaYmA8J,0,0.3331728012842564
journals/sigmod/Segev94a,WlSXiMaxGlQJ,0,0.3390847233941282
conf/sigmod/BerchtoldBK98,rivzCRXhoAkJ,1,0.7916802801747799
conf/sigmod/JajodiaSSB97,p-m7MMOS2aUJ,1,0.8009763625444832
journals/tods/RosenthalR94,LY2VAxZuR1cJ,0,0.42250369139904026
conf/sigmod/GangulyGMS96,xv0Zt25NSBwJ,0,0.31528735708411804
journals/sigmod/AndlerHEMBE96,jZFEInt2ea8J,0,0.4887718669448549
conf/sigmod/KiepuszewskiMO98,DDxRgcJirBMJ,1,0.704507007007007
journals/tods/BeneventanoBS03,mwO2EhEliPsJ,0,0.4260137433572591
conf/vldb/PanRAMOHAMV02,xLY2IQGRtAAJ,0,0.3588457023045148
conf/sigmod/RoySSB00,JaJKfzmaEBYJ,0,0.3098888963567863
journals/sigmod/KramerNKRLKLZ97,zdaCqmyS9dUJ,0,0.33333214285714285
journals/sigmod/Alonso94b,1WWaLnHadZMJ,0,0.37222222222222223
conf/vldb/ChirkovaHS01,h0SVssLYnQ8J,0,0.3608045977011495
conf/vldb/HerlekarDRGS02,x28I9Elj9KIJ,0,0.18848406936882436
conf/vldb/PereiraFJLS01,CZTJ00lolvYJ,1,0.8076761201761202
journals/sigmod/MaelbranckeO95,NhYyCeWsET8J,0,0.29914506275276276
conf/sigmod/StoltePAG03,l6xiuQRBJMUJ,0,0.3593095238095238
conf/sigmod/RajagopalanML98,0rFQeSgq914J,0,0.3859231062306949
conf/vldb/HaberIL95,B0JmGDLmnEsJ,0,0.3552604845174966
conf/vldb/Pogue98,8rKVn3J27EEJ,0,0.2570887445887446
journals/vldb/Guting94,r8YvKTQJ9kkJ,0,0.3454674796747968
conf/sigmod/HammerGNYBV97,G6Q8jZAfSEwJ,0,0.3537115284298383
journals/vldb/TempletonHMB95,1Fpw9q09yfsJ,0,0.4152215474583896
conf/vldb/HasanM95,Nv3rDCi4jroJ,0,0.4299164255866281
conf/vldb/KornMS02,yQvkh7nN2IQJ,0,0.2728684041184041
conf/sigmod/MelnikRB03,CNAAYZmbmkEJ,0,0.3498226884210477
conf/sigmod/KrishnanVI96,T4ya7kHehxIJ,0,0.38146146360716426
conf/vldb/Bayer95,el6NKxKl2FIJ,0,0.36082566960226536
journals/tods/Alagic99,YqDhXOKSGv4J,0,0.3435476190476191
journals/sigmod/JenningsNF98,Z3TQt0XDpioJ,0,0.24362305854241337
journals/sigmod/YuenCLL00,MSWcLmCvEO4J,0,0.43732930052563534
journals/tods/MokNE96,xUeP4X8k5SoJ,1,0.7834811773332191
conf/vldb/DeenJNNW00,BNz-Mc_1dPsJ,0,0.34838734567901236
journals/sigmod/Chaudhri98,rtLpi_BwGrYJ,0,0.18692810457516343
journals/vldb/HjaltasonS02,jugePLZ8yKcJ,0,0.396207264957265
conf/vldb/YuV00,DOWitkb7PbUJ,0,0.4101984126984127
conf/sigmod/SunAA03,bLAGxOdp19AJ,0,0.3480638059670318
conf/vldb/AmirKN01,aCv0_TYBVAAJ,0,0.3300214368964369
conf/sigmod/SagonasSW94a,xc8KEoeRT9sJ,1,0.6607758620689655
conf/vldb/BrownMCL94,ZRNJiDrou-wJ,0,0.32885850923584675
conf/sigmod/CarinoKKB01,Xv9EU0qBYtAJ,0,0.41301536056973237
journals/sigmod/MeltonE02,IqEw9ssJ2QAJ,1,0.6575566590272474
journals/sigmod/KarlapalemLS95,tmIUtE4V7ZkJ,0,0.3476185388685389
conf/sigmod/BunemanDHS96,iVCm5H8cONkJ,0,0.34079359445020063
conf/sigmod/MattosM95,url:http://portal.acm.org/ft_gateway.cfm%3Fid%3D1086262%26type%3Dpdf,0,0.21787878787878792
journals/tods/PolyzoisG94,BvwPBkQRVpYJ,0,0.38666930119912574
conf/sigmod/Pirahesh94,q2djMKXr1t4J,0,0.3733505183682668
conf/vldb/ChienVZTZ02,y1-GUeStBZgJ,0,0.40819651615598135
conf/vldb/NgY94,1OoNXr7r0oUJ,0,0.25634367782200607
journals/sigmod/CaplinskasEV02,mmC_YbxJF_MJ,0,0.3953044919639748
conf/sigmod/MohanN94,gUR5qHWpBjoJ,0,0.36306022408963595
conf/vldb/HaasB03,-sWlL27yCP0J,1,0.8495098039215687
conf/sigmod/Ozsu99,SZbsK5kMevAJ,0,0.3809895833333333
conf/sigmod/AnkerstBKS99,GFTU2PvKY_gJ,1,0.7032470510201158
conf/sigmod/Norrie95,a-WzRbvJSrMJ,0,0.1925555555555556
journals/tods/StolboushkinT98,aIjYKaarhQ8J,0,0.3660154297085608
conf/sigmod/Amer-YahiaFSX03,u0pFjzAcl78J,0,0.39546746594618937
journals/sigmod/Yang94,QPaG2PoXGwoJ,0,0.4183953823953824
conf/vldb/RizviH02,Dw9O2iuTMloJ,0,0.34468719111576257
conf/sigmod/Ozsu99,url:http://www.csa.com/partners/viewrecord.php%3Frequester%3Dgs%26collection%3DENV%26recid%3D8913239,0,0.348242085097802
conf/vldb/DiwanRSS96,JYa6Cs3F43EJ,0,0.39976098191214476
journals/vldb/RamamrithamC96,R2SwIUO1qvAJ,0,0.3267722057437171
conf/sigmod/JonssonFS98,9LFaQZ1v2m4J,0,0.4375326431787106
conf/sigmod/KornMZ03,NEz5xaB-IqgJ,0,0.38941197691197693
conf/vldb/Tygar98,lWMzZgqNlSEJ,1,0.7453333914363055
conf/vldb/Lesk94,Ex-Rtx61QHgJ,0,0.29551282051282046
conf/vldb/Brodie03,CsWyDorgQF4J,0,0.37135262378332634
conf/sigmod/ButtlerLPP01,url:http://doi.wiley.com/10.1002/ace.168,0,0.364771616590401
journals/vldb/GeorgakopoulosRL94,756vFNG9iq8J,0,0.3432901493930906
conf/sigmod/Ellison95,n9l_RdY0V9EJ,0,0.14463601532567052
journals/sigmod/AdelbergKG96,GfiQygac5twJ,1,0.9944444444444446
conf/sigmod/Ojjeh99,UugloXm1QJQJ,0,0.37050157546791573
journals/sigmod/Ozsu02b,mVtZJzMpPKYJ,0,0.13858663512714375
journals/sigmod/ChangGKRS98,phaPoaSaLMAJ,0,0.315080988917306
journals/sigmod/EisenbergM00,4mD1eFCHKKwJ,1,0.9758064516129032
journals/sigmod/Hanna95,2FBOtIMX6HAJ,0,0.41898604269293926
conf/vldb/LabrinidisR03,0GMNedjfVV0J,1,0.9833333333333334
conf/sigmod/AgrawalGGR98,UYQpDoh0wo0J,1,0.7239267676767677
journals/tods/StoreyCDGS97,9T2ObqQYBLYJ,0,0.4390623428858723
journals/sigmod/FowlerPNB99,url:http://portal.acm.org/ft_gateway.cfm%3Fid%3D1099689%26type%3Dpdf,0,0.3574860930045652
journals/sigmod/ChangGKRS98,-U56RnHzIqsJ,0,0.3186723602484472
journals/tods/GibbonsMP02,QKnjF3UgncMJ,1,0.9538709677419357
journals/sigmod/Critchlow01,QoBGYk5R30kJ,0,0.23237704918032787
conf/vldb/MillerHH00,FHukj3nv8zUJ,0,0.34321082879612824
conf/vldb/DonjerkovicR99,url:http://www.csa.com/partners/viewrecord.php%3Frequester%3Dgs%26collection%3DTRD%26recid%3D0835496CI,0,0.2963326853729998
conf/sigmod/Han96,DlQd7WIkVF0J,1,0.8500000000000001
conf/vldb/GarciaLL98,faJ3Wc9vlzEJ,0,0.36396901709401713
conf/sigmod/Ullman03,iOfpNC3kJEoJ,0,0.3420922793320321
journals/sigmod/BoulosO99,OEv-imRd3D8J,0,0.3597459326085281
conf/vldb/KonigW99,krGsNzq9KbAJ,0,0.33839869281045754
journals/sigmod/SnodgrassAABCDEGJKKKLLRSSS94a,9vNdPiNsSvEJ,0,0.2791210492007641
conf/sigmod/JarkeQBLMS99,D0qEwk37wnQJ,0,0.42685867895545315
conf/vldb/SeshadriLR97,dBgA1e-6LvkJ,0,0.4070014563435616
conf/vldb/ShahRS02,IfTZRWAS1DoJ,0,0.36989887352790585
journals/sigmod/DoanPSB97,1l_YWeiCutIJ,0,0.36987412290847405
conf/sigmod/ReveszCKLLW00,JX9loKZq_owJ,0,0.30007183908045976
journals/sigmod/ChaudhuriD97,oahM5itk_dAJ,1,0.7836206896551725
conf/sigmod/DeolaseeKPRS01,CpMJUPpS_9kJ,0,0.31372666855717707
conf/vldb/AmsalegFG95,F445nmrq-TkJ,0,0.3204497678568728
conf/sigmod/TomasicABKNR97,6CpWnsUqJNIJ,1,0.9820779220779221
conf/vldb/MorimotoIM97,I0jQ2r7Sfe4J,0,0.2550991033585493
conf/vldb/Sondag01,R_dAxpu3fygJ,0,0.3608333333333334
conf/sigmod/GotoK03,6dAWUHYKqFUJ,0,0.4212919399296645
journals/sigmod/AilamakiG03,p48GWllFiSwJ,0,0.31294746919746924
conf/vldb/LinLYZ03,prsnKxE-JlcJ,0,0.3619404472074892
conf/sigmod/HernandezMHYHT01,fotKjqbXakkJ,0,0.3847697894000774
conf/sigmod/Bonnet02,VulMWqhHY2YJ,0,0.3002192536909116
conf/vldb/SchmidtWKCMB02,CvGGYMrKR2sJ,1,0.9546934979035021
journals/sigmod/Keim96,SnmDUQ2SsRAJ,0,0.32147923630860314
journals/vldb/AtzeniM00,url:http://www.springerlink.com/index/0YKCKU5LKG6G102T.pdf,1,0.36132075471698116
conf/sigmod/Miller98,7f6Q9GgXsmgJ,1,0.7816666666666666
conf/sigmod/HaasH01,9wQ6RWWcHRIJ,1,0.48620689655172417
conf/vldb/GotoK02,uyt-6HacLHoJ,0,0.3375
conf/vldb/ChangG97,wDrwjYtI4uEJ,1,0.6865944734876773
journals/sigmod/Bestavros96,Q2y53UR0g6oJ,1,0.8542530568846359
conf/sigmod/NybergBCGL94,oK8tKeSCxPcJ,0,0.32266511266511266
conf/vldb/Galindo-LegariaJWW03,r1xWRhy7WVUJ,0,0.2720401622187336
journals/tods/BeneventanoBS03,YOyRyssWhvMJ,0,0.30944749694749696
conf/vldb/HinneburgLH03,url:http://portal.acm.org/citation.cfm%3Fid%3D800025%26dl%3DGUIDE%26dl%3DACM%26type%3Dproceeding%26idx%3DSERIES003%26part%3DProceedings%26WantType%3DProceedings%26title%3DHistory%2520of%2520Programming%2520Languages%26CFID%3D11111111%26CFTOKEN%3D2222222,0,0.35046420995408245
conf/sigmod/HernandezS95,KJyo5lhO_vAJ,1,0.7577182539682541
conf/sigmod/HanFWCZK96,url:http://adsabs.harvard.edu/abs/1978PhDT........73G,0,0.263739285919046
conf/vldb/GhoshPSH02,5yGaj_5DguIJ,0,0.3732907636738906
conf/vldb/CotterB00,KDmDmzZRwr0J,0,0.36417214551829935
journals/tods/GraefeC95,-I0aeyTyePUJ,0,0.414589515757994
conf/vldb/ChaudhuriGN03,sAYCyUcugbYJ,1,0.8583333333333334
conf/vldb/DiaoF03,uqLn9pgBhbwJ,0,0.33595890410958906
journals/sigmod/Qian94,_cy4zbsBsA8J,0,0.2694035947712418
conf/vldb/Moerkotte98,WIbtPXHpeHoJ,1,0.7432307692307691
conf/vldb/Wang95,nBifjYt708YJ,0,0.34810365460738296
conf/vldb/TorloneA03,B855ccGhBu4J,0,0.3142459873086973
journals/sigmod/Winslett02a,url:http://portal.acm.org/ft_gateway.cfm%3Fid%3D565127%26type%3Dpdf%26dl%3DGUIDE%26dl%3DACM%26CFID%3D11111111%26CFTOKEN%3D2222222,1,0.7647000565930957
conf/sigmod/AcharyaAFZ95,_-yXA5HLnqoJ,1,0.834603540823053
conf/sigmod/TatarinovIHW01,z0rR3tXKKOYJ,0,0.2510208191827128
conf/sigmod/AdelbergD99,2p1JT3rV5vwJ,0,0.25361985437449835
conf/vldb/ZimbraoS98,NW7m94AW6nYJ,1,0.6562141018023372
conf/sigmod/Eaton98,LZPxc3B7XQwJ,0,0.39519927536231886
conf/vldb/Brodie03,nw-0UC44CPkJ,0,0.3219562647754137
conf/sigmod/DeolaseeKPRS01,014dle23VE0J,0,0.348708727712965
conf/vldb/PfoserJT00,url:http://portal.acm.org/citation.cfm%3Fid%3D191839,0,0.38319028240903247
conf/vldb/Mohan02a,tK1_3wGUIHsJ,0,0.42419578579799583
journals/sigmod/Ritter98,3ZREVOcEi0wJ,0,0.3611636321195145
conf/sigmod/WhiteD95,1pMkvdhrjdcJ,0,0.33163398692810464
journals/sigmod/SilberschatzSU96,url:http://portal.acm.org/ft_gateway.cfm%3Fid%3D1086291%26type%3Dpdf,0,0.3890391663608981
journals/sigmod/ElmagarmidJF95,IgC2HESTbKQJ,0,0.3038488247863248
conf/sigmod/LarsonG98,tPG--ikWjGcJ,1,0.7576923076923077
conf/sigmod/SeshadriLR94,Xssa5A6mJ1UJ,0,0.3858181692945435
journals/sigmod/Qian95a,XRRBbkVrzv8J,0,0.39128167572249783
journals/sigmod/JajodiaBBKMSW97,Xz8zkgiEGgkJ,0,0.40829124807864436
journals/sigmod/Aberer02c,Gq6Uik4SHLoJ,0,0.28982966045101966
conf/vldb/JohnsonS94,FqxbaJQMigIJ,1,0.7680919540229886
conf/sigmod/LuMSS95,Vtu-jTJBN70J,0,0.3528709349593496
conf/vldb/Brodie03,SikOQ5ObiPMJ,0,0.31953722166832843
conf/vldb/ChoG00,Gvb8XPHg9nUJ,1,0.6874728242691819
conf/sigmod/LeeKOTM00,C8RLbWKCgicJ,1,0.9772906880353689
journals/sigmod/GriffinK98,CCDrF1vlkA8J,0,0.35798260381593716
conf/sigmod/GodfreyGXZ01,DNh5uw1WWUEJ,0,0.3548248229758726
journals/sigmod/DAndreaJ96,1zxdq0otm4gJ,0,0.37880116959064325
journals/sigmod/Colliat96,IFkRG8fh54wJ,0,0.3629307568438004
journals/sigmod/LometBCLN98,ARlNDEt_En0J,0,0.3161387631975867
journals/vldb/IoannidisNSS97,ANlO5j9KIQkJ,0,0.2965280563838439
conf/sigmod/BlakeleyP98,mkSqbMLKznQJ,0,0.38745586400266996
journals/tods/PetersO97,BcQIeNBu4Y4J,0,0.28060970948012237
conf/sigmod/Adelberg98,ZaiuF5y911AJ,0,0.3936827255326026
journals/sigmod/ConradHHKRSS99,nmEhI0tiWGAJ,1,0.9744571026722927
conf/sigmod/Sahuguet01,Ywi31bVyCh8J,0,0.3522389500096507
journals/sigmod/Dogac02,wKcX-pCxSP4J,0,0.3133064516129032
conf/vldb/SeidlK97,U2KU4G5E3iwJ,0,0.3662375661375662
conf/sigmod/QuassWGHLMNRRAUW96,cJgYQWElaAgJ,1,0.6777308362369338
conf/vldb/SrikantA95,K1nbpKn1IbsJ,1,0.6219512195121952
journals/sigmod/Critchlow01,CUwratNa5rIJ,0,0.21851851851851853
conf/vldb/Sripada02,-W3ST4XAktoJ,0,0.2727616377845735
conf/vldb/WangC03,62ILWgoOWycJ,0,0.39323205741626793
conf/vldb/WuFSP00,GKIEfYKKFnUJ,0,0.3290322580645161
journals/sigmod/WinslettMY03,bQzFoihVJlIJ,0,0.2636443381180223
journals/sigmod/Segev94b,18Owr7Wp8w0J,0,0.15960144927536235
conf/vldb/MalonM97,9mhQiRGUBBcJ,0,0.3196052271483306
journals/sigmod/Snodgrass94,YEt25K2I5zMJ,0,0.4023874867271094
conf/sigmod/ZhangDWEMPMDR03,qhHZQJwSm7kJ,0,0.3435844753039277
conf/sigmod/GraySEBW94,uypnc5Gb9iIJ,0,0.30932477484201626
conf/vldb/GuptaM96,a9BwchkajwgJ,0,0.3241166006632538
conf/vldb/Galindo-LegariaPK94,YUVfXOWhT94J,0,0.3560209235209235
conf/sigmod/RundensteinerWYD02,fipQMQ2jalMJ,0,0.35064672875745945
conf/sigmod/Agarwal96,VmnKvVcuQ-YJ,0,0.4135626780626781
journals/sigmod/AnyanwuS02,fAQIvfizUAcJ,0,0.38085371444945915
journals/tods/Hellerstein98,oF-ihOIrjLAJ,0,0.38728823260073264
conf/vldb/BerchtoldKK96,_oDfC1aR4CAJ,1,0.7322639083683965
conf/vldb/DeutschT03,Z-B6yw3BYogJ,0,0.36784954811270604
conf/sigmod/FukudaMMT96a,WOCgxlV_LgoJ,1,0.9033825944170772
journals/sigmod/Aberer02c,uLjFF0KX18cJ,0,0.28763673222912356
journals/vldb/AgrawalHK03,k5SWs9Ct5zQJ,0,0.33923992673992676
journals/sigmod/BarbaraS97,r8B1LF8zh2kJ,0,0.3072420634920635
conf/sigmod/KornackerSH98,XoZiOEMC1fgJ,0,0.275735294117647
conf/vldb/BergerBSW03,RyW2LuqD_RcJ,0,0.30925063465549296
conf/sigmod/Galindo-LegariaJ01,WhMbO-sFDi0J,0,0.4071702317339499
conf/vldb/BernsteinHSSZ97,HJwAjtC_sZsJ,0,0.3096267542693111
conf/vldb/Galindo-LegariaJWW03,gi-0wmsCqHAJ,0,0.31157095805929474
conf/vldb/Klots96,PCGonfDxBiQJ,0,0.3310930735930736
journals/sigmod/CoxEH96,url:http://portal.acm.org/citation.cfm%3Fid%3D38713,0,0.3136138655257235
journals/vldb/ManegoldBK00,5ZG7ad3vl0YJ,0,0.3538242513500246
journals/sigmod/Widom96a,a-Zz7wFuA2cJ,0,0.34229877467165604
journals/sigmod/KambhampatiK03,CxJ6-pcLCKYJ,0,0.3572413793103449
conf/vldb/ChaudhuriS94,69_whRhVwFAJ,0,0.2428635332111373
conf/sigmod/DeshpandeNGS03,QvamPqW3fgkJ,0,0.4543516142782498
journals/sigmod/Hanson99,A1wnA_14yEUJ,0,0.417255291005291
journals/vldb/KellerB96,RM3rfO99X9gJ,0,0.38024725274725274
conf/vldb/IshikawaSF98,UeJ7WQR17wIJ,0,0.312020032202588
conf/sigmod/BaulierBGGHJKKMMNNRSSSWW99,gve5DJEvcy0J,0,0.3952025462962963
journals/sigmod/KennedyMB96,vBYtmDEYeK0J,1,0.9880158730158731
journals/sigmod/Chen94,hR4LhAXvy3cJ,0,0.3629544657470189
conf/sigmod/DattaDRTV01,y6GRmaCr74YJ,0,0.4010868227739043
journals/sigmod/GuptaHR97,OQf4E4E3AD0J,0,0.36472240620160823
journals/tods/TaoSP03,5kE2AwbbTDoJ,0,0.3744444444444445
journals/sigmod/Franklin98b,ARw9v3csy4cJ,0,0.35459723509422303
conf/sigmod/LivnyRBCDLMW97a,vshQbbpnQiUJ,1,0.9602061141106085
conf/sigmod/ChaudhuriDN01,61sndwrUFs8J,0,0.4839621519885218
journals/vldb/AgrawalAJL95,nQFjstDnllMJ,0,0.34841679341679344
conf/vldb/KerstenWFKBC03,vNSgwpuAKtkJ,0,0.33246943612774454
conf/vldb/WuYCT95,A5s_U6Ixg3EJ,1,0.8050915575428512
conf/sigmod/ChenGMV02,6YgiJ3_egwoJ,0,0.3776039549657337
conf/sigmod/CorralMTV00,JAMaus2HrE0J,0,0.40662176712438525
conf/sigmod/ColbyGLMT96,tGBhWHHU7hsJ,1,0.815164165845229
conf/vldb/AgrawalS94,e5SJ3zgdwgEJ,1,0.8477876106194691
conf/vldb/SteinbrunnPMK95,ASxP3uvf7HkJ,0,0.3540634186452873
conf/vldb/BrownG01,url:http://www.springerlink.com/index/KH080M1804080137.pdf,0,0.3061813186813187
journals/vldb/MehtaGPN98,OSJDwtdGZ-QJ,0,0.23463984887897932
conf/vldb/BouganimP02,ESQrUVR-dPgJ,0,0.21066303391322005
journals/sigmod/Winslett03a,N_yUR_a82pgJ,0,0.18571428571428575
conf/vldb/AilamakiDHW99,Tt3RkGFKvmcJ,0,0.335478835978836
conf/sigmod/RundensteinerKZWLLN99,xn7xDUQ6VOcJ,0,0.31174172511381815
journals/sigmod/CampbellEM03,2EtgthG_77oJ,0,0.3293251138839374
conf/sigmod/BergstraesserBPS99,qcZ2tYThtK0J,1,0.7897979797979798
conf/sigmod/MamoulisP99,tsgQfUnm5dgJ,0,0.4421634182197563
journals/sigmod/MedeirosP94,OcjxwjWjm-cJ,0,0.2791210982000456
journals/sigmod/GrayG97,r69ygLn9rYAJ,0,0.37331238361266295
journals/sigmod/KeetonPH98,XpLiKzeoMAIJ,0,0.41186304436304433
journals/sigmod/Ozsoyoglu00,EsKG9q0qKyAJ,0,0.3305084745762712
conf/vldb/Mattos96,tV2Zj_h-1ckJ,0,0.3518180531975099
conf/sigmod/FukudaMMT96,-_x88_77Nm8J,0,0.3743960435045657
conf/sigmod/AbadiCCCCEGHMRSSTXYZ03,cgK4QdhuSJkJ,0,0.37367879575481916
conf/sigmod/BrinkhoffKSS94a,Yx9cXygsW9cJ,0,0.37286324786324787
conf/vldb/ChoN02,GzOK_PJlOwQJ,1,0.7074437443744375
conf/vldb/LakshmiZ98,BgTKsyNYSE4J,0,0.3337935414743284
journals/sigmod/Dogac96,R0c4pvI_-ncJ,0,0.28321395177987047
journals/sigmod/GalianoM03,TIYQ08TrSmEJ,0,0.34839901477832513
journals/sigmod/Bussler02,Phcd3C1cfLcJ,1,0.9944444444444446
conf/vldb/CohenMKS03,tPxHmg2G-44J,0,0.3740304721179252
conf/sigmod/Weininger00,w4U1UqqSeTAJ,0,0.3960755910755911
journals/sigmod/Roussopoulos98,JbqdsjVFxycJ,0,0.3584738361054151
journals/vldb/CliftonGB95,yrnhcMqsUVoJ,0,0.413048811553607
conf/sigmod/ChristophidesCS00,3on6dc1vI9AJ,0,0.38516952614379085
conf/vldb/SrinivasaK03,SYvITPIvE8UJ,0,0.3612476332185055
journals/tods/KrishnakumarB94,13CyZggemvwJ,0,0.24085396315037363
conf/vldb/BaulierBKS98,_OQ_dfSys8AJ,0,0.22911953129976387
journals/vldb/KornLKF00,GOJPaOJy4mgJ,0,0.3541988205031683
conf/sigmod/LometT99,TvwqXpVDLcwJ,0,0.3705811492162512
conf/sigmod/BohlenBD99,h7nFzTayT6MJ,0,0.34718483589087806
journals/sigmod/YaoG02,Taej3pV1qkEJ,0,0.3763744126091939
journals/sigmod/Anonymous96,GSnPpZje-OIJ,0,0.2719743178170144
conf/sigmod/MoonWH02,TabFkjNTLMsJ,0,0.4907361712361713
conf/sigmod/QunLO03,JiftutimEjsJ,0,0.3438137897936331
conf/sigmod/CareyDFHMNSSTTWZ94,gWs46Uq_T38J,0,0.3153578934726476
conf/vldb/StohrMR00,url:http://portal.acm.org/ft_gateway.cfm%3Fid%3D1101235%26type%3Dpdf,0,0.3602319183512224
conf/vldb/GutierrezPST94,Je3ZuC1bKRkJ,0,0.3473307222906765
conf/sigmod/GreenwaldK01,CFdRF-N5YuMJ,0,0.3828225540585091
journals/sigmod/AbelTK97,qa7mDMqAehoJ,0,0.23844885934595295
conf/sigmod/ParkCY95,aX-J3HdNBIUJ,0,0.3800243006164059
conf/vldb/ShanmugasundaramKSFF01,DXpMWlJqQyQJ,0,0.375486143773029
conf/vldb/ChatziantoniouR97,6gc5TN-yce8J,0,0.37511375289112625
journals/sigmod/Elderini02,n9l_RdY0V9EJ,0,0.3587009803921569
journals/tods/ParsonsW00,-lVXR5yeVVAJ,0,0.40728788999316196
conf/vldb/MiningGroup96,7k_L2CUM5DIJ,0,0.22151162790697676
conf/sigmod/GatziuGD95,RvtHXIfsMasJ,1,0.6927035330261138
journals/sigmod/GrayG97,fFCqy9V5XNgJ,1,0.9944444444444446
conf/vldb/Adler01,xf02Gwb4eQUJ,0,0.25689775910364143
conf/vldb/Ladin00,1GQ3pnReUwwJ,0,0.2937548790007807
journals/sigmod/Franklin97a,xdn_LJUxv5wJ,0,0.30251428355215865
journals/sigmod/Giorgini03,9gA5sNmRjqIJ,0,0.26454545454545453
conf/vldb/BerckenSW97,url:http://portal.acm.org/ft_gateway.cfm%3Fid%3D353206%26type%3Dpdf%26dl%3DGUIDE%26dl%3DACM%26CFID%3D11111111%26CFTOKEN%3D2222222,0,0.29143051821983273
journals/vldb/BonifatiCP01,jK41cZMmBW0J,0,0.34234457671957674
journals/sigmod/CuiJO02,11-uUE9KNPIJ,0,0.342953821656051
conf/vldb/HaasKWY97,VmLAZEJ0BIkJ,0,0.31357861183442576
journals/vldb/ChanGR03,2fSKkQsIT-MJ,0,0.3811356705542752
journals/vldb/RamamurthyDS03,zDvaG5mpSk8J,0,0.31484390225456754
journals/vldb/BarbaraI95,uWytjtIpOuIJ,0,0.2748443974017985
conf/vldb/PacittMS99,sOGjJLOSSjQJ,0,0.3340639971002365
journals/sigmod/Palpanas00,SsZfK9jFDzcJ,0,0.32371148676592226
journals/tods/WangBBJ97,6ryXYUepokQJ,0,0.40441336441336445
conf/sigmod/ImielinskiVB94,AhacU8AzwSUJ,1,0.640201460449255
conf/vldb/BohlenSS96,xsepj3WPacQJ,0,0.33101893711070934
conf/vldb/Lindsay95,YPc8y1JW348J,0,0.3756698367572568
conf/vldb/HelmerNM03,LVitsyrkl9AJ,0,0.37107914596517655
conf/vldb/SistlaYH94,FT4Sfn-Z7GUJ,1,0.9775641025641026
journals/sigmod/CuiJO02,a7NdoAnBWBsJ,0,0.3501604621309371
conf/vldb/GeorgeH98,2L-UFpDof3UJ,1,0.8258049172226342
conf/sigmod/RundensteinerKZWLLN99,hwxz01nyIasJ,0,0.35851298984240165
conf/sigmod/Bosworth03,n1ixxafAD_EJ,0,0.38678307187360933
conf/sigmod/FaginKS03,fC7F6_y4ArkJ,0,0.3575482447364326
conf/sigmod/YanMHF01,z1HqFeqNEjgJ,1,0.8427002090476784
journals/vldb/ChuaCL03,aKV8IIJ3SMkJ,0,0.2831708037825059
journals/sigmod/ChienTZ01,a9Cnj9WQbtcJ,0,0.4588199697143909
journals/sigmod/LometBCLN98,cOj6kFzC-_UJ,0,0.33075284216588563
conf/vldb/ChristopheBPV00,GYrFDL5RdlgJ,0,0.3768197214021364
conf/sigmod/AnkerstBKS99,rgEDmTFPFY4J,1,0.7373115299334813
journals/tods/DyresonS98,RJssVgcP-rcJ,0,0.3491633388145016
journals/sigmod/Gunther97,4YIHjauY6UAJ,0,0.23237704918032787
conf/vldb/Cluet03,url:http://portal.acm.org/ft_gateway.cfm%3Fid%3D1007682%26type%3Dpdf,0,0.322506435006435
conf/vldb/ClaussenKMP97,-bXpOsdNMwwJ,0,0.39049292092770355
conf/sigmod/AcharyaGPR99a,JMwurvuPEYUJ,0,0.3706844081844082
conf/vldb/VeltriCV01,_oVEhkXK19oJ,0,0.3437525180708615
journals/sigmod/ChaudhuriD97,P-TOW5Z1snMJ,1,0.7192203219315896
journals/sigmod/PissinouSEMOPSTD94,UMkGCFE77l8J,0,0.21538461538461534
conf/sigmod/BratsbergT00,n6jnvopaBLYJ,0,0.33906250000000004
conf/sigmod/ShashaB02a,DEl2TsijDYEJ,1,0.6283796296296298
conf/vldb/DarEGP98,tFvdHK-8S14J,0,0.33123123123123127
conf/sigmod/ColeG94,8MtKzeCwXCUJ,0,0.2981018518518519
journals/sigmod/KannanKIK03,-3p_4nxDIxgJ,0,0.36666080859900874
conf/vldb/HaberIL95,lojHMj5xWEwJ,0,0.37735840527068887
journals/sigmod/Bohlen95,Vb6FgbH_zb4J,0,0.36610752214554887
conf/vldb/LaneEN00,zeSgvqMrFiYJ,0,0.21955882352941178
journals/sigmod/EisenbergM01,R36hS1CwAusJ,0,0.36018009768009773
journals/vldb/Bertino94,_T_Ln2ve-YYJ,0,0.34865717934683454
journals/sigmod/McHughAGQW97,6bdfcR4xRfEJ,0,0.3670718722271517
journals/sigmod/BernsteinDK99,0mPGsNUJclQJ,0,0.17307692307692307
conf/vldb/BelussiF95,UjjYWCrVE18J,0,0.3542628667628668
journals/sigmod/ElmagarmidJF95,tqZLTaIP3b0J,0,0.399286266269962
journals/sigmod/DogacDATKCD98,Kj2M_O5kVZcJ,0,0.3887484068043498
conf/sigmod/SaltenisJLL00,xD9PIO1MPToJ,0,0.3868885281385282
conf/vldb/VeltriCV01,kerKtTM9nFYJ,0,0.33156677613574165
conf/sigmod/Seshadri99,g3bpVfaBRZgJ,0,0.3768270452873102
conf/vldb/WaasCB01,WwBaGJxC718J,0,0.26481481481481484
conf/sigmod/Epstein95,TTuXTe2uwD8J,0,0.1635135135135135
conf/sigmod/ChaudhuriMN98,l3D8_SZIdTUJ,0,0.3912021787182691
journals/sigmod/CuiJO02,yLtu-HgdiiYJ,0,0.32949871384654
conf/sigmod/GeneserethKD97,v0NOFtUdnIoJ,0,0.4037053781355481
conf/sigmod/GillmannWW02,url:http://www.csa.com/partners/viewrecord.php%3Frequester%3Dgs%26collection%3DTRD%26recid%3DN9210471AH,0,0.4039626152708905
journals/vldb/CombiP01,8YoYzQtOgYoJ,1,0.8027996606471943
conf/vldb/ChaudhuriG99,_BLDv3uP-GMJ,0,0.2980183014246275
conf/vldb/FegarasE01,LxeASNgSqUQJ,0,0.3481210621062106
conf/vldb/NipplM98,LbVRMb7P_50J,0,0.3266052471944192
journals/sigmod/ChengP03,glK_x3B7x80J,0,0.327278232520168
journals/sigmod/Grefen02,ZYHHgT8p5P8J,0,0.17514124293785313
journals/sigmod/ShethMKA01,Qq0WheHyVv8J,0,0.4957817735157194
conf/sigmod/ShintaniK98,I7KOeYTSCAUJ,0,0.3071350170502984
journals/sigmod/LabrinidisM01,url:http://portal.acm.org/ft_gateway.cfm%3Fid%3D603886%26type%3Dpdf%26dl%3DGUIDE%26dl%3DACM%26CFID%3D11111111%26CFTOKEN%3D2222222,1,0.9845213675213677
journals/sigmod/ShethMKA01,OEL5QN-FYC8J,0,0.4327077465764544
conf/sigmod/BozkayaO97,NsUoNtFegSEJ,0,0.3509298969764086
conf/sigmod/ChenCPPSTM00,D_a1m58GCxwJ,0,0.3363287250384025
conf/sigmod/GrumbachRS98,hanvoH7fPHYJ,0,0.3436421740073849
conf/sigmod/MaratheS99,N58_xOdq6egJ,0,0.3506257506226217
journals/sigmod/CeriFP99,RvQnsopv5dQJ,0,0.28675449346405224
journals/sigmod/Suciu01,hQHDSQZVuQkJ,0,0.32538166709863897
journals/sigmod/Colliat96,QWrBWa7B57MJ,0,0.379156816390859
journals/sigmod/Kuijpers02,ySr0RoLeHMAJ,0,0.20956375838926172
conf/vldb/BrightR02,BcUc-5Z0s2UJ,0,0.34718861036932946
conf/vldb/OzsuLON01,ZetSLA5yKMoJ,0,0.3469254784128202
conf/sigmod/Meseck01,FJlFUhxwABEJ,0,0.313756105006105
journals/vldb/DoanMDDH03,X75cIF4qr4cJ,0,0.39593434620447565
conf/sigmod/ChenGM01,XIWJlxAVlu4J,0,0.4453802563535536
conf/sigmod/AfratiLU01,62aA4DYB0MQJ,0,0.2981635856635857
journals/sigmod/Franklin00a,Rojkd4HlWFEJ,0,0.3424358094584549
conf/sigmod/KalnisP01,AzJGlHuohi8J,0,0.26886200716845876
conf/vldb/LernerS03,Dy5Eeh8JzmgJ,0,0.35245902050479516
conf/vldb/FlescaFM03,AgBMhm_0uEIJ,0,0.30007212826960505
journals/vldb/ApersCS02,MfPbk62EdyQJ,0,0.12206823027718554
journals/sigmod/PuSW01,9efgMwFj1PkJ,0,0.407320487152514
journals/sigmod/HasanMV96,4ymAVlVI7FAJ,0,0.34784217914084437
conf/vldb/Mattos96,aeEWxhh7jpsJ,0,0.32381095123900877
conf/sigmod/SeidlK98,TodiMgxv4vMJ,1,0.7973684210526316
journals/sigmod/CoxEH96,Ov7qPfAqIQEJ,0,0.2789799668089142
journals/sigmod/Fong97,yMu4OLoC49wJ,0,0.3416814420803782
conf/vldb/TaoP02,7ZyV9ivZySQJ,1,0.9833333333333334
conf/sigmod/MeccaAMMS98,wGGUiOtsEQoJ,0,0.28308918264275407
journals/sigmod/Datta94,sF1E6zEFQ-YJ,0,0.33491904124434246
conf/vldb/LingLL00,lNvW4tc-B2EJ,1,0.7601076555023923
journals/sigmod/Eisenberg96,tFbkjO2wcFMJ,1,0.9758064516129032
conf/vldb/AlsabtiRS97,-0Lu8VIRYtEJ,1,0.7406209781209782
journals/vldb/AbiteboulCM98,7RHO602LaOkJ,0,0.3423839668702683
journals/tods/Wijsen99,ZraSxoh9ZZoJ,0,0.42725340136054424
conf/sigmod/ChenGK01,bHcsajFC-z0J,0,0.4055952380952381
conf/sigmod/ReinwaldP98,HCQSN0M-6mcJ,0,0.34649151727702654
conf/sigmod/HouZ95,MiboGHeAdggJ,0,0.34606625258799173
conf/sigmod/WoelkBJOTU95,19VIHSiMAXcJ,1,0.5884952265930528
conf/sigmod/LitwinS00,lZGb5wNlayQJ,0,0.2940920090194138
conf/sigmod/French95,1B7ShTTSSykJ,0,0.3449507916131793
conf/vldb/LiHKSPAC02,FZDTePKpqR8J,0,0.37205612104509167
conf/vldb/WaasCB01,pOurA88etCEJ,0,0.26828703703703705
journals/sigmod/Seligman97,2E9I_lugGC4J,0,0.24747823860727086
journals/sigmod/BonifatiC00,-kKV3-Nd7RYJ,0,0.42661901031466254
journals/sigmod/Winslett03,pI_DcZ_2qO0J,0,0.14183874139626357
conf/vldb/TeisseirePC94,AiXOfJPvvpUJ,0,0.3172007489864633
conf/vldb/RaghavanG01,e6zPJ7ob8TYJ,0,0.29950330070004255
conf/sigmod/DogacHKOONDMAKE96,YJlUtEk7zwkJ,0,0.3491638755400224
journals/sigmod/ConradHHKRSS99,3aPleydkcIoJ,1,0.8692852119750856
conf/sigmod/MinPC03,nXeI9Oj9qIMJ,0,0.2810786435786436
conf/sigmod/CatarciS01,tZKtr8kkDcsJ,0,0.3542521367521368
journals/sigmod/BestavrosLS96,1_g448rjyZUJ,0,0.23754826254826258
conf/sigmod/Eaton98,o5i8qsAWvboJ,0,0.4055751834784093
conf/sigmod/TsueiPK97,hwVcY3SR5LsJ,0,0.37634503504068717
conf/vldb/LudascherMP02,ajOadxrJW5cJ,0,0.300409627917207
conf/vldb/BridgeJKLLM97,jyez9EoBeOYJ,0,0.29284912491879705
conf/sigmod/ChoSG00,ilJdCU_qODkJ,1,0.9957142857142858
conf/vldb/Shmueli01,KYh8DyqEjs4J,0,0.3117318919905127
conf/sigmod/PopaDST00,kqAKFhYjI7wJ,0,0.30334642955610697
conf/sigmod/Olson95,0yZHDho9WTcJ,0,0.35078571428571426
conf/vldb/FlorescuKLP97,url:http://portal.acm.org/citation.cfm%3Fid%3D234286.1057831,0,0.3131994047619048
conf/sigmod/Chong98,7SBkCDLpzQ4J,0,0.32382358455193105
journals/sigmod/BawaCCDGGKMSSVY03,UaAAKwdvoRMJ,0,0.36311650520240735
conf/sigmod/BabcockBDM03,acCXJNP5YTsJ,0,0.3336783915524073
conf/sigmod/WoelkBJOTU95,--PsNHvlpbIJ,1,0.8655555555555556
journals/sigmod/Alonso94b,WJggKAfEnP8J,0,0.18195488721804512
journals/sigmod/Snodgrass98b,5C-DxljPP8AJ,0,0.1070796460176991
conf/vldb/Dasgupta96,WUIN55YAF1MJ,0,0.3068984270414994
conf/vldb/Leymann01,url:http://www.csa.com/partners/viewrecord.php%3Frequester%3Dgs%26collection%3DTRD%26recid%3D0116690CI,0,0.20355555555555557
conf/vldb/Pogue98,LMV_K5t2am0J,0,0.3534380378657488
conf/vldb/MogiK95,KvDB1WuZ-6QJ,0,0.33238919849009874
conf/vldb/Brin95,jXvsW6VxbMYJ,1,0.771474358974359
conf/sigmod/ChaudhuriMN99,FTZDm9gGLjIJ,0,0.4241594128690903
conf/sigmod/KornJF97,ZZUl2Dc1MPsJ,1,0.8474719827586206
conf/vldb/IpeirotisG02,url:http://portal.acm.org/ft_gateway.cfm%3Fid%3D1101212%26type%3Dpdf,0,0.3598533671727291
conf/sigmod/GangulyGMS96,05ZgvGyhSC0J,1,0.9816069776661822
conf/vldb/YanA94,6-ET37x0FV8J,0,0.4224194895841755
conf/sigmod/RoySSB00,OV6n7LhOe_cJ,1,0.7600954600954601
conf/sigmod/Ahn94,5s6b10Hik30J,1,0.8082557261515229
conf/sigmod/SchleimerWA03,1O9h5BoG2qsJ,0,0.32657476484089387
conf/vldb/BliujuteJSS98,wbGdc_RsI14J,1,0.7360726230291448
conf/sigmod/Krishnamurthy03,m7z8pwuKoGEJ,0,0.3549603174603175
conf/sigmod/Pruscino03,N1D3tHJeQjQJ,0,0.3729675716440422
conf/sigmod/Keim99,Bok7h-HKlNQJ,0,0.3311111111111111
journals/sigmod/Goethals02,NHBwXu7xBM0J,0,0.3230958781362008
conf/sigmod/AfratiLU01,7l-Z6PP6X08J,0,0.39796326001943316
conf/vldb/RezendeH98,9B_zuuJyou0J,0,0.26696549092852456
journals/sigmod/SycaraKWL99,YgouJdrCoZQJ,1,0.9944444444444446
conf/sigmod/MaheshwariL97,usLsgvi1mRUJ,0,0.3755473543243327
conf/sigmod/Ullman03,bcUzsvE1x5EJ,0,0.37054942279942277
conf/sigmod/LarsonG03,w8uge-ZzJV0J,1,0.7878191985088537
conf/sigmod/Norrie95,url:http://adsabs.harvard.edu/abs/1976InfPh..16..165C,0,0.18865384615384617
conf/vldb/ShanmugasundaramKSFF01,9r5dL8B5l7oJ,1,0.7278553634143081
journals/tods/BrunoCG02,tFfCZHHffocJ,0,0.4122792773023187
conf/vldb/LeeHJT03,d_-AVSDEbYkJ,0,0.3049835462640341
conf/sigmod/LiVCAHMWBCHIKSS99,url:http://ieeexplore.ieee.org/xpl/abs_free.jsp%3FarNumber%3D1320053,0,0.3617481634527089
journals/tods/MamoulisP01,dq123ST4VMsJ,0,0.3361076038159372
conf/vldb/MiklauS03,cJUP6vfSm50J,1,0.8583333333333334
conf/sigmod/ChristophidesACS94,g_ccBI89OZwJ,1,0.8504081632653061
journals/vldb/BonczK99,63t-u0Menw4J,0,0.3152130779848171
journals/sigmod/KimballS95,ga66OWjHdoUJ,1,0.9130157539384847
conf/sigmod/ZhugeGHW95,SSwR2rhkJk0J,1,0.8336334154697859
conf/sigmod/BarbosaMKL02,yxo4sa8_vQoJ,0,0.3371886722833774
journals/sigmod/KramerNKRLKLZ97,uGNRDBuVrGYJ,0,0.34044439356939354
conf/sigmod/CatarciS01,-X-ZldO8A7kJ,0,0.3667188422426767
journals/sigmod/BarbaraS97,-T5x4US4FyoJ,0,0.3909926485643525
conf/vldb/PedersenJD00,bSRLP5_ErFMJ,1,0.8323608475648324
journals/vldb/WhiteD95,Iobxrw4QPNoJ,0,0.3457219251336898
conf/sigmod/HernandezMHYHT01,NiahIu-wQacJ,0,0.36122113680394397
journals/sigmod/AndersonS94,fO7zk1raAbwJ,0,0.363406432748538
journals/tods/BellNNS96,pz2VRTdXq1cJ,1,0.957474533106961
journals/sigmod/RoantreeMH99,0dRjtfPITckJ,0,0.29792535966449013
conf/vldb/SchieferKBLF98,pufIy0P0-iMJ,0,0.37081441529393433
journals/tods/KrishnakumarB94,tByjCUdeXT0J,0,0.36118780228569186
conf/sigmod/Kim94,sP982xq0nU4J,0,0.37896281800391385
journals/sigmod/PitouraB95,ajm2MjgKINAJ,0,0.37368547341493047
journals/sigmod/ShethBS99,TMNOjaeIRgsJ,0,0.45347510972510974
journals/sigmod/Kim94,930Uth7EArkJ,1,0.7762489294890094
conf/sigmod/AggarwalY01,QkTd5WogN-AJ,1,0.7916666666666667
conf/sigmod/TheobaldW02,itN9AnHM0A8J,0,0.3987708998523707
conf/sigmod/Cotton02,fvhUl7kkH30J,0,0.25387493274145817
conf/sigmod/Pirahesh94,ViW3aSxRUREJ,0,0.23526523297491037
conf/vldb/GyssensL97,JAkW_8KP3LYJ,0,0.32216525768577203
journals/sigmod/GrayG97,UJUTjQU-uGcJ,0,0.4098425631513867
conf/sigmod/WangSSZZW00,ryDHZM31rmwJ,1,0.7772745056195761
conf/vldb/Sarawagi95,sD-_Q3RgSr4J,0,0.3694444444444445
journals/tods/DyresonS98,9XvQ8DeeZ_0J,0,0.38224553224553226
conf/vldb/OzsoyogluAAOUO02,oJG2lyjpAo4J,0,0.3212706900942196
journals/sigmod/BerzalM02,8-Q8b0ufqK0J,0,0.32519841269841265
journals/sigmod/MalaikaEM03,64Dy2HOveAQJ,0,0.30118785870597464
journals/sigmod/SlivinskasJS02,url:http://portal.acm.org/ft_gateway.cfm%3Fid%3D1099612%26type%3Dpdf,0,0.37002731447427645
conf/vldb/ParkMC02,Mzt1XBEgSYYJ,0,0.10230537823758164
journals/sigmod/MeltonE01,H_r325W8GXoJ,0,0.4229189982594238
conf/sigmod/BarbaraI94,kooQijVBMscJ,1,0.7255904455179818
conf/sigmod/CeriFP98,HaJ3cx0Ub3gJ,0,0.4000236371626814
conf/sigmod/2003,SyX_HFylzmwJ,0,0.20442477876106196
conf/vldb/HardingLM03,BkSfJ4LhbQcJ,0,0.3447288169840563
conf/sigmod/KuhnTS94,FKP82dZax-cJ,0,0.39061168406756636
conf/vldb/YanG95,ya2jdUwj5gQJ,0,0.3475832890306575
conf/sigmod/ZhouLP99,jqNkzWCQhOgJ,0,0.32211583597653803
conf/vldb/HristidisGP03,kWGQt09OpOcJ,0,0.3983749638237717
conf/sigmod/ZuzartePMCLW03,dAp6P0NSTL0J,0,0.3475329299045537
conf/vldb/DayalHL01,WIMXxHjGrZYJ,0,0.3287955246306925
conf/sigmod/LehnerSPC00,ktuEGK9MoYAJ,0,0.40047246629298594
conf/sigmod/StonebrakerH01,ltEmsluBrYkJ,1,0.7379817444219068
conf/vldb/Leymann01,Bz3eloJFQlYJ,0,0.20522388059701493
conf/sigmod/Sheth95,url:http://portal.acm.org/citation.cfm%3Fid%3D354538,0,0.21753578732106343
conf/vldb/EleftheriouBCDHLPPABDDDGJHLRSVW03,VgQnUF0eS44J,0,0.32780595888144287
journals/sigmod/BertinoEH01,BIYs3qzdI48J,0,0.3304780380438275
conf/vldb/LakshmananPH02,_hNiD_QLDdAJ,1,0.9722069597069598
conf/vldb/TheodoratosS97,rKEfmcIdbc4J,0,0.35970801364023874
conf/vldb/RothS97,_dv8BybBmXkJ,0,0.31801649928264
journals/vldb/WidomS00,url:http://www.springerlink.com/index/JWGUMV8YDL893E3V.pdf,1,0.45104166666666673
conf/sigmod/Bussler01,avZgSdSkuvAJ,0,0.19655963302752294
journals/vldb/AbiteboulB95,nN7rlY8WDWMJ,0,0.3541604361370717
journals/sigmod/PourabbasR02,7OTtD7189gsJ,0,0.2825106837606838
journals/sigmod/Gal99,2_DwhQ626IsJ,0,0.3689680070475936
conf/sigmod/BrinMS97,y3e6FQ-JRn4J,0,0.422275988447022
conf/sigmod/ShashaB02a,pVPYozcw2JoJ,0,0.37566951566951573
conf/sigmod/ZuzartePMCLW03,ryaV3kTsJ2IJ,0,0.5714017795228871
conf/sigmod/IoannidisP95,url:http://portal.acm.org/ft_gateway.cfm%3Fid%3D1027705%26type%3Dpdf,0,0.40509382380072034
journals/tods/FraternaliT95,Pduy5oQzs2IJ,0,0.319004824151883
conf/sigmod/Dullmann99,3Vd-HExv4gsJ,0,0.16735159817351597
conf/vldb/HellersteinNP95,FPRwUDm29t8J,0,0.36297202290352976
journals/vldb/SinghalS97,Id5uCZA0MCQJ,0,0.3827356195003254
conf/vldb/RamakrishnanR96,3y1e-H-FdC0J,1,0.856177976952625
conf/sigmod/Chaudhuri97,cuaJySPp3EQJ,0,0.3737609671652225
conf/sigmod/BozkayaO97,Uxi_1uE_7z8J,0,0.4107353011244521
journals/sigmod/Hanna95,jFNkGh68g6EJ,0,0.4604625362689879
journals/sigmod/MedskerCS95,U-mOyJdYzqIJ,0,0.39558158534731724
journals/vldb/RoySSSA98,eDKv7zEP0PIJ,0,0.4257783882783882
journals/sigmod/Camps02,cj3KZNRYL1IJ,0,0.4083827520228883
conf/vldb/Koch03,ICPbwSt_-IkJ,0,0.3474357805137559
journals/sigmod/SnodgrassACFLLORRSV99,GbphA2ULqZ0J,0,0.17322834645669294
conf/sigmod/MohanN94,OLKQsRS0Pj0J,0,0.4477364759717701
conf/vldb/IoannidisP99,A2dOF9g4bgkJ,0,0.36677389277389283
journals/vldb/ApersCS02,tjYvKVE9-i0J,0,0.27222222222222225
conf/sigmod/ColbyKLMR97,fDiU6std8e0J,1,0.7066595059076263
conf/sigmod/PoosalaIHS96,hHGQKstQ2PQJ,1,0.951039830566373
conf/sigmod/SaltenisJLL00,OC5Ji_ETtgsJ,0,0.3877994843640539
conf/vldb/ManolescuFKXO00,38xAGCz3oB0J,0,0.3154236458416025
journals/sigmod/Franklin99b,S9r7k3VEE3wJ,0,0.29558111380145285
journals/sigmod/WinslettMY03,wecytIW_iiEJ,0,0.2434659090909091
conf/sigmod/Chong98,3ocxqlS2jgQJ,0,0.2943948412698413
conf/vldb/ChakrabartiRS02,2GEVrOJrovYJ,0,0.35773800416507295
journals/vldb/AgrawalAJL95,sk7smlbNF0YJ,0,0.36249176687384593
conf/vldb/CliftonFHKLS03,4DSzdBW3s4EJ,0,0.19098613251155622
conf/vldb/StohrR01,1lQ8isLFVucJ,0,0.34314595513636287
journals/vldb/ConstantopoulosJMV95,SYaXErlVlcAJ,0,0.33488611132615426
conf/sigmod/GuhaJKSY02,VCiXh8qcrIMJ,0,0.359436274509804
conf/sigmod/Shasha97,0Dc80fEaj9IJ,0,0.17718120805369128
journals/vldb/LaurentLSV01,HXCYTEjIYRcJ,0,0.3671985081911553
journals/tods/Chen95a,pUf-4vc7OqwJ,0,0.395859477124183
journals/tods/HsuSY01,OdcJEsAxekwJ,0,0.29449620427881296
conf/vldb/WienerN94,87YMjWTn6jcJ,0,0.32124925727866904
conf/sigmod/WhiteD95,ImVfFo5MtqcJ,0,0.30470418648993025
conf/vldb/GuPS00,fXHqHRgpG8sJ,0,0.32470670866897283
conf/vldb/NathDKGKS03,pF6EW_yKYyYJ,1,0.845491036249015
conf/vldb/BerckenS01,BJ8i-uzFQi4J,1,0.8141362142968271
conf/sigmod/Lomet00,J2aBcMPRAIMJ,0,0.3596054918317692
journals/sigmod/BusslerFM02,idlILHmmBtEJ,0,0.28176782273603085
conf/sigmod/WangSSZZW00,url:http://portal.acm.org/ft_gateway.cfm%3Fid%3D1101971%26type%3Dpdf,0,0.40232440620735915
journals/sigmod/Franklin99b,M0FH31YCEU0J,0,0.29114539221617264
conf/sigmod/TomasicABKNR97,url:http://doi.wiley.com/10.1002/anie.198308881,0,0.17435816498316498
conf/sigmod/OConnellISWABCCLPWW96,url:http://portal.acm.org/ft_gateway.cfm%3Fid%3D280357%26type%3Dpdf%26dl%3Dportal%26dl%3DACM%26CFID%3D11111111%26CFTOKEN%3D2222222,1,0.6591667641043109
conf/vldb/Sacks-Davis96,ds7wrhwYoloJ,0,0.2778210394847719
conf/vldb/BergerBSW03,NuyPTIe6274J,0,0.3529206842425602
conf/sigmod/LiVCAHMWBCHIKSS99,iOiHF7K58AQJ,0,0.3920648135113887
conf/sigmod/DavisonG95,CgBuc-7U2TgJ,0,0.38998491746243247
conf/sigmod/WattezCBFF00,mOYGuLmg-UYJ,0,0.3054872580168112
journals/sigmod/HadzilacosT97,vVhx_4TKYt4J,0,0.46956446452098627
journals/sigmod/Kuijpers02,tGjOYDlWKi4J,0,0.23783783783783785
conf/vldb/RamanH01,0Xl1CVdqlVwJ,0,0.38232619971750403
journals/vldb/ShegalovGW01,7sGbDGs9JfoJ,0,0.37928862459806
conf/sigmod/PaparizosACJLNPSWWY03,QRSt4Qit27IJ,0,0.3223462917011304
conf/vldb/WangHH00,wuIyUXOQP7AJ,0,0.41421000960474647
journals/sigmod/TanakaV01,uKYClilrdlwJ,0,0.36362792423297746
journals/vldb/GutingS95,rjQa8odFpMwJ,1,0.7038481141692152
conf/vldb/ZhouR03,MvbChqWgFawJ,1,0.8550000000000001
journals/sigmod/DomenigD99,K8FEoYyEPL8J,0,0.373308900465282
conf/vldb/Cluet03,0P7-i8YgzkYJ,0,0.28231474407945
journals/vldb/Li03,HlXyqUIDobMJ,1,0.8743243243243244
conf/vldb/VenkataramanZ98,Awr5E5xmcpsJ,0,0.3541586349682302
journals/sigmod/Aberer03c,BCHvLUEF_Q8J,0,0.33107196401799105
conf/vldb/SrikantA95,CPmrOsEMG5EJ,0,0.4114668856048167
conf/vldb/SheikholeslamiCZ98,woy-goyQsNUJ,0,0.38130881745259865
journals/sigmod/ChakravarthyAEFO03,_cqgQCQf_BkJ,0,0.35983946608946615
conf/sigmod/GardarinMP95,9-bSCnqVrlkJ,1,0.7736881005173688
conf/sigmod/Kohler99,8-3kqCrLmwMJ,0,0.33704887218045115
conf/sigmod/FaloutsosSTT00,6yWll43O3YoJ,0,0.3660905960819586
journals/sigmod/Liu03b,M3ihd9Kb-eEJ,0,0.3007798241247719
conf/sigmod/CeriFP98,MBZwP7Cdj30J,0,0.18067297626121154
journals/sigmod/Neven02,hK5EOo-Z7JMJ,0,0.33929836731724555
journals/vldb/SteinbrunnMK97,i0ePGhZdwO4J,0,0.3677950092571767
conf/sigmod/HanPLJ01,JlY3_bmIx94J,0,0.3208961286868264
conf/sigmod/PapakonstantinouPV02,5XmfwqNDii8J,1,0.8
journals/sigmod/EisenbergM98,3uvEmbJQ3qMJ,0,0.3284479019330504
conf/sigmod/HellersteinA00,-GYSZmXrx-UJ,1,0.6672381835032437
conf/vldb/May01,9CKU75VaJlQJ,0,0.3464765100671141
conf/vldb/ViglasNB03,GGX9LS25OhwJ,1,0.856720430107527
conf/vldb/LakshmananSS99,RSpmu6WtYBMJ,1,0.5616442912433479
conf/vldb/KnorrN99,zsBSj8ecfg8J,0,0.30749969904899477
conf/sigmod/Bampahl95,MbgdgwgZCIUJ,1,0.7835784313725491
conf/vldb/FaloutsosG96,ULDMC2CfHiIJ,0,0.31586134453781517
conf/sigmod/KrishnamurthyBN99,BcueZs6iydsJ,0,0.383073364025745
conf/vldb/ShengBDM02,PZsM5HQ7YNcJ,0,0.3591658130873817
conf/vldb/CatozziR01,UhDuzllyARcJ,0,0.27104468599033815
journals/sigmod/BichlerSZ98,91aclF_THQwJ,0,0.42972731196871056
journals/sigmod/Jhingran00,xYqCareagPwJ,0,0.33624893977947423
conf/vldb/MehtaD95,Q4SPL32ESSEJ,0,0.29580610021786496
journals/tods/BertinoBFS98,VWL9k-iW0VYJ,0,0.3670605557233464
conf/sigmod/KangN03,IVXOHTW5Lt0J,0,0.41532748707321293
conf/sigmod/MerialdoAMMP00,U9al_oQxpxYJ,0,0.2833928374395107
conf/sigmod/HanPLJ01,ysDZ89ga_i8J,0,0.327704941087744
journals/vldb/OoiTCH98,G4fRelIKa3gJ,0,0.3523480164042413
conf/sigmod/CrescenziMM02,MLFiLgVrJx0J,0,0.3422082296849088
journals/sigmod/CalvaneseGLV03,EbAEtzTA6tIJ,0,0.3485884485884486
conf/vldb/Pogue98,vvb-chlv4g8J,0,0.32115898087261535
conf/vldb/ChatziantoniouR97,-ckB3BArdZYJ,0,0.3766875140860943
conf/vldb/NishioSTTL01,GyaENarqeccJ,0,0.2962873051723339
conf/vldb/Draluk01,FhNjU1YhINUJ,1,0.8461111111111113
conf/sigmod/RafieiM97,-febS8hBd14J,0,0.4464274915336236
journals/sigmod/MedskerCS95,u7zPhoaBmlkJ,0,0.35905460608111944
journals/sigmod/SegevJS95,wmeghfoGDxQJ,0,0.21666666666666667
conf/vldb/RoussopoulosK98,BMkGN7AiGhYJ,0,0.30568181818181817
journals/tods/LitwinN96,5-bC0rnzZlgJ,0,0.31518078695498053
conf/sigmod/KriegelMPS01,T1dmP2NL1aYJ,0,0.36588342888342895
conf/vldb/HasanM95,41B5NuefLPsJ,0,0.3884064814814815
conf/vldb/Shaw98,pcUSk8BKMJYJ,0,0.343606535499123
conf/sigmod/BohrerBBCFHKKMNRRSUUW97,uPx8w3k7NyQJ,1,0.6388091999943333
journals/sigmod/BarclayBGS94,EkDXwvYYSOQJ,0,0.3518725979305248
conf/vldb/GalanisWJD03,BK7C2yvT-MwJ,0,0.35152569024203045
journals/tods/Hellerstein98,YHl0k4Jax24J,0,0.3768696581196581
journals/sigmod/HadzilacosT97,Cjm6NGvVT0wJ,0,0.3703200240185619
conf/sigmod/Rodriguez-Martinez00,bH7h-aKyIsQJ,0,0.31781879844961236
journals/sigmod/KambhampatiK03,url:http://portal.acm.org/ft_gateway.cfm%3Fid%3D959086%26type%3Dpdf%26dl%3DGUIDE%26dl%3DACM%26CFID%3D11111111%26CFTOKEN%3D2222222,1,0.9798776893604482
conf/sigmod/Gal00,OHCI04dSVigJ,0,0.21710526315789475
conf/vldb/ChanFFGR02,WY8YhqybKdoJ,0,0.33767006802721095
conf/sigmod/AdelbergGK95,dyT7GnIuzgsJ,0,0.32743815661591147
conf/vldb/BrodieC99,lZGtV8TM9yoJ,0,0.3837569587500622
conf/sigmod/Bussler02,LLIkm2GMqakJ,0,0.34775280898876404
journals/vldb/Barbara-MillaG94,d5qlOGQJgm8J,0,0.2999825238374857
conf/vldb/BassiliadesV95,url:http://www.csa.com/partners/viewrecord.php%3Frequester%3Dgs%26collection%3DTRD%26recid%3D0014627CI,0,0.330254590033071
conf/sigmod/BorkarDS01,qbYfbpegebMJ,0,0.39516738612540503
journals/vldb/CasatiSG01,BVUWvwkj9CsJ,0,0.16114285714285717
journals/tods/GoldmanL94,rV2CEYCxWQYJ,0,0.3368291893291893
conf/vldb/Wadler01,CUwratNa5rIJ,0,0.35548371647509586
conf/vldb/ManolescuFK01,Nqiq6HoMFQ0J,0,0.33368715302212837
conf/vldb/DuttaDMRT00,tkGJk7C_eloJ,0,0.39389622174558653
conf/sigmod/BenediktCFFR03,w7LY98xPm50J,0,0.3727115219648743
conf/vldb/HasanM94,e7N82yYp8UIJ,1,0.7377049984552052
journals/sigmod/AlonsoCIM95,1FiD8j3CibgJ,0,0.4000782740868948
conf/vldb/GibbonsMP97,-5ehGhCEl4wJ,0,0.3141269841269841
conf/vldb/GoldmanW97,Ye9iUyg5mL0J,1,0.7182226251698869
journals/vldb/ScheuermannWZ98,t4ZvupAT2h0J,0,0.2713725490196079
journals/vldb/EyalM01,LXTk4MS5HPwJ,0,0.33948863636363635
conf/sigmod/PoosalaIHS96,71MLBCKrxOwJ,0,0.4015546031938842
conf/vldb/WhiteheadSM97,Q1MXCqpFBc8J,0,0.37365514115514115
conf/sigmod/DewanSHH94,osIpBeJ_w0QJ,0,0.3075681573815902
conf/vldb/BernsteinHSSZ97,pDcKqyBCO4QJ,0,0.2985969868173258
conf/vldb/TanGO99,mH8-_MEd4BYJ,0,0.41098732603867394
conf/sigmod/SunAA03,qx3QKevNr0oJ,0,0.2304685592185592
conf/vldb/GardarinGT95,ANV3iCMnGQYJ,0,0.32273809523809527
conf/sigmod/LitwinS00,YWLERR7igm8J,0,0.2557156626817782
conf/sigmod/ClaypoolRZSK01,1VWOXPII9HUJ,1,0.8634104899828663
conf/sigmod/HellersteinA00,iFbXSEmnpzgJ,1,0.85606784519828
journals/sigmod/Kumar03,Hv6oCtnJFiUJ,0,0.32374607135866684
journals/vldb/Amer-YahiaCLS02,ZZ5brzlitDkJ,0,0.30738103747932616
journals/sigmod/WenLMZ03,jJb2G9hkNNQJ,0,0.3800113724973276
conf/sigmod/HammerGNYBV97,lmhkvir9Z84J,1,0.7053264402468322
conf/vldb/HaasNSS95,oLNFVeC68psJ,0,0.3798792016806723
conf/vldb/DiaoF03,SuvIXhgJT1QJ,0,0.31932338067271193
journals/sigmod/Ozsu03a,d5iIooTraGAJ,0,0.12452830188679244
journals/vldb/PeckhamMD95,zOfVTNgEwz0J,1,0.8743243243243244
conf/vldb/WildfogelY97,KehaKj_hyqcJ,0,0.39874960062916265
journals/vldb/Baumann94,i6QlqeCLKsQJ,0,0.3155304987863128
journals/sigmod/SpynsMJ02,jD6nDNmhP3AJ,1,0.9772030651340997
journals/sigmod/Gardels97,sxo1ryVVzFoJ,0,0.3333516925908231
conf/vldb/ChakrabartiDAR97,8IR1NrQ4zm8J,1,0.7356046511627907
conf/vldb/JarkeKL00,hnJULGy3qDIJ,0,0.3394012279258181
conf/sigmod/RamaswamyK95,g9Y0KAu_UHQJ,1,0.7980769230769231
conf/sigmod/MatiasVW98,p0xUb9X6SiYJ,0,0.4075005497647008
journals/tods/DekhtyarRS01,jZShiF9wrikJ,1,0.9583911629167796
journals/sigmod/Critchlow01,vHqHy11CsbIJ,0,0.3595238095238095
journals/tods/FernandezKSMT02,MpWZLwC0J3QJ,0,0.2377182748758091
conf/vldb/MohanBWSZ00,uYmVgV3DR1AJ,0,0.40958699997238746
journals/sigmod/LeeF01,oUisL_YUScYJ,1,0.9944444444444446
conf/vldb/MedianoCD94,pxYyMs_sYFEJ,0,0.3138918067226891
journals/sigmod/DogacDKOONEHAKKM95,GnjIUQVlZ0UJ,1,0.7171117959253552
conf/vldb/JagadishKNS99,a_DYyxqi-8QJ,0,0.33249028749028753
conf/sigmod/FernandezS96,66uAX5EPtKcJ,1,0.6000000000000001
journals/vldb/C94b,LTX0u-XkO4IJ,0,0.30521739130434783
conf/sigmod/ImielinskiVB94,_QZrkv5itxEJ,0,0.3873979591836735
journals/sigmod/SofferMC02,h0dtchtxVlMJ,0,0.174390243902439
journals/vldb/ChakrabartiGRS01,_kW6-X5edmoJ,0,0.3272859145480512
conf/vldb/ShanmugasundaramGTZDN99,xUo_jshZqIUJ,0,0.3674016203703704
conf/vldb/Moerkotte02,jsZa-UC-Jr4J,0,0.3532183453727682
conf/vldb/ChawatheCY94,3mLKQfhVh3cJ,0,0.3960894400455416
journals/sigmod/Lomet98,zNGRA4qOAJEJ,0,0.3687996031746032
conf/vldb/NicklasGS03,C5E7AF9GXUwJ,0,0.34178866366366367
journals/tods/TaoSP03,XK0x_fPOTlgJ,0,0.42302107985465076
conf/vldb/OzdenBRS94,2Ezev_UWj-8J,0,0.36831494732657527
journals/sigmod/SantucciT96,ewRIIXQHbrEJ,0,0.3403597308488613
journals/vldb/BarbaraI95,XMX29F-EgrIJ,0,0.3274025667542205
journals/vldb/PanagosB97,jBbj1ebPsV8J,0,0.21565040650406503
conf/vldb/MeccaCM01,bF9YiKytTRgJ,0,0.3725656288156288
conf/sigmod/Stonebraker03,xC6K0eK288QJ,0,0.41227910301081033
conf/sigmod/IvesLPST00,9rhJ4yObPHQJ,0,0.3809690452782558
journals/vldb/PapazogluK97a,xEAwrdubn48J,0,0.37581093628307255
conf/vldb/ArionBCDMP03,url:http://portal.acm.org/ft_gateway.cfm%3Fid%3D1086265%26type%3Dpdf,0,0.3531854884246189
conf/sigmod/ChaudhuriMN99,nJ-qtwj_qF8J,0,0.40341587514552635
conf/vldb/Mohan01,vbPpSqWJPGIJ,0,0.3400469998874254
journals/sigmod/Ozsu01a,3m120p5MivMJ,0,0.13943661971830987
conf/vldb/DeutschT03,qkJ_IyVmLfUJ,1,0.8583333333333334
conf/vldb/BunkerCCMMW01,b2pZG5QihaYJ,0,0.2755656325417145
conf/vldb/KahveciS01,UG2u-C6kqtoJ,0,0.3527892916050811
conf/vldb/AbrolLMMMRTWZ01,w9Ma-YjZHYkJ,1,0.8316666666666668
journals/sigmod/PuSW01,89uqs71Mt5MJ,0,0.4029020467836258
conf/sigmod/KotidisR98,VxSWsBfjkUgJ,0,0.3197685516583154
conf/vldb/NieKH03,LNjYlTzcxFMJ,0,0.30409084093294625
journals/vldb/Halevy01,HLPL075Vn8kJ,0,0.3033190410098808
conf/sigmod/RinfretOO01,DSSTzUNJ1d0J,0,0.3106364663580159
journals/sigmod/Datta94,VjsonTwDSAcJ,0,0.38084772370486664
conf/vldb/RoussopoulosK98,ZSo2wuwr9goJ,0,0.33663720538720543
conf/sigmod/ChenRW02,url:http://www.springerlink.com/index/P44M360615819N47.pdf,0,0.4232855853823596
conf/vldb/Suciu96a,Q_pWzcD3nUUJ,0,0.3143609022556391
conf/vldb/Fecteau95,i5o_Nrk_vnkJ,0,0.3125015444969574
conf/sigmod/FernandezFKLS98,fNDX0gaFmB0J,1,0.9096031746031746
conf/vldb/LuSL95,MOvX47-acW4J,0,0.36277550574425577
journals/vldb/RamamohanaraoH94,x_ykbVlfyP8J,0,0.3483167051709878
conf/sigmod/Squire95,_zQEm0i4mooJ,0,0.3360925925925926
conf/vldb/PellenkoftLK97,mCU3zHcPfCsJ,1,0.7861283643892341
conf/sigmod/WangSCRZP97,UOXm9cb58YUJ,1,0.6647364030697364
conf/vldb/VassalosP97,2DJipXynj5wJ,1,0.6955782312925171
journals/sigmod/Datta94,FGUWk45ZT6YJ,0,0.4106898435702783
conf/vldb/GeorgeH98,nBQLc0U1J88J,0,0.31886251861537906
conf/vldb/IwerksSS03,8njXavD4O68J,0,0.37837784163183336
conf/sigmod/Shyy95,i_6RwowAk_UJ,0,0.16720244929200154
journals/vldb/PapazogluK97,s6Ax0WdZp6IJ,0,0.38527187538030916
conf/sigmod/OlstonWL01,9JhejaSsZPoJ,0,0.36313921108349445
conf/sigmod/EmbleyJN99,FtKCl8mUxuAJ,0,0.3231696978308231
conf/vldb/YuSLJ02,6EJ6A2y_U1IJ,1,0.9632418439716313
conf/sigmod/LabioWGG00,ouhzfFrtxSIJ,0,0.34031610252636746
conf/vldb/MargaritisFT01,uTTL711_oUcJ,0,0.327018863651071
conf/vldb/BonczRK98,iqZZMPppeKAJ,0,0.2950123646844958
journals/vldb/PanagosB97,SyOHqrZQEeYJ,0,0.3301810539256466
conf/sigmod/HanFWCZK96,236AjjQn6twJ,0,0.3699266591743685
conf/sigmod/VingralekBW94,560JFiIRjJMJ,0,0.393530793008118
journals/sigmod/GeppertD94,G_7Fu6h398oJ,0,0.3727127872127872
conf/vldb/GuntzerBK00,w_XFuxNvLFoJ,0,0.39282990620490627
conf/vldb/KraftSRM03,B8MoLkcvms4J,0,0.33248721396988407
conf/sigmod/KangN03,url:http://links.jstor.org/sici%3Fsici%3D0146-4949(196422)5%253A2%253C151%253ADHLTPO%253E2.0.CO%253B2-M,0,0.3838487437453423
journals/vldb/KemperK95,url:http://doi.wiley.com/10.1002/he.155,0,0.36397810159290883
conf/sigmod/ZhangZPTL03,dkWnTbi9xnEJ,0,0.28298719958202717
conf/sigmod/BrinkhoffKSS94,e4s7pmZj8UAJ,1,0.7465275087175514
journals/sigmod/Seligman97,hoR1Eyc3ISYJ,0,0.37217017748138737
conf/sigmod/CruzJ99,_oNWunADe8IJ,0,0.33098510882016036
journals/sigmod/CalvaneseGLV03,url:http://portal.acm.org/citation.cfm%3Fid%3D264339,0,0.38174178762414057
conf/sigmod/LiskovACDGGMMS96,q16jyJjAQF4J,0,0.437143759018759
conf/vldb/Pound99,yKYpWEM8WFwJ,0,0.292156274980016
journals/vldb/WangW01,FRXcsV7J4LcJ,0,0.29750992063492065
conf/sigmod/KalnisP01,jQLxc4SjprkJ,0,0.3304359758488199
conf/sigmod/KoudasS97,EQzde0C0Gt8J,0,0.3274691611217452
conf/vldb/WuFSP00,tr_rawv-6SMJ,1,0.6720658367397498
conf/sigmod/Olson95,Ly5-gBP8PQgJ,0,0.27177871148459387
conf/vldb/BassiliadesV95,DFRmWfr16fMJ,0,0.3325793650793651
conf/sigmod/LiVCAHMWBCHIKSS99,FLbdLQQYOAsJ,0,0.3892788592891122
conf/sigmod/SeshadriHPLRSSS96,irFzV8IfYsAJ,0,0.36899015832263593
conf/sigmod/ChaudhuriMN98,Lnp1RVSzInEJ,1,0.8273847515796667
conf/sigmod/LiVCAHMWBCHIKSS99,oZg5zlhFAsMJ,0,0.32191709195008317
journals/vldb/KellerB96,vn5zRo9npDwJ,0,0.3368902760219131
conf/vldb/BliujuteJSS98,gybR2qK1ib8J,1,0.7057596793658175
journals/vldb/FiletoLPAM03,4U-dkcRry6sJ,0,0.3733074977457
conf/sigmod/ChoG00,yUZCropW2lQJ,1,0.7149038414364912
conf/sigmod/GehrkeKS01,gfW2tYeANmAJ,0,0.3442652329749104
journals/tods/SalemGS94,ZNV5NsBuGgQJ,0,0.3589358660130719
journals/sigmod/Liu02c,RMe_PR6sLI0J,0,0.39798534798534796
journals/sigmod/CruzKLSWY02,url:http://portal.acm.org/ft_gateway.cfm%3Fid%3D601882%26type%3Dpdf%26dl%3DGUIDE%26dl%3DACM%26CFID%3D11111111%26CFTOKEN%3D2222222,1,0.9423768371144716
journals/vldb/ShanmugasundaramSBCLPR01,EARXanikXRQJ,0,0.3510536398467433
journals/sigmod/DemersGRTY03,v4twlh2c3TEJ,0,0.31798391605445997
conf/vldb/YagoubFIV00a,g5W1-2iuE1wJ,0,0.2995021645021645
conf/sigmod/FaginKS03,url:http://www.csa.com/partners/viewrecord.php%3Frequester%3Dgs%26collection%3DTRD%26recid%3DN9210445AH,0,0.3986577180760943
conf/sigmod/BraumandlKK99,Lr0Uf11dqAsJ,0,0.361257656890187
conf/sigmod/HellersteinN96,aEyFvEWxMDsJ,0,0.37665058935824675
conf/sigmod/CareyDFHMNSSTTWZ94,url:http://www.xeper.org/maquino/nm/NeutronBomb.pdf,0,0.2856218882817244
journals/sigmod/Cingil02,Jl9Tu1X2rPgJ,0,0.30833333333333335
conf/vldb/PfoserJT00,lX3ffUqDgBcJ,0,0.39954498906111807
conf/vldb/SeshadriLR97,jSAtXghimR0J,1,0.7801470588235295
conf/vldb/Lesk94,bSPNDzm6X0IJ,0,0.3541269841269842
conf/vldb/HammelP02,4eHVZHcQvdMJ,0,0.418749070592484
conf/sigmod/IoannidisL94,JIQ9_NRDbw0J,0,0.3019122383252818
journals/vldb/LandauST95,BxT2JJQ17vsJ,0,0.36930101560398176
journals/sigmod/HansonN99,O5m6UXQ_Xv4J,1,0.629862266285182
journals/sigmod/Huyn01,BuSohUmSLVIJ,0,0.393467096983721
journals/vldb/LiCHH01,L0RvrQHAbfEJ,0,0.26880479566378523
journals/sigmod/Liu01a,pTGys8juGQIJ,0,0.26978174603174604
journals/sigmod/SalgadoE03,uE_EwX6M3DEJ,0,0.3017241379310345
conf/vldb/Hallmark95,url:http://portal.acm.org/ft_gateway.cfm%3Fid%3D1066254%26type%3Dpdf,0,0.29129792129792126
conf/vldb/HardingLM03,url:http://www.ncbi.nlm.nih.gov/entrez/query.fcgi%3Fcmd%3DRetrieve%26db%3DPubMed%26list_uids%3D15654735%26dopt%3DCitation,0,0.3710159086437859
conf/vldb/BaumannDFRW99,PI3LQcCTntgJ,0,0.3171106848536517
conf/sigmod/AcharyaAFZ95,GOguWgH6D_UJ,1,0.750520231213873
conf/vldb/Mohan99,DFWdpeJlLcIJ,0,0.3503727297370562
conf/vldb/CochinwalaB94,url:http://portal.acm.org/ft_gateway.cfm%3Fid%3D353091%26type%3Dpdf%26dl%3Dportal%26dl%3DACM%26CFID%3D11111111%26CFTOKEN%3D2222222,0,0.35866778149386846
conf/sigmod/DeligiannakisR03,v8DXBBqayLgJ,0,0.3316597739178384
conf/vldb/Mattos96,EpBlTCJ0_dUJ,1,0.8583333333333334
conf/vldb/ColletCS94,sZwecq6zUmMJ,1,0.785931324380391
journals/sigmod/EisenbergM01,M2Yt_vy2bMAJ,0,0.4125690131124914
conf/vldb/NetzCBF00,faJ3Wc9vlzEJ,0,0.35828449328449335
conf/sigmod/Kulkarni94,mZStP4-EkvEJ,0,0.4262805041566104
conf/sigmod/ReveszCKLLW00,Su1Zd6hOGJ0J,0,0.3745050356531934
journals/tods/ChoG03,5Zc39oVeWdoJ,0,0.3796238021238021
journals/sigmod/Ozsu02b,OuCaaQrUy4MJ,0,0.137536231884058
conf/sigmod/ZhuSZ03,abo8t1Kw7QsJ,0,0.3369056076536895
journals/sigmod/Bohlen95,puNj-9OqR_4J,0,0.3446930283224401
conf/sigmod/FaloutsosRM94,0uNuGPI_VHsJ,0,0.29754613692866705
journals/tods/BeneventanoBS03,rRH6Z1oP78cJ,1,0.9612903225806453
conf/sigmod/WodtkeWWDM97,XoAeyeaR-yAJ,1,0.6694930069930071
journals/tods/Hellerstein98,q8m4M7OxSSAJ,1,0.9559331797235024
conf/sigmod/ZuzartePMCLW03,PtP7AeMOzFwJ,0,0.3544566311373034
conf/vldb/YagoubFIV00,url:http://www.ingentaconnect.com/content/els/08830355/2001/00000035/00000002/art00015,0,0.3273636363636364
conf/vldb/GehaniJR94,f_Ir3hJ9u4gJ,0,0.3259444246948691
conf/sigmod/BratsbergT00,Q9Pmm0JPbn4J,0,0.2022330097087379
conf/sigmod/GehrkeKS01,KIp3KSU4whsJ,1,0.8157119806373538
journals/sigmod/RiekertMW97,AIs93gkrIHEJ,0,0.318662568306011
conf/vldb/ShanmugasundaramKSFF01,02rQjHqaKVAJ,0,0.340901921928923
journals/sigmod/Liu03c,MUjPprMu4yoJ,0,0.24648322691800956
conf/vldb/Amer-YahiaFSX03,Sf9RVG548AoJ,0,0.2684129661761241
journals/vldb/HjaltasonS02,DGpcY-yXx2AJ,0,0.35172346716464364
journals/vldb/DeWittNSV96,blEz2hrMqE4J,0,0.3127606810629773
conf/vldb/JonscherD94,yv7vyZT9-YEJ,1,0.6303077575131265
conf/vldb/CowleyP00,KGeFsGtIROsJ,1,0.8
conf/sigmod/ChristophidesACS94,zyPPLp7wbQIJ,0,0.3388275206317474
conf/vldb/LakshmananPH02,15Pso-bN_kYJ,0,0.14224664224664224
journals/sigmod/YuenCLL00,4diN7f51n3MJ,0,0.32523352999016714
conf/sigmod/AltinelLKMPLWB02,VV_zvs40oGgJ,0,0.37293529292912336
conf/sigmod/Perna95,c1n2ohCqmyEJ,0,0.3412533068783069
journals/tods/OliverS94,url:http://www.springerlink.com/index/V81679U45NL060T2.pdf,0,0.40704274914848415
journals/vldb/LiCHH01,Tw8-f4saqb0J,1,0.869912559618442
journals/sigmod/SofferMC02,fm44zq-q_okJ,0,0.18333333333333338
journals/tods/Lerner00,3K1EgMzOat4J,0,0.34937854521187856
conf/sigmod/Sarawagi00,OVOdt8_hmUQJ,0,0.3416301169590643
conf/sigmod/ColbyGLMT96,YmeXiAP5en0J,0,0.3681354580818351
conf/vldb/Blum99,kEhVApwrTEwJ,0,0.28347578347578345
journals/tods/KrishnakumarB94,8ZjEDOBUd_QJ,1,0.959504608294931
conf/sigmod/JagadishKS00,k5UQhAo26cIJ,0,0.3697583419332645
journals/vldb/Han98,KpNbW52UUOQJ,0,0.3218945418100777
journals/tods/Subrahmanian94,Qywc8AsElxEJ,0,0.3049950200765419
conf/sigmod/Englert94,NqYUOJSbHo8J,0,0.36168102276885383
conf/sigmod/LangS01,OubIayl1628J,1,0.7819558709264592
journals/tods/LiuM96,7A-enKusDuMJ,0,0.3124431848210983
conf/vldb/ScheuermannSV96,4dbCEDwsluQJ,0,0.39153919143414956
conf/sigmod/BrodskySCE99,43--eOg0hEQJ,0,0.41842185592185593
journals/tods/BohlenJS00,NxYaoolVv64J,0,0.39931888252066705
conf/sigmod/BryanMCLG94,nbU-wr3ivUIJ,1,0.8690981760480474
conf/sigmod/DuSD95,oYyc8WFMZXMJ,0,0.20842063492063492
conf/sigmod/WangWYY02,Aa_pRDb1v8AJ,0,0.24447552113214766
journals/sigmod/BarclayBGS94,3KqnsTuvQ70J,0,0.38383314844838234
conf/sigmod/Galindo-LegariaJ01,BSlaDX5r0HQJ,1,0.9698595848595849
journals/vldb/EvangelidisS97,5dnYlEMQTb0J,1,0.8486766559305421
journals/sigmod/FlorescuLM98,UTq9K8nmtMAJ,0,0.27780170163900203
conf/sigmod/ThaperGIK02,6a1G1MBvuWcJ,1,0.8021971288515407
conf/sigmod/PonnekantiK00,IqOvJUpZJ3sJ,0,0.33169588728842325
journals/sigmod/ElmagarmidJF95,ve7497M3iZkJ,0,0.41226209677419356
conf/vldb/HinneburgLH03,kxGdQhvpi_sJ,0,0.5208216131027191
journals/vldb/LeeW94,7ZvaUzBDAZoJ,0,0.3628431508218399
journals/vldb/ChidlovskiiB00,XiEKS3lB18YJ,0,0.3184722222222222
conf/sigmod/RaoBG96,HO67DT3J4pIJ,0,0.42975566207024013
conf/vldb/Blum99,fDiU6std8e0J,0,0.3772620830396994
journals/sigmod/SonDT96,djxSxLuSnK4J,0,0.3392293972793641
conf/sigmod/KiepuszewskiMO98,c_OjBgD2lhUJ,0,0.3250152625152625
conf/vldb/GyssensL97,63gVuKEubzQJ,1,0.8180882352941177
journals/tods/GunopulosKMSTS03,y5JyKlYjnI4J,1,0.6866740273012628
journals/vldb/RamamurthyDS03,8CCHAKnGJ1EJ,0,0.3243412698412699
conf/sigmod/LabrinidisR00,aYzDfvxin_UJ,0,0.32849460661685237
journals/vldb/AgrawalHK03,url:http://doi.wiley.com/10.1002/ev.1607,0,0.3009627329192547
journals/tods/ScioreSR94,RJt8UiSzDTkJ,1,0.6711355023844503
journals/tods/LakshmananLN03,r-nj017MzRUJ,0,0.39231575198680463
conf/vldb/CandanALPH02,e4YeA3IWjgYJ,0,0.3160319343497249
conf/sigmod/SwamiS94,AhreKqZBuI8J,0,0.3927241560445895
conf/vldb/HankinsP03,UTmEs8_LpSwJ,0,0.31723008385744234
conf/vldb/CochranePM96,tgQCPoTLSoEJ,0,0.3303856136442386
conf/sigmod/ZhouWGGZWXYF03,0rsGkmMuywYJ,0,0.3291547229047229
conf/sigmod/CherniackZ98,pTSgPDQI28gJ,0,0.44524260942675453
conf/sigmod/Rajaraman99,s1rX-mFa6E8J,0,0.37504201279004107
conf/sigmod/VossenW99,jcPhf21_7fIJ,0,0.35043523469994053
conf/vldb/MiningGroup96,auLWF95Kkl8J,0,0.20140845070422533
journals/sigmod/TomasicS97,-MNdDpWC-sgJ,1,0.9944444444444446
conf/sigmod/Stonebraker03,url:http://portal.acm.org/citation.cfm%3Fid%3D226931.226973%26dl%3Dportal%26dl%3DACM%26type%3Dseries%26idx%3DSERIES492%26part%3DProceedings%26WantType%3DProceedings%26title%3DInternational%2520Conference%2520on%2520Digital%2520Libraries%26CFID%3D11111111%26CFTOKEN%3D2222222,0,0.3822866539778304
conf/sigmod/HsuLG00,F0CBypWc7_gJ,0,0.37982456140350873
conf/sigmod/CherniackZ96,myhv6QCcETQJ,0,0.32597164366032294
journals/sigmod/FowlerPNB99,IgAEpc8ulvYJ,1,0.8976851851851853
journals/vldb/DoanMDDH03,h9fo_vdqKw4J,0,0.34226569329238943
journals/tods/CastanoAFP98,tm7SUvdcOHYJ,1,0.7007469272887391
journals/sigmod/Franklin00a,dLRYFH8SLacJ,0,0.30369281045751634
conf/vldb/TaoP02,uKIDBkU8i70J,0,0.26200825157649266
conf/sigmod/Ivinskis95,wccb6iX-TTcJ,0,0.24564612751390674
conf/vldb/LohmanL02,B1kUhR62XAMJ,0,0.2946444332366662
journals/vldb/PottingerH01,1fKcOU28PAEJ,0,0.37829447877040956
conf/vldb/BohannonFHRRS02,vx5OpEuPg7kJ,0,0.3762310606060606
conf/sigmod/NgLK98,geGdpRDdg_wJ,0,0.34706606575493854
journals/sigmod/NascimentoM99,79HYceK2aEUJ,0,0.22500000000000003
conf/vldb/CasatiS00,F698Utt_Ig8J,0,0.38922288949638306
conf/sigmod/CeriFPP95,F1ZEZXK-gtQJ,0,0.3829795398161505
conf/sigmod/ShashaB02a,url:http://portal.acm.org/citation.cfm%3Fid%3D564691.564798%26dl%3DGUIDE%26dl%3DACM%26type%3Dseries%26idx%3D564691%26part%3DProceedings%26WantType%3DProceedings%26title%3DInternational%2520Conference%2520on%2520Management%2520of%2520Data%2520and%2520Symposium%2520on%2520Principles%2520of%2520Database%2520Systems%26CFID%3D11111111%26CFTOKEN%3D2222222,1,0.9086206896551725
conf/sigmod/NguyenS96,Ut-1Et8rFHcJ,0,0.27424242424242423
conf/vldb/CareyHMW96,gU2kVSTjXx0J,0,0.33055020315082234
conf/sigmod/KotidisR98,CpHJwU8o-BkJ,1,0.9957142857142858
conf/vldb/AnandBH94,F7ZKDH6q4qkJ,0,0.34120490620490623
conf/vldb/KoudasMJ99,b1iRHeyN1A0J,0,0.3552547911922912
journals/sigmod/AtkinsonDJPS96,eeg_r7wxTe8J,0,0.276107179667475
journals/sigmod/TatarinovIMHSDDKMM03,fbI8_vAua44J,0,0.32296374639966713
conf/vldb/Keogh02,NT8r8vhI5ywJ,0,0.3453634085213033
conf/sigmod/HellersteinA00,6vZT6Pc38uQJ,0,0.42013748352458036
conf/vldb/LeeL96,tuVp_18tFv8J,1,0.9733333333333334
journals/sigmod/HasanFV96,m2CCumFeAWgJ,1,0.9944444444444446
conf/sigmod/Toyama98,h4OQc4N4kjIJ,1,0.9957142857142858
conf/sigmod/MiloAABN03,url:http://doi.wiley.com/10.1002/he.10605,0,0.4065235568065757
journals/tods/WijesekeraJPH03,fyIXUigL7f4J,0,0.4099993701184177
conf/sigmod/GrayHOS96,jH3KeKroDfQJ,1,0.6580123109534874
conf/sigmod/GodfreySE98,1zEQitXYBGsJ,0,0.3528037123433543
conf/vldb/MengLYWCR98,SEnrzIT9DWMJ,0,0.3166910331384016
journals/sigmod/Jhingran00,ZSo2wuwr9goJ,0,0.41668780565839386
conf/vldb/CormodeKMS03,J985Fyevz2oJ,0,0.33178433345742786
conf/vldb/Chiueh94,_YFIPoyVC3UJ,1,0.6843974690825424
conf/sigmod/PapadopoulosM98,s08GILBjc48J,0,0.347225935828877
conf/sigmod/Sarawagi00,-cYYeoF2GwMJ,1,0.842094017094017
journals/sigmod/Snodgrass02,url:http://www.csa.com/partners/viewrecord.php%3Frequester%3Dgs%26collection%3DTRD%26recid%3D200163028700CE,0,0.3575252525252526
conf/sigmod/RajagopalanML98,N0FvbyDrODsJ,0,0.2947691197691198
conf/sigmod/SismanisDRK02,jrg7Yq318_8J,0,0.3516384572573871
conf/sigmod/TsueiPK97,By-zZ14p7kAJ,0,0.3618469869697079
journals/sigmod/JajodiaBBKMSW97,JuKBWdantQEJ,0,0.4511394660894661
conf/vldb/NaumannLF99,ck5DpjXKhvEJ,0,0.35280412224947033
journals/sigmod/LudwigG00,T7hbL2VkOhsJ,1,0.5244075829383887
conf/vldb/RamakrishnanGRSWZ95,85DKCQJrYPUJ,0,0.35695993610133314
journals/tods/KossmannFDA00,FOYb_Kd8j8sJ,0,0.3917054638407613
conf/sigmod/BrodskySCE99,lO9Th1OZjXgJ,0,0.3655137136626878
journals/tods/Hellerstein98,zp--hf4KJMAJ,1,0.7520787545787547
journals/tods/KorthS94,oSRGoXIq0WUJ,0,0.37586993530813756
conf/sigmod/French95,26rpzRCiKl0J,0,0.3604412594742783
conf/sigmod/WoelkBJOTU95,TDIVG8_n_esJ,1,0.66350564346254
journals/sigmod/LacroixB03,3yyI2bZ9eM8J,0,0.21706652126499454
conf/sigmod/Greer99,R4GBIfrB0C4J,0,0.29834174834174837
journals/sigmod/Aberer02a,Z5bPVGNAhFwJ,0,0.408701814058957
journals/sigmod/BargaL02,fY3kkkzBLw8J,1,0.8000000000000002
journals/sigmod/ButtlerCCFHLPRX02,IdJMG6VH5eUJ,0,0.33461934156378603
conf/sigmod/Norrie95,Pe06n3V_uwgJ,0,0.21719409282700425
conf/vldb/GarofalakisG02,ImADir74KWIJ,1,0.45396825396825397
conf/vldb/MehtaD95,7c5g0Tl1lO0J,1,0.778056804930868
conf/vldb/ChakrabartiDAR97,q6HzkO_NL1kJ,0,0.3346437395167505
conf/vldb/SeegerBBKSDS01,mfn4FAGlIGYJ,0,0.33112265185794604
journals/tods/Snodgrass01a,hWDeszqmohcJ,0,0.09666666666666666
journals/tods/LiuM96,qf4764Q6M6YJ,0,0.4549099441166735
journals/sigmod/BestavrosLS96,0iE5wxvTLhkJ,0,0.23121019108280258
journals/sigmod/Snodgrass00c,NYfBrUWl0XYJ,0,0.17200342465753427
journals/sigmod/BargaL02,6UP76U_9zwcJ,0,0.36349350649350654
conf/sigmod/RinfretOO01,gssTAyHotSwJ,0,0.305840060175191
conf/vldb/ChungCLL01,mJiDvbtTKWoJ,1,0.8466562173458726
conf/vldb/TorloneA03,KdvuR5LDnWEJ,0,0.39937969924812033
conf/sigmod/GillmannWW02,url:http://portal.acm.org/ft_gateway.cfm%3Fid%3D130318%26type%3Dpdf%26dl%3Dportal%26dl%3DACM%26CFID%3D11111111%26CFTOKEN%3D2222222,0,0.2746503496503497
conf/sigmod/PangCL94,PtSCIrMzG2QJ,0,0.4228986291486292
journals/sigmod/TheodoridisN00,xXZFLbLh_OoJ,0,0.32324188073162086
conf/sigmod/ShivakumarG97,bMvPzgFDYDEJ,0,0.3556908608632747
conf/vldb/CeriCW00,U2cGwItMhxkJ,0,0.2655318852687274
conf/vldb/SteenhagenABB94,Xr2RguUzt-gJ,1,0.8452898550724639
journals/sigmod/Snodgrass03,m-l6e98xxOsJ,1,0.9881944444444446
conf/sigmod/CranorJSS03,url:http://www.csa.com/partners/viewrecord.php%3Frequester%3Dgs%26collection%3DTRD%26recid%3D8810G2C0231EC,0,0.40842444733555744
conf/sigmod/Blakeley94,Pka5Bod-rr4J,0,0.3433333333333334
conf/vldb/YiF00,_3_Ey7EseRIJ,0,0.3319073377133055
conf/vldb/GohOST99,WWL1iUr35_gJ,0,0.34247557997558004
conf/vldb/GalanisWJD03,rExMc2seZ1oJ,0,0.3269990855517172
journals/vldb/KrivokapicKG99,8_Z3zDeJ7zUJ,0,0.28805256869773
journals/tods/KemmeA00,wiUPadLpCvoJ,1,0.9612903225806453
conf/vldb/LeeL99,t_pDGSCDvi0J,0,0.3452319321000926
journals/sigmod/Alonso94b,kQs7JgLd-LgJ,0,0.21250000000000002
conf/vldb/AgarwalADGNRS96,VvZfyQsZuNUJ,0,0.3199917369500798
conf/vldb/ZengBNN01,9ZKOoYbAsK0J,0,0.3314464464464465
conf/vldb/MedianoCD94,qwjRkZuiMHsJ,1,0.7863768115942029
journals/sigmod/Snodgrass00a,b-TrrvylSwgJ,0,0.1609756097560976
conf/vldb/EleftheriouBCDHLPPABDDDGJHLRSVW03,url:http://portal.acm.org/ft_gateway.cfm%3Fid%3D1066305%26type%3Dpdf,0,0.3804497847601297
conf/vldb/Hallmark95,BURoZdAQJUgJ,0,0.2614189886480909
conf/vldb/Norvag99,AWGtiQgXS7QJ,0,0.42514316669246244
journals/vldb/LeeSC01,OD8VOjLSeOwJ,0,0.35281185223045697
conf/sigmod/Colliat03,32nSpgG-mAEJ,0,0.33254338254338256
journals/sigmod/HummerLW02,LXBD37k5_ZIJ,0,0.3647799677222246
journals/vldb/AlbanoGO95,-wtySVIu85gJ,0,0.3568960003244451
conf/sigmod/BohrerBBCFHKKMNRRSUUW97,wF2-sxlGAu4J,1,0.6362190180037872
journals/vldb/ChenHY97,b8PRH9ZqE7gJ,0,0.30463103401059605
journals/vldb/DerrMP94,a-QMCFr5yJYJ,1,0.8718243243243244
conf/sigmod/GoldsteinL01,M3ZToQgSumQJ,0,0.37700426620407157
conf/vldb/GeorgeH98,X7-5eknQc2cJ,0,0.3696929271856466
conf/sigmod/NatsevRS99,OtJVavxuuYgJ,1,0.8518115942028985
conf/vldb/PatonG01,_EaTs8FjKq4J,0,0.23452380952380952
conf/vldb/WangZ00,z9Q7IrEBq0kJ,0,0.349942408657452
journals/sigmod/Gaffney96,HqvXeE62sKAJ,0,0.2737281237281237
conf/sigmod/Shasha97,9p-s66gxuVMJ,0,0.19022556390977444
conf/vldb/KilgerM94,i3FS2XZ9QiEJ,0,0.3079740454740455
conf/sigmod/JoshiA01,url:http://www.ingentaconnect.com/search/expand%3Fpub%3Dinfobike://els/09505849/2002/00000044/00000005/art00212%26unc%3D,0,0.3096593291404612
journals/sigmod/LabrinidisR00,TNzmiKSz6gkJ,0,0.35848997493734336
conf/vldb/DaynesC02,GTQzAvFi9sMJ,0,0.3533657287958066
conf/sigmod/UrhanFA98,-hpeazVPiEcJ,0,0.3349900768941865
journals/vldb/Sciore94,qHn6nrbVow8J,1,0.8743243243243244
journals/sigmod/Fong95,zw3-t-veNvAJ,1,0.9944444444444446
conf/sigmod/CruzALRZ97,I0Kfdt6sh0gJ,0,0.3986792391375155
journals/vldb/CasatiSG01,SB6sAQJF0tIJ,0,0.2936554621848739
conf/sigmod/BrunoC02,zho9LeqMcPwJ,0,0.42162768031189085
conf/vldb/GuptaM96,url:http://ieeexplore.ieee.org/iel5/69/28801/01294890.pdf%3Farnumber%3D1294890,0,0.36555905695611585
journals/tods/GhandeharizadehHJ96,url:http://www.csa.com/partners/viewrecord.php%3Frequester%3Dgs%26collection%3DTRD%26recid%3D0252444CI,1,0.853084232173468
conf/sigmod/ShouCTRH01,id3rk1JgWx0J,0,0.2920918367346939
journals/tods/IoannidisR95,TdlwkU1Ve8oJ,0,0.41596861079647496
conf/vldb/PedersenJD99,f5nVogarz5kJ,0,0.32423072303129713
conf/vldb/KaushikBNS02,5Q4Z6kBy8CIJ,0,0.3005233053491828
conf/vldb/LaudBCSR02,9JBTXN0K8mMJ,0,0.37419469928644244
conf/vldb/Schoning03,DnZ5LXvd5msJ,0,0.40630952380952384
conf/sigmod/ZhugeGHW95,i5hXW10g_SEJ,0,0.39204933169345874
journals/sigmod/Etzion99,HcM3_wLK-68J,0,0.2341911764705882
conf/sigmod/CatarciS94,S5BOgCjUN1YJ,0,0.34815035273368605
conf/vldb/TanSHCR01,WyO05L2cYZMJ,0,0.27322204968944097
conf/sigmod/ColeG94,z_W8jZ203sUJ,1,0.8948339249492901
conf/sigmod/ArefBV95,ht_8Iq3SZ80J,1,0.9015499825844655
conf/vldb/TengCY03,nN7rlY8WDWMJ,0,0.35352272727272727
conf/sigmod/GeneserethKD97,6wMj9nF8h_4J,0,0.509087223406109
journals/sigmod/BergamaschiCV99,f1I20e6WawoJ,0,0.47278341450216455
conf/vldb/JarkeKL00,SxB3ebJZNwAJ,0,0.3386208669514317
journals/sigmod/Snodgrass98b,tC36qxRB808J,0,0.11785714285714287
conf/vldb/ShanmugasundaramGTZDN99,GIlUG9H3gUUJ,1,0.9544270833333334
conf/vldb/FankhauserGLMT98,OuSviWucHDgJ,0,0.3165969011744238
conf/sigmod/GoyalHKMS96,s3CWa_4OiW0J,0,0.39044063020335495
journals/sigmod/GroskySF02,zpt7Qbaf9EwJ,0,0.4317859255613719
journals/sigmod/Wedekind94,GzK2N5eQ0pQJ,0,0.34297491039426525
conf/sigmod/AndersonBKW98,H6eMdbXATmkJ,1,0.7682795414462082
conf/vldb/FlorescuKLP97,oMzy4NGM3owJ,0,0.3488798575586608
journals/vldb/Halevy02,TU0AzBLoE-YJ,0,0.35
conf/sigmod/Ramakrishnan00,aHpKrjJEJk4J,1,0.8621418164157358
conf/sigmod/AgrawalS00,r6zr-jU-7UYJ,0,0.2585605353252412
journals/sigmod/JenningsNF98,1oOnwk_QKfAJ,0,0.37945244495647723
conf/sigmod/HellersteinHW97,hpkD8AsRxfoJ,0,0.2922413793103449
conf/sigmod/ZuzartePMCLW03,e3Vg4ctGVlgJ,0,0.35791530838969166
conf/vldb/LuL00,spD21BlGuoQJ,0,0.289508421685841
journals/sigmod/Gaffney96,29xBC5ZbtXsJ,0,0.27324561403508774
conf/vldb/CohenMKS03,6Nmkc7fjaoEJ,0,0.3379652629445632
conf/vldb/LubbersGJ03,akbuJO2CAEEJ,0,0.3564190981432361
conf/vldb/Mohan01,ZWHcnA2llzkJ,0,0.38242820324005894
conf/vldb/AggarwalHWY03,fzuFVP5MwGoJ,0,0.3713520774641318
conf/vldb/JosifovskiR99,rR9r4Kuzq-4J,1,0.8551541425818883
conf/sigmod/WangZS95,iE9zTEef684J,0,0.3459373905562971
journals/tods/Suciu02,O73dzlUgcU4J,0,0.34161836431752324
journals/sigmod/Gal99,AYqgaR3tudgJ,0,0.30876488095238097
conf/vldb/DongHLPW01,HWylSJiWUsgJ,1,0.9190810981133563
conf/sigmod/Mohan01,-zoMWQ6U5acJ,0,0.3979096291453271
journals/vldb/FernandezFLS00,url:http://ieeexplore.ieee.org/xpl/abs_free.jsp%3FarNumber%3D1324635,0,0.3545910493827161
conf/sigmod/BohrerBBCFHKKMNRRSUUW97,bGdFoA4L9QIJ,0,0.3955758897832069
conf/sigmod/BerchtoldBK98,vrlNTuVexE4J,1,0.7839867659222498
conf/vldb/MengLYWCR98,8nbZx7j7RAUJ,1,0.73239522417154
journals/sigmod/PalpanasPKG03,WC8dLZh2tyQJ,0,0.36833691616442205
conf/sigmod/KornJF97,6F2UHbg25sQJ,0,0.3666182577781099
conf/sigmod/NguyenACP01,4ybziDmXGzsJ,0,0.31150074990626175
conf/vldb/BalminHKPSW03,dLIeb9vHMRYJ,0,0.28646246586282775
journals/sigmod/LacroixB03,T4p7tzuWDx4J,0,0.22709677419354843
conf/sigmod/SeidlK98,_U5jMwBRCBEJ,0,0.33133986928104575
conf/sigmod/BressanGOT00,url:http://www.ingentaconnect.com/search/expand%3Fpub%3Dinfobike://els/09505849/1999/00000041/00000007/art00004%26unc%3D,0,0.43068934984439494
conf/vldb/OzsoyogluAAOUO02,6tNpDgVLh_8J,0,0.31009333662005417
journals/vldb/LeeSC01,2blgpit7inEJ,0,0.2826100529100529
conf/sigmod/HungYK96,yQvkh7nN2IQJ,0,0.2730416298261126
journals/vldb/StonebrakerALPSSSY96,url:http://www.csa.com/partners/viewrecord.php%3Frequester%3Dgs%26collection%3DTRD%26recid%3DA7340049AH,0,0.2978835333687859
conf/sigmod/HanKK97,-X-ZldO8A7kJ,1,0.7530020703933747
