ltable_id,rtable_id,label
journals/sigmod/Hoffner03,gKaRZaqoHm0J,0
conf/sigmod/SeshadriHPLRSSS96,sVCekk7gaMkJ,0
conf/vldb/ChakrabartiDAR97,DzbsN_MJM5gJ,0
conf/vldb/PedersenJD00,gpGxGr8QZukJ,0
journals/sigmod/TanK03,qIzj09N-Qr8J,1
conf/sigmod/SagonasSW94a,b7DQ6iIEV-gJ,0
conf/sigmod/LiVCAHMWBCHIKSS99,Mrx0auCcmUUJ,0
journals/sigmod/VenkatraoP95,qk3LVAuS2SUJ,1
conf/vldb/WaasCB01,o1iRlfhQe-oJ,0
conf/sigmod/DogacAEOADAOS94,GNXCZ0fu8vsJ,0
conf/sigmod/IpeirotisGS01,url:http://portal.acm.org/ft_gateway.cfm%3Fid%3D1083602%26type%3Dpdf,0
journals/sigmod/FlorescuLM98,GfRmtB2qhgYJ,0
conf/vldb/Klots96,5bsmOwr6zjIJ,0
conf/sigmod/ImielinskiVB94,7qv9IC8F_WQJ,1
journals/vldb/AtzeniM00,url:http://doi.wiley.com/10.1002/tl.7906,0
conf/sigmod/YangYW00,htSfT55tL3QJ,0
conf/sigmod/BorkarDS01,2yYwCQl-GBUJ,0
conf/vldb/BohlenSS96,nLtVSbuB7HYJ,0
conf/sigmod/BohannonMR01,KBtcQ9Wh3G4J,0
conf/vldb/LahiriSCMC01,Ec_jvWFIhggJ,0
conf/sigmod/Mohan96,C-yzbvoAg00J,1
journals/sigmod/Roussopoulos98,Uai7mRS_HQwJ,0
journals/sigmod/LaenderRST02,Od2CsU0ZqkgJ,0
journals/sigmod/ConradEHRSSSV97,zJCsqgMH5bUJ,1
conf/vldb/SrinivasanDFCJYKTDB00,-y6ntUlGouEJ,0
journals/sigmod/Franklin00b,LKpXHB78DY4J,0
conf/sigmod/HanFWCZK96,g9tnQvRyVX4J,0
conf/sigmod/LakhamrajuRSS00,1U2sCmJFBjUJ,0
conf/vldb/MargaritisFT01,LBwSSNaO7ggJ,0
conf/vldb/DeenJNNW00,5uZHo1MhJmEJ,0
conf/vldb/AnciauxBBPV01,5Q4Z6kBy8CIJ,0
journals/tods/SalemGS94,rm1zlNg-SMsJ,0
journals/tods/ZaharioudakisCF97,xl1Jscb79KEJ,0
conf/sigmod/Rosenthal01,url:http://portal.acm.org/citation.cfm%3Fid%3D375796,1
conf/vldb/Meier95,-ypu5B-7y9YJ,0
conf/sigmod/Keim99,du24TDljY84J,0
journals/sigmod/GrayG97,vNqMD9z2FicJ,1
journals/sigmod/Snodgrass94,rugPxuOyoV0J,0
journals/sigmod/Jarke95,Uu5oTUFVW6sJ,0
conf/sigmod/2003,PMYJqNEwetwJ,0
journals/vldb/HarrisR96,oSU478MZlQMJ,0
journals/vldb/DoanMDDH03,-PsgeiuPJOEJ,0
conf/sigmod/Greer99,4IqQJeythzkJ,0
conf/vldb/Toivonen96,WoV0-0k_NOUJ,0
conf/vldb/DeutschT03,gIMus2K4DkEJ,0
journals/sigmod/AndersonS94,JnDzZUKiCwkJ,0
conf/vldb/BrodieC99,QQWLPnFe2aIJ,0
conf/sigmod/HsiaoCY94,sE-N0LUARJcJ,0
conf/vldb/GuptaHQ95,url:http://portal.acm.org/ft_gateway.cfm%3Fid%3D1101355%26type%3Dpdf,0
conf/vldb/Hallmark95,VSR4PwHmGWsJ,0
journals/tods/LakshmananSS01,pNwYiA04cVAJ,0
journals/sigmod/Winslett02b,8R9IxVj6qIYJ,0
journals/vldb/LeeW94,DBscwwbTbH8J,0
conf/sigmod/CareyDNAGS97,GmUD1o-uPvYJ,1
journals/vldb/RamamurthyDS03,lojHMj5xWEwJ,0
conf/vldb/AbiteboulABBNM03,yPgAAEgIqG8J,0
conf/vldb/MohanBWSZ00,Ro0mbGz4sVEJ,0
conf/vldb/Celis96,ueZHZGp9BREJ,0
conf/vldb/ShanmugasundaramGTZDN99,wd9dp08MveIJ,1
conf/vldb/Raghavan96,W9vVce8PLi0J,0
journals/vldb/BalkirO98,ZMLloRv-swQJ,0
journals/tods/BertinoBFS98,5Zpm_QmAfv4J,1
conf/sigmod/GarofalakisGR02,BJBeZ446Yc0J,0
conf/sigmod/Miller98,_ExuZq1BkEkJ,1
conf/sigmod/PaparizosACJLNPSWWY03,9DodgncDmegJ,0
conf/sigmod/Englert94,3Sbiyrl-o74J,0
journals/sigmod/RosenthalSMBTL95,gGt28Hlx1doJ,0
journals/tods/GunopulosKMSTS03,5cAIVZJShAEJ,1
journals/sigmod/Loeffen94,TzvonruJAnEJ,0
conf/sigmod/IlyasRLGL03,a_25LMI64wMJ,0
journals/tods/GuoSW96,j4kSdzwwb4QJ,0
conf/vldb/Mattos03,HABVC8QXpu8J,0
journals/vldb/Ozsu03,url:http://portal.acm.org/ft_gateway.cfm%3Fid%3D61736%26type%3Dpdf%26coll%3DGUIDE%26dl%3DACM%26CFID%3D11111111%26CFTOKEN%3D2222222,0
conf/vldb/HsuLOMTX02,mQeuLdJoQpsJ,0
conf/vldb/ChaHKK01,lW_0wZmDIaIJ,0
conf/vldb/AbiteboulMRVW98,NDtQEQpZDaMJ,0
conf/vldb/AggarwalHWY03,-ky1QbDlqdUJ,0
journals/vldb/NanopoulosM02,Og3OyCFeNyYJ,0
journals/sigmod/Snodgrass97a,9wnPH2ovRSAJ,0
conf/vldb/RothS97,1fQr1rJ4yCwJ,1
journals/sigmod/Winslett02c,fDA9tvWwcucJ,0
journals/vldb/PacittiS00,url:http://www.blackwell-synergy.com/doi/abs/10.1111/j.1478-0542.0066,0
conf/vldb/OrensteinK95,2aMnUkPpN6IJ,0
journals/sigmod/Winslett03b,7FpXYOf3poEJ,0
conf/sigmod/GuptaS03,FItXsWLw4FwJ,0
conf/vldb/WhiteheadSM97,fbkXSuupLnsJ,0
conf/sigmod/AgrawalS00,3YjSxkMfaVMJ,0
conf/vldb/KochBG03,h7LIBh6_jkgJ,0
conf/vldb/AmirKN01,KoFGsx1CWqcJ,0
conf/sigmod/HsiaoCY94,twWSI6qRVc8J,0
conf/sigmod/DreyerDS95,Vo0SqS-rk90J,0
conf/sigmod/AgichteinG03,A1QewRK5DHUJ,0
journals/sigmod/Widom94,Fv8J1JPgLCAJ,0
conf/sigmod/ChaudhuriN98a,AiXOfJPvvpUJ,1
conf/sigmod/FernandezS96,JxRYO1iUd5gJ,0
journals/sigmod/MusickM98,LS_7wR3wSyYJ,0
journals/sigmod/AshishK97,url:http://www.springerlink.com/index/KWQ9JN162N701TK0.pdf,0
conf/vldb/DagevilleZ02,2R6A5QJmMPYJ,0
journals/vldb/LometS97,qjLiaKLJ6eQJ,1
conf/sigmod/LakhamrajuRSS00,WeKVEdkOuDIJ,0
conf/sigmod/KiepuszewskiMO98,909hLNR8130J,1
journals/vldb/GibsonKR00,v821T7BdGbMJ,0
journals/vldb/MirbelPSTV00,N_Wq4cYNMVoJ,0
journals/vldb/BerchtoldKK97,z2xgaw3ocMQJ,0
conf/vldb/SakuraiYUK00,vSn5zY_DFgAJ,0
journals/sigmod/NgH95,url:http://portal.acm.org/citation.cfm%3Fid%3D202660.202665%26dl%3DGUIDE%26dl%3DACM%26idx%3DJ689%26part%3Dperiodical%26WantType%3Dperiodical%26title%3DACM%2520SIGMOD%2520Record%26CFID%3D11111111%26CFTOKEN%3D2222222,1
conf/sigmod/Miller98,FEnoIcB6GwsJ,0
journals/sigmod/BarbaraBFLS94,VBdp5AjK0uMJ,0
conf/vldb/BasuFP00,8yhbBSPKZEoJ,0
conf/vldb/DeRose99,7Hxdf7NATvwJ,0
conf/sigmod/WhiteD95,ausBgcwV71YJ,0
conf/vldb/SrivastavaDJL96,WvvY_Ao19mAJ,1
conf/vldb/GoldmanW97,pYZ5kRRqF7QJ,0
conf/sigmod/LazaridisM01,tAY5gUKDg_AJ,0
journals/vldb/DeWittNSV96,dorfEJGVRS4J,0
conf/vldb/ViglasNB03,ky9PftlkgtEJ,0
conf/vldb/DaynesC02,JOvIykKpkTMJ,0
journals/sigmod/HanBP01,4jZomCSrpqsJ,0
conf/sigmod/BerensonBGMOO95,gWmqoNZHKAAJ,1
conf/sigmod/ShenoyHSBBS00,VITnhNMyeB8J,0
conf/vldb/BlottKS98,fZIvgPolCnwJ,0
journals/sigmod/HaritsaS96,jX4DIQ1z8m4J,0
conf/sigmod/BergstraesserBPS99,6voa0trjEioJ,0
journals/vldb/Baumann94,Z8F2ViRC0A4J,0
conf/vldb/HelalL00,TWeLEMduFEMJ,0
conf/sigmod/HanPDW01,Cmq7lkkXNt4J,0
journals/vldb/HelmerM03,VDIIQiK-F6UJ,0
conf/sigmod/RamanH02,5e9ggCfUY14J,0
conf/sigmod/ZhangNBB94,5CXqtAkGk6IJ,0
journals/sigmod/WeikumSR03,ErQ1S72DTiAJ,0
conf/sigmod/VingralekBW94,5J8lmLowj-AJ,0
conf/vldb/PottingerL00,GfBVmhLzA1MJ,0
journals/sigmod/Vassilakis00,e0j-56kaeR4J,1
journals/sigmod/Winslett03,hNx9EEtRqz0J,0
conf/vldb/KemmeA00,acnzsOLHFywJ,0
conf/vldb/LakshmananSS99,hcYKj7CHbWYJ,0
conf/sigmod/LeeWMS01,L3CPzshG7tEJ,0
journals/sigmod/LeveneP02,650ZrCZZevwJ,0
conf/sigmod/RoySSB00,OcqnRp-Xz70J,1
conf/vldb/KriegelPS00,VSQ0v1UlIvoJ,1
conf/vldb/Cluet03,R_asJ_ENMMcJ,0
conf/vldb/LiuLBHTS03,-8erEWRf6CIJ,0
conf/sigmod/ChaudhuriDY95,0LRr6nTypA4J,1
conf/vldb/CabreraRH95,HxQoc9PkFOMJ,0
conf/vldb/ImielinskiB02,TKQmjAJ40_cJ,0
conf/vldb/CabreraRH95,x3WHLHvq-SEJ,1
conf/vldb/BarjaPFWD94,url:http://portal.acm.org/ft_gateway.cfm%3Fid%3D1066307%26type%3Dpdf,0
journals/sigmod/Camps96,z1kjT6kXg9YJ,0
conf/sigmod/HungYK96,3gpc7dPy-ucJ,1
conf/vldb/MatthesS94,-Gp4FgeOVUwJ,0
conf/vldb/NishioSTTL01,E4y44MNUvK8J,0
conf/vldb/CiliaHB02,KbkYtYLFMCgJ,0
journals/sigmod/PuSW01,k1xp9Ajm8ZQJ,0
conf/vldb/MankuM02,dkoIJqatfrsJ,1
conf/vldb/OzsuLON01,MYNGzJDjOQQJ,0
journals/sigmod/Franklin99,wK1kqfXd60gJ,0
journals/vldb/SinghalS97,3fO2448hZgwJ,1
conf/vldb/GarofalakisRS99,WB6WVZwLgD4J,0
journals/sigmod/Suciu97,96hV28d5xpAJ,0
conf/sigmod/BettiniWBJ95,b0jcvGA7UZoJ,0
conf/sigmod/BraumandlKK99,ywe7qzk4E5MJ,1
conf/vldb/CosleyLP02,6qrZtkTR24wJ,0
journals/sigmod/ClementiniF00,ipzkzXB-LcEJ,0
journals/sigmod/Fagin02,gpvMOyqksdsJ,1
conf/sigmod/FernandezFKLS98,W3H34LBUMtoJ,1
conf/sigmod/CareyCNVDRSM99,1u7ga8IPws0J,0
conf/sigmod/WangSSZZW00,-b8nLb2nKPIJ,0
journals/sigmod/JukicV97,8NqsyPga09IJ,0
conf/vldb/ChanFFGR02,url:http://www.csa.com/partners/viewrecord.php%3Frequester%3Dgs%26collection%3DTRD%26recid%3DN9210389AH,0
conf/vldb/DayalHL01,JOESyIpWzzIJ,0
journals/tods/SrivastavaSRN95,AGHRDe4vKaEJ,0
conf/vldb/HelmerNM03,B7POLZ5jk90J,0
conf/vldb/LempelM02,aVhWognitAQJ,0
conf/sigmod/CareyCNVDRSM99,cUKc0xLDIl0J,0
journals/tods/BeneventanoBS03,4n-S1zGd8fMJ,0
journals/sigmod/Hainaut03,url:http://portal.acm.org/ft_gateway.cfm%3Fid%3D959087%26type%3Dpdf%26coll%3DGUIDE%26dl%3DACM%26CFID%3D11111111%26CFTOKEN%3D2222222,1
conf/sigmod/WoelkBJOTU95,TL3EepXLn0sJ,0
conf/sigmod/IoannidisL94,tlMh5YcnWBkJ,0
conf/vldb/TsatalosSI94,BdsMGw6NLiAJ,0
journals/vldb/C95c,rRFiy6fpXmUJ,0
journals/sigmod/WestmannKHM00,1-J0Gtb37NQJ,0
conf/vldb/OrensteinK95,18PBIoT9eT4J,0
conf/vldb/VassalosP97,zmYz3dh0e-AJ,0
journals/tods/FormicaGM98,wYo6XpSQEYkJ,0
journals/tods/MayL02,5SjS94w5n-gJ,0
conf/vldb/ShanmugasundaramKSFF01,IiyNZuKEI40J,0
conf/vldb/TamuraK99,w2W3fqz4M7IJ,1
conf/sigmod/Whelan98,GJuX3DWO5lcJ,0
journals/sigmod/KuokFW98,qyXhN3CrVQ8J,1
conf/vldb/AgarwalADGNRS96,8qoREVtL6ooJ,0
journals/vldb/NgS98,OiJ1CMNx9icJ,0
conf/vldb/Brodie03,ON8S9VgeZHMJ,0
conf/sigmod/NybergBCGL94,kd-0q-M1O2gJ,1
journals/vldb/BerchtoldKK97,rvdyEFAiAewJ,0
conf/vldb/ShengBDM02,Q7s0qKBrWL8J,0
conf/sigmod/BrinDG95,JhPPFNFWJ1UJ,0
journals/sigmod/DunhamH95a,CiumYR8Q4WcJ,1
journals/vldb/C94c,12C0mk7WzpoJ,0
conf/vldb/Malaika96,goq6Z9bDeSsJ,0
conf/vldb/CarinoO98,iaOLRaqTWmEJ,1
journals/vldb/ManegoldBK00,dWpRSS0UJYAJ,0
journals/sigmod/YeungHL94,z_W8jZ203sUJ,0
journals/sigmod/EisenbergM99,OyHTvBkEafEJ,0
journals/tods/ChoG03,IFUNBvhyU5IJ,0
conf/vldb/RastogiS98,gNSRjezd168J,1
journals/tods/CasatiCPP99,NXex-Le6lS4J,0
journals/sigmod/Snodgrass03c,DiKbVN_0qzAJ,0
journals/sigmod/Snodgrass01,L9HFMK1DTDAJ,0
conf/sigmod/Blakeley94,ckKUfccnbcEJ,0
journals/sigmod/ConradHHKRSS99,FJgqsdBgCX0J,0
conf/sigmod/CareyDNAGS97,iurxdvB6oLAJ,0
conf/vldb/Gentili01,2j1dalv3kCEJ,1
journals/vldb/FengYLH02,url:http://portal.acm.org/ft_gateway.cfm%3Fid%3D1101289%26type%3Dpdf,0
conf/vldb/GalhardasFSSS01,pnb4l-T-4GEJ,0
conf/sigmod/MoonSL00,HbrsuuNPd1QJ,0
conf/vldb/WangC03,G8ziA8qeVtkJ,0
conf/sigmod/AcharyaFZ97,xUEgGJBol6cJ,0
journals/sigmod/KokkotosIPS95,TBpUh_1cro4J,0
journals/sigmod/Suciu97,l3FaWUlkCAEJ,0
conf/vldb/ShashaB02,3HUnvGuXtZEJ,1
conf/sigmod/LuoKMPWLN02,27lnH5DU2MsJ,0
conf/vldb/MeccaCM01,VzPtjH-rxf8J,0
journals/sigmod/Roussopoulos98,uIe7Hx9mIfoJ,0
journals/sigmod/Kim99,1Keer7MOS54J,0
conf/vldb/YuAA03,dppjBzPuNuUJ,0
conf/sigmod/LometT03,oqrwIShrBH8J,0
journals/tods/Snodgrass01a,j9Stb5pC7BQJ,0
conf/sigmod/CohenM03,FbKAi2JL8l0J,0
journals/tods/TaoPZ02,Z15RBb_LNBgJ,0
conf/sigmod/KemperKM98,Qqjl7fkB_pMJ,0
conf/sigmod/OoiTZGLLLNSWZ03,xTLTpTj_ViAJ,0
conf/vldb/BouganimFV96,url:http://www.csa.com/partners/viewrecord.php%3Frequester%3Dgs%26collection%3DTRD%26recid%3DA8622962AH,0
conf/vldb/ShanmugasundaramGTZDN99,JqfEbjic16sJ,1
conf/sigmod/ChoG00,r3VRcWg8-A0J,0
conf/sigmod/FaloutsosRM94,R4fVVmv_YvoJ,1
conf/sigmod/TatarinovIHW01,NI8ejmGX3fsJ,0
conf/vldb/ChakravarthyKAK94,ZPoFYhxgaTMJ,1
conf/vldb/Kornacker99,jtINMoklFMcJ,0
conf/vldb/ChangG97,vvivi2dLN9AJ,0
conf/sigmod/BarbaraI94,gyC0D8oJbQMJ,1
conf/vldb/DagevilleZ02,vBBXxPdUPOgJ,0
conf/vldb/WangC03,vmxFQL7lhKoJ,0
conf/sigmod/KarbhariRXD02,MI8KpID-iAwJ,0
conf/sigmod/AgrawalS00,vrPtW4-MbeoJ,0
conf/sigmod/CuiOTS03,T_G8POaluPYJ,0
journals/sigmod/BarbaraCJW01,O487tQlfpv4J,0
conf/sigmod/Mohan99,D4MiKRaC-rEJ,0
journals/vldb/KabraD99,7EFVGYLM5QkJ,0
conf/sigmod/GuhaJKSY02,SyipZGrt_U0J,0
conf/sigmod/FaloutsosL95,56AknoQlFB0J,1
journals/sigmod/Yang94,MyW5sLwDtogJ,0
conf/vldb/BliujuteJSS98,HSEOZDaC8ZUJ,1
conf/vldb/Blum99,fm69LHjS4T0J,0
conf/vldb/SeshadriLR97,WnYVibh8fxUJ,0
conf/vldb/GuptaM96,KGozLxgmg_0J,0
journals/sigmod/FengJH01,SUT-QTwqFNkJ,1
conf/sigmod/GuhaJKSY02,dKtvL68aAFwJ,0
journals/sigmod/RossHLW01,Yk4p2NDktz0J,0
journals/vldb/Halevy01,MyW5sLwDtogJ,0
conf/sigmod/Brown99,7v9LpAiq4KEJ,0
journals/vldb/Seshadri98,kSJkPmuSRVcJ,0
journals/vldb/Bertino94,ylP7n4GU-DQJ,1
conf/sigmod/BunemanKTT02,kW4hUCYF8EQJ,0
journals/vldb/Halevy01,NXKx0V8rHQQJ,1
journals/tods/KotidisR01,6twtfqrudGcJ,0
journals/tods/EiterLLS01,TKyySUinrgQJ,0
conf/sigmod/CorralMTV00,wXfzjYQNxA8J,0
conf/sigmod/DanS95,nTu7PUukM1wJ,1
conf/vldb/SeligmanBNSW95,sJ_PIug2jhwJ,0
journals/sigmod/Segev94b,4j5ryW5xA7YJ,0
conf/vldb/BhattacharjeePMLCH03,2bao_dZfCuQJ,0
conf/vldb/BalminHKPSW03,-Okp6Ckd8xwJ,0
journals/sigmod/JainH94,sj_7DWnVQ5gJ,1
conf/vldb/CarinoOBS99,f7tUB2u3yfwJ,0
conf/sigmod/Seshadri03,_ngwNMNwsn8J,0
conf/sigmod/QuassW97,TfIJHxpZeJIJ,1
conf/vldb/GarofalakisRS99,url:http://portal.acm.org/ft_gateway.cfm%3Fid%3D1101964%26type%3Dpdf,0
conf/sigmod/Mohan99,xzD9v9IKf54J,0
conf/sigmod/HarinarayanRU96,JM1X7hho718J,1
conf/sigmod/SarawagiTA98,gPQK0cxAq3oJ,0
journals/sigmod/dOnofrioP03,5sHccIaABfQJ,0
conf/sigmod/HellersteinW02,9Ai_9dZChG4J,0
conf/vldb/AdiBEY00,lWDuxoy1cjQJ,0
conf/sigmod/BabuGR01,AZdXZ6YYqlsJ,0
conf/vldb/Adler01,VBeUbH6AYkAJ,0
journals/sigmod/LeeCL95,G1E5PwzwdSMJ,1
conf/sigmod/FlorescuLMS99,3oEA979dNiwJ,0
journals/sigmod/Snodgrass00b,s9CWAwr0YGAJ,0
conf/vldb/PereiraFJLS01,q6sq3TqyqfEJ,0
conf/vldb/Galindo-LegariaJWW03,yZEh6V4sSbgJ,0
journals/vldb/RamakrishnanSSS94,Yaymc8EDZ_oJ,0
conf/vldb/GibbonsMP97,FU-uq4Hu8QsJ,0
conf/sigmod/GodfreyGXZ01,AxPnIyVIDioJ,0
conf/sigmod/CeriFP98,Mo2WYsS5k2AJ,0
conf/sigmod/AndersonAF98,tP6zd0gYJ6wJ,0
conf/vldb/YangLH03,hUMTG7HNlyAJ,1
conf/sigmod/OlstonW02,6F9qwfiHNqIJ,0
conf/sigmod/NatsevRS99,Y3nejQSVKnUJ,1
conf/sigmod/MaratheS99,1fQr1rJ4yCwJ,0
conf/sigmod/Chamberlin03,-6j9mGImQdsJ,0
journals/vldb/AguileraCMVV02,SdVmepmUgQIJ,1
conf/sigmod/ChoSG00,neoilWrdHhgJ,0
conf/vldb/AmielBDS94,hBak02oe1GMJ,1
journals/tods/DekhtyarRS01,mRp3T5HMeKMJ,0
conf/sigmod/IvesFFLW99,A97Nx4HBpK4J,0
journals/sigmod/Liu02c,X2odIfnOC88J,0
journals/vldb/PoulovassilisS96,T7ILzFuVikAJ,0
conf/vldb/MignetMAC01,v-3FGNrp7AkJ,0
journals/sigmod/BiancheriPP01,url:http://portal.acm.org/citation.cfm%3Fid%3D354384.354533%26dl%3DGUIDE%26dl%3DACM%26type%3Dseries%26idx%3DSERIES316%26part%3DProceedings%26WantType%3DProceedings%26title%3DInternational%2520Multimedia%2520Conference%26CFID%3D11111111%26CFTOKEN%3D2222222,0
journals/tods/MehrotraRKS98,DdFcd6vYoO4J,0
conf/vldb/JohnsonS94,hlU97SBlFaIJ,0
conf/vldb/KoudasGGSV03,KGsCrjc-or8J,0
journals/tods/BrunoCG02,xQ97FvGQaZAJ,0
journals/vldb/YangW03,7WaQNGnv1l4J,1
conf/sigmod/RundensteinerKZWLLN99,YtMVuLN2XaYJ,0
journals/sigmod/BoulosO99,WGZUOBzxhh8J,0
conf/vldb/AnciauxBP03,VNxK7YflANgJ,0
conf/sigmod/Bussler02,-f2FsG-EC9IJ,0
conf/vldb/LlirbatST97,d_rfm7sa_-UJ,0
journals/vldb/FiebigHKMNSW02,v5Yet_3pjYYJ,0
conf/sigmod/KrollW94,F3WOuIYZcNMJ,0
conf/sigmod/SeshadriP97,SH3OoBaDEpgJ,0
conf/vldb/HelmerM97,9FYCWWvHkF4J,0
conf/vldb/CiliaHB02,CitXTYr5bzIJ,0
journals/sigmod/HasselbringHHKRRS00,X9PsaiaoDJ4J,1
conf/sigmod/BerchtoldK98,rZJLf9oQ_hEJ,0
journals/tods/FormicaGM98,_yEAzqlvcGQJ,0
conf/vldb/HelmerWM98,5ipPVLRhDqoJ,1
conf/vldb/George98,Xg5igdb3e4cJ,0
conf/sigmod/RinfretOO01,35wAmSjnSwcJ,0
conf/sigmod/GehrkeKS01,tOTe7iddlmMJ,1
conf/sigmod/Bussler01,BuNVmJAUSnYJ,0
journals/vldb/MuthOPW00,HW8IArdKCAAJ,0
conf/vldb/LlirbatST97,p_nBNJNjzAYJ,0
journals/tods/YanG99,kn9lIsdqHkkJ,0
journals/vldb/SakuraiYUK02,cK8eTIz37-gJ,0
conf/vldb/AltinelBKMPR03,wIlHF5DfRbMJ,1
journals/sigmod/RosenthalS99,GaygUZIrR-AJ,0
conf/vldb/GuptaHQ95,SctPhOZQMNAJ,0
conf/sigmod/SagonasSW94a,ZFkAF92i3nkJ,0
conf/sigmod/CareyCNVDRSM99,url:http://www.csa.com/partners/viewrecord.php%3Frequester%3Dgs%26collection%3DTRD%26recid%3DN9210525AH,0
conf/sigmod/Carey94,0KGAE34EylkJ,0
conf/vldb/McKennaBHT96,LVNugtOtNdoJ,0
conf/sigmod/LiCHH97,jF7hpRs8htgJ,0
journals/vldb/ShegalovGW01,_es5nzlgFC4J,0
conf/sigmod/HeC03,rYu7vp9U9OEJ,0
journals/sigmod/Gal99,Iv9jseHWOe4J,0
conf/vldb/TreschPL95,GG1Qj0oeV4UJ,0
conf/vldb/TanSHCR01,004z3CTw0DEJ,1
conf/sigmod/Squire95,M92wUmwaB4wJ,0
conf/vldb/OoiYTJ01,YS4Bp68983sJ,0
journals/vldb/Ozsu03,7R9BzbhSU_0J,0
journals/tods/LiuHD98,SWXPyLZBRLEJ,0
conf/sigmod/ONeilQ97,359PjJkfNhQJ,1
journals/vldb/ShegalovGW01,-8mT7JarFD8J,0
journals/vldb/RamakrishnanSSS94,fox6JObTSDQJ,0
journals/sigmod/KiyokiKH94,JcHiZlbsts0J,0
journals/sigmod/SnodgrassHMOPRRWY98,7buZgUChnM0J,0
journals/vldb/NybergBCGL95,DvgC30ESwZ0J,0
journals/sigmod/Etzion99,aDxXrqrMy9IJ,1
journals/tods/Lerner00,v7PGfdCEQkgJ,0
conf/sigmod/BlakeleyP98,gvMpWmRttyAJ,0
conf/vldb/BettiniJWW02,tFuA828CptUJ,1
conf/sigmod/PatelD96,DKOLoon9_VAJ,0
journals/vldb/HarrisR96,VxS-UT5x7xAJ,0
conf/vldb/AksoyZF01,G3FDbQwXtI4J,0
conf/sigmod/Moore95,url:http://portal.acm.org/ft_gateway.cfm%3Fid%3D74122%26type%3Dpdf%26coll%3DGUIDE%26dl%3DACM%26CFID%3D11111111%26CFTOKEN%3D2222222,0
journals/sigmod/Snodgrass99b,FZs7vmW3PAMJ,0
journals/sigmod/PalpanasPKG03,wEF3Q_U7brsJ,0
conf/vldb/Bowker00,url:http://portal.acm.org/ft_gateway.cfm%3Fid%3D1101977%26type%3Dpdf,0
journals/vldb/WhiteD95,DsN8bgfQbM8J,0
conf/vldb/BonczRK98,EF-7qIyPPk0J,0
journals/sigmod/TanakaV01,_OkLd2dxvv4J,0
conf/vldb/GehrkeRG98,hobnzQKRlK4J,1
journals/tods/BunemanO96,-ZDi1Wdy_DoJ,1
conf/vldb/GhoshPSH02,UDQsHc_ps4IJ,0
conf/vldb/SilversteinBMU98,4qgArKD6LA4J,0
conf/sigmod/RaoR98,uHX7_KIw8uYJ,1
journals/vldb/CandanLS00,nXvDy_QqSd4J,1
conf/vldb/KalusD95,1QlwXRRpg9wJ,0
conf/sigmod/LiBKN03,ZQwQSIPzxnEJ,0
journals/tods/TaoSP03,Hq3W65us8dkJ,0
journals/vldb/C94b,url:http://portal.acm.org/ft_gateway.cfm%3Fid%3D641004%26type%3Dpdf%26dl%3DGUIDE%26dl%3DACM%26CFID%3D11111111%26CFTOKEN%3D2222222,0
journals/vldb/BenzakenD95,ywDvUjqsiPQJ,0
journals/sigmod/PuSW01,cVgF0jn9q6MJ,0
conf/vldb/PanRAMOHAMV02,a7xcOOL5980J,0
conf/sigmod/LiskovACDGGMMS96,Ey7Mbh6IdQIJ,1
journals/vldb/MylopoulosCPST96,S5QZuOo4AF8J,1
conf/vldb/LiM01,7cS9f1ZokIgJ,0
conf/sigmod/DoppelhammerHKK97,di5Q4ZyBHpkJ,0
journals/tods/HjaltasonS99,VEDf7vb98i8J,0
conf/sigmod/BabcockO03,BcueZs6iydsJ,0
journals/sigmod/GottlobKP03,rDRdlwdHGb0J,1
journals/sigmod/ArenasKKKMM03,yUKk52rXf60J,0
conf/vldb/KietzRS97,c_n_BYSwoKMJ,0
conf/sigmod/LabioWGG00,LXcuCwIcnCoJ,0
conf/sigmod/LarsonG03,-3zfC5-aSzIJ,0
journals/sigmod/Cetintemel01,99R10lJB_BAJ,0
conf/sigmod/ArasuG03,zz1KUCg2Rm0J,0
conf/sigmod/CatarciS01,owfPKT5ip68J,0
conf/vldb/VermeerA96,0-jSw5bb83kJ,0
conf/vldb/ZirintsisKM99,_F5xTSv_mz8J,0
journals/sigmod/Gal99,94IHiq9tp9MJ,0
conf/sigmod/HinneburgK99,url:http://adsabs.harvard.edu/abs/1974PhDT........46W,0
conf/vldb/NgC97,iCUqK7nY1wwJ,0
journals/sigmod/YeungHL94,y043N_Q9XMQJ,0
conf/sigmod/WangZS95,QHrpE-XaLoMJ,1
conf/sigmod/LibkinMW96,OfZWx8jhQvwJ,1
journals/sigmod/ShethGJRSWW96,ryG3LwbVgQAJ,0
conf/vldb/AggarwalHWY03,hFoh_5Q0A1EJ,0
conf/vldb/BunkerCCMMW01,l8EqERHsrIcJ,0
conf/vldb/JermaineDO99,3gfWZT1RvbgJ,0
conf/sigmod/MotakisZ97,url:http://portal.acm.org/citation.cfm%3Fid%3D565117.565142%26dl%3DGUIDE%26dl%3DACM%26type%3Dissue%26idx%3DJ689%26part%3Dperiodical%26WantType%3Dperiodical%26title%3DACM%2520SIGMOD%2520Record%26CFID%3D11111111%26CFTOKEN%3D2222222,0
conf/sigmod/HammerGIPUW95,4G3NKHmQMvAJ,0
conf/sigmod/CareyFZ94,_Dtj6cJQFAQJ,1
journals/tods/GunopulosKMSTS03,dPCeWiiqfvEJ,1
journals/vldb/DattaDVRN01,joxAcK9vCDoJ,0
conf/vldb/TsurAADKW01,PnGyTn-NjWgJ,0
conf/sigmod/AdyaGLM95,BdsMGw6NLiAJ,0
journals/vldb/VerykiosME03,GXpPj0DzVroJ,0
conf/sigmod/HellersteinN96,rotufjtNaHYJ,0
conf/sigmod/Kohler99,e9nptqf3F-EJ,0
journals/sigmod/X95,vJiEhdq7XuAJ,0
journals/vldb/LaurentLSV01,iUtn70TmoZIJ,0
conf/vldb/ChengGKLLQS99,url:http://doi.wiley.com/10.1002/ace.179,0
conf/sigmod/LeeKOTM00,zJDErFl1VlwJ,0
journals/tods/GhandeharizadehHJ96,bEKy6wyNv_sJ,0
journals/tods/ChrysanthisR94,qECJWgRHaKsJ,0
conf/vldb/RamakrishnanR96,url:http://www.csa.com/partners/viewrecord.php%3Frequester%3Dgs%26collection%3DTRD%26recid%3D20021211001539MT%26recid%3DA8622971AH,0
journals/sigmod/SchmidtWKFCMB01,url:http://portal.acm.org/ft_gateway.cfm%3Fid%3D603872%26type%3Dpdf%26dl%3DGUIDE%26dl%3DACM%26CFID%3D11111111%26CFTOKEN%3D2222222,1
conf/sigmod/AndersonAF98,QqjOLmt8eMUJ,0
conf/vldb/JohnsonM98,gm9Ist67nJQJ,1
conf/sigmod/BerchtoldK98,VuMPPr6k95AJ,1
journals/sigmod/ReichB98,hGrh-jVFMb4J,0
journals/sigmod/RossAJS02,ZKJWThgUBB0J,0
journals/sigmod/LeeF01,llGIoKCzsiYJ,1
conf/sigmod/ChangH02,4zxRX5K-YSsJ,1
conf/sigmod/LuWYBLY02,JKQ1qE-naxQJ,1
conf/vldb/ChaudhuriS01,url:http://www.csa.com/partners/viewrecord.php%3Frequester%3Dgs%26collection%3DTRD%26recid%3D200111010664MT%26recid%3DA0032565AH,0
conf/sigmod/AcharyaGP00,w5YdMlyYwDUJ,0
journals/sigmod/Hanson99,8xbX2h0s5vIJ,0
journals/vldb/C95,HrdG_-EcnP8J,0
conf/sigmod/HaasH01,hUgLYDaAFpAJ,0
conf/vldb/HelalL00,XnTLNkS_H4IJ,0
journals/sigmod/AshishK97,Cnl0jQPpb1sJ,0
journals/sigmod/Ozsu01a,xtQtfbwNsyoJ,0
conf/vldb/Padmanabhan96,url:http://doi.wiley.com/10.1002/he.11209,0
conf/sigmod/GravanoCGP97,PsoYENGEh9cJ,1
conf/sigmod/Bussler01,url:http://ieeexplore.ieee.org/iel5/35/23768/01090996.pdf%3Farnumber%3D1090996,0
conf/vldb/CeriFP99,brybWZfYS7oJ,0
conf/sigmod/HwangLYMMGCSS94,UsPKw00EfjkJ,0
journals/sigmod/DiazJPa94,t53GssEPf2wJ,0
conf/sigmod/ChenGK01,XlqDJxmbAuUJ,0
journals/vldb/AtluriJY03,RlH2shMtkfwJ,0
conf/sigmod/KanthAS98,V__w6o558CAJ,0
journals/vldb/BraumandlKKKKSS01,53RoYHql8bUJ,0
journals/sigmod/SnodgrassAABCDEGJKKKLLRSSS94,nqXEzE6KVmQJ,0
conf/sigmod/NguyenACP01,_A85ol3yHIcJ,0
journals/vldb/ChangG01,1oOnwk_QKfAJ,0
journals/vldb/HuntAI02,url:http://portal.acm.org/ft_gateway.cfm%3Fid%3D336587%26type%3Dpdf%26dl%3DGUIDE%26dl%3DACM%26CFID%3D11111111%26CFTOKEN%3D2222222,0
journals/sigmod/Liu02b,Tv9cHtWnoEYJ,0
conf/sigmod/BrinkhoffKSS94,RWhfLTpLoQUJ,1
conf/vldb/LimWV03,url:http://www.springerlink.com/index/T58X8308H4761G3U.pdf,0
journals/tods/WangBBJ97,Io4omPiDA94J,1
conf/sigmod/BraumandlKK99,1lJxSRlNEb8J,0
journals/vldb/SivasankaranSTPR96,YpuI7TdisDkJ,0
journals/sigmod/Chaudhri98,z1PBiP8whIQJ,0
journals/sigmod/SantucciT96,2qKmtfgKBmUJ,0
conf/sigmod/RinfretOO01,qNuAOu3cRc8J,0
conf/sigmod/BaulierBGGHJKKMMNNRSSSWW99,-SqKKXDQR7YJ,0
journals/sigmod/Aberer02a,70mopnqXXpEJ,0
conf/sigmod/ProcopiucJAM02,k7RinzPIdhYJ,1
conf/vldb/LakshmananSS99,gIE4vF89KbkJ,0
conf/sigmod/AbiteboulCM95,lnHsHRuRfoYJ,0
conf/vldb/IshikawaSF98,llivRzosW2QJ,0
conf/sigmod/GuptaMR95,E6Y61ROrVsoJ,0
conf/vldb/TsoisS03,_2oz5poi5asJ,1
journals/vldb/MecellaP01,StJwK0OSiNsJ,0
journals/vldb/EyalM01,BB3nxHP-7qMJ,0
conf/sigmod/CookKWZ96,De_3PkxkhzIJ,0
conf/sigmod/OConnellISWABCCLPWW96,url:http://portal.acm.org/ft_gateway.cfm%3Fid%3D1099648%26type%3Dpdf,0
conf/sigmod/ZaharioudakisCLPU00,Pbl_CbLYKWYJ,1
conf/sigmod/Edelstein95,K2h7IUzrrVMJ,0
conf/sigmod/Mohan96,f9JfEpe5a24J,1
journals/sigmod/Kim99,kpnZ5k5qdnAJ,0
conf/sigmod/MeccaAMMS98,A2S_ANpTbyEJ,0
conf/vldb/PapadiasMD98,7vbPCi-dbawJ,1
conf/sigmod/LuMSS95,al84hMzlb4MJ,0
journals/tods/AndriesCPB01,UnAxMVrZITgJ,0
conf/vldb/AcharyaGP99,fq0eCH-u91cJ,0
journals/vldb/KashyapS96,ic9nuBu5xPoJ,1
journals/sigmod/MedeirosP94,aAhEajm5QHIJ,0
conf/vldb/TheodoratosS97,OSHFmgctcXoJ,0
conf/vldb/CareyKSSS00,1RwKr2yzK3MJ,0
conf/vldb/Dyreson96,url:http://www.csa.com/partners/viewrecord.php%3Frequester%3Dgs%26collection%3DTRD%26recid%3DN9210519AH,0
journals/sigmod/AtzeniMM97,9CDasz2P9wsJ,1
conf/vldb/Gawlick96,8gLwx5DXh7wJ,0
conf/sigmod/FaloutsosSTT00,url:http://adsabs.harvard.edu/abs/1976PhDT........77R,0
journals/sigmod/AtzeniM98,ATustunnLuYJ,0
journals/vldb/BunemanFS00,5C2yfBIpwDsJ,0
conf/vldb/MengLYWCR98,OyTMDhVmWpIJ,0
conf/sigmod/Team02,3FZY6ZfUqDoJ,0
conf/sigmod/Ellison95,url:http://portal.acm.org/ft_gateway.cfm%3Fid%3D1099614%26type%3Dpdf,0
journals/tods/KossmannFDA00,url:http://portal.acm.org/ft_gateway.cfm%3Fid%3D1066183%26type%3Dpdf,0
conf/sigmod/HanPY00,gpkCOQRAxaUJ,0
conf/sigmod/SchleimerWA03,wGlqVj1kNCIJ,0
conf/sigmod/LometT03,Sqg5Aa6n5cAJ,0
journals/sigmod/MaximilienS02,url:http://portal.acm.org/ft_gateway.cfm%3Fid%3D1099585%26type%3Dpdf,0
conf/vldb/Schnase00,TINvjyspn2oJ,0
journals/vldb/Han98,url:http://www.springerlink.com/index/YTPAB711B92NCE7J.pdf,1
journals/sigmod/Colliat96,y0HXub5QzkYJ,1
conf/sigmod/BratsbergT00,5iohkq8tSIwJ,0
conf/sigmod/HjaltasonS98,JhY1cxsznKkJ,0
journals/sigmod/Winslett01a,url:http://portal.acm.org/ft_gateway.cfm%3Fid%3D1101292%26type%3Dpdf,0
conf/vldb/LiCHH97,url:http://portal.acm.org/citation.cfm%3Fid%3D15833.15838%26dl%3DGUIDE%26dl%3DACM%26idx%3D15833%26part%3Dperiodical%26WantType%3Dperiodical%26title%3DACM%2520SIGMOD%2520Record%26CFID%3D11111111%26CFTOKEN%3D2222222,0
conf/vldb/GraefeBC98,xLffNlfuegEJ,0
conf/vldb/WitkowskiBBFGSS03,oUisL_YUScYJ,0
conf/vldb/LevySSZ94,8OfyaW636EwJ,0
conf/sigmod/NgLHM99,-eYaSsEAeZUJ,0
conf/sigmod/NguyenACP01,y1sHRHKDVjkJ,0
conf/vldb/PedersenJD00,VnA5pRj2Yd4J,0
conf/vldb/King02,wTXunETZhPwJ,0
conf/vldb/BrinkhoffK94,url:http://links.jstor.org/sici%3Fsici%3D0146-4949(196121%252F22)2%253A2%253C43%253AWATUA%253E2.0.CO%253B2-D,0
journals/sigmod/Widom96a,NS8nEIq0-2YJ,0
conf/sigmod/AgrawalCD02,Fa4WQ1Q4k08J,0
journals/sigmod/TanakaV01,g-julFJ81bAJ,0
conf/vldb/Guting94,WxdDK2H0kmYJ,0
conf/vldb/HaasKWY97,fsoE2pQM6G8J,1
conf/vldb/MadhavanBR01,5mM4rpgyeNoJ,1
journals/vldb/SakuraiYUK02,yMOvGXBcrlcJ,0
conf/vldb/BelloDDFNSWZ98,_eHL311MgPgJ,0
conf/sigmod/ZaharioudakisC97,l2WSXUxgvWYJ,0
conf/vldb/StaudtJ96,U3unYBaKZAkJ,0
conf/sigmod/AgrawalES03,url:http://doi.wiley.com/10.1002/tl.155,0
conf/sigmod/OoiTZGLLLNSWZ03,69WXm4Qe00QJ,0
journals/sigmod/Yang94,Li28cS6L9FQJ,0
journals/vldb/MehtaGPN98,xd6denVlP5IJ,1
journals/tods/AmmannJR97,IdJMG6VH5eUJ,0
conf/vldb/FankhauserGLMT98,6qbwWaRW6N8J,0
conf/sigmod/Team99,47IA4_p4ypgJ,0
conf/vldb/Koch03,rOJySmCkl2gJ,0
conf/sigmod/Toyama98,WnhiFvSx9E0J,0
journals/tods/KarpSP03,mAQIVsd2VOMJ,1
conf/sigmod/KatayamaS97,GPEkH-UohLYJ,1
journals/vldb/BernsteinIR03,RovnC1D7mTsJ,0
conf/sigmod/YanMHF01,AL-Tz4JxZFcJ,0
conf/sigmod/ShatdalN95,DN-KpzS2c6kJ,0
journals/sigmod/BichlerSZ98,Y1fadZwvZjgJ,0
conf/vldb/SakuraiYUK00,0oE1sYZXuxcJ,0
journals/sigmod/Kemper02,LRC7oBQv9BIJ,0
conf/sigmod/GibbonsM98,HrdG_-EcnP8J,1
journals/sigmod/CasatiDS00,pJsnj7fi9LIJ,1
conf/vldb/HvasshovdTBH95,zbaMbE17LyQJ,1
journals/sigmod/EisenbergM99,pY72Y49i-PsJ,0
journals/sigmod/Group94,LqlTdfQun5IJ,0
conf/vldb/MatthesS94,XAJWHLEieWsJ,0
conf/sigmod/NybergBCGL94,QXnCAKIPfqsJ,0
conf/sigmod/HernandezMHYHT01,fvpae-GAS4gJ,0
conf/sigmod/AntonJLPZZ02,zytS8pqT0zYJ,0
conf/vldb/ChoenniV00,6QZGeKna5lgJ,0
journals/sigmod/NascimentoSP03,lo87Gb0BdtkJ,0
conf/vldb/Slutz98,kWo0SSIKp3kJ,0
conf/vldb/WitkowskiBBFGSS03,fUcObvsH1G8J,0
conf/sigmod/Blakeley96,ZvXu_zoa7Q8J,0
conf/sigmod/HristidisKP01,mg9ABNG06O4J,1
journals/sigmod/Geller02,wiE9QG5qC2wJ,0
conf/vldb/GarciaLL98,h1b38A1H8fcJ,0
conf/vldb/Carey00,H1D291GeQ3kJ,0
conf/sigmod/BunemanKTT02,OafexjMQlgcJ,0
conf/vldb/PossP03,YIrHubwUdMgJ,0
conf/vldb/Sacks-Davis96,A_u78GCGRBIJ,0
journals/sigmod/Anonymous96,tgJDW3o61ZgJ,0
conf/vldb/BassiliadesV95,B1kJzsffXEwJ,1
conf/sigmod/AgrawalK03,m9ZL9DoH17YJ,0
conf/sigmod/AcharyaGPR99,0ZG8Ug23ujYJ,0
journals/sigmod/Halevy03,url:http://www.springerlink.com/index/Q43210876K7583P2.pdf,0
conf/vldb/Keogh02,url:http://www.csa.com/partners/viewrecord.php%3Frequester%3Dgs%26collection%3DTRD%26recid%3DN9210394AH,0
conf/vldb/CliftonFHKLS03,eWVreKOw_QgJ,0
conf/sigmod/ChaudhuriDY95,GnJyDyZWpRQJ,0
conf/sigmod/Jhingran00,url:http://portal.acm.org/citation.cfm%3Fid%3D984519,0
conf/sigmod/Kramer97,Cq7dj3XmqrIJ,0
journals/sigmod/BergamaschiCV99,rIm9uDX6PHUJ,1
conf/sigmod/Suciu99,EmoELruF2scJ,0
conf/vldb/ChakrabartiBD99,zmBMRUNv8sQJ,1
journals/sigmod/ChaudhuriD97,zO0DfwHqXKUJ,1
conf/vldb/AdityaBCHNS02,1GPjN9H1xWEJ,0
conf/vldb/Cuppens96,xAv4-JMufVsJ,0
conf/sigmod/MogiK96,hxWB8uQMCdgJ,1
journals/sigmod/FowlerPNB99,VV1uGZeW1DMJ,0
journals/sigmod/Wedekind94,1avO1fqtQ6QJ,0
conf/sigmod/GillmannWW02,url:http://adsabs.harvard.edu/abs/1982mit..reptT....J,0
conf/sigmod/TrisoliniLN99,P9Xh6deR33sJ,0
journals/vldb/Guting94,TruJ2Gi7fiQJ,1
conf/vldb/AnanthakrishnaCG02,FreP5yuIZFoJ,0
conf/vldb/MadhavanH03,lL4drJVtqB8J,0
conf/sigmod/KimC03,ipweI_ruT9EJ,0
conf/vldb/Jermaine03,393ZqH9szo0J,1
journals/tods/MumickFPR96,GZKz_7wlEC0J,0
conf/vldb/AlexandrovABBBCDFHJKKKLLMMMPNPPRRSSW02,pK-Pn3BqIhUJ,0
conf/vldb/BelussiF95,SVakFuYMbAYJ,0
conf/vldb/Vaskevitch95,a-XusymqedgJ,0
conf/vldb/WangZL99,9PJWqPPVlQwJ,1
journals/sigmod/SilberschatzZ97,OCY3JdfGJasJ,0
conf/vldb/Wadler01,q_A8Y8KY9WkJ,0
journals/tods/HjaltasonS99,yprw7aUXvAYJ,0
conf/sigmod/ChaudhuriMN98,bFDFn3OmNAQJ,1
conf/sigmod/LangS01,fGIMikpcljIJ,0
journals/vldb/Li03,XkdLpQ5x-YIJ,1
conf/sigmod/BerchtoldBK98,4Uf5sjXgwhoJ,1
conf/vldb/LlirbatST97,QG-VE5xgNCcJ,0
conf/vldb/LiCHPALHAY01,qPdcW8xlbBEJ,0
journals/sigmod/PapianiWDN99,n4eGxuG9z5YJ,0
conf/vldb/MiklauS03,kOSE6UVijD8J,0
journals/vldb/MylopoulosCPST96,RyA2XgF2h0cJ,0
conf/vldb/WangYM97,LwTcei__yu8J,0
journals/tods/MokNE96,RkjpnYiYFFgJ,0
conf/sigmod/BressanGOT00,url:http://www.springerlink.com/index/X4828V2N1520W56R.pdf,0
journals/sigmod/NobleS95,ZlDMwysmH-0J,0
conf/vldb/PappasC00,HTPqLwXZDM4J,0
conf/sigmod/KeoghCMP01,aHUJSGWvBksJ,0
conf/sigmod/Tajima96,HaBvZUpO2XAJ,0
conf/vldb/GarofalakisG01,wRcV7YOWOasJ,0
conf/vldb/HoelS94,Id1cvsQURBAJ,1
journals/sigmod/Konig-RiesL97,3fQBks2g-BMJ,1
conf/vldb/Uhl02,iBkK99qrjagJ,0
conf/sigmod/Suciu99,Jvjpmr-7HAkJ,0
conf/sigmod/RundensteinerWYD02,CzmkZEp-R9gJ,0
conf/vldb/Levy96,AcB2GBqS6c4J,0
conf/vldb/RaoR99,nf6-1gr81gsJ,0
journals/sigmod/QuixSJ02,url:http://www.csa.com/partners/viewrecord.php%3Frequester%3Dgs%26collection%3DENV%26recid%3D8913241,0
journals/vldb/RoySSSA98,QLlxE5mJOisJ,0
conf/vldb/BrightR02,JKk6fpYyf9MJ,0
conf/sigmod/GriffinL95,6QZGeKna5lgJ,1
conf/sigmod/BunemanKTT02,Tym9hR_GF7MJ,0
conf/sigmod/BouguettayaBH99,siO8kr7vvLEJ,1
conf/vldb/Sullivan96,Y_Zysn5-f3MJ,0
conf/sigmod/HernandezMHYHT01,DHI5Rvs0ew4J,0
conf/vldb/RothS97,nq7CSMVFjq8J,1
conf/vldb/HvasshovdBT00,af50lhGnD8gJ,1
conf/vldb/FankhauserGLMT98,0mILkNwSuQ8J,0
conf/vldb/DongHLPW01,C_H34ddegI8J,1
conf/sigmod/WangWYY02,url:http://portal.acm.org/ft_gateway.cfm%3Fid%3D990302%26type%3Dpdf,0
journals/sigmod/BorgidaCS98,Aiy1CuDyBNQJ,0
journals/vldb/HarderST99,XMC0W6CQJJIJ,0
journals/tods/BrightHP94,BHvvo_nJxucJ,1
conf/vldb/Raghavan96,LGruTU7QBzkJ,0
journals/sigmod/Jagadish00,bVyy-NJP1zQJ,0
journals/sigmod/Hammer02a,2XgLxexlCeoJ,0
conf/sigmod/SeshadriLR94,uuEMT7Zo9DwJ,0
journals/sigmod/NorrieBSW94,PiSKQ2TBfisJ,0
conf/vldb/RothS97,NtMz82d7LiAJ,0
journals/sigmod/PossasMCR00,2dQpARhqYmEJ,0
conf/vldb/PoulovassilisS94,0BMQ7HirTaUJ,1
journals/sigmod/Yang94,2wRdgm_1ujwJ,0
journals/sigmod/CoxEH96,O8scOZW1mwEJ,0
journals/vldb/ShethTP03,Svbxes_XzdUJ,1
conf/vldb/LaneEN00,HhEJkCVSJrYJ,0
conf/sigmod/NaumanS98,XhtF-nL-a6wJ,0
conf/vldb/ZhouR03,Y58ndT8WUTgJ,0
conf/vldb/Raghavan96,luK6StKxOywJ,0
conf/vldb/LudascherMP02,PZLsBmV_Nb4J,0
conf/vldb/KonigW99,6HMffRHCspAJ,1
conf/sigmod/RundensteinerKRCJM96,CXih3vmijaoJ,1
journals/sigmod/Snodgrass00,L5EsSmhRaAAJ,0
conf/vldb/ZouS98,Hov18raBHwIJ,1
journals/sigmod/Snodgrass94,QsvJR0QNsjUJ,0
journals/tods/PetersO97,BnNNuVfklfcJ,0
journals/sigmod/TsotrasK96,b2udtY0OZDQJ,0
conf/vldb/KalusD95,m6c5AroKA9gJ,0
conf/vldb/LiCHH97,E1G9sWt4iisJ,0
conf/vldb/RamanRH99,81oh7EDAYeoJ,0
journals/tods/FernandezKSMT02,url:http://portal.acm.org/citation.cfm%3Fid%3D335465,0
conf/vldb/MiningGroup96,dWom6oAB32YJ,0
conf/vldb/ColletCS94,Iap8Eg0Sm8oJ,1
journals/vldb/MehrotraKS97,6XxswNrUSk4J,1
conf/sigmod/WhiteD94,qeHXdJ2x7eMJ,1
conf/sigmod/SistlaW95,FHsg-jsNPpUJ,0
conf/vldb/Guting94,cx_ZliNfrDAJ,0
journals/tods/PolyzoisG94,XV8ExyJ6WyQJ,0
conf/sigmod/PoosalaIHS96,7arvzxTqC9MJ,1
conf/vldb/KietzRS97,mZfT6C7uMNIJ,0
conf/vldb/BestavrosB95,4Sy9ayQVcFcJ,0
journals/vldb/RamamrithamC96,LAvs6Oe0ygMJ,1
journals/sigmod/DrewHKKLLLSW95,9fcJjh5vHn8J,1
conf/vldb/Atal96,vyNkbIiXIEkJ,0
journals/sigmod/Bernstein01,4Bd50DlLu9gJ,0
conf/sigmod/DeshpandeNGS03,yiMjPSsS8QUJ,0
conf/sigmod/VingralekBW94,rM8Ecg1WL4kJ,1
journals/sigmod/FrankGGJKLMNPSSSTW99,HJRR7GGfD6sJ,1
conf/sigmod/Gibson95,vRiLJ6ePTWYJ,0
journals/sigmod/JukicNV03,eR43Urfx-hcJ,1
conf/sigmod/GraySSU03,zh3o3aWyFYQJ,0
conf/sigmod/ChenZCKR01,url:http://www.csa.com/partners/viewrecord.php%3Frequester%3Dgs%26collection%3DTRD%26recid%3DN9210419AH,0
conf/vldb/DingGS00,I5fV3jpcrmAJ,1
conf/sigmod/MankuRL99,41ozTD-GzccJ,0
journals/sigmod/HaritsaS96,emn7ay_NMYEJ,0
journals/tods/KarpSP03,q2lyJIU9C2gJ,0
journals/vldb/C95b,MlM1FZaRl68J,0
conf/sigmod/HinneburgK99,OMqN9nFAR88J,1
conf/vldb/KamelF94,63zkhN6n19sJ,1
conf/sigmod/Team02,qp1wjTVx-wQJ,0
journals/sigmod/PalpanasPKG03,kGPe7Wpo48kJ,0
conf/sigmod/FlorescuLMS99,V4kgrR0eURgJ,0
journals/sigmod/Jarke95,TD63XjMtUR8J,0
conf/sigmod/KoudasS03,whU2JOTKajsJ,0
conf/sigmod/BlohsfeldKS99,bxh6zatuZv8J,0
conf/vldb/PapadiasZMT03,dCkQ15W_ZfQJ,0
conf/vldb/CeriCW00,LyaiATmCt6AJ,0
conf/sigmod/Grust02,ntdj8NeKyI4J,0
conf/vldb/LakshmananSS99,u3FcBsrQDf8J,0
journals/sigmod/Aberer02a,ZDsdi-CNW2IJ,0
conf/sigmod/MaddenFHH03,LL4nIyQBQngJ,0
conf/sigmod/LiCHH97,Hc029KXUhX8J,0
conf/sigmod/TsueiPK97,NHxHsUH9L5MJ,0
journals/sigmod/Fagin02,YBAuIsDh0m0J,0
conf/sigmod/GuptaS03,p0nBMi1yXuIJ,0
conf/sigmod/DeshpandeGR01,J12zi0gK2FUJ,0
journals/sigmod/Aberer03a,6MY_fFzgHtgJ,1
conf/sigmod/Aggarwal03,gWdBW7HCMnwJ,0
journals/sigmod/Aberer02c,pF8Yla8cM08J,0
conf/sigmod/ZaharioudakisCLPU00,DhSWt5y84O8J,0
conf/vldb/RaghavanG03,EU2Mmoed3kgJ,0
conf/vldb/ShuklaDNR96,ByzcRTfGrA4J,0
conf/sigmod/MaddenSHR02,kfnNClyQ4xYJ,0
conf/vldb/AshwinGG02,zC-wSAtiaOkJ,0
conf/vldb/ChakrabartiSST00,oZHdPRvgN2QJ,0
conf/vldb/HaberIL95,a8V7CYGLGyQJ,0
conf/vldb/AmielBDS94,TWfdMoSgkX4J,0
conf/vldb/YangKL97,qWIebE_d-TsJ,0
conf/sigmod/VingralekBW94,HLKAlOBG_C0J,0
conf/vldb/IlyasAE02,nQsk3GveFP0J,1
journals/sigmod/BestavrosLS96,QnBwg1oHibUJ,0
conf/vldb/BhattacharjeePMLCH03,mshh4mFg5xwJ,0
journals/vldb/AntoshenkovZ96,U0PGd7B-ZP4J,0
journals/sigmod/BernsteinDK99,KupIpX3Q02sJ,0
conf/vldb/TengCY03,qvFtP35o6gAJ,0
journals/vldb/Sciore94,jtiOqNJayGcJ,0
conf/sigmod/DeutschFS99,2lypQEgzfb8J,1
journals/sigmod/KoubarakisTID03,RAsJfGyAKW4J,0
conf/sigmod/FaloutsosL95,RWriJaewQuIJ,0
conf/vldb/RothOH99,OslUAjJi_B4J,1
conf/vldb/FuhDCMTLDRM99,4owPoyytTP4J,0
journals/sigmod/MeltonMJKSZ01,Fjyenk1hvFkJ,1
journals/sigmod/WangD03,5ziID0k2zsUJ,0
journals/sigmod/CaplinskasEV02,MH0RCZvsQ1cJ,1
journals/sigmod/CeriKKLOSV00,SdsODd-oTQcJ,0
conf/vldb/VelegrakisMP03,jV_XkmSUaIIJ,0
conf/sigmod/DeligiannakisR03,H4CfAezFTV0J,0
conf/sigmod/KangN03,ABztkd0E9lUJ,1
conf/sigmod/SrikantA96,oAlX0rVQqlIJ,1
conf/sigmod/AshleyFHLNP95,7lS7XrBafWQJ,0
journals/vldb/MaedcheMS03,bbqUqFY5608J,0
journals/sigmod/KuokFW98,EXfpMIMun-cJ,0
conf/vldb/AshwinRSSS97,MWbzCv_v4gsJ,0
conf/sigmod/RodriguezR00,MCDgDxsc8rcJ,1
conf/sigmod/GatziuGD95,Z3TQt0XDpioJ,0
conf/vldb/GilbertKMS02,xziY9wNuVzwJ,1
conf/vldb/ManolescuFKXO00,hcitYiFVpSkJ,0
conf/vldb/Bayer95,VhP6L0JzRYIJ,0
journals/sigmod/LacroixB03,url:http://portal.acm.org/ft_gateway.cfm%3Fid%3D276350%26type%3Dpdf%26dl%3DGUIDE%26dl%3DACM%26CFID%3D11111111%26CFTOKEN%3D2222222,0
conf/sigmod/Greer99,SE4ifevNHwQJ,0
conf/vldb/AgrawalCN00,XqKS9wUfhlkJ,0
conf/vldb/Sarawagi99,-zTpWtly6ugJ,0
conf/vldb/BelloDDFNSWZ98,dMQFCvE0_EgJ,0
conf/sigmod/GrayHOS96,UkpCPQbd5hMJ,0
conf/vldb/SistlaYLL95,lkNgibBst0MJ,1
journals/vldb/ChidlovskiiB00,ysC3V2Lu3M8J,1
conf/vldb/BargaP95,05ShsIGjnKkJ,0
journals/vldb/TurkerG01,xyl1Fmq1E5YJ,0
conf/vldb/HelmerNM03,CILgyTjU-KgJ,0
conf/vldb/MeccaCM01,gk_uwIacAHEJ,0
conf/sigmod/ZaianeHLCC98,EvuLCpyVqWgJ,0
conf/sigmod/MissikoffT94,nxNSfctbGWAJ,1
conf/vldb/DeckerK03,es2kSNccUGMJ,1
journals/sigmod/PossasMCR00,xMaPAf7ybgQJ,0
conf/sigmod/Chan98,yWknRsgStIcJ,0
journals/sigmod/LabrinidisR00,k9dMc387oowJ,0
conf/sigmod/AdyaGLM95,6jg2VrThw4UJ,0
conf/sigmod/JoshiA01,R-54DDaHDxoJ,1
conf/sigmod/CasatiS01,QHLQZQwlbTsJ,0
conf/vldb/GravanoG95,1BwWbZ7MOioJ,0
conf/vldb/ChaudhuriW00,_cM1AX9BpwQJ,0
journals/sigmod/AshishK97,rWfbcLnj7_YJ,1
journals/sigmod/JukicNV03,url:http://doi.ieeecomputersociety.org/10.1109/IM.1999.805342,0
conf/vldb/MeccaCM01,vMIhYKkFpfsJ,0
conf/sigmod/RajagopalanML98,kZBuBHyO6xMJ,0
conf/vldb/PapadimitriouBF03,MnKX1ofFyrYJ,0
journals/vldb/AbiteboulB95,t8jGrPbtDfkJ,0
conf/vldb/ChenDZ03,iIodiWUUDDQJ,0
journals/tods/MokNE96,rlqroVfaBxcJ,0
journals/sigmod/Chen94,rk6G2m3bSQgJ,0
conf/sigmod/Mohan02,asVF8pkxkO0J,0
conf/vldb/Huyn01,jGXK9k6JB7UJ,0
conf/sigmod/Bampahl95,vEPq446Hrz0J,0
conf/sigmod/KementsietsidisAM03,vO7aBWspoyMJ,1
conf/vldb/ArgePRSV98,hGlBOUdolYUJ,0
journals/sigmod/ChakravarthyAEFO03,2wnZyDFJ3XoJ,0
conf/sigmod/Kennamer98,qNrP4GdHWiIJ,0
conf/vldb/BohlenSS96,3fE2TKDbelQJ,0
conf/vldb/LernerS03,TpnAAx7mWNEJ,0
conf/sigmod/KriegelMPS01,url:http://doi.wiley.com/10.1002/ev.1656,0
conf/sigmod/ChenJDTW00,5Trj9q_RI8YJ,1
journals/sigmod/Ozsu02b,m4XR6tSjTNAJ,0
conf/vldb/MorimotoFMTY98,bJ3GWcb5mCoJ,0
conf/vldb/BernsteinPS99,JcHiZlbsts0J,1
conf/sigmod/HullZ96,url:http://portal.acm.org/citation.cfm%3Fid%3D1027527.1027768,0
journals/tods/ChaudhuriS99,UB1WySwTrqUJ,0
conf/sigmod/ZhugeGHW95,618Y7yXy8KUJ,0
journals/sigmod/Colliat96,7Hi3KKsxKNwJ,0
conf/sigmod/AntonJLPZZ02,JrOawEomxesJ,0
conf/vldb/GoodmanRS94,8CCHAKnGJ1EJ,1
conf/vldb/WienerN95,Td2l0X7TzH4J,0
conf/vldb/RamsakMFZEB00,dWe_Ba9Iaq0J,0
conf/vldb/MoserKK95,A2OQAUw2OHIJ,1
conf/vldb/RamanRH99,Ww6Ri_eGo4YJ,0
conf/vldb/ShanmugasundaramGTZDN99,NADaoJJSRfQJ,1
conf/vldb/AnanthakrishnaCG02,url:http://portal.acm.org/ft_gateway.cfm%3Fid%3D101082%26type%3Dpdf%26coll%3DGUIDE%26dl%3DACM%26CFID%3D11111111%26CFTOKEN%3D2222222,0
conf/sigmod/RoySSB00,vtFTMXful9YJ,0
journals/vldb/KellerB96,tVoqZpEEHv8J,1
journals/vldb/ChienTZ02,uykmuuLjDmEJ,0
conf/vldb/PereiraFLS00,GBZi0QRbCXAJ,0
journals/sigmod/SnodgrassGIMSU98,Z-B6yw3BYogJ,0
journals/sigmod/MaelbranckeO95,QPvC6B5FtwUJ,0
conf/vldb/WangZL03,WWlILD48sl0J,0
conf/vldb/PolyzotisG02,EIQWyN3XH_cJ,0
journals/sigmod/BerndtssonH96,76oGsap87-YJ,0
conf/vldb/PacittMS99,url:http://doi.wiley.com/10.1002/ace.169,0
journals/sigmod/Jarke95,loyvxyPbi04J,0
conf/vldb/AnkerstBKS98,kZU6EnjQh2EJ,0
journals/vldb/Atkinson00,ckjlnFHOwd8J,0
conf/vldb/ZhouR03,Uib-U3fI19gJ,0
journals/sigmod/EisenbergM00,O5S8QV9TOXAJ,1
conf/sigmod/AcharyaGPR99,yLAH1vd1fksJ,0
conf/sigmod/DeolaseeKPRS01,lQ9CLs4TLMIJ,0
conf/sigmod/LakshmananPZ03a,url:http://portal.acm.org/ft_gateway.cfm%3Fid%3D130302%26type%3Dpdf%26dl%3DGUIDE%26dl%3DACM%26CFID%3D11111111%26CFTOKEN%3D2222222,0
journals/sigmod/BerndtssonH96,a-IsJ7zVGwwJ,0
conf/sigmod/Eaton98,url:http://www.csa.com/partners/viewrecord.php%3Frequester%3Dgs%26collection%3DENV%26recid%3D7704292,0
conf/vldb/Guting94,DCUu4jysue0J,1
conf/vldb/IlyasAE03,asOpNgVugbYJ,0
conf/sigmod/BaumannDFRW98,0cbMCxnSdboJ,0
conf/vldb/CooperSFHS01,S8NarBF1WvAJ,0
conf/sigmod/AcharyaGPR99,t8KDgCSg9RIJ,1
journals/vldb/Seshadri98,sHgEquk9JRIJ,0
conf/sigmod/HeC03,pLElT_y87SAJ,0
conf/sigmod/KriegelMPS01,rbIVctdttUYJ,0
conf/vldb/WangZ00,eDa9jQWsTMoJ,1
journals/sigmod/RossAJS02,hFdwioGOdU0J,0
journals/sigmod/Snodgrass98a,i7AgV6U08qgJ,0
conf/sigmod/KiepuszewskiMO98,qU7B1oxgVrEJ,0
conf/sigmod/KornJF97,knAoAIpo7hYJ,0
conf/sigmod/SzalayGTKMRSv02,V_5Gg6o-08gJ,0
journals/sigmod/Stacey95,kLK62e-pDyAJ,0
conf/vldb/SripadaW94,uXos8TgBDHEJ,0
conf/sigmod/PopaDST00,C8zZR4fIq2AJ,0
conf/vldb/RamamurthyDS02,uvufzgA16iUJ,0
journals/sigmod/DoanPK95,MGa48r87ijwJ,0
conf/vldb/LakshmananSS96,7Xoa7OiZLXMJ,1
conf/vldb/PellenkoftLK97,4WjgMYokJ1kJ,0
conf/sigmod/DraperHW01,DBPQai0tf1QJ,0
conf/vldb/SrikantA95,rzIgVJNxoXwJ,0
journals/sigmod/X95,kMnS4wdzW7wJ,0
journals/vldb/FiletoLPAM03,EjmWAS0GcO8J,0
conf/sigmod/AgichteinG03,1yd2EOm3YDQJ,0
conf/sigmod/MeccaAMMS98,yYglaTkMxZ8J,0
conf/vldb/Ladin00,5CPiOcmcSCcJ,0
conf/sigmod/CeriFP98,url:http://www.springerlink.com/index/H2413503P5248666.pdf,0
conf/sigmod/JonkerS95,AJROPXxSlUUJ,0
conf/sigmod/PapadopoulosM98,RSq7xSDOrg8J,0
conf/vldb/Tygar98,url:http://doi.wiley.com/10.1002/tl.7008,0
conf/sigmod/BonnetBCCCHKMMOSS99,fhTbsPHq5QsJ,0
conf/vldb/MatiasVW00,7SeTnikjovEJ,1
conf/sigmod/BrinkhoffKSS94,cb1kf4z7hA4J,1
conf/sigmod/QuassWGHLMNRRAUW96,RnHNbmvGWyYJ,0
journals/sigmod/Ozsu03a,XCXFYrFPPcQJ,0
journals/sigmod/RossCGLLM01,UO5NmjRoeaUJ,0
journals/sigmod/MeltonE01,kWqaQ5M_vg8J,0
journals/vldb/GruserRZZ00,STQPXYiPrOsJ,0
journals/sigmod/Aberer02b,VohHRlrNo7gJ,0
journals/vldb/DesslochHMMT98,JwBTbU4f5CoJ,0
conf/vldb/CeriCW00,HbrsuuNPd1QJ,1
conf/vldb/FlescaFM03,LXjSnbxB7EsJ,1
conf/sigmod/TheobaldW02,Pjc8xwhCOgQJ,0
journals/sigmod/GuptaHR97,jwtMQNmEFnUJ,0
conf/sigmod/GehrkeKS01,P6jcLEarcFIJ,0
conf/sigmod/BrunoKS02,4pZ4Shr2bMwJ,1
conf/sigmod/GingrasLSPS97,VvV4EddsB7gJ,0
journals/vldb/CandanLS00,uPXwTgMrcx0J,0
journals/sigmod/Winslett03c,bgnBn_HomFsJ,0
conf/vldb/ShengBDM02,url:http://portal.acm.org/ft_gateway.cfm%3Fid%3D353215%26type%3Dpdf%26dl%3DGUIDE%26dl%3DACM%26CFID%3D11111111%26CFTOKEN%3D2222222,0
journals/sigmod/BallMRZ02,exzdG9xwP-MJ,0
journals/sigmod/BarbaraBFLS94,sF4xdH31mDAJ,1
journals/vldb/HarderR96,qfi51Pr4_swJ,0
journals/vldb/AgrawalHK03,4Ri4ehnZRrEJ,0
conf/vldb/ChaudhuriS96,xIUZbL3p940J,0
journals/tods/Jimenez-PerisPAK03,L4NPhLzaQ8IJ,0
conf/sigmod/IvesLPST00,Hl7aCHC1mgYJ,0
journals/sigmod/SouzaS99,XdhuhexJR1sJ,0
conf/sigmod/Pruscino03,p0nBMi1yXuIJ,0
journals/vldb/PacittiS00,JhUq9lqXLB0J,0
journals/tods/Chen95a,s3siNE_lGQsJ,0
conf/vldb/HerlekarDRGS02,P5udMP62f6wJ,0
conf/sigmod/Doherty98,7aUag74jtdIJ,1
conf/vldb/MankuM02,m9pdDNuR0GoJ,0
conf/sigmod/RadekeBBEKKN95,O9NpHGzN_sUJ,0
journals/vldb/FiletoLPAM03,-15jpxlQpm0J,0
conf/sigmod/ImielinskiV95,WFON35NNBwwJ,0
journals/sigmod/AbelTK97,yK-yqVAiXekJ,1
conf/sigmod/ChaudhuriGGM03,m2ljBrZnFP0J,0
conf/sigmod/French95,giyDxQlh9UoJ,0
journals/sigmod/Ozsu02a,gpL3XXu5wTYJ,0
conf/sigmod/ShenoyHSBBS00,bzeGoTMOfjUJ,0
conf/sigmod/TsueiPK97,VnMV1TUo2BAJ,0
conf/vldb/KnorrN98,-XAi1EYsSJwJ,0
conf/vldb/Lesk94,-ykPoSQO3OUJ,0
conf/vldb/SistlaYH94,bDH4OmzDSLEJ,1
conf/vldb/Koch03,DlHay0icnj4J,0
conf/vldb/GilbertKMS02,CXXD8FE-zpIJ,0
journals/sigmod/Snodgrass99,Dy49PP9Z2XYJ,0
conf/vldb/BargaP95,uMcOOFSnvRMJ,1
conf/sigmod/ChristophidesCS00,7r22IbboXfwJ,0
conf/sigmod/RothAHCCFSTW96,2i9wDNdFZM8J,1
journals/sigmod/Liu03b,XNfFBF2SN0AJ,0
conf/vldb/CarusoCGLM00,Apb-M57JYT8J,0
journals/sigmod/CfP99,oQAElUUZDgEJ,0
conf/vldb/Brin95,Zu7zLc_BHDMJ,0
conf/vldb/DesslochM97,OY4EswVULVcJ,1
conf/sigmod/ReveszCKLLW00,E1lyWHgwZl4J,0
journals/vldb/EvangelidisS97,wTAABtALkFIJ,0
conf/sigmod/ChristophidesCM96,BtX5mdMhVUkJ,0
conf/sigmod/MattosM95,Xu0_3Tq8l4IJ,0
journals/tods/CliffordDIJS97,1XXrXRdYiFQJ,1
journals/vldb/MihailaRT02,8bcTG9YsbskJ,0
journals/vldb/AgrawalAJL95,url:http://www.ingentaconnect.com/content/els/09505849/2001/00000043/00000012/art00179,0
conf/sigmod/BerensonBGMOO95,XtWs5Jgf7s4J,0
conf/sigmod/DattaDRTV01,pBW-_SSAufAJ,0
conf/sigmod/DeutschFS99,VMYcbXrW7j4J,0
conf/vldb/Brin95,ficuvb1Q0aUJ,1
conf/sigmod/SzalayGTKMRSv02,P8SQPINQRHQJ,1
conf/sigmod/Colliat03,gBDSoVhbJ_IJ,0
conf/vldb/FlorescuHKLRWCSA03,31I5Tq8Wf9oJ,0
conf/vldb/GuptaHQ95,LX5NE9gekjcJ,0
conf/vldb/BalminPP00,cCpHMzAXRnsJ,0
conf/vldb/GarofalakisOS97,3p2a2ZKrCjcJ,1
conf/sigmod/HellersteinHW97,zQ7jYs2fvuQJ,0
conf/sigmod/Sahuguet01,xb63RaGQYmYJ,1
conf/vldb/KnorrN98,url:http://www.kluweronline.com/article.asp%3FPIPS%3D357651%26PDF%3D1,0
conf/vldb/LinLYZ03,0KbfJ6As_9sJ,0
journals/sigmod/SnodgrassHMOPRRWY98,DaqYbbCBxWEJ,0
conf/vldb/KriegelPS00,fj-pxOPEiugJ,0
conf/sigmod/GoldmanW00,qjQCXxZuamoJ,0
journals/tods/TaoP03,Nt1duJiCFRAJ,0
conf/sigmod/CranorJSS03,P3MRHpeuAGkJ,0
journals/sigmod/VenkatraoP95,kwTvs4gOn3QJ,0
conf/sigmod/JagadishLS99,0c0H4mqp2fYJ,0
journals/sigmod/DemersGRTY03,eEvZek727-8J,0
conf/vldb/ManolescuFKXO00,sSD8M_kYZAUJ,0
journals/tods/CasatiCPP99,GUxvtt9ItIkJ,0
conf/vldb/KornSFSP96,VL_cnRotMQcJ,1
journals/tods/SchuldtABS02,n3lZVH7uKwEJ,0
conf/vldb/AnandBH94,abF7hKUAoH8J,0
journals/sigmod/Mendelzon98,wkCQqDRaULcJ,0
conf/sigmod/Stonebraker98,Tpkccl5rvR0J,1
journals/vldb/Sciore94,YOyRyssWhvMJ,0
conf/vldb/GalhardasFSSS01,Z8jYTylZtkEJ,1
journals/sigmod/MotroA03,MlOVufIzJ-4J,0
conf/sigmod/TomasicABKNR97,1PuQnue1SHcJ,0
conf/sigmod/GorelikWD94,6FoQ3O3in1cJ,0
conf/sigmod/AdelbergGK95,5lndkzaUlpMJ,0
conf/vldb/Slutz98,DhvYWzzJbv8J,0
conf/sigmod/Brown99,mP23GLZoHOIJ,0
conf/vldb/DyresonBJ99,1b8c0LfNEQ8J,0
journals/sigmod/X94,HKpPOq2PqWoJ,0
conf/vldb/PereiraFLS00,RdyaPpGnNpwJ,0
journals/sigmod/GruenwaldBDGSSV99,UsGebdJhb8gJ,0
conf/sigmod/CohenM03,av-x5GdRSlEJ,0
conf/vldb/KeimH99,X057Cz_3y_YJ,0
conf/vldb/AbrolLMMMRTWZ01,arQIThq-W4gJ,0
journals/sigmod/FrankNS02,lufcOW16gCwJ,0
conf/sigmod/Mohan01,url:http://portal.acm.org/citation.cfm%3Fid%3D1065850.1065869,0
journals/sigmod/LeveneP02,Ekcv75G99TsJ,0
journals/sigmod/Kuijpers02,T8kDVGLC17wJ,0
conf/sigmod/MaratheS99,z6JEYoArZmsJ,1
journals/vldb/EyalM01,ntrSSBumclMJ,1
conf/vldb/CuiW01,ujvK-V06JrgJ,0
conf/vldb/CiacciaPZ97,q-qZWa6vF7EJ,1
conf/sigmod/BaumannDFRW98,vvzDPEAjgCQJ,0
conf/vldb/ChatziantoniouR97,NXTLhAPrkNYJ,0
conf/vldb/VenkataramanZ98,5jNwzR2cnnYJ,0
conf/vldb/GinisHKMT97,63XKDNdtzp8J,0
journals/sigmod/Stonebraker94,yuRYFQJZPg4J,0
conf/sigmod/KrollW94,9BpsXEy5d4UJ,0
conf/vldb/OlstonW00,Hvvf0AFgOEsJ,0
conf/sigmod/ChristophidesCM96,HMbFbVYcCuwJ,0
conf/sigmod/LahiriG01,jI5SfzUu_sQJ,0
conf/vldb/GraefeBC98,XmfZYgYA198J,0
conf/vldb/Vieille98,3TOqLeL1G64J,0
conf/vldb/GarofalakisI97,kQfBdkVA2pEJ,0
conf/sigmod/ChenZCKR01,q49c-IEX7N8J,1
journals/vldb/RamamrithamC96,4Uf5sjXgwhoJ,0
conf/vldb/ChristopheBPV00,s6cZ2WsERVcJ,0
conf/sigmod/LometT03,url:http://portal.acm.org/ft_gateway.cfm%3Fid%3D637435%26type%3Dpdf%26dl%3DGUIDE%26dl%3DACM%26CFID%3D11111111%26CFTOKEN%3D2222222,0
journals/sigmod/TianDCZ02,3WORGyBPzl8J,0
conf/vldb/BamfordBKM98,WoWfV5bBp2kJ,0
conf/vldb/ChakrabartiGRS00,KBL9tLDetWQJ,0
conf/sigmod/CeriFPP95,bAtOt0OvO_MJ,0
conf/vldb/ChengGKLLQS99,EPEh8ucC_ogJ,0
conf/vldb/StillgerLMK01,xgK6t4_WoNwJ,0
journals/sigmod/Ozsu01a,_jgnDEx9DaEJ,0
journals/sigmod/GerlhofKM96,-likFk7bFjkJ,0
conf/vldb/BaralisW94,vNqMD9z2FicJ,0
journals/tods/MamoulisP01,9OEjtHuRUzsJ,0
conf/vldb/SetzerZ94,PYr9gXC-mE4J,0
journals/vldb/SteinbrunnMK97,9a4EQCYpxW0J,0
conf/sigmod/Bayardo98,j02hJoo8Nx8J,0
journals/tods/ZobelMR98,tdDLf6RffisJ,1
conf/vldb/Toivonen96,5P9MMror9I4J,0
journals/sigmod/Liu02,htHOFqNqW1wJ,0
journals/sigmod/BernsteinBCDFGGHHJLMNPSU98,kAF15fIKHRUJ,1
conf/sigmod/Bussler01,UYIeOe280OwJ,1
conf/vldb/RamanRH99,url:http://doi.wiley.com/10.1002/tl.177,0
journals/tods/GoldmanL94,_79CET6wReMJ,0
conf/vldb/KamelF94,kUIPiVP04s8J,0
journals/tods/Keen97,p-SMV4s3e4QJ,0
journals/sigmod/Kim99,1DFoSvqtFgQJ,0
journals/vldb/CliftonGB95,YkIvdNOC64cJ,1
conf/sigmod/GatziuGD95,jC39CJrWKr8J,1
journals/tods/Chomicki03,L4pka08fgEIJ,0
conf/sigmod/Aggarwal03,ziXpcCxvcWcJ,0
journals/vldb/C95a,TRWSf77xoWsJ,0
journals/sigmod/Liu01,0vNFz6G0GcwJ,0
conf/vldb/ZhangL97,X0YMXa82tGkJ,0
conf/vldb/ShethKMWDLPLS96,lXdmgHaXwU4J,0
conf/vldb/NgH94,YMluKoJrxMcJ,1
journals/sigmod/Mani03,U0O-mM0eMwMJ,0
conf/vldb/CochranePM96,NRLEnDsPlOkJ,1
conf/vldb/MillinerBP95,-j3VGL4CUiMJ,0
conf/vldb/BohlenSS96,gcoLSYEk0HIJ,1
journals/sigmod/TanK03,uaNApwFeU5sJ,0
journals/sigmod/MeltonE01,MsSiFPr13kEJ,0
conf/vldb/BrownG01,gPZ5l8FiZQYJ,0
conf/sigmod/LiskovACDGGMMS96,ZME-2oXyw9oJ,0
conf/vldb/BerckenSW97,95CUgaqvglwJ,0
conf/sigmod/Blakeley96,jQ6eIao6R0EJ,1
journals/vldb/AmielBDS96,r5g1eAkD4tsJ,0
journals/vldb/PottingerH01,mpnnRdFUUJQJ,1
conf/sigmod/AgrawalK03,rBBt071Uf-oJ,0
journals/sigmod/Kumar03,PsF6ckXKAnUJ,0
conf/sigmod/MohanN94,v05yopNpax8J,0
conf/vldb/NinkHR99,njiUao7nGHYJ,0
conf/vldb/CareyK98,BAxOQQakzN4J,0
conf/sigmod/KornJF97,o5T-Jfvv930J,1
conf/vldb/Sullivan96,zGRQ_2im_9MJ,1
journals/sigmod/Grohe02,-1WOSB2Ab4AJ,0
conf/vldb/PantiSG00,Rg4FqDKmWOIJ,0
conf/vldb/RezendeS98,k4qiFxS3ifMJ,0
journals/sigmod/RashidS00,O0nhW5Xc89sJ,0
conf/vldb/AdiBEY00,xJFEp9CBJEoJ,0
conf/vldb/PapadiasTS03,WY7FY9G-XK8J,0
conf/sigmod/BrinMUT97,44vy6Pgxr0gJ,0
conf/vldb/Klots96,dTORuW_9YRoJ,1
journals/vldb/FerrariAABC02,WbxDoaNKF14J,0
journals/vldb/BalkirO98,yUeE5InwQFAJ,0
conf/vldb/ChakrabartiGRS00,jszge3vBLGEJ,0
conf/sigmod/ChanI99,oADIqaQRN3kJ,0
conf/sigmod/ChaudhuriGS03,url:http://portal.acm.org/ft_gateway.cfm%3Fid%3D1086231%26type%3Dpdf,0
conf/vldb/AgrawalS94,dIJz9ztUDx8J,0
journals/vldb/KemperK95,kxIpDxLD46gJ,0
conf/vldb/ManegoldBK00,JgdpgBpMDr4J,1
conf/sigmod/LlirbatFS97,cnPWkBgCtRYJ,0
conf/vldb/DeenJNNW00,CsefaaL--RIJ,0
journals/sigmod/Franklin97b,o1jE4nnSZaAJ,0
conf/sigmod/FungSG02,VBMXtqOW_EUJ,0
conf/sigmod/SagonasSW94a,url:http://portal.acm.org/citation.cfm%3Fid%3D1101149.1101376,0
conf/sigmod/IoannidisP95,ScvI0Zt7MnAJ,0
conf/vldb/SistlaYH94,BmGjXgftggcJ,0
conf/sigmod/Squire95,YiAXPnIRAecJ,0
journals/sigmod/NobleS95,url:http://www.springerlink.com/index/J6784072L0Q60318.pdf,0
journals/sigmod/BurtonM98,2a5M1qot3TQJ,0
conf/vldb/HoelS95,JAPvWG1AzrQJ,0
journals/vldb/BarbaraI95,gyC0D8oJbQMJ,1
conf/vldb/PellenkoftLK97,vj7D-Usr_McJ,0
conf/sigmod/RoussopoulosKR97,xrMwgb323d0J,0
conf/sigmod/ChenGMV02,TaGSOeKOx00J,0
conf/sigmod/Shasha97,NAEXopAjYrEJ,0
conf/vldb/MogiK95,asCouJkDdI0J,0
journals/sigmod/Qian95,Y541R5IJ5xgJ,0
journals/sigmod/AshishK97,xhXJfYv1MPwJ,1
journals/sigmod/JukicV97,yZbJS0Cd6cAJ,1
conf/vldb/Sarawagi00,url:http://ieeexplore.ieee.org/iel5/9217/29235/01320054.pdf%3Farnumber%3D1320054,0
conf/vldb/CareyD96,5xe-dQqXfI8J,1
journals/sigmod/StolfoLCFE01,1YMxfhO3J6YJ,0
journals/sigmod/Chen94,OQdoLHJoz88J,0
conf/sigmod/MeccaAMMS98,-CqixzybNgUJ,0
conf/vldb/BrodieC99,rPKfr4bbSxUJ,0
journals/sigmod/PalpanasPKG03,Iq8hU-evmWYJ,0
journals/sigmod/GerlaX03,d8YdFlQwGdkJ,0
journals/vldb/MedjahedBBNE03,vtVf3hshlVIJ,1
conf/vldb/AgrawalK02,4weou-KgkM8J,1
journals/sigmod/Konig-RiesL97,4psNMsnB0ZwJ,0
conf/vldb/Sarawagi95,d6UObZu9IUgJ,0
journals/sigmod/Chang03,1gz6awAKaR8J,0
conf/sigmod/ChenRW02,w3pvKnVtD9EJ,0
conf/vldb/KemperKW99,pAIleFSqDnoJ,0
conf/vldb/BohlenSS96,aAhEajm5QHIJ,0
journals/sigmod/Aggarwal01,dg9JT36pot8J,0
journals/sigmod/MalaikaEM03,r9u7B_AxhCIJ,0
conf/sigmod/BhattacharyaMBNHS02,tsQbSCfQTooJ,1
conf/sigmod/BarbaraI94,XfvqAOX1qo4J,1
journals/sigmod/Liu03,PC7YHu72B8YJ,0
conf/vldb/SenkulKT02,JslTGTsvXsQJ,0
conf/sigmod/BorkarDS01,Uvt3hOdoBzUJ,0
conf/sigmod/NestorovAM98,YFG07hDol7QJ,0
conf/vldb/Gibbons01,YekLDieMAPgJ,0
journals/sigmod/Baeza-YatesN96,BzZbvP23pRQJ,0
conf/vldb/AbrolLMMMRTWZ01,KQJW4bzA8coJ,0
conf/vldb/AlonsoHST97,iRJV85kKVgwJ,1
conf/vldb/ZhouS03,jSUCj8fjBy0J,0
conf/vldb/FuhDCMTLDRM99,url:http://www.ncbi.nlm.nih.gov/entrez/query.fcgi%3Fcmd%3DRetrieve%26db%3DPubMed%26list_uids%3D372293%26dopt%3DCitation,0
conf/sigmod/KoudasS97,JOqjvVS98-sJ,0
journals/sigmod/Konig-RiesMMPPRSVW02,s6EfjBMbUb4J,1
conf/vldb/BergerBSW03,X0YMXa82tGkJ,0
journals/sigmod/AnyanwuS02,EDJr1RonNwkJ,0
conf/vldb/SteenhagenABB94,6ZalsiGkLeYJ,0
conf/vldb/ReuterCGSW95,RZSGE-NoEj8J,0
journals/tods/CliffordDIJS97,sflWMxkOH2cJ,1
journals/vldb/Guting94,NE_HjaA2eAAJ,1
journals/tods/Wijsen99,RQxiPZxZEaoJ,0
conf/sigmod/GuhaRS98,H7UayPkDxRQJ,1
conf/vldb/RamasamyPNK00,NDspzcoyo40J,0
journals/tods/MokNE96,fuI3EiySDjwJ,0
conf/sigmod/AcharyaGPR99a,mh2Lc6l9gwAJ,0
conf/vldb/SkubiszewskiV97,zzg3KI_fyyIJ,0
conf/vldb/ChirkovaHS01,VKXz-5IHZP8J,0
conf/sigmod/HellersteinW02,607zYHvAX-0J,0
conf/sigmod/ChaudhuriN98,ZhS0_s2Ux9UJ,0
conf/vldb/ChristopheBPV00,dMzBLOYl70UJ,0
journals/sigmod/Liu02b,3Lzo6p8X-n4J,0
conf/sigmod/GuoSBS03,v1DF2tTFJpsJ,0
conf/sigmod/WhiteCF98,url:http://portal.acm.org/ft_gateway.cfm%3Fid%3D276355%26type%3Dpdf%26dl%3DGUIDE%26dl%3DACM%26CFID%3D11111111%26CFTOKEN%3D2222222,1
conf/sigmod/KornMZ03,XRyTe1s4ozwJ,0
journals/vldb/ChienTZ02,j4wcclZqY0oJ,1
conf/vldb/SeshadriLR96,url:http://portal.acm.org/citation.cfm%3Fid%3D54176.54178,0
conf/sigmod/BressanGFJHKLMPQSS97,zb_U0Fz5Q68J,0
journals/tods/ChomickiTB01,url:http://www.csa.com/partners/viewrecord.php%3Frequester%3Dgs%26collection%3DTRD%26recid%3DN9210484AH,0
conf/sigmod/RiedewaldAA02,THZkNzcIhk4J,0
conf/sigmod/JonssonFS98,PMERoS33iCkJ,0
conf/sigmod/ShanmugasundaramNSR99,qjwy38hCaMgJ,0
journals/sigmod/CeriFP99,HB6tuqdyBEgJ,0
conf/vldb/ChatziantoniouR97,zvz7SoZiLOwJ,0
journals/sigmod/RiekertMW97,url:http://www.csa.com/partners/viewrecord.php%3Frequester%3Dgs%26collection%3DTRD%26recid%3DN9210460AH,0
journals/sigmod/ShinM94,XBxtfhCcYRkJ,0
conf/sigmod/DoanDH01,j1H2230BUdcJ,0
journals/sigmod/Winslett94,5lGBYB0q8ooJ,0
conf/sigmod/RaoR98,url:http://ieeexplore.ieee.org/xpl/abs_free.jsp%3FarNumber%3D1316835,0
conf/sigmod/Gerber95,x5pxS-wlrtwJ,0
conf/sigmod/AdelbergGK95,Ni7lXwQh72MJ,0
conf/sigmod/AndersonBKW98,zabWzVjkZNYJ,1
conf/sigmod/Mohan96,Ns71H6psQOgJ,0
journals/tods/FukudaMMT01,NsHMlZXjs2QJ,0
journals/sigmod/ZobelMR96,aFR5JQquCFMJ,0
conf/sigmod/Kulkarni94,Jk0wF8HRMmMJ,0
conf/vldb/LeeWMS02,KssMAmcO9ZgJ,0
journals/sigmod/KambhampatiK03,0R8bwbN9TCcJ,0
conf/sigmod/SismanisDRK02,jWYN61BbsbMJ,0
journals/sigmod/ChengP03,V-DgKmocoUIJ,0
journals/sigmod/Aberer03d,APxKSU2Nt98J,0
conf/sigmod/BabcockO03,o_5wdZQwQSMJ,0
conf/vldb/KarayannidisTSPMRFEB02,url:http://www.springerlink.com/index/Q4G405N136278G44.pdf,0
conf/vldb/BalminPP00,JT-Ip6O-FrEJ,0
journals/sigmod/Date03,H8pM5jnY_KMJ,0
conf/vldb/GeorgeH98,tXIa-wva-HgJ,0
journals/vldb/KraissW98,lZoBe4ggtOcJ,0
conf/vldb/ChenDZ03,cCpHMzAXRnsJ,1
conf/vldb/DiaoF03,uQJtnooLsrMJ,0
journals/sigmod/BichlerSZ98,HONDRCTAqfwJ,0
journals/sigmod/FlorescuLM98,ywQwkD1ov7IJ,1
journals/sigmod/Aberer03d,Ggx0qwtZnlkJ,0
journals/tods/FormicaGM98,Tx-YrdLDYMQJ,0
journals/vldb/GeorgeH00,url:http://portal.acm.org/ft_gateway.cfm%3Fid%3D1027693%26type%3Dpdf,0
journals/sigmod/MeersmanS02,iSy2-ikC3SoJ,0
conf/vldb/Bayer95,W3l3pQ62_YMJ,1
conf/sigmod/VanceM96,hAP-9J7Zw0QJ,0
conf/sigmod/ShivakumarG97,BDq4Sa_5yHoJ,0
journals/sigmod/GlavitschSW94,uecPMcj6YD8J,0
conf/vldb/ChatziantoniouR96,EQzde0C0Gt8J,0
conf/sigmod/AdaliCPS96,_CkpzhLiR30J,1
conf/sigmod/GibbsBT94,sZifEczLuOUJ,1
conf/vldb/DarEGP98,mCeRZMYFJ1QJ,0
conf/vldb/AmsalegFG95,XRTrTxnxvdYJ,1
conf/sigmod/HammerGIPUW95,ylzKvQxmX7cJ,1
conf/vldb/ChakravarthyKAK94,CvQObiGf3FQJ,0
conf/vldb/CowleyP00,1CRXpyjMct8J,0
conf/vldb/IshikawaSF98,rFdqdXVhLooJ,0
conf/vldb/SavasereON95,PEoFyjLVBHkJ,0
conf/sigmod/MelnikRB03,bkpTodGryDAJ,1
conf/vldb/ShahDR03,HGJu1Uyq-OcJ,1
journals/sigmod/VassiliadisS99,cvchvz9-m_oJ,0
journals/sigmod/Dogac98,diQK7Y_z3XwJ,1
conf/vldb/YangG01,SuPC457J-a0J,0
conf/sigmod/Dyreson03,EavojcYNrRwJ,0
conf/vldb/JagadishKNS99,Kp1m0J_DZk4J,0
conf/vldb/FukudaMMT96,COJZTTWkBxYJ,0
conf/vldb/AgrawalS94,cIJQ0qxrkMIJ,1
journals/sigmod/Snodgrass02b,XM8b5yfRGBAJ,0
conf/vldb/KilgerM94,OzgnxugGCWMJ,1
conf/sigmod/BunemanDHS96,Wo7In8pIWJ4J,1
conf/vldb/WildfogelY97,mUfYQxGdGKQJ,0
journals/sigmod/Liu03,1954luDGlaQJ,0
conf/sigmod/ChaudhuriMN98,a5kWURMYg38J,0
conf/sigmod/Ramakrishnan00,wUSjxGy2EBsJ,0
conf/vldb/ShegalovWBL02,CzVyfZe-kj0J,1
journals/tods/KrishnakumarB94,17P_bc6z3l0J,0
conf/sigmod/GotoK03,url:http://portal.acm.org/ft_gateway.cfm%3Fid%3D872837%26type%3Dpdf%26dl%3Dportal%26dl%3DACM%26CFID%3D11111111%26CFTOKEN%3D2222222,1
conf/sigmod/KriegelBKPS03,url:http://www.csa.com/partners/viewrecord.php%3Frequester%3Dgs%26collection%3DTRD%26recid%3D200111010704MT%26recid%3DA0032635AH,0
journals/tods/WandSW99,nrEQsOAiE44J,1
conf/sigmod/SeshadriP97,IZSzLlgi8tUJ,0
conf/vldb/Sacks-Davis96,_xXKq6Oy_PQJ,0
journals/sigmod/Hanna95,29btu5OspbAJ,1
conf/vldb/SeligmanBNSW95,Vv4Sr_13IcsJ,0
conf/vldb/FlescaFM03,pKzV9ycLygEJ,0
conf/sigmod/AgrawalCFGHIIMMSS94,tBzEWnB2FeAJ,0
conf/vldb/ZemankovaI94,3Uk8hebrIzUJ,0
conf/vldb/FaloutsosJS97,TyxKh_eSfCIJ,1
journals/vldb/TenienteO95,VlGdEYA2bJ4J,0
conf/sigmod/ChaudhuriMN99,SdxrKiefuT4J,0
conf/sigmod/Gray95,auCDcwdU6YYJ,0
conf/vldb/GoldsteinR00,b4DONIkIBF8J,0
conf/vldb/RamsakMFZEB00,rhuqpAE4LUoJ,0
conf/sigmod/BrinMS97,8lXFBFjOv24J,0
journals/sigmod/AdelbergKG96,yTgGdTJN_W4J,0
conf/sigmod/KimCK01,WjgaJI2ts2cJ,0
conf/vldb/RezendeH98,T-yAoXhEf58J,0
journals/sigmod/SouzaS99,7zVBbUC9apYJ,0
journals/tods/TariSS97,FsCEAexcgkEJ,0
conf/vldb/Koch03,LTN7pY1dcWgJ,0
conf/vldb/GravanoG95,zbJYyUhl2cIJ,1
journals/sigmod/GriffinK98,3AHeG3BIHqIJ,0
conf/vldb/HelmerWM98,9NxLn4wNB5cJ,0
conf/sigmod/PiatkoYLS96,eIyAXNDXEWgJ,0
journals/sigmod/GottlobKP03a,dzzXzR0ssFwJ,0
conf/vldb/RossS97,mrH-8zANwLwJ,1
conf/vldb/PoosalaI97,zHCrzBCoweAJ,0
journals/sigmod/Cingil02,zlzbzGALJAIJ,0
conf/sigmod/Team02,1ZQKjsdm1U8J,0
journals/tods/MuralidharS99,p-RhA9nWxAQJ,0
journals/tods/BertinoBFS98,BTIrFatQWQsJ,1
conf/vldb/KilgerM94,XTchuhXdDTcJ,0
conf/sigmod/ChenJDTW00,fg5EE6R7xYwJ,1
conf/sigmod/SeshadriHPLRSSS96,5JCyeyEA280J,0
conf/sigmod/KriegelBKPS03,tsqBH6P4jMcJ,1
journals/sigmod/CheungF98,ocl-2Cor_6MJ,0
conf/vldb/GionisIM99,H182QsVlt7oJ,0
journals/sigmod/Kumar03,T3y7RiO95nUJ,0
conf/vldb/HalversonBKKRTVWND03,zw3-t-veNvAJ,0
conf/vldb/YagoubFIV00a,I1WZeEpdwJYJ,0
conf/vldb/Klots96,3IG2Rj8NgFIJ,0
conf/sigmod/LakhamrajuRSS00,DakOA4Ew-poJ,0
conf/sigmod/BohmBKK01,ZCuKB7JBMu4J,0
conf/vldb/Jacobs97,ZUExgNSuyp8J,0
journals/sigmod/Gal99,mOsVdVKwhjwJ,1
conf/vldb/HoskingC99,dRE5P-Xgsm0J,0
journals/sigmod/SureSS02,url:http://portal.acm.org/ft_gateway.cfm%3Fid%3D1083643%26type%3Dpdf,0
journals/sigmod/Bernstein01,NOxwIYFH-iEJ,0
conf/vldb/SkubiszewskiV97,6mJlBqNj7CkJ,0
journals/sigmod/AshishK97,QIFtuABMQdgJ,0
conf/sigmod/CherniackZ98,9DSAG8ujUAMJ,0
conf/vldb/GarofalakisI97,cQHYzQEmpzsJ,0
conf/sigmod/AcharyaGP00,spZLISzXKtQJ,0
journals/tods/GraefeC95,9V45-LFYZAoJ,0
conf/vldb/Kleewein96,PRwfAc5npdAJ,0
conf/sigmod/StonebrakerH01,-IsKQcTBYi4J,1
conf/vldb/GantiLR00,url:http://www.csa.com/partners/viewrecord.php%3Frequester%3Dgs%26collection%3DTRD%26recid%3DA8622925AH,0
journals/sigmod/KannanKIK03,J_1hjd8gijEJ,0
conf/vldb/BernsteinHJRW00,0HqTsg3Fcr8J,0
conf/sigmod/WangTYGWP02,NvA8nmQT7ToJ,0
journals/tods/LakshmananLRS97,NTKzMxgJDNwJ,0
conf/vldb/ManolescuFK01,YFvFi7FRvEwJ,0
conf/sigmod/TaoP02,VyYX5h5NDEUJ,0
conf/sigmod/RamakrishnanD98,_pAcjtd1nbEJ,0
conf/sigmod/GodfreySE98,L1IBwD8w1G0J,0
journals/sigmod/MeltzerC98,XygwIpvPoXMJ,0
journals/sigmod/KokkotosIPS95,KJWGQQ4kZ4YJ,0
conf/sigmod/Kennamer98,SHY1VVWKXJ8J,0
journals/sigmod/HalkidiBV02,-a45j4zR_L8J,0
journals/tods/Snodgrass01,J4IElEOuu4cJ,0
conf/sigmod/SistlaW95,mzEHvKsUv5QJ,0
conf/vldb/GallersdorferN95,JDyVpQ19WnoJ,0
conf/sigmod/SzalayGTKMRSv02,1tKWKmyczaYJ,1
journals/tods/EiterLLS01,_tqrvz95SvoJ,0
journals/vldb/BenzakenD95,1xxRTUP64bwJ,0
conf/vldb/Sullivan96,no6py2aFx1QJ,0
conf/vldb/KumarKA97,8idVDYOrXV0J,0
conf/sigmod/Mohan01,g2m7Obr_8ZkJ,0
conf/sigmod/ChenGM01,Q6LSujzciOsJ,0
journals/sigmod/MeersmanS02,mVUz-dIo-MoJ,0
conf/vldb/ChoenniV00,uqh6Sfc5428J,0
conf/sigmod/GoldmanW00,lfZOgsfDvhcJ,0
conf/vldb/MeoPC96,yngFPaUA_jcJ,0
conf/sigmod/ZhouR02,wkusJs8kbloJ,0
conf/vldb/HuangJR97,U9EH7LJjRwAJ,0
conf/vldb/VelegrakisMP03,JYQUV-XahekJ,1
conf/vldb/Mohan96,ng7iUWmnC10J,0
conf/sigmod/MattosM95,QTzuiNlMnR4J,0
journals/sigmod/ShethGJRSWW96,bjAakjngdWsJ,0
conf/vldb/OzdenBRS94,DZ9bjjJVU64J,1
conf/vldb/ChaudhuriG99,l-Sn0enuHxkJ,1
conf/sigmod/BaumannDFRW98,wsjjM49GGFIJ,0
conf/sigmod/CareyFZ94,AoVZJ8ExSN4J,0
conf/vldb/BohannonGKNS02,anF_41YcdEEJ,0
conf/vldb/MorimotoFMTY98,9ZZUMEt53K4J,0
conf/sigmod/CohenM03,yfhH44XUTUgJ,0
journals/sigmod/SilberschatzZ97,qmRmn_FF5R4J,0
journals/sigmod/ArenasKKKMM03,url:http://www.csa.com/partners/viewrecord.php%3Frequester%3Dgs%26collection%3DTRD%26recid%3DN9210554AH,0
journals/sigmod/Winslett01,GU1B3LSbkTIJ,0
conf/sigmod/HaasH99,UHF2uPETWC8J,1
conf/sigmod/ZhouR02,oOgWb7UHv5oJ,0
journals/vldb/ApersCS02,url:http://www.springerlink.com/index/5G6L5CVD7NA9HCJJ.pdf,1
conf/sigmod/LiBCS00,Pk09A5EmsOoJ,0
conf/sigmod/SagonasSW94a,url:http://portal.acm.org/citation.cfm%3Fid%3D109094.109103,0
conf/sigmod/KangN03,QD5WblbziN4J,0
conf/vldb/ShaferAM96,KozcZBpyZgQJ,0
journals/sigmod/Snodgrass97a,uUyuXiLdvJsJ,0
journals/vldb/BunemanFS00,BScHRjlK9coJ,0
conf/sigmod/NgWY01,1tJOifEKx3gJ,0
journals/sigmod/MeltonE01,Vttt5_WDBT4J,0
conf/sigmod/GrumbachRS98,url:http://portal.acm.org/ft_gateway.cfm%3Fid%3D1066243%26type%3Dpdf,0
conf/sigmod/IoannidisP95,BtqkT9LgtBQJ,0
conf/sigmod/ChooOLCGBPS96,nKP9Hgh3RzYJ,0
conf/vldb/Vaskevitch95,n7HOFw33OmUJ,0
journals/sigmod/MukhopadhyayGS03,url:http://portal.acm.org/ft_gateway.cfm%3Fid%3D776989%26type%3Dpdf%26dl%3DGUIDE%26dl%3DACM%26CFID%3D11111111%26CFTOKEN%3D2222222,1
journals/sigmod/DogacDATKCD98,ag2yenuSdCAJ,0
conf/vldb/WuYCT95,tgQCPoTLSoEJ,0
conf/vldb/PantiSG00,xeKFPGopQLIJ,0
conf/vldb/GraefeBC98,v-kvo2hnsgkJ,1
journals/sigmod/JensenCEGHJ94,oU8AxZLXWpQJ,1
conf/sigmod/GravanoCGP97,kP_3CPsPGP0J,0
conf/sigmod/AvnurHLORRRW98,BGmkBd8ktJAJ,0
conf/vldb/LeeWMS02,O4SujR2iJagJ,0
conf/vldb/Shenker03,e4YeA3IWjgYJ,0
journals/tods/WolfsonJH97,GKWyjdAXR7sJ,0
journals/sigmod/BarclayBGS94,eOKMhy-ocsgJ,0
conf/vldb/ChanFFGR02,VefrIRnp95EJ,0
conf/sigmod/RadekeBBEKKN95,Tkq6NymsVxsJ,1
journals/sigmod/NejdlSS03,url:http://portal.acm.org/citation.cfm%3Fid%3D234286.1057817,0
journals/sigmod/ConradHHKRSS99,url:http://portal.acm.org/ft_gateway.cfm%3Fid%3D333608%26type%3Dpdf%26dl%3DGUIDE%26dl%3DACM%26CFID%3D11111111%26CFTOKEN%3D2222222,1
conf/vldb/MorimotoIM97,kGB3pezWy-MJ,1
conf/sigmod/AdiBEY01,XTr47JYrfjEJ,0
conf/sigmod/CallanCD99,1AAW4pTmOuUJ,0
conf/sigmod/LitwinS00,w9dSqojWgDAJ,1
conf/sigmod/CatarciS01,FynPt3sL7f8J,0
conf/vldb/HasanM95,0grY-Lst84sJ,0
conf/vldb/BonczRK98,JnuY569UloEJ,0
conf/sigmod/Ivinskis95,l2QtaZxtBZYJ,0
journals/vldb/WhangKW94,u_-sCp9jX6oJ,0
conf/sigmod/GangulyGMS96,KDT5ORbZ0UoJ,0
conf/sigmod/ChaudhuriG96,-pVLCj_PchAJ,0
conf/sigmod/DeligiannakisR03,XnI0P7c1esMJ,0
conf/sigmod/Toyama98,c6uhRzf-K58J,0
journals/sigmod/GunopulosK01,EBwJ4PBitzIJ,0
conf/sigmod/Han96,-BSN5v08UW0J,0
journals/sigmod/YeungHL94,her5b6Yz_HYJ,0
journals/sigmod/Wedekind94,url:http://portal.acm.org/ft_gateway.cfm%3Fid%3D122057%26type%3Dpdf,0
conf/vldb/FangSGMU98,gKdxwCWE4ssJ,0
conf/sigmod/ChenWZ98,bgLODoV0NNsJ,0
conf/vldb/OuzzaniAB94,9taALUJaH28J,0
conf/vldb/HalversonBKKRTVWND03,jBPsr_oAEaoJ,0
journals/vldb/MylopoulosCPST96,aBLP_rLMmuEJ,0
conf/vldb/MorimotoIM97,LjrsWIr3rhAJ,0
journals/sigmod/Widom96a,tVcdOs_e7bQJ,0
journals/sigmod/Ritter98,wCI-n7r156gJ,0
journals/tods/Kuo96,-eW30qsSv1gJ,0
conf/vldb/LuoNEW03,url:http://www.csa.com/partners/viewrecord.php%3Frequester%3Dgs%26collection%3DTRD%26recid%3D1568251CI,0
journals/tods/PetersO97,39m5BLDo1zYJ,0
conf/vldb/GuPS00,T3Zm8WKD_FYJ,0
conf/sigmod/AnkerstBKS99,Hj3vyh0TJVsJ,1
conf/sigmod/ShahC01,url:http://www.ingentaconnect.com/content/els/09505849/1997/00000039/00000004/art01141,0
journals/sigmod/RafanelliBT96,pgFtmYV6J-AJ,0
journals/sigmod/GroskyFS94,n5MVJf7oo1wJ,0
conf/vldb/KossmannRR02,iuH1y5tciagJ,0
conf/vldb/JaedickeM99,zh6yaOX2xiQJ,1
conf/sigmod/Team95a,L4pQjqswNCcJ,0
conf/vldb/NgY94,url:http://doi.wiley.com/10.1002/he.10710,0
journals/sigmod/EnglertGH95,x-Cu6QKAyK0J,0
journals/vldb/BerendtS00,IGKTKUiS42MJ,0
conf/sigmod/LiC95,F0dJMWq54D8J,0
conf/vldb/MuthOPW98,adKfa7NlHqsJ,0
conf/sigmod/WangPFY03,lNOI5c435a4J,0
conf/sigmod/DeutschFS99,SOZI3XABQ98J,0
conf/vldb/KumarRRT99,1xbD4ssSjjUJ,1
journals/tods/GuoSW96,QyQy9JidLnEJ,0
journals/vldb/RamakrishnanSSS94,hLC8gnHiREAJ,0
journals/tods/DyresonS98,MVll2WfdIxQJ,0
journals/sigmod/Qian95,Rwf_lfnp6p8J,0
journals/sigmod/LiefkeS00,8hKLiZyKMLoJ,0
conf/vldb/LuTD95,FGIi_OxEGV0J,0
journals/sigmod/YuenCLL00,_Zjjo83dD3QJ,0
journals/sigmod/ChienTZ01,1QvhrpZ7KBgJ,0
conf/vldb/SrivastavaDJL96,01ZVDudF4WAJ,1
conf/vldb/Korth95,9hfXkFTZz0kJ,0
conf/vldb/MorimotoFMTY98,O1mquSvgAzUJ,0
conf/vldb/ZirintsisKM99,jalDTsD-iygJ,0
conf/vldb/Banerjee00,nU-vwPdAdPMJ,0
conf/sigmod/RoussopoulosKR97,ov7TCV7saEYJ,0
conf/vldb/ZimbraoS98,url:http://pubs.acs.org/cgi-bin/abstract.cgi/achre4/2005/38/i08/abs/ar030267d.html,0
conf/vldb/IwerksSS03,cqy5y4G4PlMJ,0
conf/vldb/Sarawagi99,WN20amCWUNwJ,0
conf/vldb/ChatziantoniouR97,M62d7G2NFQ0J,0
journals/vldb/GibsonKR00,vJLFK_aCZMsJ,0
conf/vldb/GarofalakisIO98,pzmTeD6SFSAJ,0
conf/vldb/GarofalakisI97,XixyrnBTby4J,0
conf/sigmod/WhiteD95,bSPByXIoElcJ,0
conf/vldb/BrownS95,i19JlLyXAJAJ,0
conf/vldb/HellersteinNP95,S6TmnZKgmxwJ,0
conf/sigmod/CatarciS01,n0VJFENx8I0J,0
conf/vldb/MiningGroup96,76s19lz839cJ,0
conf/vldb/HaasKWY97,ZQG-8D6v7BoJ,1
journals/vldb/KieslingSSD94,H4jqslIC-TsJ,0
journals/sigmod/Ritter98,F21orUrAutMJ,0
conf/vldb/GardarinGT96,XY58d3ql2AAJ,0
conf/sigmod/YangWYH02,ljmFQ5yGtGMJ,0
conf/sigmod/CruzJ99,w9je55hjOlwJ,0
journals/tods/Kim94,Ih4Lj8MKQA0J,0
conf/vldb/BaumannFRW97,7BgXVuviUvoJ,1
journals/tods/Hellerstein98,5DLWZXOUygQJ,0
journals/sigmod/Neven02,vVaPsYxpeFoJ,0
journals/sigmod/Cingil02,dWpRSS0UJYAJ,0
conf/sigmod/KornackerSH98,6Mc5nNy96z4J,0
journals/sigmod/Aggarwal01,Lcbk3FW2wDQJ,0
conf/vldb/PoosalaI96,url:http://links.jstor.org/sici%3Fsici%3D0146-4949(196423)5%253A3%253C222%253ATCOTSJ%253E2.0.CO%253B2-Z,0
journals/sigmod/MusickC99,yqGEkX3O_UUJ,0
conf/sigmod/Aggarwal02,bxCpPtGhDFoJ,0
conf/vldb/KoudasS03,F0VufxHFRP8J,1
conf/vldb/TengCY03,o1I3nxQAo4AJ,0
conf/sigmod/ShatdalN95,yMHSEdOVgNwJ,0
conf/sigmod/ParkKKLPC98,aepGxosl6YoJ,1
journals/vldb/ChuIT94,94K_DRRmP30J,0
conf/vldb/AgrawalS94,RiQ-W5K0n6YJ,1
journals/sigmod/Stonebraker94,ehSjmvsHTmMJ,0
conf/vldb/PolyzotisG02,krAZ7iDMEOQJ,1
conf/sigmod/LiVCAHMWBCHIKSS99,anq42mzifWMJ,0
journals/sigmod/YeungHL94,oUOuTMrB0esJ,0
journals/sigmod/Aberer02a,WkWQrCf25mYJ,0
conf/sigmod/McIverK94,LMV_K5t2am0J,1
conf/sigmod/ChaudhuriN98,eHM4OCdJA9YJ,1
journals/vldb/MedjahedBE03,6d7xgwH1BngJ,0
journals/sigmod/BernsteinHP00,USuAbBNDOyAJ,0
journals/tods/GuoSW96,JeCmeTnvGggJ,0
conf/sigmod/GillmannWSWW00,J3GyMdBBrNoJ,0
journals/sigmod/Loeffen94,jFNkGh68g6EJ,1
journals/sigmod/DogacDATKCD98,vG5FK8BJkZgJ,1
conf/sigmod/FaloutsosSTT00,F3LH7E2eogcJ,0
conf/sigmod/CarinoKKB01,uocA-QyNVk8J,0
journals/sigmod/Lomet01,gyPwIEnKIC0J,0
conf/vldb/Raghavan96,gwAMZkreAeoJ,0
journals/sigmod/Winslett01,m2Mf-4BgLP4J,1
journals/sigmod/HasanMV96,bLbjFFkQJdIJ,1
journals/sigmod/Seshadri98,url:http://ieeexplore.ieee.org/iel2/3038/8631/00379921.pdf%3Farnumber%3D379921,0
conf/vldb/MuntzR94,url:http://doi.wiley.com/10.1002/tl.172,0
conf/vldb/NipplM98,luw5euo-eqsJ,0
journals/sigmod/PapianiWDN99,rwqLYy3YROIJ,0
conf/vldb/OhuraTPK02,at6dMZYEmDMJ,0
conf/sigmod/Ballinger94,WkXM8o_flrEJ,0
conf/sigmod/GingrasLSPS97,hlbdfqaXdkAJ,1
conf/sigmod/GunopulosKTD00,x8HOWLv0yB4J,0
conf/vldb/ChienVZTZ02,gqehj3-ukjIJ,0
journals/sigmod/Wiegand02,E7cKUUkwc1kJ,0
journals/tods/ZobelMR98,XmX74R-OfzAJ,0
conf/vldb/KamelF94,muKlf55WLCoJ,0
journals/vldb/BonczK99,CmFWeEJdWooJ,0
conf/vldb/GarofalakisRS99,GsJXb7UlwPMJ,0
conf/sigmod/LeeKOTM00,ZKJWThgUBB0J,0
conf/vldb/SrikantA95,uV2jIaEkuksJ,0
conf/vldb/PetrovicBJ03,nIuz3dc8yHMJ,1
conf/vldb/Graefe99,9BHDaT1kfBoJ,0
conf/sigmod/GarofalakisGR02,nSdndIUJW3oJ,0
journals/sigmod/Alonso95a,HK1Hyf-geuIJ,0
journals/sigmod/Han98,Gm0JBYFex_MJ,0
conf/sigmod/SionAP03,WTbDMonmuxAJ,0
conf/vldb/CareyK98,iooL4brA5tYJ,0
journals/vldb/KrivokapicKG99,JrRiJgz7WYYJ,0
conf/vldb/SarawagiBKM02,AMqU9oJPrzQJ,0
conf/vldb/JohnsonM98,dnq2laC_PlYJ,0
journals/sigmod/Dogac96,dqbFfVWJp3gJ,0
conf/vldb/TanEO01,SSf_JGZ-afMJ,0
conf/sigmod/RaoR00,url:http://www.csa.com/partners/viewrecord.php%3Frequester%3Dgs%26collection%3DENV%26recid%3D8913247,0
conf/sigmod/Mohan94,url:http://portal.acm.org/citation.cfm%3Fid%3D234286.1057838,0
journals/vldb/MehtaGPN98,sS3KWBs3gEcJ,1
conf/sigmod/ChaudhuriD97,ClO4zHQ7RYsJ,1
journals/vldb/VaghaniRKSSLH94,GMeTF-uaLQ4J,0
conf/sigmod/BilirisP94,jsxQ8jeyP2AJ,0
conf/sigmod/Englert94,QTivOoXZRNAJ,0
journals/sigmod/NascimentoSP03,9bzGIloFctIJ,0
conf/sigmod/SchusterW01,BdXr5MiOyK8J,0
conf/sigmod/ChenZCKR01,CN6L77Eu9pgJ,0
conf/vldb/Novaretti01,tcnjvKELfs0J,0
conf/vldb/OzdenBRS94,ZfInaQTFvbEJ,0
conf/sigmod/LeeKOTM00,XTvDL1LSLJcJ,0
conf/sigmod/MatiasVW98,80WqPnh0eEkJ,0
conf/vldb/LamKR02,Q5gf5Y1Qfs8J,0
conf/sigmod/Aggarwal02,EasYUP9DbxAJ,0
conf/sigmod/YerneniLGU99,2MbaeG3IVV0J,1
conf/vldb/PoosalaI96,lJX2QGq9iDAJ,0
journals/vldb/BalkirO98,tVCpLsBuQ2UJ,0
journals/sigmod/Dogac98,url:http://heart.bmjjournals.com/cgi/reprint/81/1/10.pdf,0
conf/sigmod/Shasha97,pIwMyAB0mhYJ,0
journals/sigmod/Ozsu03,Yf3ipAyL5IkJ,0
conf/vldb/PereiraFLS00,dCdcVmYvVSEJ,0
conf/vldb/AmirKN01,dEwdHTZZYWYJ,1
conf/vldb/AgrawalKSX02,mqZd0902CSAJ,0
journals/sigmod/Elderini02,url:http://portal.acm.org/citation.cfm%3Fid%3D1027527.1027567,0
conf/vldb/BaumannFRW97,Z4Cq4f5fKr8J,1
conf/sigmod/HellersteinHW97,url:http://doi.wiley.com/10.1002/he.10902,0
journals/sigmod/ErdurD02,PqG4yAX-PnUJ,0
conf/vldb/AilamakiDHS01,BQtJOT7gAIIJ,1
journals/sigmod/SegevJS95,ZaxXlYfh-gUJ,0
conf/sigmod/ImielinskiVB94,V-LO20klzSYJ,1
journals/tods/KotidisR01,MiboGHeAdggJ,0
journals/sigmod/Aberer01a,eWBsR4wU9yMJ,0
conf/sigmod/DanielsDDEHJJLSSS94,T1o_5LgT5AIJ,0
conf/sigmod/ChaudhuriDN01,E9MWD5nmNuQJ,0
conf/vldb/BlottKS98,VuidyYDPboUJ,0
conf/vldb/NiermanJ02,U8x4phxI5pAJ,0
journals/sigmod/Ioannidis96,eBioF2UxyBoJ,0
conf/vldb/Amer-YahiaCD98,ZMuRtVBdKx4J,0
journals/tods/LakshmananLRS97,sb5BTj-A30oJ,0
journals/sigmod/CiliaB02,OuVZjeR64pMJ,0
conf/sigmod/Amer-YahiaCLS01,wY2YGWDeOSYJ,0
journals/sigmod/SonDT96,a78Lxr80kJUJ,0
conf/sigmod/AdaliCPS96,A8UQTrwcRsMJ,0
conf/vldb/BaralisW94,q-td2YANr18J,1
journals/sigmod/MaelbranckeO95,SWVYWXEmMcwJ,0
conf/vldb/MadhavanBR01,url:http://doi.wiley.com/10.1002/ace.99,0
conf/sigmod/LivnyRBCDLMW97a,sN-m3iBA6Y4J,1
conf/vldb/Chawathe99,bZj9gl0_YUIJ,0
conf/vldb/RysNS96,sRcMuuo3-BEJ,1
conf/sigmod/Rodriguez-Martinez00,_GBRE2D8LeEJ,0
journals/sigmod/CuiJO02,LIUl6zpveGQJ,1
conf/sigmod/RundensteinerCCSO00,i8_2xLhloJEJ,0
journals/sigmod/Hammer00,kUWujJuPslsJ,0
journals/sigmod/ShethM02,uwGRgxWWCtUJ,1
conf/sigmod/TsueiPK97,DkUjYMJrliMJ,0
journals/vldb/Seshadri98,WaSgR87oMpcJ,0
conf/sigmod/WodtkeWWDM97,oQwWpZnilSwJ,0
conf/sigmod/BersonGM95,YkPqPzGFnZIJ,1
conf/vldb/Sarawagi99,gz92a8BdTLUJ,1
conf/sigmod/GehrkeKS01,LqRQvGQf3DEJ,0
journals/vldb/TanGO00,Yj15ihf65xgJ,0
journals/vldb/AlbanoGO95,dEnVedNqyzsJ,0
conf/vldb/WangZL03,aHsQw8s81lcJ,0
conf/sigmod/GuhaRS98,mryNZBn6J-UJ,0
conf/vldb/SubietaKL95,rEBRhujejpIJ,0
conf/vldb/LevySSZ94,1Wxbs3lKMLgJ,0
conf/sigmod/Arpaci-DusseauACHP97,OaNzji_-7tsJ,1
conf/sigmod/Sheth95,duBZxxrLlx8J,0
journals/sigmod/ConradHHKRSS99,my4BalOLmAsJ,0
journals/tods/KrishnakumarB94,AnoXkyUFXWIJ,0
conf/vldb/LifantsevC02,_HGzA5qG5-kJ,0
conf/vldb/YanL95,BNyeiu2AmWAJ,1
conf/vldb/DattaDTVRF01,gIZvbo_lu2IJ,0
journals/sigmod/BuchnerM98,zdcqE1FBkmsJ,0
conf/sigmod/SzalayGKT00,HuPhzF6zy4oJ,0
journals/sigmod/Klein94,srcDfY9RXk4J,0
conf/sigmod/Mohan02,qbrkg2DRU3AJ,1
conf/vldb/AcharyaFZ96,sSwdOhIGec0J,1
conf/vldb/MillerHH00,YQ0D98oeJKMJ,1
conf/vldb/SellisRF97,lXICMq7lOCAJ,0
conf/sigmod/AcharyaFZ97,CcTvDxxnwToJ,0
conf/vldb/PereiraFLS00,T8xLbnBoWNgJ,0
conf/vldb/CareyKRLABFLOPQRSSUVWY01,6YQccSyOF7MJ,0
conf/sigmod/FegarasSRM00,iwz4wLD_EwgJ,0
conf/vldb/ShahRS02,ByAk0yD64SYJ,1
conf/vldb/Sheth96,byy_iAuvz1QJ,0
journals/vldb/IshakbeyogluO98,aKRIqWSifA0J,0
journals/sigmod/AdelbergKG96,RKZox3RC7fUJ,0
conf/sigmod/BerckenDS00,KO6M4Fc8-80J,1
conf/vldb/TaoP02,yBhP3HwdrwkJ,0
conf/sigmod/FranklinJK96,FDAkDlDfGQ0J,0
journals/tods/WijesekeraJPH03,j9a176pC6BgJ,0
conf/vldb/MahnkeMS02,Kvq0_31LLKAJ,0
conf/vldb/CareyKSSS00,fRo4fx_Q6gIJ,1
journals/sigmod/Widom95a,mV03369NBUYJ,0
conf/sigmod/DraperHW01,RRoGPzxbrRMJ,0
conf/vldb/ChristodoulakisTZ97,lojHMj5xWEwJ,1
conf/sigmod/ChaudhuriD97,gY652XXjHB8J,1
conf/vldb/HristidisP02,EjUsL62clH0J,0
conf/sigmod/PatelYKTNBHRLEKGDN97,wTl6zTFceVUJ,0
conf/vldb/KemmeA00,GwFu1KVtY-YJ,0
journals/sigmod/RosenthalS99,mEfTTKdu6soJ,0
conf/sigmod/WattezCBFF00,A4TUcDTOrtAJ,0
conf/vldb/ChanFFGR02,jSl1Ulhf-EYJ,0
conf/sigmod/Mohan96,ycQWyLnAOeMJ,0
conf/sigmod/BryanMCLG94,1rW7ao6gK-QJ,0
journals/sigmod/Stacey95,url:http://doi.wiley.com/10.1002/he.51,0
journals/sigmod/Manola98,vSn9EdoxMQMJ,0
journals/vldb/C95b,DiTS2isOA9UJ,0
conf/vldb/GrovlenHT98,wJz7KGPHhh4J,0
conf/sigmod/Jamil99,tdVNYaE6CQEJ,0
conf/sigmod/WattezCBFF00,a5K1n3-4QXkJ,0
journals/tods/CiacciaP02,qTc23vvz5YEJ,0
conf/vldb/AltinelF00,3BBXma20zDYJ,0
conf/sigmod/KoudasS97,YrezQaVZ_VgJ,0
conf/sigmod/PengC03,6n2-0XOjwV4J,0
journals/sigmod/YaoG02,ARLe7W8EvDoJ,1
conf/vldb/Deshpande00,2DiLFd0rgPgJ,1
conf/sigmod/DeligiannakisR03,pYcdjA0qozAJ,0
conf/sigmod/SrikantA96,OASIyc-vi9EJ,1
conf/sigmod/HungYK96,bTI28RjBpPwJ,1
conf/vldb/CarinoO98,qJkFtB5sYywJ,0
conf/vldb/NarayananS01,AJF7HXRmM9QJ,0
journals/sigmod/LabrinidisR00,oNK26br5058J,0
conf/vldb/NgH94,WlNAuSKoGN4J,1
conf/vldb/TsatalosSI94,4OTAIcCX3PwJ,0
journals/tods/SistlaWYS98,J0j3APs8UcYJ,0
conf/vldb/Adler01,TjdXZK45DS8J,0
conf/sigmod/TatarinovVBSSZ02,tJ3BzFyqCTYJ,0
conf/sigmod/GuhaJKSY02,z6l0wfs32iYJ,1
journals/vldb/KraissW98,APUeN5Br8MYJ,0
journals/tods/RaschidL96,url:http://www.csa.com/partners/viewrecord.php%3Frequester%3Dgs%26collection%3DTRD%26recid%3DN9210418AH,0
conf/sigmod/SarawagiTA98,ut4Y99B1094J,1
conf/vldb/MehtaD95,xkvXoYlg2-cJ,1
conf/vldb/Kiessling02,url:http://ieeexplore.ieee.org/iel5/9217/29235/01320054.pdf%3Farnumber%3D1320054,0
journals/sigmod/SofferMC02,L1zzpTVLnq8J,0
conf/vldb/OzdenBRS94,T4zyjvy9GdcJ,1
conf/sigmod/SzalayGTKMRSv02,A2S_ANpTbyEJ,0
journals/tods/Snodgrass01a,JMizMJGJi-oJ,0
journals/sigmod/BawaCCDGGKMSSVY03,vQiGBw_WIQgJ,0
conf/vldb/LevyMS94,hGlBOUdolYUJ,0
conf/vldb/PfoserJT00,YBNEZgmh540J,1
journals/vldb/ChirkovaHS02,h6RYru0dizUJ,0
conf/vldb/KamelF94,A7WoAzxOJ9YJ,1
conf/vldb/GardarinGT96,kOSE6UVijD8J,1
conf/sigmod/BlakeleyP98,1j6iZi_7ftwJ,0
conf/sigmod/SengarH03,07dT02YX07AJ,0
conf/vldb/LohmanL02,5S4XQqHUA70J,0
journals/vldb/DerrMP94,Egl7gPT0SAcJ,0
journals/vldb/OzsuPSILM95,x1up0I3hqi0J,0
journals/sigmod/BerraNT95,gaMFcjD7S38J,0
journals/tods/EiterLLS01,XY58d3ql2AAJ,0
conf/sigmod/Bussler02,ALd_RGYY_u4J,0
journals/sigmod/Anonymous96,PKGXc-nVZ_8J,0
journals/tods/Chen95a,BM8eZiSUfq4J,0
conf/sigmod/MumickQM97,8m_6OmUvYJwJ,1
journals/sigmod/FernandezFLS97,NBlCYs05V_EJ,1
conf/sigmod/TaoP02,oUKYK-hOWy0J,0
conf/sigmod/LarsonG03,2GZRs3zVnaoJ,0
conf/vldb/FlorescuLS98,0vMkmzYwsx0J,0
conf/sigmod/BohmBKK01,DlDtKpLI9rUJ,0
conf/sigmod/RodriguezR00,gi7N9eQiTx4J,1
journals/sigmod/Snodgrass03c,h7RBOvmQHhEJ,0
journals/sigmod/KempsterST99,hJiwQ2CQRBkJ,0
journals/sigmod/SilberschatzZ97,SUZ7-NcNdMwJ,0
conf/sigmod/DanS95,2HBLluJdSBIJ,0
journals/sigmod/GuptaHR97,LReI2A_sdAgJ,0
conf/vldb/StillgerLMK01,cURCJR2xHE0J,0
conf/sigmod/Cohen98,OhiGJ7Gy3KgJ,0
conf/sigmod/HsiaoCY94,CRI7TikJHusJ,0
journals/sigmod/Stonebraker94,n-cEyAhFSj4J,0
conf/vldb/GoyalHSS95,fPgtEqv986IJ,1
conf/vldb/Chawathe99,Bvs9zlyCRLcJ,0
conf/sigmod/WangWYY02,i1tfS8CfZRwJ,0
journals/sigmod/Hammer03,rjhxJmnU_9MJ,0
conf/vldb/TanEO01,ttcEjf3VH08J,0
conf/vldb/GrumbachRS00,Px5FnZuvKkkJ,0
conf/vldb/DarFJST96,fkl2Y7Ju03oJ,0
journals/vldb/NgC98,ihljCMaS2UsJ,0
conf/sigmod/Pruscino03,7YW2p8ZsWG4J,0
conf/vldb/RamakrishnanR96,iH3WsUUEQTUJ,0
conf/sigmod/VitterW99,FAZWbrnvGLkJ,0
journals/sigmod/PaepckeGRC00,Y-svW-d6T9wJ,0
conf/vldb/PirotteZMY94,8s-SP8sAvQAJ,1
conf/vldb/Ganguly98,RBB0Yy-_PYgJ,0
journals/vldb/VerykiosME03,khdP4spNnPoJ,1
conf/sigmod/FranklinZ98,ZCHkwZEv0a4J,0
conf/sigmod/PiatkoYLS96,N4WO7ALAQagJ,0
conf/sigmod/OConnellISWABCCLPWW96,oCPpSbHhL3IJ,0
conf/sigmod/FaginKS03,hdAk_AAlDWoJ,0
conf/sigmod/GuptaLM03,iCg06Oc9DV8J,1
journals/sigmod/WestmannKHM00,q9rwlM_FKqkJ,1
conf/sigmod/WangJLY03,1d1SQwDyjDcJ,0
journals/sigmod/Stonebraker94,fWQ7AL0QGW4J,0
conf/sigmod/KimC03,fASfGr2gj4IJ,0
conf/vldb/HammelP02,x09Sfxr5xU8J,0
conf/vldb/AnSVKIG01,4Q5ikiCy82UJ,1
journals/sigmod/Lee95,U3g531ZDxQcJ,0
conf/sigmod/JagadishLMSV99,IKNghewlEooJ,0
conf/sigmod/Ivinskis95,JUmzUX26it0J,0
conf/sigmod/Blakeley94,VLd1PgYIoN8J,1
conf/vldb/Lindsay95,nTNFR7DtGigJ,0
journals/vldb/BalkirO98,t3jHwcHCNR4J,0
conf/vldb/KornSFSP96,kob9Nefep5UJ,0
conf/sigmod/SeshadriHPLRSSS96,ygUn_u8ACVEJ,0
conf/vldb/ChakravarthyKAK94,O9TJcX8MbvAJ,0
conf/vldb/LevyMS94,3Pcywk9-DWcJ,0
conf/sigmod/Ellison95,jTD-gdUfEHEJ,0
conf/vldb/PedersenJD99,url:http://www.csa.com/partners/viewrecord.php%3Frequester%3Dgs%26collection%3DTRD%26recid%3DN8335702AH,0
conf/sigmod/ShanmugasundaramNSR99,7hDRorkRrqQJ,0
conf/vldb/KnorrN98,leGOyPwQy0gJ,0
conf/vldb/ScheuermannSV96,xSZ19ae1bSgJ,0
journals/vldb/KamelWS94,V2DQoAoFcYUJ,0
journals/tods/FormicaGM98,n09HPyaP7aUJ,0
journals/sigmod/SmithO99,url:http://doi.wiley.com/10.1002/he.10706,0
journals/sigmod/LuoI02,Gsr1gkxUb6gJ,0
conf/sigmod/GoyalHKMS96,HjwbHpPjvasJ,0
conf/vldb/MorimotoFMTY98,L2ktrp0gV_UJ,0
conf/vldb/RamakrishnanR96,luCpUdGUJ9oJ,0
conf/vldb/ChristopheBPV00,q42RuW4_FogJ,1
conf/vldb/SeifertS02,1VEHUogTMZMJ,1
journals/vldb/WidomS00,3Ig0FRgCuaEJ,0
conf/vldb/WangSG03,pAsr4Jb9p9sJ,0
conf/sigmod/AdiBEY01,MAG86J6pnC0J,0
conf/vldb/OoiGT98,url:http://doi.wiley.com/10.1002/tl.111,0
conf/vldb/AgrawalSX01,x5Po0pdoKcQJ,0
journals/sigmod/PhatakSSS96,kgfCn_UbOQsJ,0
journals/sigmod/Manola98,jc3cawgeNhoJ,0
conf/vldb/FaloutsosMS96,j9sPZ8fYBJMJ,1
journals/sigmod/ChienTZ01,OF9Duiv6JmoJ,0
conf/vldb/PopaVMHF02,k8fvw1DLAlUJ,0
conf/vldb/Dasgupta96,KxH0wg3rm_AJ,0
conf/sigmod/Martin94,QZsWsXgpTTYJ,0
conf/vldb/JagatheesanMPW03,S7YnehMDb-YJ,0
journals/sigmod/Colliat96,wyH1c_BlHl8J,0
conf/vldb/Toivonen96,hJ8VP7FyOL0J,0
journals/vldb/FiebigHKMNSW02,-GA-ejHIGOYJ,0
journals/sigmod/FlorescuLM98,q5OOyzSAlC8J,1
conf/vldb/BerckenSW97,G-XWkFWNyz4J,0
conf/sigmod/Galhardas00,ge5HTrCF4AcJ,0
journals/tods/Kuo96,VnenpXoUAmwJ,1
conf/sigmod/MaddenFHH03,L3CPzshG7tEJ,0
journals/sigmod/WangD03,PlZwCVjtBAgJ,0
conf/vldb/RamasamyPNK00,ckn55DHTquwJ,0
conf/vldb/Kotidis01,lrocSfnfPrMJ,0
conf/vldb/BalminPP00,E9MWD5nmNuQJ,0
conf/sigmod/CandanLLHA01,9esu1fHUJwwJ,0
conf/vldb/GarofalakisRS99,spvDdglVFlQJ,0
journals/sigmod/Chaudhri95,TXHPjXu15S0J,0
conf/sigmod/FaloutsosL95,j0EcM-BvshwJ,1
conf/vldb/Levy96,6Qq_nFNLpmsJ,0
conf/sigmod/LeeKOTM00,rriq7t6CqTgJ,0
conf/sigmod/Bonnet02,IibGzixFyaYJ,0
journals/sigmod/Segev94b,kYy7cTu6OGoJ,0
conf/sigmod/Hellerstein94,Nn0LzB8rUPEJ,1
conf/sigmod/Bernstein96,CWgtgmv7HugJ,0
conf/vldb/LabrinidisR03,url:http://portal.acm.org/citation.cfm%3Fid%3D171926.171963,0
conf/sigmod/LuWYBLY02,url:http://ieeexplore.ieee.org/iel5/9217/29235/01320033.pdf%3Farnumber%3D1320033,0
conf/sigmod/LeeKC99,c-5n9qQKLaEJ,1
journals/vldb/FiebigHKMNSW02,url:http://www.csa.com/partners/viewrecord.php%3Frequester%3Dgs%26collection%3DTRD%26recid%3DA7214161AH,0
conf/vldb/PereiraFLS00,_qJmw0C7hQoJ,0
journals/vldb/AbbadiSW01,6UUxegPHaqcJ,0
conf/vldb/GionisIM99,zkbTv93Zp1UJ,0
conf/vldb/DiligentiCLGG00,XCP3p-Hk8bMJ,1
conf/sigmod/Kohler99,Idp7ohztwTgJ,0
conf/vldb/BunkerCCMMW01,Ir6wNLmgUgQJ,0
conf/sigmod/AgrawalASY97,CCSnKcFegHQJ,0
journals/sigmod/GruenwaldBDGSSV99,dyAfZZHCAF0J,0
conf/vldb/BonczRK98,965BXzMPxSoJ,1
journals/vldb/GutingS95,url:http://www.springerlink.com/index/Q6678X51P4178655.pdf,0
conf/sigmod/ZhouWGGZWXYF03,lTWJVjtpFSkJ,0
conf/sigmod/MistryRSR01,PdVuRR3erIQJ,0
conf/vldb/MogiK95,QMJlnNQkGdsJ,0
conf/sigmod/AcharyaGPR99,s064OghlyIUJ,1
journals/vldb/GeorgakopoulosRL94,url:http://portal.acm.org/citation.cfm%3Fid%3D984514.984521%26coll%3DGUIDE%26dl%3DACM%26idx%3DJ689%26part%3Dperiodical%26WantType%3Dperiodical%26title%3DACM%2520SIGMOD%2520Record%26CFID%3D11111111%26CFTOKEN%3D2222222,0
journals/sigmod/NestorovAM97,mZ9mBSZ-3Q0J,0
journals/sigmod/dOnofrioP03,url:http://portal.acm.org/ft_gateway.cfm%3Fid%3D776990%26type%3Dpdf%26dl%3DGUIDE%26dl%3DACM%26CFID%3D11111111%26CFTOKEN%3D2222222,1
conf/vldb/VorugantiOU99,JYHcz-HpKjEJ,0
conf/vldb/HjelsvoldM94,uKRgOnxpJMYJ,0
conf/sigmod/ViglasN02,TmxszfMIpYgJ,0
conf/sigmod/Gettys95,Mu86ynpjza8J,0
conf/vldb/LernerS03,KtkbM7ohXrEJ,1
conf/sigmod/LakhamrajuRSS00,CEOGWcjykS8J,0
conf/vldb/ArunJ98,0jfvnGC79bMJ,0
conf/vldb/NicklasGS03,url:http://portal.acm.org/ft_gateway.cfm%3Fid%3D1027583%26type%3Dpdf,0
conf/sigmod/Cotton02,url:http://portal.acm.org/ft_gateway.cfm%3Fid%3D564792%26type%3Dpdf,1
journals/sigmod/Halevy03,url:http://www.csa.com/partners/viewrecord.php%3Frequester%3Dgs%26collection%3DTRD%26recid%3D20021211038651MT%26recid%3DA7423785AH,0
journals/sigmod/Qian94,i1qU2OFSeloJ,0
conf/vldb/SeidlK97,u_zYP8ci0o4J,0
journals/sigmod/Fong95,nxZ2znfUFlIJ,0
journals/vldb/AntoshenkovZ96,x_rwZDqGfLkJ,0
conf/sigmod/CluetDSS98,lOZF0Ee3rUQJ,1
journals/sigmod/HansonN99,id1te58YJlUJ,1
conf/vldb/NicklasGS03,NxB0OJbnrR0J,0
journals/sigmod/LaenderRST02,x4sVLefc8C4J,0
conf/vldb/CarinoOBS99,x1BdJC0TwKkJ,0
conf/sigmod/AdamY98,W0TTElMqjL4J,0
journals/sigmod/NestorovAM97,Uu8wmYB2ilkJ,0
journals/sigmod/KoksalAD98,jpl1suvqJSoJ,0
conf/vldb/YiF00,CiGKfXghikcJ,1
conf/sigmod/YangM97,57m7NniyTrkJ,1
conf/sigmod/BilirisDGJR94,xPOAkPa6hIoJ,0
conf/sigmod/CandanLLHA01,T6NrBxCU2moJ,1
conf/sigmod/KangN03,1zxdq0otm4gJ,0
journals/sigmod/BichlerSZ98,qgueaSU5tzEJ,0
conf/vldb/MohanBWSZ00,w_3kGygx5toJ,0
conf/vldb/WangZ00,9qYCh56nCtMJ,0
conf/vldb/ChoenniV00,z01LcXAl5aYJ,0
conf/vldb/DyresonBJ99,CbWwFk5R2L4J,0
conf/sigmod/ArasuG03,K9hLhv5JqygJ,0
conf/vldb/RamasamyPNK00,url:http://portal.acm.org/ft_gateway.cfm%3Fid%3D1027609%26type%3Dpdf,0
conf/vldb/OoiYTJ01,sk1qJuRLO4oJ,0
conf/vldb/KornackerB95,IN_sibgHb9MJ,1
journals/sigmod/Snodgrass00,xLM0YVcccUgJ,0
conf/sigmod/Zeller03,Ub6YwssjyiYJ,0
conf/sigmod/Zeller03,yygYiAA6c00J,0
conf/vldb/RoussopoulosK98,Mg0A5yz-_wYJ,1
conf/sigmod/GodfreyGXZ01,90OyaLuxs5kJ,0
conf/vldb/SenkulKT02,va2q8Fp-FF0J,0
conf/sigmod/Kleissner95,dNfX6TBTDzAJ,0
conf/vldb/ChakrabartiM00,NPyWtyEv3gkJ,0
journals/tods/Chomicki03,Ul005j4_lW0J,0
conf/vldb/FegarasE01,SHpVAoVPUHYJ,0
conf/sigmod/SrikantA96,gpkCOQRAxaUJ,0
conf/vldb/Raghavan96,zuVOWDbv0lsJ,1
conf/sigmod/RamaswamyK95,bO2BVkWYgt4J,0
journals/sigmod/ChangGKRS98,MGa48r87ijwJ,0
journals/sigmod/TsotrasJS98,FBZw8n-gojUJ,1
conf/vldb/KornLKF98,_ZYTSaFxDu4J,0
conf/vldb/CareyKRLABFLOPQRSSUVWY01,d9irNnP3q1YJ,0
journals/sigmod/SilberschatzZ97,BpMA30MbZAIJ,0
conf/vldb/SellisRF97,U4AL8bDuXvwJ,0
journals/tods/SrivastavaSRN95,HOc-boIpLKwJ,0
conf/vldb/LevyMS94,l-QHiSxClXcJ,1
conf/vldb/SchaeferBBJ00,djmvgINp75sJ,0
conf/sigmod/WattezCBFF00,aGMmhP3i75cJ,0
conf/sigmod/BabcockBDM03,ml2pqjksCpEJ,0
conf/vldb/Vieille98,vVaPsYxpeFoJ,0
conf/sigmod/FabretJLPRS01,dhBxVIfCp_4J,0
conf/vldb/Galindo-LegariaPK94,SDxdyffgNzIJ,0
journals/sigmod/AbererCH02,wC6KksBlW5MJ,0
journals/sigmod/X94,pVsopy4wUecJ,0
conf/vldb/SumiyaYTSI95,_xLymDiaVkEJ,0
conf/vldb/JosifovskiR99,9oxSbXQAhisJ,0
conf/vldb/LlirbatST97,T0RXlZZ0wl4J,0
conf/sigmod/WhiteD95,a96U5SHiSK0J,0
journals/vldb/LeeSC01,sKx1WjOLstMJ,0
conf/vldb/AmirKN01,9RN0EYQJGmAJ,0
journals/sigmod/Baeza-YatesN96,uHJ8fzag6AEJ,0
conf/vldb/Spintzik95,lK498ul6_UcJ,0
conf/sigmod/MoonWH02,_gwfttQaTEkJ,0
conf/sigmod/WangPFY03,5JXKbI5l1FYJ,1
conf/vldb/GionisIM99,3RR94IxW5CUJ,1
conf/sigmod/BrunoCG01,XWF4kOtaoJkJ,1
journals/tods/WijesekeraJPH03,ufEUnia7pN8J,0
journals/sigmod/ShahMFH01,NB7ni1bVHM8J,0
conf/vldb/AltinelF00,JhWxdEDCPdUJ,1
journals/vldb/JiangE98,I7xiOK4DSwwJ,0
conf/sigmod/ChenGMV02,awZ2dt0m9rQJ,0
conf/vldb/HuangJR97,url:http://www.csa.com/partners/viewrecord.php%3Frequester%3Dgs%26collection%3DTRD%26recid%3DN9210415AH,0
conf/sigmod/Gettys95,8IknBBGfW0oJ,0
conf/vldb/McKennaBHT96,z_UwCwI-atgJ,0
conf/vldb/TaoPS02,USAPcFOCWXsJ,0
conf/vldb/TaoP02,cIuC-pDVdGEJ,0
journals/tods/ChaudhuriS99,EtuZlCCTSD8J,0
conf/sigmod/SwamiS94,S6TmnZKgmxwJ,1
journals/sigmod/Mendelzon00,9kxBGuFP8m8J,0
conf/vldb/RothS97,RZkMP_EC9MoJ,0
conf/vldb/Bar-YossefBCFW00,-gm97JzyHJsJ,1
conf/vldb/Ramaswamy00,OLcbYpgxkZYJ,0
conf/sigmod/HanPLJ01,FZNIaq4APMkJ,0
conf/vldb/EicklerGK95,AXUv-3Jz9hcJ,0
conf/sigmod/PhanN02,0Bk2Sei5o14J,0
conf/sigmod/DeshpandeNGS03a,8Kz1nHMd4DcJ,0
conf/sigmod/WangWYY02,3WORGyBPzl8J,0
conf/sigmod/PatelD96,5WfSFGyxTAAJ,0
journals/sigmod/EisenbergM98a,6tkhH2v6-gAJ,0
journals/tods/LakshmananSS01,mmLh9SQNrZsJ,0
conf/vldb/IshikawaSF98,rgXwJhaMgj8J,0
journals/sigmod/VassiliadisS99,tKfyabmVedQJ,0
conf/vldb/YiF00,zwqT3hBAM_MJ,0
journals/vldb/FernandezFLS00,pW3TpNzg9CYJ,0
journals/sigmod/VetterliVS00,ZUMidTbSKiEJ,1
conf/vldb/Blum99,0Uld5cVVl7oJ,0
conf/vldb/BerchtoldKK96,fSFwuFII_NkJ,0
journals/sigmod/ChaudhuriD97,oXTd748VmwMJ,1
conf/vldb/Chiueh94,-TPeMEC6_UkJ,0
conf/sigmod/ZaianeHLCC98,GfRmtB2qhgYJ,1
journals/tods/ZobelMR98,nX85t01_KugJ,1
journals/tods/Lerner00,v821T7BdGbMJ,0
journals/sigmod/CampbellEM03,HRxlLO_BabEJ,0
conf/vldb/RamasamyPNK00,W4oADXhdJVEJ,0
conf/vldb/Vaskevitch95,58qs16d0PSkJ,0
conf/vldb/SchieferKBLF98,405eQlCMBUgJ,0
conf/sigmod/AnkerstBKS99,9nLj99_CwZcJ,0
journals/sigmod/BonifatiC00,EP5trsliqVMJ,1
journals/vldb/GutingS95,iB-7LrflnpIJ,0
journals/vldb/JagadishACLNPPSWWY02,-cn-EpF_mhoJ,0
conf/vldb/LeeHJT03,B-KfshhIPy4J,0
conf/sigmod/RoussopoulosKR97,yD-TdX8a9YkJ,0
conf/vldb/RothS97,_WBYqE_aBRQJ,0
conf/vldb/PirotteZMY94,YNVbd1fWz-4J,0
journals/sigmod/Loeffen94,iVCm5H8cONkJ,0
conf/sigmod/BlottRS96,s6x-vifmDVoJ,0
conf/vldb/IwerksSS03,c3832PwQ-f4J,0
conf/sigmod/AntonJLPZZ02,UeVciYKyfBwJ,0
journals/vldb/TempletonHMB95,B-KfshhIPy4J,0
conf/sigmod/Freeston95,Mnh34wpTAQIJ,0
conf/vldb/LeslieJBY95,-N-Ud-C1utMJ,0
journals/vldb/FiletoLPAM03,WRf6lxzE-KIJ,0
conf/vldb/CliftonFHKLS03,Su1Zd6hOGJ0J,0
journals/sigmod/SchmidtWKFCMB01,tuvuq2y-5zgJ,0
conf/vldb/ChaudhuriN97,CqYFGX4-R_YJ,0
conf/sigmod/Keim96,sSvWYnhUVxIJ,0
conf/vldb/WangSG03,T1TgIax4zVcJ,1
journals/vldb/Sciore94,xbKpLX1M9DAJ,0
conf/vldb/DeenJNNW00,Dmxnnc8iHw4J,0
journals/sigmod/SnodgrassGIMSU98,szHsyFiOuwAJ,0
conf/sigmod/ChangBCLLS00,wmBloga-Wc8J,0
conf/vldb/KraissW97,JrzYDC75O68J,0
journals/vldb/BohmAnY97,llD3YQ7YGV8J,0
journals/vldb/GruserRZZ00,i07WQiNrmc8J,0
journals/sigmod/DrewHKKLLLSW95,H53MPz86v3UJ,0
conf/vldb/ShuklaDNR96,1tTJXxuoSuIJ,0
journals/sigmod/RisheSBDOALOSS95,JV3daILiAtcJ,0
conf/vldb/TsatalosSI94,NQhgoCK2oO0J,0
conf/vldb/AboulnagaAN01,RvtHXIfsMasJ,0
conf/sigmod/Arpaci-DusseauACHP97,Twgkfvel0ugJ,0
journals/vldb/C94b,WqnANGlJfeAJ,0
conf/sigmod/ChristophidesCM96,odS49u1Di0AJ,0
conf/sigmod/LakhamrajuRSS00,GveQLUTEle8J,1
conf/sigmod/CranorJSS03,gWN94b9nfLsJ,0
conf/vldb/SizovGT03,cJRWis64ghgJ,0
conf/vldb/GehaniJR94,url:http://adsabs.harvard.edu/abs/1976InfPh..16...29M,0
conf/vldb/SchieferKBLF98,-o4L21BnoFIJ,0
journals/sigmod/HuangKL02,yQv94p3tE1IJ,0
journals/sigmod/PitouraAPSV03,K84OAzFimWgJ,1
journals/vldb/LawLG99,ptyLRrXk300J,0
journals/sigmod/Snodgrass03a,3il-2zDIFvYJ,0
conf/vldb/GrumbachRS00,ZkIFzM0I5sMJ,0
journals/sigmod/Liu01b,yV8S72K-qzEJ,0
conf/vldb/RaghavanG01,Yx5CBgEJyJ4J,0
conf/vldb/WienerN94,GauriO4hIWwJ,0
conf/vldb/GyssensL97,lZ7vTIyDcIEJ,1
journals/vldb/ChakrabartiGRS01,_WTgHQNA890J,0
conf/sigmod/GrayHOS96,ASEexpnKHyMJ,0
journals/sigmod/AlonsoCIM95,MNblOIClWpAJ,0
conf/sigmod/BozkayaO97,waODA90G7OgJ,0
journals/vldb/MehtaD97,0RVOJnvRolQJ,0
journals/vldb/CliftonGB95,1FrrGZyT-1wJ,0
journals/sigmod/PourabbasR00,odFtqwn5ZVcJ,1
journals/vldb/PottingerH01,eXceb1SMqE4J,1
journals/sigmod/EisenbergM98,aHbzU45S6mUJ,0
conf/sigmod/ChangBCLLS00,Q1ZQ4IwHT3MJ,0
journals/sigmod/Winslett03a,yQq83Fj3OWEJ,0
conf/vldb/FlorescuHKLRWCSA03,WuP5QcxFr2EJ,0
journals/sigmod/NormanZT96,kXMjKQympf8J,0
conf/sigmod/GunopulosD01,3CvHrYslP0UJ,0
conf/sigmod/ReinwaldP98,Aqc3h0iFo_AJ,0
journals/sigmod/BertinoEH03,JF0Dh8lsCv8J,0
conf/vldb/TatbulCZCS03,A7mnUBx8R_sJ,0
journals/tods/HjaltasonS03,ijq3EY9JHC8J,0
conf/sigmod/ChengKP03,2I65vgufa3UJ,0
journals/sigmod/ONeilG95,eq63HKjRBBYJ,0
journals/sigmod/Fankhauser01,6fs1hnSr_qoJ,0
conf/sigmod/HanFWCZK96,lQ41sOdeWUoJ,0
journals/vldb/HelmerM03,CLGex8Sr7-gJ,0
conf/sigmod/AbiteboulCM95,4GT0Krd9RP0J,1
journals/sigmod/RoantreeMH99,LhOtxk4k_uAJ,0
conf/sigmod/AdelbergGW97,zZo47Z-jVX4J,1
conf/vldb/AgrawalS94,qeXzR6kPRKQJ,0
journals/sigmod/Stonebraker94,LhjvKpDcJKUJ,0
journals/sigmod/TianDCZ02,jJpiJEoGcfUJ,1
conf/sigmod/HsuLG00,kxIpDxLD46gJ,1
conf/sigmod/CareyMN97,LbxfTnL391AJ,0
conf/sigmod/Hope95,lbk1FUJzxCgJ,0
journals/sigmod/Loeffen94,_1b7BDzq5DgJ,0
journals/tods/KarpSP03,LADuPblAy2gJ,0
conf/vldb/PedersenJD00,iSy2-ikC3SoJ,0
conf/sigmod/Arpaci-DusseauACHP97,qeHXdJ2x7eMJ,0
conf/sigmod/LazaridisM01,0FLbdrpouaQJ,0
conf/sigmod/FaloutsosRM94,AHu54TOP-eoJ,1
journals/sigmod/HummerLW02,SL_WCZUAtvoJ,0
journals/tods/CasatiCPP99,YpvUxNpjoAUJ,0
journals/sigmod/Jagadish01,url:http://portal.acm.org/citation.cfm%3Fid%3D604264.604276%26dl%3DGUIDE%26dl%3DACM%26CFID%3D11111111%26CFTOKEN%3D2222222,1
journals/sigmod/Ozsu02b,MGre0DSZQ0IJ,0
journals/tods/CiacciaTZ96,rkCKzi1v0-0J,1
conf/sigmod/SeshadriHPLRSSS96,SWBZA_Nxjm8J,0
journals/vldb/C94c,sy7XCurlS90J,0
journals/sigmod/RosenthalS99,ZYnsLI6mz2cJ,1
conf/vldb/BamfordBKM98,rtIj3rja-UYJ,0
conf/sigmod/ZhangNBB94,HItpqMOcE8gJ,1
conf/vldb/Sol01,ShV2ZQuchhkJ,0
journals/sigmod/RossAJS02,xpvrFZpq308J,0
conf/vldb/BawaBA03,bo1rnY4bU4kJ,1
conf/sigmod/ChungMS02,ZxeqLrP8ns4J,0
conf/sigmod/HacigumusILM02,cjgzdPvwqOIJ,0
journals/sigmod/NorrieBSW94,XvCSFldswHQJ,0
conf/sigmod/ReinwaldP98,69YUAb9UljQJ,0
conf/sigmod/Weininger02,url:http://portal.acm.org/citation.cfm%3Fid%3D276305.276361%26dl%3DGUIDE%26dl%3DACM%26idx%3D276305%26part%3Dperiodical%26WantType%3Dperiodical%26title%3DACM%2520SIGMOD%2520Record%26CFID%3D11111111%26CFTOKEN%3D2222222,0
conf/sigmod/ChanI98,39AOIRe9qSQJ,1
conf/vldb/LuSL95,lb9hG0PMHw0J,0
conf/vldb/Pogue98,qPh0sd4Ml5EJ,0
conf/vldb/JarkeKL00,6UUxegPHaqcJ,0
conf/vldb/Cuppens96,8_HtXom0CVgJ,1
conf/sigmod/GaoW02,E0xv8SvhRisJ,0
conf/vldb/RaoR99,NUoSnHVB3mAJ,0
conf/vldb/SteinbrunnPMK95,k-IlQ6VnmKsJ,1
conf/sigmod/AdaliSS99,url:http://www.csa.com/partners/viewrecord.php%3Frequester%3Dgs%26collection%3DTRD%26recid%3DN9210380AH,0
conf/vldb/Banerjee00,81RcHDTy_nEJ,0
journals/sigmod/Segev95,B-q_Gc7lgUIJ,0
conf/sigmod/Bernstein96,EvuLCpyVqWgJ,1
journals/tods/LakshmananSS01,nYQRxEXS8V4J,0
conf/sigmod/GunopulosD01,kneUxV6J3nQJ,1
conf/sigmod/Stonebraker98,IMx6nl2gh54J,0
conf/sigmod/OlstonWACELSS98,jmJyiNa5BPkJ,0
journals/sigmod/ChangGKRS98,5FiyBEZ3v70J,1
journals/sigmod/Date96,bjAakjngdWsJ,0
conf/sigmod/GravanoGT94,EwU0KYwx0BkJ,0
conf/vldb/OlstonW00,dip57u4OXTYJ,0
journals/sigmod/DongS00,IibLu3a0kvkJ,0
conf/sigmod/LabrinidisR00,ui0EPSYakuEJ,0
journals/vldb/AbiteboulB95,NHXrIjMeuDEJ,0
conf/sigmod/MattosM95,FZ-znJooobkJ,0
conf/sigmod/NgLHP98,_2mjU5KqoVgJ,1
journals/sigmod/WuY00,JxUaYtWTQ0sJ,0
conf/vldb/YanL95,VwsS71_KQX8J,1
conf/sigmod/GravanoGT94,mO77XJl45iEJ,1
conf/vldb/JermaineDO99,url:http://www.geography.org.uk/journals/download.asp%3FarticleID%3D146,0
conf/vldb/AltinelF00,MGdQ5QpvlQYJ,1
journals/sigmod/DongS00,rC8Zr1m-KYkJ,0
conf/vldb/GravanoIJKMS01,focKLJx6YSEJ,0
conf/vldb/IdrisGC94,G7UoAFfFcrwJ,0
journals/sigmod/Snodgrass02,z6Dk4vfdPN8J,0
journals/tods/WangBBJ97,ZZyY_MUVlnAJ,0
journals/sigmod/McHughAGQW97,-i2fQfLpX2wJ,1
conf/vldb/Korth95,13dQPU7Z73gJ,0
conf/sigmod/AntonJLPZZ02,E2zhARKv5dsJ,0
conf/sigmod/Epstein95,_r0-NYWJIt8J,0
conf/vldb/PapadiasMD98,_k3Q5bTdR48J,0
journals/vldb/C95,WvvY_Ao19mAJ,0
conf/sigmod/IvesFFLW99,HwBwuLKlAiEJ,1
conf/sigmod/BrinkhoffKSS94a,yp82ArYEGxIJ,1
conf/sigmod/Seshadri99,h4E2llUX9TsJ,0
journals/sigmod/Franklin99,7F5bIZ74r3EJ,0
conf/vldb/HammadFAE03,vfCFumS9QtkJ,1
conf/vldb/OzdenGHNSDGGW01,Ejkby8ulQucJ,0
conf/vldb/Brin95,833k8cip8GYJ,0
journals/sigmod/RossAJS02,nY9Vqi7ghjgJ,0
conf/vldb/LiHKSPAC02,Zn8bosBqQksJ,0
conf/vldb/Mihalisin98,dRWF-i-4-x0J,0
conf/sigmod/SistlaW95,jzloNXijnFUJ,0
journals/sigmod/Aberer02b,url:http://www.csa.com/partners/viewrecord.php%3Frequester%3Dgs%26collection%3DTRD%26recid%3DN9210471AH,0
journals/vldb/BunemanFS00,63sUaS1_ALsJ,0
conf/sigmod/AggarwalY01,6i8hYEhbelEJ,1
conf/sigmod/CookWZ94,LiIWlw3oNgUJ,1
journals/tods/Ng01,Ywi31bVyCh8J,0
journals/vldb/AgrawalAJL95,eszmXjhAX7AJ,0
conf/sigmod/WolfsonSXZC99,4dbCEDwsluQJ,1
conf/sigmod/AgichteinGV01,GDoFPiEzEhQJ,1
journals/sigmod/KeetonPH98,GHJAa3_LyygJ,0
conf/sigmod/LabioWGG00,RMp7DZgI0OIJ,0
conf/vldb/Graefe99,5YiNfMruWG0J,0
conf/vldb/Celis96,rlwnsOIDBKEJ,0
conf/sigmod/DuSD95,AbYVxOAxjYgJ,0
conf/sigmod/GuhaRS98,nMzsE-ScW4MJ,1
conf/vldb/KahveciS01,kxGdQhvpi_sJ,0
conf/sigmod/FaginKS03,JqqolBaJ_8cJ,0
conf/sigmod/AcharyaFZ97,EKlH1u2TBhcJ,0
journals/sigmod/RamanathanH97,bpu5_E0IL5oJ,0
journals/sigmod/RossAKSSY00,v560Mcgv7y0J,0
conf/vldb/AgrawalSX02,url:http://www.csa.com/partners/viewrecord.php%3Frequester%3Dgs%26collection%3DTRD%26recid%3DN9210538AH,0
journals/vldb/KellerB96,tJIFQgrU-NIJ,0
conf/sigmod/ZhangDWEMPMDR03,tfn6IgnWEsIJ,0
journals/sigmod/Darwen96,IOEbMc-fobwJ,0
journals/sigmod/KannanKIK03,twBCessT_7sJ,0
conf/sigmod/BabuGR01,Y1_Z1_0DkIEJ,0
conf/vldb/PapadiasTS03,ypbJHF-D8x0J,0
conf/vldb/JaedickeM99,ys_FbnumJToJ,0
conf/sigmod/WangSCRZP97,url:http://portal.acm.org/ft_gateway.cfm%3Fid%3D1101379%26type%3Dpdf,0
conf/sigmod/SelfridgeSW96,g_GL0oqW0_MJ,0
journals/tods/YanG94,9VMJoiIcJIcJ,0
conf/vldb/IpeirotisG02,3CSFFlEVviMJ,1
conf/vldb/YuAA03,NkC8BusDlqwJ,0
conf/vldb/DeenJNNW00,pNCctx6MM88J,0
conf/sigmod/LitwinS00,RQ9fpPAS2h8J,1
journals/tods/KemmeA00,Hov18raBHwIJ,0
journals/sigmod/GottlobKP03a,4F4l907jBbcJ,0
journals/sigmod/Franklin97,KLSXEt7GkckJ,0
conf/vldb/KounevB02,mq4cLaNqTDQJ,1
conf/vldb/MadhavanH03,Mi5PQ7G9KmwJ,0
journals/vldb/KabraD99,ajZ4oyCOmtgJ,0
conf/vldb/BeneventanoBCCGMMV00,AgqQVeQ7A0AJ,1
journals/sigmod/NorrieBSW94,url:http://www.springerlink.com/index/W71536240K77N2V5.pdf,0
conf/vldb/NarayananS01,28dzaNk_9a0J,0
journals/vldb/Guting94,NXUJ5tk0nkoJ,0
journals/tods/Bohm00,TaaxQZajjqoJ,0
conf/sigmod/Pirahesh94,gYqdmeE0ZWMJ,0
conf/sigmod/ShanmugasundaramNSR99,QgVgNLdaHHkJ,0
conf/vldb/HoskingC99,rZSxZT2uCoQJ,0
conf/vldb/MargaritisFT01,WOiDxLKSioAJ,1
conf/vldb/GoyalHSS95,2sGH4SLcdL4J,1
conf/vldb/ChakrabartiM00,WdkrytGr3BgJ,0
conf/vldb/ChenJLP03,yESwE-_dXAkJ,0
conf/vldb/SavasereON95,y1hmJODjq7UJ,1
conf/vldb/MalonM97,9WpE1oWrm1IJ,0
conf/vldb/HumborstadSHT97,JcYTcHmbiEMJ,0
conf/sigmod/ChangC01,eeX9g9Ac1GIJ,0
conf/sigmod/ChaudhuriN98,NIhjtLE76swJ,0
journals/sigmod/Badia02,uX2FEdp7LwAJ,0
conf/vldb/SeidlK97,LZGFMX7pdCkJ,1
conf/sigmod/Ross00,qjoLyP_C9zIJ,0
conf/vldb/HristidisGP03,AIs93gkrIHEJ,0
journals/sigmod/WolfsonSDNR95,xqKqB49MsFIJ,0
conf/sigmod/PonnekantiK00,7TC9QCltknEJ,0
conf/vldb/StaudtJ96,TNk2AHqSLFsJ,0
conf/sigmod/Cattell94,AwHs1Su8H-8J,0
conf/sigmod/FaloutsosL95,dRjSn10qk9wJ,1
journals/sigmod/Qian94,55zEnoFzRtcJ,0
conf/vldb/MiklauS03,AI2aCen4-doJ,0
journals/sigmod/Rosneblatt94,f0Z0qlJpcuUJ,0
journals/sigmod/David03,MOi9rowO9NQJ,0
conf/sigmod/MassariPSC95,url:http://portal.acm.org/citation.cfm%3Fid%3D592199.592405,0
conf/vldb/YanG95,5GiZORgGjIAJ,0
conf/sigmod/ChooOLCGBPS96,gPXyxGhBwkwJ,0
conf/vldb/HuntAI01,hHlX8JsE3ywJ,0
conf/vldb/WangSG03,YGAIxM0D6wgJ,0
conf/vldb/Kornacker99,H_v6sdHDc2kJ,0
conf/sigmod/AboulnagaC99,WfPlWCji5ekJ,0
conf/sigmod/TsurUACMNR98,ClJBdxI4LiEJ,0
conf/sigmod/Stonebraker03,EEPNSKWYxw0J,0
conf/vldb/Bar-YossefBCFW00,Zx61UACcDIgJ,0
journals/sigmod/WeikumSR03,pCUwyXzZwPQJ,0
conf/vldb/Amer-YahiaCD98,7HvPXnU4DB8J,0
journals/sigmod/Dogac96,Cw8_jVuxhRMJ,0
conf/vldb/ConradGJM02,d5pctGrBJ8wJ,0
journals/sigmod/MaximilienS02,mHCxTCivxgYJ,0
conf/vldb/ArgePRSV98,A5Eiwdh71m0J,1
journals/sigmod/NascimentoSP03,_bDdB1JrRQkJ,0
conf/vldb/LiCHH97,wO0T4_J6ovEJ,0
conf/sigmod/WilschutFA95,1lSKgp9N104J,0
conf/sigmod/HsiaoCY94,QDto1dw_C1sJ,0
conf/vldb/KarayannidisTSPMRFEB02,IwH6Jry_WlIJ,0
conf/vldb/BaumgartnerFG01a,fLhbRkGdZ-IJ,0
conf/sigmod/KiesslingHFE01,-pPgJvzXwsMJ,0
conf/vldb/KiesslingK02,fIAgl8qmizQJ,0
conf/sigmod/NatsevRS99,D1M4A3dmZ5MJ,0
conf/sigmod/MogiK96,eRd-JZ3Y8m8J,0
journals/sigmod/WestmannKHM00,XhtF-nL-a6wJ,0
conf/vldb/BrightR02,url:http://portal.acm.org/ft_gateway.cfm%3Fid%3D1101983%26type%3Dpdf,0
conf/vldb/YagoubFIV00a,pev4DQ_eC2EJ,0
conf/sigmod/Norrie95,url:http://portal.acm.org/ft_gateway.cfm%3Fid%3D223883%26type%3Dpdf%26dl%3DGUIDE%26dl%3DACM%26CFID%3D11111111%26CFTOKEN%3D2222222,1
journals/sigmod/FrankNS02,Wq-lSyIW8MsJ,0
journals/sigmod/PoessF00,BMaXumJjuxIJ,0
journals/sigmod/BoscMP01,Unrbj_fwEm8J,0
conf/sigmod/SunAA03,KkRae6xT5JMJ,0
conf/sigmod/BonnetBCCCHKMMOSS99,tu8ept5_Ec4J,0
conf/vldb/RaghavanG03,zeM_GTrhjwQJ,0
conf/vldb/Jermaine03,2z7KL5YRQpEJ,0
conf/vldb/HuangJR97,nBHS2BTx-GkJ,1
conf/sigmod/RaoR00,TaBM9xzpJ4sJ,0
journals/vldb/LiangOY00,4ucV5h3-YvMJ,0
conf/vldb/TsoisS03,ljLB1N3RdaQJ,0
journals/vldb/SuHHHLWLPLL01,AZkCOryJ_B8J,0
conf/sigmod/HsiaoN00,XBvKhSd4E2EJ,0
journals/sigmod/Bernstein01,vUv86inVVFcJ,0
journals/sigmod/Danish98,ZZrVVeEjae4J,0
journals/vldb/MylopoulosCPST96,M8Eh286-D0wJ,1
conf/sigmod/BarbaraI94,fMuom_ogj4MJ,1
conf/vldb/HageJPST03,2eV4egUP6_IJ,0
conf/vldb/KnorrN99,clF04MGcPSUJ,0
conf/vldb/CliftonFHKLS03,7RfIyu2r4-kJ,0
journals/sigmod/CeriFP99,4IIb3ubGubUJ,0
conf/vldb/DeutschPT99,8dd4LTy-DU0J,0
conf/sigmod/CareyFZ94,nJfKRCyyzIYJ,1
conf/sigmod/LivnyRBCDLMW97,wZMfDwgP5SIJ,0
conf/sigmod/PalmerF00,rcSfDxBif40J,0
conf/vldb/LeeWMS02,BuNVmJAUSnYJ,0
journals/tods/CliffordC94,S6VwUubS1dkJ,0
conf/sigmod/GebhardtJJ97,url:http://www.csa.com/partners/viewrecord.php%3Frequester%3Dgs%26collection%3DENV%26recid%3D9062,0
conf/vldb/WuYCT95,uv6nMj7jEggJ,1
conf/vldb/SistlaYLL95,fFicVgWNN2UJ,0
conf/vldb/VelegrakisMP03,0JPhnHlRGOoJ,0
conf/vldb/JohnsonS94,JrzYDC75O68J,0
conf/vldb/CasatiDGS01,KDkfDuSiXhoJ,0
journals/vldb/MedjahedBBNE03,Jml6flDOu7QJ,1
conf/vldb/BargaP95,SwFgF_a7RooJ,1
journals/vldb/KnorrNT00,H-Do2f6uvFoJ,0
conf/sigmod/SeshadriP97,f9POLlECN2gJ,1
journals/sigmod/Cetintemel01,7ZvaUzBDAZoJ,0
conf/vldb/BamfordAP99,ZHgVo5qt1_gJ,0
journals/sigmod/ShahMFH01,TaaxQZajjqoJ,0
conf/sigmod/HarinarayanRU96,V6KNPMKdyagJ,1
conf/sigmod/AgrawalW00,lutnzwRqxuEJ,0
conf/vldb/BergerBSW03,Wjg_SYCySOsJ,1
conf/sigmod/Golding95,vQ_lmeUoMCsJ,0
conf/sigmod/ChakrabartiDI98,yHK02qgsx14J,0
conf/sigmod/ChanI99,yKBaGPC4zrwJ,0
journals/sigmod/Jagadish00,mtFeyEpU0aoJ,0
journals/vldb/BunemanFS00,PAcS8vELrawJ,0
conf/vldb/ViglasNB03,0M2iJvQqB2UJ,0
conf/vldb/ArionBCDMP03,LyoTEm8nRDsJ,0
conf/sigmod/CrescenziMM02,JeNC1Dydf1UJ,0
conf/sigmod/BhattacharyaMBNHS02,VH4hRkS2WLkJ,0
journals/sigmod/LometBCLN98,eCi5eTVzsoQJ,1
conf/sigmod/Chong98,mcHh635Sj-0J,0
journals/tods/ZobelMR98,5GiZORgGjIAJ,0
journals/tods/BrightHP94,XHfqF4JB7AsJ,0
conf/vldb/MogiK95,08zgFxZZXXYJ,0
conf/vldb/Sacks-Davis96,oBYaYWREYuwJ,0
journals/vldb/TorpJS00,D-qqMABsiHoJ,0
journals/vldb/YangW03,url:http://www.csa.com/partners/viewrecord.php%3Frequester%3Dgs%26collection%3DTRD%26recid%3D8204540538MD,0
conf/vldb/GravanoG95,DNh5uw1WWUEJ,1
conf/sigmod/MoonSL00,qurYt_alngcJ,0
conf/vldb/ClaussenKMP97,L7i8xJbz-y4J,0
conf/vldb/Shaw98,tsTdm0EGiiAJ,0
conf/sigmod/Gal00,ifa-bTR3TNMJ,0
conf/sigmod/ChoiC02,wavQEPdBby8J,0
conf/vldb/VriesDBA99,ZC9wcby28NEJ,0
conf/vldb/ChirkovaHS01,Mu7C4zD0AhMJ,0
journals/tods/Ross96,uiN1-aJytWIJ,0
conf/sigmod/SrikantA96,WkXM8o_flrEJ,1
journals/sigmod/BerndtssonH96,9slASVrmy-YJ,0
conf/sigmod/Dyreson03,l7KC1qG6OGEJ,1
journals/sigmod/X94a,LP4kmbRDQqEJ,0
conf/sigmod/NguyenS96,tZBWAMr5av0J,0
conf/vldb/AltinelF00,oNuyvaETq2AJ,0
conf/sigmod/AcharyaGP00,kVMBxVNjg3EJ,0
journals/tods/GutingBEJLSV00,1qV5-83rTyUJ,1
conf/sigmod/YangM97,T_hWARVgq3MJ,0
conf/vldb/LeeWMS02,I-IMT_X_tAQJ,0
conf/sigmod/Cabrera03,Xt22ZB1SHA8J,0
conf/sigmod/ParkCY95,p-Xkl1fZarEJ,0
conf/vldb/ChienTZ01,eWCz_YJFqjcJ,1
conf/vldb/ChangG97,i8fbiYIKnmsJ,0
conf/vldb/Bar-YossefBCFW00,sQGzZEtSdgMJ,0
conf/sigmod/CatarciS01,4nE_R_4cmvEJ,0
journals/sigmod/ChienTZ01,rElfiscbtqcJ,0
conf/vldb/ChandrasekaranF02,f-2gpyJ4Hl0J,0
conf/sigmod/BouguettayaBH99,08jLtSm508gJ,0
conf/vldb/ShanmugasundaramSBCLPR00,w2Z4QqIEm7oJ,0
journals/vldb/Halevy02,nolTubViO7QJ,0
conf/vldb/BerckenS96,cPGJxmSTd58J,0
conf/vldb/IwerksSS03,ATMziDzXOAMJ,0
conf/vldb/Fox02,n23cRMqSXn8J,0
journals/tods/ChaudhuriS99,QCFUIVkspywJ,1
conf/vldb/LiHKSPAC02,rVxCHd6e1oYJ,0
conf/vldb/Amer-YahiaCD98,dmFdqexjJskJ,0
journals/sigmod/Mendelzon00,pKfDoPeL-2gJ,0
conf/vldb/Mohan02,acz1AGtX_pkJ,0
conf/vldb/SakuraiYKU01,R2Xabr22A0QJ,0
conf/vldb/GutierrezPST94,DCpdDiVpJNwJ,0
journals/sigmod/BusslerFM02,NvS2ZIeX3MUJ,1
conf/sigmod/BrinDG95,krlEX4LgXKIJ,0
journals/sigmod/SmithO99,FP6DSz3m40cJ,0
conf/vldb/BonczRK98,i5qpVT6P3U0J,0
conf/vldb/BohmMSW01,url:http://www.ncbi.nlm.nih.gov/entrez/query.fcgi%3Fcmd%3DRetrieve%26db%3DPubMed%26list_uids%3D739115%26dopt%3DCitation,0
conf/vldb/MeccaCM01,Lv38QFth5coJ,1
journals/sigmod/BoucelmaCGJLL02,hN4J4UCVl4oJ,0
conf/sigmod/WangTYGWP02,jsxQ8jeyP2AJ,0
journals/sigmod/RamamrithamSSTX96,VJVukBz-cOMJ,0
conf/sigmod/BhattacharyaMBNHS02,Cnl0jQPpb1sJ,0
journals/sigmod/Aberer03,_jJ4eIyy9VcJ,0
conf/sigmod/Jagadish94,uJZC3kx4ECoJ,0
conf/vldb/WienerN95,Y1lEnVPl6d8J,1
conf/sigmod/FabretJLPRS01,Hjx9-11vvjIJ,0
journals/vldb/DoanMDDH03,1WC2vYc_k3gJ,1
conf/vldb/CarinoO98,vVaPsYxpeFoJ,0
conf/sigmod/MelnikRB03,url:http://doi.wiley.com/10.1002/ace.8106,0
conf/vldb/Bernstein94,myKEriSPd0EJ,0
conf/vldb/HeMYW03,url:http://www.csa.com/partners/viewrecord.php%3Frequester%3Dgs%26collection%3DENV%26recid%3D8913256,0
journals/sigmod/Palpanas00,ZWwmBQlLFV8J,0
conf/sigmod/AcharyaFZ97,kN3G2d6hk4YJ,0
conf/vldb/MahnkeMS02,AsiHF3HEpwQJ,0
journals/vldb/IoannidisNSS97,_S-pN9mkEXkJ,0
journals/vldb/ConstantopoulosJMV95,-UpQkB1uPLMJ,0
journals/sigmod/Qian96a,alLAvBYDr-EJ,0
journals/sigmod/Segev94a,6o92YoQkA0wJ,0
conf/vldb/ZemankovaI94,eOKMhy-ocsgJ,0
journals/tods/ScioreSR94,url:http://www.springerlink.com/index/G46044627134L5K5.pdf,0
conf/vldb/MeekPK03,url:http://portal.acm.org/ft_gateway.cfm%3Fid%3D375792%26type%3Dpdf%26dl%3DGUIDE%26dl%3DACM%26CFID%3D11111111%26CFTOKEN%3D2222222,0
conf/vldb/FankhauserGLMT98,OdB1PLz8DwgJ,0
journals/vldb/KraissW98,yabWSyqur-8J,1
conf/sigmod/BerensonBGMOO95,GBiB-Xf0PDQJ,0
conf/sigmod/HanPY00,YkKV8PCox8IJ,1
journals/sigmod/Snodgrass00b,KyLX11sv4RQJ,0
conf/vldb/KangC02,6qOoqGAzsaAJ,0
journals/sigmod/Bohlen95,S9r7k3VEE3wJ,0
journals/sigmod/ShethGJRSWW96,F18t2xTKFYoJ,0
conf/vldb/KoudasGGSV03,_F-Z-tr1rfAJ,0
conf/sigmod/AcharyaAFZ95,h2z51QPXcSkJ,1
conf/sigmod/Chan98,Brv4bJ6RjywJ,0
journals/sigmod/SommerGB02,6Xly2r66faAJ,0
journals/sigmod/Fankhauser01,E7cH4jLM-eUJ,0
conf/vldb/YagoubFIV00a,bZm6yexjxqAJ,0
journals/vldb/RoySSSA98,vitgygjdz3AJ,1
journals/sigmod/Qian96,UAcem8n0N2wJ,0
conf/sigmod/LiuPBHPT00,1xsg0K7ZiLsJ,0
conf/vldb/PoosalaI97,cT4DwcysBC4J,0
conf/sigmod/FaloutsosL95,Tpb-LwPZJNMJ,1
journals/vldb/ChanFGR02,q7_vyAQvsZkJ,0
conf/sigmod/ZhaoDNS98,miytzHylgMAJ,1
conf/vldb/Brodie00,LtgCiN2a0E4J,0
journals/tods/HsuSY01,EF-7qIyPPk0J,0
conf/sigmod/GuoSBS03,RNk9OwGHI0UJ,0
journals/vldb/GeorgeH00,2L-UFpDof3UJ,1
journals/vldb/MuckP97,yHSQJtyFciMJ,1
conf/vldb/LuoN01,eKvrxzDXW0AJ,0
conf/sigmod/ZhaoDNS98,mBC03oUT8yAJ,1
conf/sigmod/LacroixSC98,TmXE_bpkL98J,0
conf/vldb/CareyHMW96,411fQqy99YIJ,0
conf/sigmod/Krishnamurthy03,Ckj8Nxdv8EEJ,0
conf/sigmod/Chong98,Ft4p5f_kdZAJ,0
journals/vldb/MuckP97,S6EHHKIWQwcJ,0
conf/sigmod/LazaridisM01,BqhHjTiFwzQJ,0
journals/sigmod/CeriFP99,6KfozOAM-kIJ,0
conf/vldb/McKennaBHT96,pUR1c3FyyAEJ,0
conf/sigmod/KanthAS98,V-sCaTAHtosJ,0
journals/vldb/AgrawalHK03,gyG6axNFXhAJ,0
conf/vldb/Jermaine03,WoOdXKw7uKcJ,0
conf/vldb/LeeL99,MmEtFWXB-ZYJ,0
conf/sigmod/KarbhariRXD02,Aq43Kb3xYF4J,0
journals/sigmod/AbererCH02,h-UhAGyMtYcJ,0
conf/vldb/KoudasGGSV03,L0YChK6kiQAJ,0
conf/vldb/DonjerkovicR99,Eq1w4LPv_igJ,1
journals/vldb/TorpJS00,wr5pRI-iGqsJ,1
conf/vldb/AbiteboulAAACHHMMMMSTV99,zHCrzBCoweAJ,1
conf/sigmod/ChanI99,kNT7yt823K8J,1
conf/sigmod/BohrerBBCFHKKMNRRSUUW97a,fHX-cooZ2N0J,0
conf/sigmod/SistlaW95,PpRbnq5h5OMJ,0
conf/sigmod/LarsonG03,vmQeUKFzhAEJ,1
conf/sigmod/PangCL94,3BxllB4wwcIJ,0
journals/sigmod/NorrieBSW94,ctEdyJRdTbkJ,1
conf/sigmod/OlstonWL01,JIQ9_NRDbw0J,0
journals/sigmod/WolfsonSDNR95,R51Yi7sWJ6EJ,1
journals/sigmod/Seligman97,y5G3BjV9fUYJ,0
conf/vldb/Garcia-MolinaLY98,SsXkxUi6SAcJ,0
conf/vldb/LaneEN00,vkBSdRRYID4J,0
journals/sigmod/SchlageterBHMSW95,IuUkDqGDbesJ,0
journals/vldb/Ozsu03,d7HDJjXZLNAJ,0
conf/vldb/Banerjee00,owfPKT5ip68J,1
journals/sigmod/Aberer03c,R1DtUZDK_DsJ,0
conf/sigmod/Dietterich94,mDh2eYJdqAAJ,0
conf/vldb/KerstenWFKBC03,K19Di4V3EaUJ,0
conf/sigmod/CeriFP98,url:http://www.springerlink.com/index/M470447876418L50.pdf,0
conf/sigmod/Blakeley96,url:http://doi.wiley.com/10.1002/tl.127,0
conf/sigmod/LakshmananNHP99,DfOLEzMoEaEJ,1
conf/vldb/PedersenJD99,KG_0Ks9lFAUJ,1
journals/sigmod/BichlerSZ98,goq6Z9bDeSsJ,1
journals/sigmod/SegevJS95,2kiNfwTpqp4J,1
journals/sigmod/BichlerSZ98,Vj-etHBgDEUJ,0
conf/sigmod/WilschutFA95,8kRnUNO7-acJ,0
conf/vldb/LabrinidisR01,3Ozte0ucNJAJ,1
conf/vldb/Mohan02,YJlUtEk7zwkJ,1
journals/vldb/ChakrabartiDAR98,ypnxNdZGnVwJ,0
conf/sigmod/HullZ96,1Ag4PRPOeCgJ,0
journals/tods/BohlenJS00,6eheB6Kct4MJ,1
journals/tods/GravanoGT99,url:http://portal.acm.org/citation.cfm%3Fid%3D984514.984521%26coll%3DGUIDE%26dl%3DACM%26idx%3DJ689%26part%3Dperiodical%26WantType%3Dperiodical%26title%3DACM%2520SIGMOD%2520Record%26CFID%3D11111111%26CFTOKEN%3D2222222,0
conf/vldb/StohrR01,url:http://portal.acm.org/ft_gateway.cfm%3Fid%3D310060%26type%3Dpdf%26dl%3DGUIDE%26dl%3DACM%26CFID%3D11111111%26CFTOKEN%3D2222222,0
conf/vldb/ScheuermannSV96,sjgMhpYRgVEJ,0
conf/vldb/Mohan96,QSu3Ile4Kz0J,0
journals/sigmod/X94b,kUPahuP4ZJcJ,0
conf/vldb/LlirbatST97,0_rZwTaTbZcJ,0
conf/vldb/MorishimaKKT01,bqfliVa5hRoJ,0
conf/sigmod/HanFWCZK96,RKbKtLWjDLEJ,0
journals/sigmod/NorrieBSW94,77fdiOCo8nAJ,0
conf/vldb/AmbiteKKMST01,jLCCbmrlYwgJ,0
conf/vldb/JohnsonA00,-euFw9aWKfMJ,0
conf/sigmod/HanPY00,baVAtfo4WCoJ,0
journals/sigmod/BichlerSZ98,wBAI_ELrXkUJ,0
journals/sigmod/GerlhofKM96,K3a5NJDz1RcJ,0
conf/vldb/ChenJLP03,0RyksVYgd_wJ,0
journals/sigmod/Baeza-YatesN96,1avO1fqtQ6QJ,1
conf/vldb/CabreraRH95,StDg6TOKTLkJ,0
journals/sigmod/Snodgrass02,_qopgNiYmXQJ,1
conf/sigmod/KuhnTS94,FtMoh58D330J,0
conf/vldb/OlstonW00,ZhhHVMyKJcYJ,0
conf/vldb/DeutschT03,YJ6Sf3voc1wJ,0
conf/vldb/RaoR99,DEm1Nx3NjrEJ,0
conf/vldb/SenkulKT02,l2bdMpPJvqAJ,0
conf/sigmod/ZhangDWEMPMDR03,F0CBypWc7_gJ,0
conf/vldb/NishioSTTL01,S30IXg4ClFIJ,1
conf/sigmod/BonnetBCCCHKMMOSS99,eOooSReDvqUJ,0
conf/vldb/LakshmananPH02,VV1Is6kAkm8J,0
conf/vldb/LakshmananSS99,SmO9TPw9jA0J,0
conf/sigmod/ChenGK01,0tkyK_cWlbwJ,0
conf/vldb/AmbiteKKMST01,2y9klChcfUoJ,0
conf/vldb/HardingLM03,KoI8CRWkAYsJ,0
conf/sigmod/Han96,FpuO4Tc4LKoJ,0
conf/vldb/Slutz98,aidnm024xlIJ,0
conf/vldb/CabreraRH95,qCnCrP2lzZUJ,0
journals/sigmod/Liu01,SeCy3GKewNgJ,0
conf/vldb/RysNS96,I4Dzh0CpFmoJ,0
journals/vldb/C94a,6d7xgwH1BngJ,0
conf/sigmod/AggarwalY00,AVlvtSKpinEJ,0
conf/vldb/HellersteinNP95,SA4P684zTf4J,1
conf/sigmod/Rodriguez-Martinez00,pxsMzgffvogJ,0
conf/vldb/AbiteboulAAACHHMMMMSTV99,JScvAMYcsmoJ,0
conf/sigmod/SismanisDRK02,VGdDexZSF-8J,0
conf/sigmod/Chong98,H7Pi4AQU00YJ,0
conf/vldb/BelloDDFNSWZ98,-cgWI4H0x7sJ,1
journals/sigmod/Roussopoulos98,YiG7cuPvOMsJ,0
journals/tods/MayL02,9IxPG7291Q8J,0
conf/vldb/GardarinST96,AMqU9oJPrzQJ,0
conf/vldb/GarofalakisI97,BOyFe62N0lkJ,0
conf/vldb/BaumannDFRW99,vHmWsBwZWP0J,0
conf/sigmod/Rajaraman99,aPcw5XNqM34J,0
conf/sigmod/FlorescuLMS99,NGDJ6abrgEUJ,0
conf/vldb/LakshmananJN00,Rg4UOUTwgAcJ,0
conf/vldb/WangC03,yjZolbzEP6wJ,1
journals/sigmod/Snodgrass00,qSkczAhu758J,0
journals/sigmod/Vianu03,bvcQt7zFoAoJ,1
conf/vldb/PapakonstantinouAG96,e_X6PuUGDyAJ,0
journals/sigmod/JaegerF95,vuHRfI-4b3YJ,0
conf/vldb/DattaDTVRF01,NX9bCNDWjFkJ,0
journals/sigmod/Klein94,34OQwJdVF2sJ,0
conf/sigmod/Hellerstein94,9xl5KHccTJ4J,0
journals/vldb/BernsteinIR03,9TRMrHWUWr4J,0
journals/sigmod/ChaudhuriD97,zlbJ-7JZdP0J,1
conf/vldb/HoelS94,6hSGN36Rg7EJ,0
conf/sigmod/NguyenS96,ns0p_gD6C_MJ,0
conf/vldb/DarFJST96,QdWd_yg3YGMJ,1
conf/sigmod/LuWYBLY02,mi4ZjIkzWPAJ,0
journals/sigmod/YauLMS99,roXzlpLXDukJ,0
journals/sigmod/RamamrithamS97,bKo6gkBcEYQJ,0
journals/sigmod/LudwigG00,ts9vSAemub8J,0
conf/sigmod/SengarH03,7Mtanhr8EKoJ,1
conf/vldb/GoldmanW97,_lvdMphdfvEJ,1
journals/tods/LeveneL99,j84UE-NL5fQJ,0
conf/vldb/FlorescuLSY99,aUElZKC-txIJ,1
journals/sigmod/RosenthalS99,c6lzPzSWbKAJ,1
journals/vldb/KashyapS96,cXLp1nQpuZcJ,0
conf/sigmod/Rosenthal01,5DD517RhKG8J,0
conf/sigmod/ShenoyHSBBS00,SipDBj3SOb4J,1
journals/vldb/BenzakenD95,EfD6cai25kQJ,0
conf/vldb/GalanisWJD03,iIF6sbKPp30J,0
journals/vldb/ChakrabartiGRS01,B6SA0RIoOWMJ,0
journals/sigmod/ChienTZ01,kRiGuUnSAqEJ,0
conf/sigmod/FreedmanD95,Wc0qsvqXE-YJ,0
journals/sigmod/Seligman97,PW3D1gCJGGUJ,0
journals/tods/FegarasM00,47QSokPclQwJ,0
conf/sigmod/MassariPSC95,zkzZNHkIoWkJ,0
journals/vldb/KemperK95,z2xgaw3ocMQJ,0
conf/vldb/LubbersGJ03,NMgExE-JRD0J,0
conf/sigmod/JagadishKS00,80EHfWdDO0kJ,0
journals/sigmod/BergamaschiCV99,P_to2CNr1ioJ,0
conf/vldb/ShengBDM02,Gw060IxF8VQJ,0
journals/sigmod/GrayG97,RC7R3l7SKQ4J,0
conf/vldb/DeRose99,2RdyZ6DI0UgJ,0
journals/vldb/SinghalS97,J92TozipDAAJ,0
journals/sigmod/GruenwaldBDGSSV99,fBgF7TfC8WoJ,0
journals/tods/ZobelMR98,wivJNEQEWzMJ,0
conf/vldb/SantiniG02,J3cfnmFB4lsJ,1
journals/tods/LiuHD98,zuVOWDbv0lsJ,0
conf/sigmod/ChristophidesACS94,ON8S9VgeZHMJ,0
conf/sigmod/MattosM95,hEemQ37_mPcJ,0
conf/sigmod/SeshadriLR94,60I0j0qUHVYJ,1
conf/vldb/DoR02,url:http://www.springerlink.com/index/Q8M22L4714566207.pdf,0
conf/sigmod/CatarciS94,ga4l4QhCXU4J,1
journals/tods/AndriesCPB01,iMGwasyHkgIJ,1
conf/sigmod/Golding95,B0gGtPpx7uUJ,0
conf/sigmod/ChaudhuriD97,st7jrDT1vbMJ,0
conf/sigmod/RoussopoulosKV95,00c1qmRdM5IJ,1
conf/vldb/YagoubFIV00a,5m--U1YSiW0J,0
journals/sigmod/DoanPK95,CvrHiPTO51YJ,0
conf/sigmod/ZaharioudakisCLPU00,5cJ9YUMMfy0J,0
journals/vldb/FuCCM00,s5WKC854QaEJ,0
conf/vldb/LeeLWS97,fHKhYR-6ksMJ,1
journals/sigmod/ChongFTSYKDJJ03,iRSEcvwGDyQJ,0
journals/sigmod/ReichB98,HQl50jA4_EgJ,0
journals/sigmod/Franklin97,url:http://pubs.acs.org/cgi-bin/abstract.cgi/achre4/2005/38/i09/abs/ar0500012.html,0
conf/vldb/GuPS00,5BNDDVvTbAQJ,0
conf/sigmod/Mohan94,6lk3OQoMkowJ,0
conf/sigmod/Dyreson03,KRBr-DjGeVAJ,0
journals/sigmod/BabuW01,Jm-I8-CLbpUJ,0
journals/vldb/LiangOY00,hZaA9Z3mmVIJ,0
conf/sigmod/BrinDG95,url:http://www.springerlink.com/index/P4Q0445827654287.pdf,0
conf/vldb/DoR02,56U_HeDJYggJ,1
journals/tods/YanG94,Xh9AnV9p-REJ,1
conf/sigmod/ImielinskiVB94,7FHudYbEkF0J,1
conf/vldb/ChristodoulakisTZ97,l-HwkPXZ_x0J,0
conf/sigmod/ChawatheG97,JLeihu2aUqYJ,1
conf/sigmod/BuchmannDZH95,4pl5VSwjXj0J,1
conf/sigmod/SeshadriHPLRSSS96,3OxZS395vDcJ,1
conf/vldb/ManolescuFK01,nfnRkTrOnzwJ,1
journals/vldb/RamamurthyDS03,DAlyofX710AJ,1
journals/vldb/TsatalosSI96,U61_xClki7gJ,0
conf/vldb/EleftheriouBCDHLPPABDDDGJHLRSVW03,RVxH3DIm47UJ,0
journals/sigmod/Fagin02,1dw9Z-Vl8gkJ,0
journals/sigmod/KambhampatiK03,WQaZ-II_GykJ,0
journals/sigmod/Franklin97b,Pz-cypTw0UEJ,0
conf/vldb/WangYM97,bnkP_MXjTPcJ,1
journals/sigmod/GobleR02,url:http://portal.acm.org/ft_gateway.cfm%3Fid%3D507366%26type%3Dpdf%26dl%3DGUIDE%26dl%3DACM%26CFID%3D11111111%26CFTOKEN%3D2222222,1
conf/vldb/ChaudhuriS96,4MaErPILRq8J,1
conf/vldb/VorugantiOU99,FHNznbjE1wkJ,0
conf/vldb/AbiteboulBMMW02,JfsgE81fWdkJ,0
conf/sigmod/CareyMN97,6YXYnLb8CyYJ,1
conf/vldb/PitouraC99,7KESeQnHfHkJ,0
conf/vldb/ChatziantoniouR97,6qPaUOZRypsJ,0
conf/vldb/BalminPP00,WyLwM2tiaRIJ,0
journals/sigmod/Abiteboul99,I2F9qPu3WWoJ,0
conf/sigmod/ZaharioudakisCLPU00,eRL43WdgZqcJ,0
conf/sigmod/Chaudhuri97,9GsZHpVf2_cJ,1
conf/sigmod/Ramakrishnan00,pcUSk8BKMJYJ,0
journals/sigmod/Konig-RiesL97,url:http://doi.wiley.com/10.1002/he.9708,0
conf/sigmod/BorkarDS01,url:http://www.springerlink.com/index/3G9E0YCGLRQFPN89.pdf,0
journals/sigmod/LabrinidisR00,Wcbvsi-QDtcJ,1
conf/sigmod/MinPC03,o0ymMWc2TTsJ,0
conf/vldb/RahmM95,6ioboOxJvQIJ,1
conf/sigmod/DeutschFS99,SYaXErlVlcAJ,1
conf/sigmod/GrumbachRS98,9vmpEsixHcgJ,0
conf/vldb/ChenDZ03,5MbqS0-RzBIJ,1
conf/sigmod/GreenwaldK01,jOe7VTJBr08J,0
journals/tods/Bohm00,irZ0BJx-VaIJ,0
conf/sigmod/Gray95,oD3Eycz_DMAJ,0
conf/vldb/LevyRO96,J-ynfiZ-BjwJ,0
conf/vldb/DittrichSTW02,egCgEjikCgAJ,1
conf/sigmod/HsiaoN00,iY5wlS4jsg0J,1
conf/sigmod/MissikoffT94,dFS5E7hFSYcJ,0
conf/sigmod/OlstonJW03,OeUZuivL3UoJ,0
conf/vldb/SkubiszewskiV97,LKjMLO-BycMJ,0
journals/vldb/AgrawalHK03,url:http://www.csa.com/partners/viewrecord.php%3Frequester%3Dgs%26collection%3DTRD%26recid%3D200112006503MT%26recid%3DN9210565AH,0
conf/sigmod/Ellison95,url:http://www.springerlink.com/index/CFM1025XF89JLNH8.pdf,0
conf/vldb/BridgeJKLLM97,MLFiLgVrJx0J,0
conf/sigmod/Chakravarthy97,xAwNq-a4ju0J,1
journals/vldb/PapadiasS94,CHwl6iRp_g0J,0
conf/vldb/LlirbatST97,50Io0sgqCiAJ,0
conf/vldb/ChaudhuriG99,V9XUvirmVEEJ,0
conf/vldb/IshikawaSF98,L8km-CPD_2QJ,0
journals/sigmod/CareyS99,o2FL5OF_CFcJ,0
journals/vldb/NanopoulosM02,icoWjIZ_6IIJ,1
conf/sigmod/MaddenSHR02,kjtuCATx_uoJ,1
conf/vldb/PalpanasSCP02,nlh2WXZT3VIJ,1
conf/sigmod/MohanN94,7KW9xW7qHEsJ,0
journals/vldb/TenienteO95,Br_ThnEq1qEJ,0
conf/sigmod/ChoSG00,url:http://portal.acm.org/ft_gateway.cfm%3Fid%3D1101174%26type%3Dpdf,0
conf/sigmod/GibbsBT94,QpWwxJQcS04J,0
conf/vldb/HerlekarDRGS02,1H_A7k3QsbQJ,0
conf/vldb/PereiraFLS00,KAW0nLm2wVAJ,1
conf/vldb/ShanmugasundaramSBCLPR00,kGu_qus_CjQJ,0
conf/sigmod/HouZ95,haTR4GPpkCAJ,0
conf/sigmod/KatayamaS97,DfJERPfnugwJ,1
journals/sigmod/Finkelstein95,Fm-NyVW9BqUJ,0
conf/vldb/BeneventanoBCCGMMV00,url:http://www.csa.com/partners/viewrecord.php%3Frequester%3Dgs%26collection%3DTRD%26recid%3DA8622919AH,0
journals/sigmod/Ozsu02b,C9f_og9jisQJ,0
journals/sigmod/LeeCL95,T6yPUm4p2DwJ,0
conf/vldb/CherniackFZ01,RTFRLap5h6MJ,0
journals/tods/Alagic99,lJ3aqOUb8yQJ,0
conf/sigmod/ZhangDWEMPMDR03,gWslyEjd3BYJ,1
conf/sigmod/Team95c,mFHdV09MfG8J,0
conf/vldb/DillKMRST01,I6ZwJxWuNW0J,0
conf/vldb/BamfordBKM98,_pYZZxn2SjYJ,0
journals/tods/GhandeharizadehHJ96,34OQwJdVF2sJ,0
journals/vldb/PapadiasS94,ywe7qzk4E5MJ,0
journals/sigmod/Jonsson03,73qgB4deq4wJ,0
journals/sigmod/Neven02,q1hj45BSItAJ,0
journals/tods/KrishnakumarB94,eOdyUMyFlNwJ,0
journals/vldb/TsatalosSI96,UMzHoDUrPdEJ,0
conf/sigmod/LazaridisM01,Urnpu4L7HQcJ,0
conf/sigmod/WolfsonSXZC99,SHi3jbyB9t0J,1
conf/sigmod/Bayardo98,htTH8PrZ0dYJ,1
conf/vldb/JagadishLS99,5d1R2mD-7MkJ,1
conf/vldb/ChangG00,fIuGhhcZl-4J,1
journals/sigmod/Aberer03,gtNSqHrvPY0J,0
conf/sigmod/ImielinskiV95,FUlBOTA3jyUJ,0
conf/sigmod/HanPY00,jJ-L6QY9OBkJ,0
conf/vldb/GuntzerBK00,f1IyR34byuMJ,0
journals/sigmod/RamamrithamS97,HR-yLNuhtl4J,1
conf/vldb/VassalosP97,5DKaP73v7FQJ,1
conf/sigmod/ZaharioudakisC97,bMV_IWDcLIoJ,0
conf/sigmod/WaasG00,j8ZmOr4iWDoJ,0
conf/vldb/ChandrasekaranF02,9_zkjXaBRIoJ,0
conf/vldb/SizovGT03,wPm8dQxiK5UJ,0
journals/sigmod/TanK03,c95ytIsGZ4EJ,0
journals/sigmod/RossFLOSSVW00,AtSCXUXlIpwJ,0
conf/vldb/ChaudhuriN97,9oP0HSAm5DwJ,0
conf/vldb/TreschPL95,lfZOgsfDvhcJ,0
conf/sigmod/MaddenSHR02,WhBHQqg-7l8J,1
conf/vldb/GibsonKR98,xzrGHzVzufkJ,0
journals/sigmod/WenLMZ03,MzzFT5Rh-HYJ,0
journals/sigmod/TianDCZ02,YGdnZjs_tm0J,0
conf/vldb/ZengBNN01,MA7NWFIgTaoJ,1
journals/sigmod/BorgidaCS98,1tKWKmyczaYJ,0
conf/vldb/YanG95,UAROMW2WUV0J,0
conf/sigmod/ZhangDWEMPMDR03,lQnI0zKr5kYJ,0
journals/vldb/LaurentLSV01,sWPgOIs7DacJ,0
conf/sigmod/VriesMNK02,SYxARlavv6wJ,0
journals/vldb/BarbaraI95,kooQijVBMscJ,1
conf/sigmod/ZhugeGHW95,dETTJ3L5SHIJ,1
conf/vldb/GoldsteinR00,url:http://doi.wiley.com/10.1002/(SICI)1521-3773(19980216)37:3%253C342::AID-ANIE342%253E3.3.CO%253B2-G,0
conf/vldb/HvasshovdBT00,mxr0r6Otm_wJ,0
conf/sigmod/Bussler01,jGifZZcjd2QJ,0
journals/vldb/CliftonGB95,J1tjkClJSa4J,0
conf/sigmod/TomasicABKNR97,url:http://doi.wiley.com/10.1002/he.10.abs,0
conf/vldb/WangSG03,1pKYTEglM0wJ,0
conf/sigmod/NgLHP98,zNC7a9Gws6QJ,0
conf/vldb/TaoPS02,c-rJ2AIMUjwJ,1
journals/vldb/LinJF94,z_tOXNnmxi4J,0
journals/tods/MokNE96,1EUZk7XDnfIJ,0
journals/sigmod/Weikum02,m7lmw37FsFcJ,0
conf/sigmod/SzalayGTKMRSv02,nh2WidQ695UJ,0
journals/tods/HsuSY01,IrJCPDNLbGMJ,0
conf/vldb/Sacks-Davis96,Hxnlcwm_RhMJ,0
journals/vldb/RamamurthyDS03,vGFdY2gG8YsJ,1
conf/vldb/HjelsvoldM94,Glp8A1GmTVsJ,0
conf/vldb/ManegoldBK02,url:http://www.ncbi.nlm.nih.gov/entrez/query.fcgi%3Fcmd%3DRetrieve%26db%3DPubMed%26list_uids%3D748420%26dopt%3DCitation,0
journals/sigmod/TsotrasK96,vUvNBChnmacJ,0
journals/sigmod/KappelR98,I4bR2_Zf4JMJ,0
conf/vldb/TsoisS03,VdnUN3D1bXsJ,0
conf/vldb/Garcia-MolinaLY98,Ag5ikOm9dB0J,1
conf/vldb/LiuJ02,MFwYuyU7eKsJ,0
conf/vldb/GoldmanW97,iTSghV1zFkkJ,0
conf/vldb/KornSFSP96,Gp36TpmXDIQJ,0
journals/vldb/KnorrNT00,Jn1zTJX3EJMJ,0
conf/sigmod/CeriFPP95,7BDCL140Kx4J,0
conf/sigmod/PhanN02,swAAJa_XmE4J,0
conf/sigmod/LibkinMW96,WQaZ-II_GykJ,0
journals/vldb/ChuaCL03,sdp7pnLzuV4J,0
conf/sigmod/LazaridisM01,tmcDGi1iQVMJ,0
conf/vldb/HanF95,hDi8HKsDrV0J,1
conf/sigmod/AtzeniT97,zmUARaE81B8J,0
conf/sigmod/HellersteinA00,GCXmSSZAyGAJ,0
journals/sigmod/RossFS02,VhB-ZjTEPssJ,0
conf/vldb/ChakrabartiGRS00,Sd2EpYgsgYEJ,1
journals/sigmod/PitouraB95,cOpfIBarLD0J,0
conf/vldb/LuSL95,O8L-t5WbPXwJ,0
journals/vldb/PottingerH01,Kv3ZFRUKCogJ,1
journals/tods/LiuHD98,7glKHynv0xAJ,0
journals/vldb/Guting94,8640Q2sYgbIJ,0
conf/sigmod/AltinelABFSZ99,4m_zFz0kP7cJ,1
conf/sigmod/LabrinidisR00,QCC8JsIQ688J,0
journals/sigmod/EisenbergM99a,Zi9aiRG5VoYJ,0
conf/sigmod/BarclaySG00,Vl7Y_RYU8yIJ,0
conf/sigmod/BabcockO03,x2sLaJlFxAEJ,0
conf/vldb/Moerkotte98,e7eYvS2bm7gJ,0
conf/vldb/Bowker00,ShFDy7Xo2RwJ,0
conf/sigmod/GarofalakisGR02,w1zUh3s5qhoJ,0
conf/vldb/HasanM95,RJqiCyURi7UJ,0
conf/sigmod/Shasha97,Kq4kMuQ32eUJ,0
conf/sigmod/LiBCS00,AYtrcxExrbkJ,0
journals/sigmod/Widom96b,uKBaVA4a7FgJ,0
conf/vldb/MeekPK03,url:http://www.springerlink.com/index/Q64256L32386K822.pdf,0
journals/sigmod/Camps96,kGjvvtQzEtAJ,0
conf/sigmod/DogacAEOADAOS94,lJvmD13lHJIJ,0
conf/sigmod/GuhaRS98,oWVyLUIy9JwJ,1
journals/sigmod/Ulusoy95,url:http://www.csa.com/partners/viewrecord.php%3Frequester%3Dgs%26collection%3DTRD%26recid%3D200111010680MT%26recid%3DA0032586AH,0
conf/sigmod/ThomasDM95,J__0OnKhOxIJ,0
journals/sigmod/Scholl01,Vn94c_dboikJ,0
conf/vldb/LevyRO96,bbeft23FHAkJ,1
journals/vldb/HarrisR96,kuy7cz44GgMJ,0
conf/vldb/CareyKSSS00,fMuom_ogj4MJ,0
journals/sigmod/PossasMCR00,8BheFBvoygIJ,0
conf/vldb/AbiteboulABBNM03,ahrxo47nJtMJ,0
journals/vldb/HarderST99,pB5rahMH904J,0
journals/sigmod/TanakaV01,gpqhl6nfNk8J,0
conf/vldb/MuntzR94,WQciZ2OYI1gJ,0
conf/vldb/GarofalakisRS99,-jD9HUpuD2IJ,0
conf/vldb/HasanM95,8cd64f0t0-EJ,1
conf/vldb/ArgePRSV98,H-AQePr2evUJ,1
journals/sigmod/AlonsoCIM95,uicOUf4v2acJ,0
conf/sigmod/MaddenFHH03,JEgi6ihlrrsJ,0
conf/vldb/FernandezSCMS03,sn_R4N1q2SwJ,1
conf/sigmod/BrunoCG01,81vN76L4sMYJ,0
conf/sigmod/ChaudhuriMN98,hvMTb3FYOjQJ,1
journals/sigmod/KiyokiKH94,2aNBg9hQ7wcJ,0
conf/vldb/Kotidis01,hGYpqWYceccJ,0
conf/vldb/HammelP02,h10FxbLW6zAJ,0
conf/vldb/CareyK98,url:http://adsabs.harvard.edu/abs/1985QB523.K37......,0
conf/vldb/NishioSTTL01,HwkxbUFD-jQJ,0
conf/vldb/ShahabiFKF00,ph38ifZXMloJ,0
conf/vldb/TanEO01,1A06w64wjvcJ,1
journals/sigmod/HanBP01,nNzc9iVBTGQJ,0
conf/sigmod/ChawatheG97,aT5MHN-ZyrQJ,0
conf/sigmod/GrayHOS96,J_QkWJ4HlOUJ,1
conf/vldb/SizovGT03,1oRtHF9mg2cJ,0
journals/sigmod/OrlandicLS02,url:http://portal.acm.org/ft_gateway.cfm%3Fid%3D1101384%26type%3Dpdf,0
conf/vldb/SchmidtWKCMB02,ET_i3QwZryQJ,1
conf/sigmod/SistlaW95,url:http://portal.acm.org/ft_gateway.cfm%3Fid%3D290608%26type%3Dpdf%26dl%3DGUIDE%26dl%3DACM%26CFID%3D11111111%26CFTOKEN%3D2222222,0
journals/sigmod/AshishK97,3zbpGI3YqXUJ,1
journals/sigmod/BallMRZ02,Mfc9xsb7BuQJ,1
conf/sigmod/HinneburgKW02,d0AYpccXjcAJ,0
journals/tods/RaschidL96,nqa0nIqwFn0J,0
journals/sigmod/Bertram94,qaSgL5tVq1AJ,1
conf/sigmod/GehrkeKS01,1m5_m_nbU2QJ,0
journals/vldb/SuHHHLWLPLL01,sVjQuAOycx0J,0
conf/sigmod/GardarinMP95,IOqPoq2MSvQJ,1
journals/tods/LechtenborgerV03,hwYZJyi2XC0J,0
conf/vldb/GohOST99,hK5EOo-Z7JMJ,1
conf/vldb/CareyKSSS00,UgsmojqxBewJ,0
conf/sigmod/Nori00,t9PSBmfdNnIJ,0
conf/sigmod/HoAMS97,TWXSIYailFQJ,0
journals/vldb/MylopoulosCPST96,1Z7fdOlnBcsJ,0
conf/vldb/RohmBSS02,YyqaHVc_bMoJ,0
journals/sigmod/CiliaB02,Y1HVgTopekIJ,1
conf/sigmod/KotidisR99,b0NT0GFG7jAJ,0
conf/vldb/ChatziantoniouR97,Xx-pSjq7Mv8J,1
conf/sigmod/GarofalakisRRS99,xSCebfi1uEIJ,0
conf/vldb/GolabO03,cJ_WgTtHKpYJ,0
conf/vldb/DiaoF03,P589yVJ8s3kJ,0
conf/sigmod/Team95,b5-QH1Xqq6IJ,0
journals/sigmod/GottlobKP03,url:http://portal.acm.org/citation.cfm%3Fid%3D182591.182640%26dl%3DACM%26dl%3DACM%26type%3Dseries%26idx%3D182591%26part%3DProceedings%26WantType%3DProceedings%26title%3DSymposium%2520on%2520Principles%2520of%2520Database%2520Systems%26CFID%3D11111111%26CFTOKEN%3D2222222,0
journals/vldb/PoulovassilisS96,lIxiPxfcA6IJ,0
journals/sigmod/HalkidiBV02,AYQDZpFXQjAJ,0
conf/vldb/AgrawalSX01,1wwY0lGghRUJ,0
journals/tods/ChakrabartiKMP02,c9qUjswhxA0J,0
conf/sigmod/AdaliBSS98,Pxx6z7NLHJAJ,0
conf/vldb/AbiteboulMRVW98,CDQHFdIK_cwJ,1
conf/vldb/SistlaYLL95,xAv4-JMufVsJ,0
conf/vldb/CarinoJ98,gy-UajaSCQQJ,0
conf/vldb/GilbertKMS01,Xy_RpFaaxtQJ,1
conf/sigmod/Shyy95,2tx9hCMrSPgJ,0
conf/vldb/AnKR03,wM3H3c1A8N4J,0
conf/vldb/PapadiasT01,74AgLoFxZU0J,0
conf/sigmod/PapadiasTSE95,ofEVgzY7hWoJ,0
conf/vldb/HelalL00,4fr9JZbsZOcJ,0
conf/sigmod/ChoG00,rLHLRg3-vg8J,0
conf/vldb/DonjerkovicR99,url:http://doi.ieeecomputersociety.org/10.1109/TKDE.2004.78,0
journals/sigmod/Winslett02c,EpH0J4uodIwJ,0
conf/sigmod/Zeller03,4b7LM9NCKt4J,0
conf/sigmod/WolfsonSXZC99,nFj3HaF-j_8J,0
journals/sigmod/YuenCLL00,KSg-g-cSjkQJ,0
conf/vldb/ShengBDM02,zdTH_CkH2BkJ,0
conf/sigmod/Adelberg98,lABU-pFRdhoJ,0
conf/vldb/FankhauserGLMT98,feTNE4a8wEEJ,0
conf/sigmod/HellersteinHW97,1n-1Xj-lfLAJ,1
journals/sigmod/Giorgini03,aqbjcA2ehjgJ,0
conf/vldb/BenediktCFRZZ02,fEsJHPBLdigJ,0
conf/vldb/SantiniG02,u48dKyCCnisJ,0
conf/vldb/PottingerB03,Gq2yqOZGhBgJ,1
conf/sigmod/CuiOTS03,09nCxGk1-_cJ,0
conf/vldb/NgH94,AJ7Qj_bt0ZoJ,1
conf/vldb/GuPS00,pIwMyAB0mhYJ,0
conf/sigmod/GuptaMR95,url:http://portal.acm.org/citation.cfm%3Fid%3D1099554.1099560,0
conf/vldb/MeekPK03,BV6S1LOk4XwJ,1
journals/sigmod/Liu03b,PYIgD3YN_hQJ,0
conf/vldb/Adler01,Tnuonq9Zi4cJ,1
conf/vldb/MurthyB03,gLRihOwWLV0J,0
conf/sigmod/Rosenthal01,t2ev3JaD54cJ,0
journals/sigmod/Goethals02,xK-s6wu4hRwJ,0
journals/vldb/MuthOPW00,iDs7kM4vOJQJ,0
journals/sigmod/LenzeriniNNS01,270HbEEy7M8J,0
journals/sigmod/Critchlow01,D0z0BDnbnFcJ,0
journals/tods/KossmannS00,n-OGL8lhX5MJ,0
conf/vldb/WeberSNSS03,fcUplqIxKfQJ,0
conf/sigmod/Moore95,TbVK7cIzAEYJ,0
conf/sigmod/GuoSBS03,iVlxs82-PsMJ,0
journals/tods/DattaVCK99,6QYuIbVikPQJ,0
journals/sigmod/DunhamH95a,aKEarwPrImoJ,0
conf/vldb/BaumgartnerFG01,SuA6ug99YisJ,1
conf/sigmod/LacroixSC98,MyaiGcr-oYkJ,1
conf/vldb/HumborstadSHT97,Ptc_AdHrw9cJ,0
conf/vldb/SumiyaYTSI95,_Hqit9e1SjgJ,0
conf/vldb/SattlerGS03,6NglhkYsJTQJ,0
conf/sigmod/AdelbergD99,fxQ50mZDNdsJ,0
conf/sigmod/Cattell94,9_GTdteKEYsJ,0
conf/sigmod/LeeKOTM00,GJ_7cqL0d70J,0
conf/vldb/MatthesS94,kSYXzlSnBhAJ,0
journals/sigmod/CaleroPR03,EWhVgAPMLIcJ,0
journals/vldb/OzsuPSILM95,7kC8fo78d6sJ,0
journals/sigmod/Winslett02c,i3NjaOH_pO0J,0
journals/sigmod/Domingo-FerrerH98,QtYxZ5cYbQYJ,0
journals/tods/ChaudhuriS99,C3uHnP2dGgcJ,0
conf/sigmod/BreunigKNS00,url:http://portal.acm.org/citation.cfm%3Fid%3D156883.156889%26dl%3DGUIDE%26dl%3DACM%26idx%3DJ689%26part%3Dperiodical%26WantType%3Dperiodical%26title%3DACM%2520SIGMOD%2520Record%26CFID%3D11111111%26CFTOKEN%3D2222222,0
conf/vldb/CareyD96,EaNYjmhnN1QJ,0
conf/sigmod/LamCKNH01,url:http://portal.acm.org/ft_gateway.cfm%3Fid%3D1007717%26type%3Dpdf,0
journals/sigmod/AndlerHEMBE96,esTABv2ItiIJ,0
conf/vldb/CotterB00,Dody1oyKzkwJ,0
conf/sigmod/MerialdoAMMP00,v9GShopVYmYJ,0
conf/vldb/WangYM97,OnLLKkgfyLUJ,1
conf/vldb/ManolescuFKXO00,u75LisJaC_MJ,0
journals/vldb/TsatalosSI96,XxF-RUfhupAJ,0
conf/sigmod/ChanI98,MsOTH7U9VnkJ,1
conf/sigmod/KanthAS98,VK5rjnrluD8J,0
journals/sigmod/Snodgrass00c,8cN5yOLUcfUJ,0
journals/sigmod/Gal99,1a0H031lUxAJ,0
journals/vldb/MylopoulosCPST96,ooc4YxymoiYJ,0
conf/vldb/ChakravarthyKAK94,l5je5qe7X_8J,0
journals/sigmod/Ahlberg96,iBgOZ5cVDQUJ,0
conf/sigmod/HjaltasonS98,3mwWUz_ORNYJ,1
conf/sigmod/SagonasSW94a,dczOLg7yeUwJ,0
journals/sigmod/ShanmugasundaramSKKVNT01,0MTMX5qBOjkJ,0
conf/vldb/WienerN95,nPEHo5w7PxwJ,0
conf/vldb/Kiessling02,93I5Xtpt6J4J,0
journals/tods/BaralisW00,VXFlXCIWZesJ,0
journals/sigmod/JajodiaBBKMSW97,NRK0I34gHicJ,0
conf/vldb/ChoenniV00,0HahngOAgPQJ,0
journals/sigmod/Danish98,J2Mi5B81Il0J,1
conf/vldb/RamakrishnanR96,of7SIlWoBgwJ,0
journals/sigmod/Eisenberg96,url:http://portal.acm.org/ft_gateway.cfm%3Fid%3D245907%26type%3Dpdf%26coll%3DGUIDE%26dl%3DACM%26CFID%3D11111111%26CFTOKEN%3D2222222,1
conf/sigmod/Dyreson03,f_CaTwyIU2gJ,0
conf/vldb/HuebschHLLSS03,KFQYkplDhMcJ,0
conf/sigmod/GuhaRS98,-L22HvEHwH8J,1
conf/sigmod/AgrawalCN01,0zGy3BmEHnIJ,0
journals/sigmod/ReichB98,HzOZXA_VJk8J,1
journals/vldb/C95,kaoQUvY0oZYJ,0
journals/vldb/PottingerH01,EG_ZchPer8MJ,0
journals/vldb/GeorgeH00,Fv8XJKV0XG8J,0
journals/sigmod/GroskyFS94,NZ3LAyjIyeEJ,0
conf/vldb/Slutz98,1blbGQk5ZpUJ,1
conf/sigmod/Ramanan02,evoslMjHs3EJ,0
journals/sigmod/KiyokiKH94,-wgwodiWiVEJ,0
journals/sigmod/DrewHKKLLLSW95,obXI6T9-ktwJ,0
conf/sigmod/HanFHCC94,6M-fnuhWEOIJ,1
conf/vldb/ChatziantoniouR96,Liryj0MTcm8J,0
conf/sigmod/MohanN94,url:http://portal.acm.org/ft_gateway.cfm%3Fid%3D274461%26type%3Dpdf%26dl%3DGUIDE%26dl%3DACM%26CFID%3D11111111%26CFTOKEN%3D2222222,0
conf/sigmod/BaruFGHJPW95,C60KJG_xVm0J,1
conf/vldb/CatozziR01,rEKcHMTrlSEJ,0
conf/sigmod/KuhnTS94,mkXguZBC7BAJ,0
journals/tods/GutingBEJLSV00,g2FCVrAbwpsJ,0
conf/vldb/ChenL03,url:http://www.springerlink.com/index/AXRTPDYPVJQHADPX.pdf,0
conf/vldb/KumarKA97,y_XvzYwBvYEJ,0
journals/sigmod/Qian94a,L3xM1D_P91gJ,0
journals/sigmod/GrayG97,aYtTMXVoTiMJ,1
journals/sigmod/CalvaneseGLV03,d_dnCeYzXdsJ,0
conf/sigmod/BressanGFJHKLMPQSS97,1akMDtKXUFAJ,1
journals/sigmod/BestavrosLS96,5G44lshucdcJ,0
conf/vldb/HaberIL95,xHOVrAnzBUEJ,0
conf/sigmod/VitterW99,1oCTwvC32jkJ,0
conf/sigmod/IoannidisP95,Kec3-6CGSxwJ,0
conf/sigmod/Cohen98a,Gq00HvkWgKkJ,0
conf/sigmod/Pruscino03,esTfwl693OUJ,0
conf/sigmod/MaddenFHH03,aBrybHQpeVYJ,0
conf/sigmod/DeolaseeKPRS01,tEFUZn3tEMYJ,1
conf/vldb/ChavdaW97,019zSr3Lx4EJ,0
conf/sigmod/ArasuBBDIRW03,qdSbLCz4OAwJ,0
conf/vldb/BamfordBKM98,rfuptELfgLkJ,1
conf/sigmod/DattaDRTV01,1ivmtE5W6FsJ,1
journals/vldb/SheikholeslamiCZ00,eFgoWIVr71IJ,1
conf/sigmod/BaruGLMPVC99,wsNuAYMG0QEJ,1
conf/vldb/ManolopoulosT01,hr5OGCJqc2MJ,1
conf/vldb/PottingerL00,PnfqTlkFSWwJ,0
conf/sigmod/ViglasN02,URMId2HwydIJ,0
conf/sigmod/CareyK97,ijwoYmovMx4J,0
journals/sigmod/ArpinarD00,DjnLr4BnxQQJ,0
journals/sigmod/CiliaB02,CpA5QWyIRr4J,0
conf/sigmod/GrayHOS96,c8SNgoVewpkJ,0
conf/vldb/ChatziantoniouR96,4Ii_iKrC5OUJ,0
conf/sigmod/SaltenisJLL00,lTPRwnKUgaYJ,0
conf/vldb/ZhangL97,v-O39agJIB4J,1
conf/sigmod/BressanGOT00,rPUfVPdFDDMJ,0
journals/sigmod/OukselS99,S-LYnzS1K70J,1
conf/sigmod/VossenW99,Wtcv9hbvMEQJ,0
journals/vldb/WhangKW94,zCFyfJeLMCcJ,0
conf/vldb/KounevB02,AzmHFnf2o5AJ,0
journals/sigmod/MeltonMJKS02,ml7to5MJHF8J,0
conf/sigmod/Aggarwal02,7mNCkZ7D-R8J,0
conf/sigmod/Mohan02,5WJEyZLzPPUJ,0
journals/sigmod/LohmanGFS01,j3tFnspS2bkJ,0
conf/vldb/PappasC00,_ZuUStY2hkQJ,0
conf/sigmod/DoanDH01,TeIJUZxHBEYJ,0
conf/vldb/LempelM02,wTX6IFEy7EEJ,0
conf/vldb/AltinelBKMPR03,zzg3KI_fyyIJ,0
journals/sigmod/Widom96,gtjvo_osuEcJ,0
conf/sigmod/ChaudhuriGGM03,hjh9Ck2r0LgJ,0
conf/sigmod/Kramer97,C6ocuCch1RYJ,0
conf/sigmod/LabrinidisR00,ylkINp-XgBkJ,0
conf/vldb/SripadaW94,ACEnTRFnTEgJ,0
conf/vldb/CareyCNVDRSM99,f3-E7x12K4gJ,0
conf/vldb/Schoning98,HEJ1Z4Q_xXMJ,1
conf/sigmod/OlstonWACELSS98,HEc_LDqZAPgJ,0
conf/vldb/PoosalaI96,QuciAhOl38gJ,0
conf/vldb/AbiteboulMRVW98,kXnVNkLTpfQJ,0
conf/sigmod/LakshmananPZ03a,X3jpFEH_f5UJ,0
conf/vldb/MadhavanBR01,wRHapJxb_-QJ,1
conf/vldb/HoskingC99,S74GZGTaM1YJ,0
conf/vldb/CeriFP99,eUKYW6tFU4wJ,0
conf/vldb/FaloutsosMS96,EQtoDfsUo7AJ,0
journals/sigmod/KannanKIK03,gkbM-pRDcSwJ,0
conf/vldb/BonczRK98,OuVZjeR64pMJ,0
conf/vldb/PfoserJT00,b2CpxrjOMvEJ,0
conf/sigmod/Brewer98,x58hLWnIL5wJ,0
conf/sigmod/JonkerS95,zQW40tJgfhMJ,0
conf/vldb/StaudtJ96,w00DisNUkkEJ,0
journals/vldb/LawLG99,VDevLlr-_3gJ,0
conf/vldb/DeutschPT99,5fw03ImttPUJ,0
journals/vldb/MirbelPSTV00,tUEcojf_6BUJ,1
conf/sigmod/SarawagiTA98,6qUc620Jzw0J,0
conf/sigmod/AmbiteABKMMMPT98,iE-UE2bDGZ8J,1
journals/sigmod/MedskerCS95,url:http://portal.acm.org/ft_gateway.cfm%3Fid%3D202673%26type%3Dpdf%26coll%3DGUIDE%26dl%3DACM%26CFID%3D11111111%26CFTOKEN%3D2222222,1
conf/vldb/Moerkotte98,LrSPRwj6I1QJ,0
conf/vldb/Levy96,5skhRvBiL48J,0
conf/vldb/CherniackZ98,09YJ3fNyQzcJ,0
conf/vldb/GardarinST96,c0juCwExPlUJ,0
journals/sigmod/Hammer02a,url:http://portal.acm.org/ft_gateway.cfm%3Fid%3D601859%26type%3Dpdf%26dl%3DGUIDE%26dl%3DACM%26CFID%3D11111111%26CFTOKEN%3D2222222,1
conf/vldb/HoelS94,N67CrTKsD14J,0
conf/sigmod/ForlizziGNS00,3L0cCYoPTjYJ,0
conf/vldb/CareyK98,F3gq8cyASXgJ,0
conf/sigmod/HellersteinA00,boNR6EU2FVwJ,0
conf/sigmod/SeidlK98,LrZqfmhWIr8J,0
conf/sigmod/Blakeley96,t0H3z37LdccJ,0
conf/sigmod/AndersonBKW98,j6v2b9hN-R4J,1
journals/sigmod/FrewD97,url:http://www.ingentaconnect.com/content/els/09505849/1995/00000037/00000008/art98037,0
journals/vldb/SivasankaranSTPR96,THE9S0BAQ5gJ,0
conf/sigmod/DarR94,Qzi0ujLFA5AJ,0
conf/vldb/CormodeDIM02,rH3JV-GzgKYJ,0
journals/sigmod/Snodgrass98c,jb4m-nRHdLIJ,0
journals/sigmod/Aggarwal01,JKGSOO_3GjUJ,1
conf/sigmod/PadmanabhanBMCH03,B_uVZljb32AJ,0
conf/sigmod/KrishnamurthyBN99,G9ZECvsZZQkJ,0
journals/vldb/EvangelidisS97,BtMqM-GFDUMJ,0
conf/vldb/Mohan01,6rkYIagTMckJ,1
conf/vldb/LitwinNS94,FhyWT1pyLnUJ,1
journals/vldb/C95a,kFC57zvfwWMJ,0
conf/sigmod/MaddenFHH03,XCdKCLPJ9gkJ,0
conf/vldb/AnkerstBKS98,H6i3wCKZQZUJ,0
journals/tods/DekhtyarRS01,url:http://ieeexplore.ieee.org/xpl/abs_free.jsp%3FarNumber%3D1316835,0
conf/sigmod/LehnerSPC00,6YjI0pS4i1QJ,0
conf/sigmod/ChenGK01,OrOLuCU6EAkJ,0
conf/sigmod/Galhardas00,GxDfgCi-rq4J,1
conf/sigmod/BrinMUT97,vIwsSOGQOWAJ,1
conf/vldb/NatsevCSLV01,L4aXHaUW3cUJ,0
conf/vldb/BonifatiCDS01,S5ACWqUv95kJ,0
conf/vldb/FegarasE01,Ng0aZre-vAIJ,0
conf/vldb/WuYCT95,url:http://www.csa.com/partners/viewrecord.php%3Frequester%3Dgs%26collection%3DTRD%26recid%3DN9210404AH,0
conf/vldb/ChoN02,tfP9wuFDNNYJ,0
conf/vldb/RusinkiewiczKTWM95,WnCUBQGzn-UJ,0
conf/vldb/Sarawagi95,w9je55hjOlwJ,1
conf/vldb/GionisIM99,iwcgXGaf2CoJ,0
journals/vldb/KnorrNT00,E5kfKFuEOwsJ,0
conf/sigmod/DasuJMS02,f9Mop8dg1fsJ,0
conf/sigmod/BorkarDS01,EC7N9-jmIC0J,0
conf/vldb/MadhavanBR01,rbPwLhVTYioJ,0
conf/sigmod/AggarwalWY99,s9hhR-EdDGgJ,1
conf/vldb/DeWittKLPY94,Jfbny6dw2awJ,0
journals/sigmod/GlavitschSW94,ZsUpDroAFBQJ,0
conf/vldb/KornLKF98,jKZaGhVU1WkJ,1
conf/vldb/SakuraiYKU01,s4PbZOOvdAQJ,0
conf/vldb/FegarasE01,9Kfj-KHEB34J,0
conf/vldb/CuiW01,SaOd6rDz5ZgJ,1
conf/sigmod/Epstein95,t0Asg9xms9YJ,0
conf/sigmod/BerchtoldBK98,GfHTEAk__58J,0
journals/vldb/LometS97,7CIijBY_UR8J,0
conf/vldb/ChristodoulakisTZ97,D0z0BDnbnFcJ,1
journals/tods/YanG99,y6gLSJhyXfcJ,1
journals/sigmod/ClementLGMK97,To_EjIKwfSAJ,1
conf/vldb/CiacciaPZ97,FQE6cxYV12kJ,1
conf/vldb/Tsur00,buI2V0eIcZoJ,1
conf/sigmod/Amer-YahiaFSX03,5Pb8x5tWIZ8J,0
conf/vldb/IyerW94,7br3WXwZRQ4J,0
journals/sigmod/X94b,81l5N-8a4BYJ,0
journals/sigmod/Winslett01,Ecfe4jkYt_MJ,0
conf/sigmod/NgLHP98,t49bBXB5UTYJ,0
conf/vldb/SheikholeslamiCZ98,TMdgKj4g1mEJ,0
conf/vldb/KriegelPS00,V29ocnOG1WgJ,0
journals/tods/Chomicki95,E18PIJmWO5EJ,0
conf/sigmod/MelnikRB03,MUD7elTtXx8J,0
conf/vldb/StathatosRB97,ZjdRzvKk49QJ,0
conf/sigmod/RinfretOO01,VP7z1TQ92gAJ,0
conf/sigmod/ForlizziGNS00,xEUKbk-Y2ZwJ,0
conf/sigmod/ShintaniK98,LsksT2q8O1MJ,0
journals/vldb/ChanGR03,wUcXmf9G52gJ,1
conf/vldb/CosleyLP02,BTalXWt3faUJ,1
conf/sigmod/KriegelMPS01,jDBzAX6KrDQJ,0
conf/sigmod/Arpaci-DusseauACHP97,DsTK7_H6UXAJ,0
conf/vldb/JohnsonM98,_Y767mldm38J,0
conf/vldb/HeymannTKWRMF02,1nxoCdwHMRsJ,0
conf/sigmod/Cotton02,j4kSdzwwb4QJ,0
journals/vldb/SuHHHLWLPLL01,cjRXXRA1geoJ,0
conf/vldb/GallersdorferN95,5xPpFjVySyUJ,0
conf/vldb/GallersdorferN95,OMrINzmgbzIJ,0
conf/sigmod/HanPY00,rLJSEgt6UbMJ,1
conf/vldb/ChenJLP03,EsSRui40spgJ,0
conf/vldb/BernsteinHJRW00,KlPsHutXQi8J,1
conf/sigmod/DogacHKOONDMAKE96,fsa72WmA67kJ,1
journals/tods/Snodgrass01,S9wJSUs9ZbMJ,0
conf/sigmod/HaasH01,xuOaPynLJWkJ,0
journals/sigmod/GalianoM03,casX2njLbDIJ,0
conf/sigmod/AndersonBKW98,ol3lxb8sg7cJ,0
conf/sigmod/Ross00,mvUSt9ZzSuoJ,0
conf/sigmod/AgrawalGGR98,x8fDHaNkSUIJ,1
conf/vldb/IshikawaSF98,sQ_0gg81FqcJ,0
journals/sigmod/Winslett03a,Ndzv1Vyl3CEJ,0
conf/vldb/GuptaHQ95,tB1dhGkG-esJ,1
conf/sigmod/TheodoulidisAACKS94,lL0DF1SaT10J,0
conf/vldb/HaasB03,AvAuVrhVvW0J,0
conf/sigmod/BressanGFJHKLMPQSS97,BNnrEe6MZD4J,0
journals/sigmod/BertinoEH01,lOu2XAzpVLAJ,0
journals/sigmod/Franklin98b,XxorWYYD--QJ,0
conf/sigmod/BhattacharyaMBNHS02,XtpxGClFBEEJ,0
journals/vldb/HarderST99,GfFqX26_1eoJ,0
conf/sigmod/WitkowskiBBDFGSS03,Qm_sDjj8-3oJ,0
conf/sigmod/ForlizziGNS00,NND4nLgKXnYJ,0
conf/vldb/Duranti01,url:http://ieeexplore.ieee.org/iel5/69/28220/01307300.pdf%3Farnumber%3D1307300,0
conf/sigmod/QuassWGHLMNRRAUW96,Q08Wobl1mW0J,0
conf/vldb/ZhouR03,url:http://doi.wiley.com/10.1002/he.75,0
conf/vldb/KornLKF98,v4fmgGvOTj4J,0
conf/vldb/HellersteinNP95,RS0_-jsRzykJ,0
conf/sigmod/GravanoGT94,aZvYa5hRUv4J,0
conf/vldb/RizviH02,eR1LEj1rs-sJ,0
conf/sigmod/GoldsteinL01,6Hizlr8fMlUJ,0
conf/sigmod/LiGS02,EE_4ccQ5KwUJ,0
conf/sigmod/VingralekBW94,qtSeY_1Q5YUJ,1
journals/sigmod/CherniakV03,0_hZq0-yGG0J,0
journals/tods/Jimenez-PerisPAK03,OLZJQ7MXvZ8J,0
journals/sigmod/BaaderJN97,url:http://portal.acm.org/ft_gateway.cfm%3Fid%3D1101315%26type%3Dpdf,0
conf/sigmod/BressanGOT00,luK6StKxOywJ,0
conf/vldb/GarofalakisRS99,YJjxSnFI5WUJ,0
journals/sigmod/CatarciC96,F0oQenG7upYJ,0
journals/sigmod/ButtlerCCFHLPRX02,2hHw3xrXq40J,0
journals/tods/KotidisR01,sLvivSi__BcJ,0
conf/vldb/ChakrabartiSD98,oBDL7axDwG4J,1
journals/sigmod/BuchnerM98,xg2AHj9rj1IJ,0
journals/sigmod/CabreraLM01,0DIX01OAlz4J,0
conf/sigmod/MarklL02,5fSqMJg7FV4J,1
conf/vldb/BawaBA03,x8uppP9DyKsJ,0
journals/sigmod/Jarke95,GB4xUc47iRcJ,0
conf/sigmod/HjaltasonS98,MlRzlbc2RMUJ,0
conf/vldb/BratsbergH01,url:http://www.csa.com/partners/viewrecord.php%3Frequester%3Dgs%26collection%3DTRD%26recid%3D200111010673MT%26recid%3DA0032576AH,0
conf/sigmod/ChenGM01,jfNANV86agIJ,0
conf/sigmod/AdelbergGK95,NzhcJdwmwJMJ,0
conf/sigmod/Mohan94,E2zhARKv5dsJ,1
conf/vldb/ChengGKLLQS99,DnZ5LXvd5msJ,0
conf/vldb/SayalCDS02,uhCrumFvR6IJ,0
conf/sigmod/HwangLYMMGCSS94,UjuTLAYjzQcJ,0
conf/sigmod/HellersteinN96,bbDJo4SK9ZEJ,0
conf/vldb/May01,4Ri4ehnZRrEJ,0
journals/vldb/JagadishACLNPPSWWY02,B10xHVasKUoJ,1
conf/sigmod/BabcockBDM03,RFNZUHZBP_oJ,1
conf/vldb/PapakonstantinouAG96,rEytZgzK6fMJ,0
conf/sigmod/ProcopiucJAM02,7CvSHWNqTmoJ,0
journals/vldb/HuangDT99,2Di5npoDXHEJ,0
journals/sigmod/Lomet98,R9kHnpIxNVcJ,0
conf/sigmod/DobraGGR02,h6R5rXre-_QJ,0
journals/vldb/MirbelPSTV00,sl3Ed4J6A5kJ,0
journals/sigmod/TheodoridisN00,W0TTElMqjL4J,0
journals/sigmod/Lee95,Des-PSLVQi4J,0
conf/sigmod/ChoSG00,LI_7t59SXi4J,0
conf/sigmod/NgLHP98,hQ2iRlFtfGUJ,1
conf/sigmod/ChangC01,XbmULzOYzZUJ,1
journals/sigmod/EisenbergM99,LbWBrVUok1YJ,0
conf/vldb/AnkerstBKS98,DbLGmJX7UJ8J,1
conf/sigmod/WangWYY02,DRp1iFn7znkJ,1
journals/sigmod/Qian96,SmTSQ34vymIJ,0
conf/sigmod/MeccaAMMS98,I-fmtPvluKEJ,1
conf/sigmod/Team02,iYkG07gXDSoJ,0
journals/vldb/PeckhamMD95,SEij0fXG01EJ,0
conf/vldb/KaushikBNS02,dL5oJVHK10kJ,1
journals/tods/CastanoAFP98,vuPFPZHDIP8J,0
conf/vldb/AgrawalK02,url:http://www.csa.com/partners/viewrecord.php%3Frequester%3Dgs%26collection%3DTRD%26recid%3D0878616CI,0
conf/vldb/PatonG01,mHCrMuxQnBsJ,1
conf/sigmod/IlyasRLGL03,url:http://www.ingentaconnect.com/content/els/08830355/2001/00000035/00000002/art00017,0
conf/sigmod/MiloAABN03,CZ2rY0E79fEJ,0
journals/sigmod/WenLMZ03,NtC7kszEi3cJ,0
conf/vldb/SeligmanBNSW95,ouwjOchbJ6AJ,0
conf/vldb/TanEO01,1-6mdEJTaLcJ,0
journals/tods/GuoSW96,LtU9FITvLGwJ,0
conf/sigmod/KanthAS98,eTqBO4EcCNIJ,1
journals/sigmod/ChangASS98,oGpeLSNdND8J,0
journals/sigmod/X94a,-eB949oh9hEJ,0
conf/vldb/LamKR02,kDCJvTTJJp0J,0
conf/vldb/SahuguetA99,PAcS8vELrawJ,1
conf/vldb/BergerBSW03,m3hPMc_4P04J,0
journals/sigmod/CaplinskasEV02,fhtUfeJwbYkJ,0
conf/vldb/PitouraC99,Cm209Vuk17cJ,0
journals/sigmod/LuoI02,acMqoDGeGp0J,0
conf/vldb/BonczMK99,5PRKTuvwXK0J,0
conf/vldb/Moerkotte98,HcCevkoobDsJ,1
journals/vldb/OzsuPSILM95,url:http://portal.acm.org/citation.cfm%3Fid%3D1073204.1073325,0
conf/vldb/RamamurthyDS02,Jfbny6dw2awJ,0
journals/sigmod/AbiteboulH95,sIUWL15iCRYJ,0
conf/sigmod/FernandezMS01,VZG-6ayXKNUJ,0
conf/sigmod/MaratheS99,Z2E20DDHn9gJ,0
journals/sigmod/Mendelzon00,afvvxWV0N8EJ,0
conf/vldb/SilversteinBMU98,Fupmv0Lq7ecJ,0
conf/vldb/Ladin00,kPTa4IiS_sgJ,1
journals/sigmod/Scholl01,7PJdobo9E_EJ,0
conf/sigmod/BrinMS97,Innqdf1794AJ,1
journals/tods/LiuHD98,hwhi2fTtG5oJ,0
journals/sigmod/CaplinskasEV02,c7mPlBxl0qAJ,0
conf/vldb/AnSVKIG01,f-_QuS8Wg2oJ,0
conf/sigmod/ViglasN02,L5MSC3OmfgkJ,0
conf/vldb/DyresonBJ99,FkPcMtplo18J,1
conf/sigmod/MarklL02,TwAQ-tizwqgJ,0
journals/vldb/NanopoulosM02,CpmIOcB2aAAJ,0
conf/vldb/RezendeS98,niRuvMkp4r4J,1
conf/sigmod/LabioYG99,9_ri86z6eUkJ,0
conf/sigmod/AltinelLKMPLWB02,aUElZKC-txIJ,0
conf/sigmod/ArefBV95,72v2y1m70FAJ,0
conf/sigmod/LakshmananPZ03a,pci2lDLAWzMJ,1
journals/vldb/MehtaGPN98,1chUgELYiaMJ,0
journals/tods/Revesz98,5CXqtAkGk6IJ,0
conf/vldb/Klots96,_V32XpKfEFcJ,0
conf/sigmod/GuptaMR95,boIQ4KqpWjYJ,0
journals/vldb/Halevy02,pVeLnGJqcv4J,0
conf/sigmod/CruzALRZ97,url:http://www.csa.com/partners/viewrecord.php%3Frequester%3Dgs%26collection%3DTRD%26recid%3D0294187CI,1
journals/vldb/SivasankaranSTPR96,3dkjmv0FKJcJ,0
conf/sigmod/ChristophidesCS00,h2TgcWSZftYJ,0
conf/vldb/TengCY03,L_r_CF9JdWoJ,0
conf/sigmod/HoAMS97,WfiMzhpIvaQJ,0
journals/sigmod/BichlerSZ98,kAHKttsIMsgJ,0
conf/sigmod/AggarwalY01,pzvdV7jooQoJ,0
journals/vldb/PapadiasS94,EpnbAr9FUqEJ,0
journals/sigmod/Keim96,url:http://www.csa.com/partners/viewrecord.php%3Frequester%3Dgs%26collection%3DTRD%26recid%3D0835496CI,0
conf/sigmod/ZhouLP99,OgJK1RBNirkJ,0
journals/sigmod/BernsteinHP00,url:http://adsabs.harvard.edu/abs/1980PhDT........55W,0
conf/vldb/KonigW99,-A4ypXVd348J,0
conf/sigmod/MankuRL99,kFuoeyguJLEJ,0
journals/sigmod/FernandezFLS97,pQU1Qy4Di_oJ,0
conf/vldb/AcharyaGP99,uOcOPUShONEJ,0
journals/sigmod/Libkin99a,EX3RDgkDSQwJ,0
conf/sigmod/GionisGK01,url:http://portal.acm.org/citation.cfm%3Fid%3D202106.569784%26coll%3Dportal%26dl%3DACM%26idx%3DJ777%26part%3Dtransaction%26WantType%3Dtransaction%26title%3DACM%2520Transactions%2520on%2520Database%2520Systems%2520(TODS)%26CFID%3D11111111%26CFTOKEN%3D2222222,0
conf/vldb/YiF00,DpQrWnvO7rEJ,1
conf/sigmod/ChaudhuriMN98,cD58SWaZP7oJ,0
conf/sigmod/ZhaoDN97,chYdQDE8cPsJ,1
journals/sigmod/SofferMC02,UobiOtlmnCsJ,0
conf/vldb/CeriFP99,8OrOAQnaveIJ,1
conf/vldb/ShanmugasundaramGTZDN99,GcedmSsoWusJ,1
conf/vldb/YanA94,Tlo_sGzjNc4J,0
conf/vldb/GarciaLL98,hZ7qKD1MLNEJ,0
journals/sigmod/HansonN99,zbc_GgAGfw4J,0
conf/vldb/VriesDBA99,BLsUQMD2pA4J,0
conf/sigmod/MumickP94,MsOTH7U9VnkJ,0
conf/vldb/CochranePM96,crbRx6PJOBoJ,0
conf/vldb/CabreraRH95,t2lFcR2PmpAJ,0
conf/vldb/HoelS94,n6zJMCKUX2MJ,0
conf/vldb/KerstenWFKBC03,E1uoEpII6dAJ,0
journals/sigmod/Cruz00,nFt9PoXBymMJ,0
conf/sigmod/AcharyaGP00,smzeHDQ3zbMJ,1
journals/sigmod/ArpinarD00,bhEifPxFSrsJ,0
journals/sigmod/Grefen02,41HovX7YOH0J,0
journals/sigmod/Huyn01,aFyT1FS31BUJ,0
conf/vldb/KoudasMJ99,dRemTC899xcJ,1
conf/vldb/AbiteboulMRVW98,8y2Y4EenKlMJ,0
conf/vldb/PereiraFJLS01,ToMtYGKAZo4J,0
conf/vldb/WildfogelY97,fdVIkwgIJ1YJ,0
conf/vldb/BaumgartnerFG01a,HNSI84YRbuwJ,0
conf/vldb/WangHH00,bp2brUxP5JwJ,0
conf/vldb/SrikantA95,v7i1i5y_nHgJ,1
conf/vldb/SilversteinBMU98,afcPEOJC2w8J,0
conf/sigmod/QunLO03,9EAZoIGjUR0J,0
journals/sigmod/Grohe02,hithmC9u_HkJ,0
conf/sigmod/Bussler01,oPBq0fg6hZwJ,0
conf/sigmod/HarinarayanRU96,tMXkkRDxvkQJ,0
journals/sigmod/Kim02,R6ySz-DmxygJ,0
journals/tods/FernandezKSMT02,JB7MefN0f9UJ,0
conf/vldb/Sullivan96,zWxLXKox-yEJ,0
journals/sigmod/JensenCEGHJ94,UDoz6_Y__h0J,0
journals/vldb/HalkidiNVV03,xgtxOGg998MJ,0
conf/sigmod/GuhaRS98,Iom_VGC_DO8J,1
conf/sigmod/GuptaMR95,InJyYTfzN50J,1
conf/sigmod/Vaskevitch94,n7bJMByBPMcJ,0
conf/sigmod/GoelI96,umqiMNB4904J,0
conf/vldb/ChanGR02,zTXgGiZvghkJ,0
conf/vldb/AmbiteKKMST01,9bzGIloFctIJ,1
conf/vldb/WaasCB01,url:http://portal.acm.org/ft_gateway.cfm%3Fid%3D1101309%26type%3Dpdf,0
conf/vldb/Galindo-LegariaPK94,wi9WRX2yVYoJ,0
conf/vldb/BerchtoldKK96,DUVNbxcFb4wJ,0
conf/sigmod/BlohsfeldKS99,url:http://doi.wiley.com/10.1002/he.10709,0
journals/vldb/PottingerH01,zSO1Y5W7WkwJ,0
conf/vldb/ZemankovaI94,GGEVvDstUK8J,0
journals/sigmod/AnyanwuS02,bjGdcImaMYkJ,0
journals/sigmod/SnodgrassAABCDEGJKKKLLRSSS94,S0LvDCaxat4J,0
journals/sigmod/BargaL02,VcRVM73GRrEJ,0
journals/tods/FraternaliT95,8k0tS22xvPcJ,1
journals/sigmod/RosenthalSMBTL95,lES-P-Whyd4J,0
conf/sigmod/KotidisR99,3kWQXu2dUJ0J,0
conf/sigmod/LarsonG98,wzCWnMp2PdQJ,0
conf/vldb/ConradGJM02,lVN9LE3H9qgJ,0
journals/vldb/FernandezFLS00,R0gfD10IJbcJ,0
conf/sigmod/BlottRS96,Fz7LXJ1UckkJ,1
journals/vldb/C94,SBCfcrkxWpkJ,0
conf/vldb/AnciauxBBPV01,S43eKfQP0EEJ,0
conf/sigmod/MohanN94,LXiCR1m1LR4J,0
journals/sigmod/Fagin02,rKtupghYat8J,0
conf/vldb/ParkMC02,WFmae47kgN4J,1
conf/sigmod/ArasuG03,AYtgczYwVnYJ,0
journals/sigmod/NejdlSS03,i5vSMFDbqX4J,0
conf/vldb/ShahDR03,FR1h4tU9FosJ,1
conf/sigmod/KoudasS03,url:http://portal.acm.org/ft_gateway.cfm%3Fid%3D872871%26type%3Dpdf%26dl%3Dportal%26dl%3DACM%26CFID%3D11111111%26CFTOKEN%3D2222222,1
journals/sigmod/Gallagher94,O9ghyP60UjQJ,0
conf/vldb/JonscherD94,5d1R2mD-7MkJ,0
journals/vldb/Barbara-MillaG94,8pGaxfZY2r8J,0
conf/sigmod/Doherty98,2_Wpb_8EcZoJ,0
journals/tods/ChenHM95,J1tjkClJSa4J,0
conf/sigmod/CookWZ94,BFMedzUVpYkJ,0
conf/vldb/KoudasGGSV03,ySL5Jv8jtWkJ,0
conf/vldb/TorloneA03,E2biPixZlKYJ,0
conf/vldb/ManolescuFK01,Iy05MCJL0RQJ,0
conf/sigmod/FabretJLPRS01,ZPwSyRa8NRwJ,0
conf/vldb/IpeirotisG02,4hgJKMTv0VgJ,0
journals/sigmod/Chen94,vtiSEJlDkt4J,0
journals/vldb/Navarro02,sT8J-GFx0H8J,0
journals/sigmod/Aberer03,url:http://www.springerlink.com/index/J6784072L0Q60318.pdf,0
conf/vldb/LimWV03,bL15winuQDsJ,0
journals/vldb/SaltenisJ02,url:http://www.csa.com/partners/viewrecord.php%3Frequester%3Dgs%26collection%3DTRD%26recid%3DN9210460AH,0
conf/vldb/CarusoCGLM00,L3ZZFIsU10MJ,0
conf/vldb/GoldsteinR00,30fMB9_zBm0J,1
journals/sigmod/McHughW97,ZhCenyFgEyoJ,0
conf/sigmod/CluetDSS98,38xAGCz3oB0J,0
journals/sigmod/Ritter98,eBL--gRCMjkJ,0
journals/sigmod/Aberer03,url:http://www.springerlink.com/index/F2254767474728W7.pdf,0
conf/sigmod/ChangC01,ugIlHOBNhhoJ,0
conf/sigmod/PatelYKTNBHRLEKGDN97,cDN9oOqsTE0J,0
journals/sigmod/NestorovAM97,2SKhg-hl3pIJ,0
conf/vldb/ChakravarthyKAK94,wJRxFsIws4AJ,0
conf/vldb/CareyCNVDRSM99,XFT44A-RUbQJ,0
journals/sigmod/Bohlen95,43K14Y5xa0YJ,1
conf/vldb/AnciauxBBPV01,2XP5BLV2wN4J,0
conf/vldb/RamamrithamABEGP00,_fybovOBdmYJ,0
conf/vldb/TorloneA03,zwevfipm1XcJ,0
journals/vldb/DeyBS96,-115fZ10RWsJ,0
conf/vldb/ZhangL97,bgag_GMMkagJ,0
conf/vldb/OhuraTPK02,EvuLCpyVqWgJ,0
conf/vldb/ChristodoulakisTZ97,a-XusymqedgJ,0
conf/sigmod/PhanN02,PRa06lm1QkoJ,0
conf/sigmod/BilirisFOP96,HcSuJObXlXoJ,0
conf/vldb/BelloDDFNSWZ98,puxBXWQMfNcJ,0
journals/sigmod/KantM00,SH_-CWPBCiwJ,0
conf/sigmod/SunAA03,XhXW1B67jAEJ,0
journals/sigmod/PourabbasR00,Meg5ewKSg0EJ,0
conf/sigmod/ParkKKLPC98,O7wORVbZr30J,0
journals/sigmod/WuY00,kToypDqVC04J,0
conf/vldb/HanF95,jklhlY_DwO4J,0
conf/vldb/ChoALS02,SnrR91u3d5MJ,0
journals/vldb/HalkidiNVV03,Inrue6WBQR4J,0
journals/sigmod/RafanelliBT96,yo30iUdmg_0J,0
conf/sigmod/RafieiM97,F9KzvnDpCPUJ,1
conf/sigmod/AcharyaPR99,KrVgTXcNPPUJ,1
conf/sigmod/GardarinMP95,sTBGnh74jO0J,0
journals/tods/Revesz98,P25_yh3lBhoJ,0
conf/vldb/ImielinskiB02,_c26cgybQwMJ,0
conf/sigmod/LiGS02,gTNC2vvggsQJ,0
journals/tods/LiuHD98,C8lF7grRFcMJ,0
conf/vldb/CarusoCGLM00,taF83viYDjEJ,0
conf/vldb/BergerBSW03,y73jAQhzczEJ,0
conf/sigmod/LitwinS00,Ad5NAPgWIIUJ,1
conf/sigmod/KuhnTS94,lGj8C2v5OPgJ,0
journals/vldb/GrefenVA01,6oGIgK6aIi8J,0
conf/sigmod/OConnellISWABCCLPWW96,I0KBB-n-eF8J,1
journals/sigmod/KimballS95,url:http://portal.acm.org/citation.cfm%3Fid%3D276304%26dl%3DACM%26coll%3Dportal%26CFID%3D11111111%26CFTOKEN%3D2222222,0
conf/sigmod/Brewer98,ZDYplnfWlTgJ,0
conf/sigmod/Amer-YahiaCLS01,wGxcAPsmHgIJ,1
journals/vldb/AlbanoGO95,hZsAKV6Qhs4J,0
conf/vldb/TanSHCR01,h6hM1WVJLWAJ,0
conf/sigmod/GodfreyGXZ01,u75LisJaC_MJ,0
journals/sigmod/Halevy03,url:http://www.blackwell-synergy.com/links/doi/10.1111/j.0033-0124.1993.00446.x/abs/,0
conf/vldb/FaloutsosG96,ZMMhKani9O0J,1
conf/vldb/GoldmanW97,UeLjlfHU_gkJ,1
journals/sigmod/KeetonPH98,7VOyoXOOPL4J,0
conf/vldb/BrinkhoffK94,xIuU9IWky7AJ,0
journals/sigmod/Alonso94,l8c4fIah1iEJ,0
conf/vldb/ChristopheBPV00,8DRB_dYz2CgJ,1
journals/vldb/FernandezFLS00,uo79zyqUB10J,1
conf/vldb/CarinoO98,4UtuIZo9CVQJ,0
conf/vldb/FlorescuKLP97,gPhZ-M3l0aYJ,0
conf/sigmod/VingralekBW94,RXTIu6QcYoUJ,0
conf/sigmod/Wu99,6n2-0XOjwV4J,0
journals/sigmod/KambhampatiK03,J7_UsdVt2iIJ,0
journals/sigmod/Chaudhri95,DY6x1fDAy9EJ,1
conf/vldb/Ganguly98,4hPcn-TkgZ0J,0
conf/vldb/OzsoyogluAAOUO02,MC7lRbeNCUkJ,0
conf/sigmod/GillmannWSWW00,a4n1Y8iRO_IJ,0
conf/sigmod/ZhaoDNS98,sFZljQX_PpMJ,0
conf/sigmod/MassariPSC95,LNGesVRVSYgJ,0
journals/sigmod/Palpanas00,nHq3VJ7Li88J,0
journals/vldb/HansonCDERTX98,lClZ2ol6ThAJ,0
journals/sigmod/Hammer02a,HFDhC8g86YQJ,0
conf/sigmod/FranklinJK96,1qtH8vq3Y6MJ,0
conf/sigmod/QuassW97,3o4t-svHQfcJ,1
conf/vldb/MankuM02,XviJpWM3x68J,0
conf/vldb/WangSG03,iVhR6rjemRwJ,0
journals/tods/CliffordDIJS97,yPVmmJpyYw4J,1
journals/sigmod/ShahMFH01,jSusIZVJMNwJ,0
conf/vldb/Bhashyam96,url:http://links.jstor.org/sici%3Fsici%3D0146-4949(196323)4%253A3%253C261%253ATATI%2522%253E2.0.CO%253B2-0,0
conf/sigmod/HuangSW94,n7bJMByBPMcJ,0
conf/vldb/Dayal99,kcRCNuwB4UsJ,0
journals/sigmod/Bussche00,T2YBEIoGah0J,0
journals/sigmod/Hampapur99,xW--Ei3c_qwJ,1
conf/sigmod/HouZ95,AwWQQG5SmIkJ,0
journals/sigmod/ConstantopoulosCP01,XhAdSpOzpX0J,0
journals/vldb/C94c,dEcX9lknalEJ,0
conf/sigmod/UrhanFA98,WHKiEqUS8EgJ,0
journals/vldb/Antoshenkov97,xu6gy3etRk0J,0
journals/sigmod/Wiegand03,ZbfAUE-X3-gJ,0
conf/vldb/ShegalovWBL02,JJU5rDt2jsYJ,1
conf/vldb/MehtaD95,lRiSWgNjNtIJ,1
conf/sigmod/BargaL99,hf84fEpX5agJ,1
conf/vldb/GuptaHQ95,QvNjl-suu9MJ,0
conf/vldb/LifantsevC02,BjoMdIleTLwJ,0
journals/sigmod/MeltzerC98,ZZrVVeEjae4J,0
journals/vldb/AntoshenkovZ96,v17vuUB3YR0J,0
conf/vldb/BouganimFV96,gmZ-5G6ZBL4J,0
journals/sigmod/SureSS02,v0tY6g0DHMcJ,1
conf/vldb/LeslieJBY95,1TSTsmOSG4YJ,0
conf/vldb/DoDJJR98,69kmXg9nRZkJ,1
journals/sigmod/BabuW01,c4S5tigu0-QJ,0
conf/sigmod/AdelbergGW97,XTr47JYrfjEJ,0
conf/vldb/DidriksenGD95,HFZcZ3DkvsEJ,0
conf/vldb/DongHLPW01,7JDggEi7xwEJ,0
conf/vldb/ShahDR03,FWHOQZ6BmPQJ,0
conf/sigmod/GreenwaldK01,XqWOn2vAxpoJ,0
conf/sigmod/ChanI98,KhxVMJw33EwJ,0
conf/sigmod/CherniackZ96,SH6QS5j_g-EJ,0
conf/vldb/CeriFP99,I6ijvPh4RJ8J,0
conf/vldb/HinneburgAK00,wQy061nMBCgJ,1
conf/vldb/LahiriSCMC01,0JM3pSJOke8J,0
conf/vldb/BohannonLRSSS97,_oTVh5WQeEsJ,0
journals/sigmod/DunhamH95a,9WTjvLqshC8J,0
journals/vldb/C94c,url:http://portal.acm.org/citation.cfm%3Fid%3D615204.615205%26dl%3Dportal%26dl%3DACM%26type%3Dissue%26idx%3DJ869%26part%3Dperiodical%26WantType%3Dperiodical%26title%3DThe%2520VLDB%2520Journal%2520%2526mdash%253B%2520The%2520International%2520Journal%2520on%2520Very%2520Large%2520Data%2520Bases%26CFID%3D11111111%26CFTOKEN%3D2222222,1
conf/vldb/GohOST99,VUbqB5-mhZkJ,0
conf/sigmod/AltinelLKMPLWB02,hWT3M9wtQ0sJ,0
conf/vldb/BerchtoldKK96,WcxbHqh4FfkJ,1
journals/sigmod/TaninBS96,QHLQZQwlbTsJ,0
conf/vldb/IdrisGC94,esWYQTXHBfUJ,1
journals/sigmod/Alonso95a,u5CbIAzhONkJ,0
journals/vldb/AbiteboulB95,Pkocuf5hMjYJ,1
conf/vldb/RamanRH99,QLJhG6Rz2T0J,1
journals/tods/LiuM96,xeceK06Z5DIJ,1
conf/sigmod/AmbiteABKMMMPT98,geJ7rBZtg94J,0
journals/vldb/Halevy01,SM0koKXWrBQJ,0
conf/vldb/CareyD96,g8jnRVyQukAJ,1
journals/vldb/LiR99,nu5nhxl6WXQJ,1
conf/vldb/WangYM97,sCRDcf327SwJ,0
journals/vldb/LometS97,FQ5beYIVATgJ,0
journals/vldb/WangW01,C5pMlQvrgMsJ,0
conf/sigmod/ShanmugasundaramNSR99,eQjFv7QxsQQJ,1
conf/vldb/BohannonLRSSS97,Vj1kbPjzSHwJ,1
conf/sigmod/BozkayaO97,Cha3zvFBfDsJ,0
conf/vldb/WitkowskiBBFGSS03,hPT5SFt61cEJ,0
journals/sigmod/HalkidiBV02,etPJye7AS6YJ,0
conf/vldb/IshikawaSF98,C7yhgb-aOeUJ,0
conf/vldb/HeymannTKWRMF02,dkDwg5ZXjEoJ,0
conf/vldb/ShaferA97,jA4WnjsaLXUJ,0
conf/vldb/KiesslingK02,b-_XKniHQ-EJ,0
conf/vldb/BlottKS98,KqjkSymZOVcJ,0
conf/sigmod/GangulyGMS96,uaNApwFeU5sJ,0
conf/vldb/RisheYACLMVSV00,cetWSNGyjMoJ,0
conf/vldb/Leymann03,8wda73PJppMJ,0
conf/sigmod/RaoBG96,UmM1k4NoD2IJ,1
conf/vldb/AbiteboulACEMM99,url:http://portal.acm.org/ft_gateway.cfm%3Fid%3D99949%26type%3Dpdf%26dl%3DGUIDE%26dl%3DACM%26CFID%3D11111111%26CFTOKEN%3D2222222,0
journals/tods/KossmannFDA00,url:http://doi.wiley.com/10.1002/ev.1063,0
journals/sigmod/Suciu97,3LNyijT5ddIJ,0
journals/sigmod/TianDCZ02,0haDaGr-V3oJ,0
conf/vldb/LiM01,esFxNdJVDsIJ,0
conf/vldb/AmielBDS94,-CwP7oufRz8J,0
conf/vldb/ShahDR03,Zlk6Tn-sPxwJ,1
conf/vldb/Toivonen96,55iW9Q6W_noJ,0
journals/sigmod/LaenderRST02,34QnrkmS0Y8J,1
conf/vldb/BelussiF95,fIwTQ2PSMycJ,0
conf/vldb/MendelzonV00,33GoYu7LIl4J,0
journals/sigmod/NadoH97,url:http://portal.acm.org/citation.cfm%3Fid%3D264351,0
journals/vldb/Halevy01,jeJRCl54kasJ,1
conf/sigmod/BozkayaO97,9QOCoTIXz9kJ,1
conf/vldb/PetrovicBJ03,fo43Puhu1ycJ,0
journals/vldb/SwamiS95,S6TmnZKgmxwJ,1
journals/tods/BrunoCG02,nRv43rWZumsJ,0
journals/sigmod/Jagadish01,DvnNi-AaxzsJ,0
conf/vldb/Mihalisin98,xUYxGJHk8AAJ,0
conf/sigmod/ShatdalN95,9sTn0UP3OTIJ,0
journals/vldb/CatarciSC97,IIykL2NeD3UJ,1
conf/sigmod/GraySEBW94,JT61IMQEZ-QJ,1
conf/sigmod/DeligiannakisR03,a8CmEAylIvYJ,0
conf/sigmod/Adelberg98,ZPEqz2MKwiUJ,0
conf/vldb/LevyRO96,3v8fGnfTuVMJ,1
conf/vldb/Leymann03,zsOSy07Z99oJ,0
journals/vldb/SteinbrunnMK97,0WXQjwXCy0QJ,1
conf/vldb/IlyasAE02,zyiNtAG7x8QJ,0
conf/sigmod/Gettys95,rJNMxujubm4J,0
conf/sigmod/BarbaraI94,R3N6xpeTlJUJ,0
conf/sigmod/ZhangNBB94,url:http://doi.wiley.com/10.1002/ev.1000,0
journals/sigmod/SilberschatzSU96,S0Cupw3gymsJ,0
journals/vldb/AmielBDS96,2wRdgm_1ujwJ,0
conf/vldb/ChoG00,wiJ5R_mwWAYJ,1
journals/sigmod/dOnofrioP03,szG3swGuIocJ,0
conf/sigmod/SionAP03,srcDfY9RXk4J,0
conf/sigmod/LeeKOTM00,tWJ_d9Octr4J,0
conf/vldb/Amer-YahiaFSX03,l2ZYobbnsfAJ,0
conf/vldb/BargaP95,-lqp87W0EZ4J,1
conf/vldb/MengLYWCR98,FSKgYYRr4UgJ,0
journals/sigmod/ButtlerCCFHLPRX02,1XqDu1vx-bsJ,0
conf/vldb/Kleewein96,bQRUwJJJF_AJ,0
journals/vldb/DattaDVRN01,zs9d5ynKmXMJ,0
conf/sigmod/CareyFZ94,DFsLxg4p5vUJ,0
conf/sigmod/KimC03,GnPMA77BKPwJ,0
journals/sigmod/TheodoridisN00,dC4kF1wNQx8J,0
conf/vldb/TriantafillouP97,2KDqH_xzqysJ,0
conf/sigmod/WangJLY03,08LvkgU5uc8J,0
conf/sigmod/DohertyHR96,url:http://links.jstor.org/sici%3Fsici%3D0146-4949(196622)7%253A2%253C131%253ANAAIJP%253E2.0.CO%253B2-8,0
conf/sigmod/LometT99,3dtKHLIo3cIJ,0
journals/vldb/TsatalosSI96,y5aIjnfU6JIJ,0
conf/sigmod/BressanGOT00,53FxNzZfW_gJ,0
conf/vldb/KornMZ03,JmA3P4fdqU8J,0
conf/vldb/PedersenJD99,z-njHrU_EaYJ,0
conf/sigmod/CherniackZ98,url:http://portal.acm.org/ft_gateway.cfm%3Fid%3D1066240%26type%3Dpdf,0
journals/tods/MokNE96,u7zPhoaBmlkJ,0
conf/sigmod/UrhanFA98,kdePOIm2ZokJ,0
journals/sigmod/LawderK01,eznFJ2e_pQQJ,1
conf/vldb/BraumandlCK98,eUKYW6tFU4wJ,0
conf/vldb/Hammond96,V-DgKmocoUIJ,0
journals/vldb/ShegalovGW01,Q9dOvPds80UJ,0
conf/sigmod/TomasicABKNR97,ijzjrAnmlmIJ,0
journals/sigmod/JajodiaBBKMSW97,wEyOUme8ml8J,0
journals/vldb/FerrariAABC02,ueKP42OZrsQJ,0
conf/sigmod/MumickP94,hUQBQ_9ohcgJ,1
conf/vldb/HelmerNM03,yrY9CidsKi0J,0
journals/vldb/ChandrasekaranF03,WVOhNvcnbFcJ,0
journals/sigmod/KaradimitriouT97,PCTNETAFtbIJ,0
conf/vldb/LuSL95,j3gou1McdaAJ,0
journals/sigmod/Hammer02a,z87gIqJ_wg0J,0
journals/sigmod/SofferMC02,6ryXYUepokQJ,0
conf/sigmod/Fegaras98,EW9FIYzQrx0J,0
conf/vldb/KoudasIM00,q4VKtXi0Ww0J,0
conf/sigmod/SaltenisJLL00,e0UYPB4kRCYJ,1
conf/sigmod/CareyDFHMNSSTTWZ94,PNwd-bkR4VQJ,0
conf/sigmod/Jamil99,Avn1SahKq8MJ,0
conf/vldb/BrownMCL94,Tg7spA2y6GkJ,0
conf/vldb/MarronL01,30EqOf6xqoEJ,0
conf/vldb/RaghavanG01,r9tT5zsNnCQJ,0
conf/vldb/LaudBCSR02,dZU9uSI6e1cJ,0
conf/vldb/BassiliadesV95,hbVAdRgpMHcJ,0
conf/sigmod/DoppelhammerHKK97,q_A8Y8KY9WkJ,1
journals/sigmod/BollKB98,url:http://www.csa.com/partners/viewrecord.php%3Frequester%3Dgs%26collection%3DTRD%26recid%3D0168673CI,0
conf/sigmod/PhanN02,yP0Gysy1vPUJ,0
journals/vldb/Bertino94,ko97r39oC3QJ,0
conf/vldb/KarayannidisTSPMRFEB02,9KiPVAodKnYJ,1
conf/vldb/KoudasMJ99,8AY0As0o1NAJ,0
journals/vldb/MylopoulosCPST96,_fvD537bN30J,0
journals/sigmod/ArenasKKKMM03,4mqwXc0Vu6UJ,0
conf/vldb/SchindlerAG03,OmXk3ikNz24J,0
journals/vldb/AtzeniM00,pHgENiy-TrMJ,0
journals/vldb/GutingS95,QMUhK41qX3kJ,0
journals/sigmod/LeeC00,CJnKTZIbR3sJ,0
conf/sigmod/DreyerDS95,qzBfotS7rQAJ,0
journals/sigmod/CaplinskasEV02,Axu6UlX-pPYJ,1
conf/sigmod/HellersteinHW97,ODOqJ40rXQsJ,0
journals/tods/CiacciaTZ96,nwPlm2GAwR4J,0
conf/vldb/RamasamyPNK00,xEqPeuZJ0mYJ,0
conf/vldb/DavisonG94,fN8wW3Y4FJkJ,1
conf/vldb/WeberSNSS03,TMPrfw4VcFAJ,1
journals/sigmod/RafanelliBT96,url:http://heart.bmjjournals.com/cgi/reprint/81/1/10.pdf,0
journals/sigmod/Mackay99,wMSZGjgxIasJ,0
conf/vldb/DayalHL01,TJeEEHIGGDMJ,0
conf/sigmod/YangM97,3C78pBPJiDIJ,0
journals/sigmod/Kumar03,0JkPW72mJn0J,0
conf/vldb/Baumann03,UvIk4NmnrPsJ,0
journals/tods/LechtenborgerV03,NRCoMut11gEJ,0
conf/sigmod/BohlenBD99,fuVQ08aW4AgJ,0
journals/sigmod/HalkidiBV02,D3vGlzNXEJsJ,0
conf/vldb/WitkowskiBBFGSS03,JB_fDn2630oJ,0
conf/vldb/BerchtoldKK96,NDkvnp4RrVAJ,1
journals/sigmod/EisenbergM99,J9oVTsjGOzIJ,0
conf/vldb/BouganimCDDGS99,2saFm2tg8s8J,0
journals/sigmod/Huyn01,i-M3EZj4xjkJ,0
journals/sigmod/Roussopoulos98,IMx6nl2gh54J,0
conf/sigmod/GoelI96,o35sy6uQgokJ,0
journals/vldb/Han98,dNMQdZUSdgEJ,0
conf/vldb/UrhanF01,lxHJ0q0WWSsJ,0
conf/sigmod/RaoR00,wp2_GObi-XkJ,1
journals/sigmod/Jannink95,FLHyPxvCYtwJ,0
journals/vldb/WhangKW94,dMfIFEA9jiMJ,0
conf/vldb/VassalosP97,NuEIi_JwtEEJ,0
journals/vldb/Guting94,X2h2QhNx5GQJ,0
journals/sigmod/Winslett02,0SmZwN7eU30J,0
conf/vldb/X00,RNahp7d1taAJ,0
journals/sigmod/KuokFW98,3oLpUbHFATsJ,1
conf/sigmod/HanKS97,Zmkip_bwnuIJ,0
conf/vldb/YanG95,FxGRfardm8gJ,0
conf/sigmod/WhiteD95,fI6zVAhmAwAJ,0
conf/sigmod/NaumanS98,6RC0prExXI0J,0
conf/sigmod/Sheth95,aDay32G50JYJ,0
journals/sigmod/Liu03b,oWbIpJmbNysJ,0
conf/sigmod/DeutschFS99,XrybyHOI16kJ,1
conf/vldb/SavasereON95,uQd6l3cuqlQJ,0
conf/vldb/YanL95,VM0pXeGfXFQJ,0
journals/vldb/TenienteO95,A5qgqEDykVwJ,0
conf/sigmod/GetoorTK01,VYoQ1m7V5GcJ,0
journals/sigmod/KoksalAD98,url:http://heart.bmjjournals.com/cgi/reprint/81/1/10.pdf,0
conf/vldb/CareyKRLABFLOPQRSSUVWY01,uIeiYov0E6AJ,0
journals/sigmod/FowlerPNB99,2cbB8em2uAIJ,1
conf/vldb/LohmanL02,TZmxhipECEcJ,0
journals/sigmod/Hammer03,3HttWcaA4_gJ,0
conf/vldb/LiCHPALHAY01,uVhzUukQwFcJ,0
conf/sigmod/LakshmananPZ03,url:http://portal.acm.org/ft_gateway.cfm%3Fid%3D1027756%26type%3Dpdf,0
conf/vldb/Baru96,A8h0HMJ2k8EJ,0
conf/sigmod/CatarciS01,OkdGSOyOax0J,0
journals/sigmod/MillerHHYHFP01,0jK5gUcpw2sJ,0
conf/sigmod/AgrawalASY97,bxLJqNedJdAJ,0
journals/sigmod/LudascherMM01,PyzHbvS-dCkJ,1
journals/sigmod/Qian96a,wuMVV-cNyr4J,0
conf/vldb/SubietaKL95,gEFY87Ma0XUJ,1
conf/sigmod/GillmannWSWW00,oxjI1zsmMZEJ,0
conf/sigmod/HanPDW01,WG-3vX59MvIJ,0
conf/sigmod/GaoW02,7ZlP05xyESYJ,0
conf/sigmod/RamakrishnanD98,baNwquBzv6oJ,0
conf/vldb/NetzCBF00,url:http://doi.wiley.com/10.1002/ev.1263,0
journals/sigmod/DogacDKOONEHAKKM95,SYV3r4_a5EsJ,1
conf/vldb/AnciauxBP03,wZM6j3TOlSMJ,0
journals/sigmod/Gunther97,url:http://www.csa.com/partners/viewrecord.php%3Frequester%3Dgs%26collection%3DTRD%26recid%3D0878616CI,0
journals/sigmod/Qian95,VKzVvvbSIKoJ,0
journals/sigmod/PissinouSEMOPSTD94,XE1zjDexb64J,0
journals/sigmod/KannanKIK03,h_tDfTvsR0QJ,1
conf/sigmod/Ellison95,hf4qTFvqSQsJ,0
conf/vldb/Schoning03,url:http://portal.acm.org/citation.cfm%3Fid%3D163090.163104%26dl%3DGUIDE%26dl%3DACM%26idx%3DJ689%26part%3Dperiodical%26WantType%3Dperiodical%26title%3DACM%2520SIGMOD%2520Record%26CFID%3D11111111%26CFTOKEN%3D2222222,0
conf/vldb/X00a,WqnANGlJfeAJ,0
journals/sigmod/Snodgrass01,F7aHD7xCdH4J,0
journals/vldb/PacittiS00,42TQ_TfNoEgJ,0
conf/sigmod/Mohan94,IWM2gExnQLkJ,1
conf/sigmod/LoR96,em5eiGpRZFkJ,1
journals/sigmod/Wiegand02,iVNxxl0_TZEJ,0
conf/sigmod/RothAHCCFSTW96,eFDQJo4KK6QJ,0
conf/vldb/ChaudhuriN97,g6XLqjCRkFcJ,1
journals/vldb/BohmAnY97,I5KbKbgVqUgJ,0
conf/vldb/OrensteinK95,FjxMfW4ovhkJ,0
journals/sigmod/MeltonMJKS02,wPm8dQxiK5UJ,0
conf/vldb/TanEO01,Kp8j_HY7MC0J,0
conf/sigmod/GodfreyGXZ01,l1921Ku5l-MJ,0
journals/sigmod/ErdurD02,Ro-puqF-RRwJ,0
journals/sigmod/Ioannidis96,cwMY7DsvnewJ,0
journals/sigmod/VassiliadisS99,Cy5Uh-izsREJ,0
journals/sigmod/NejdlSS03,mFRMp2y5e-oJ,0
conf/sigmod/Fegaras98,GAz7FyDFX2QJ,0
conf/vldb/BlottK02,DU7H5PsiJQEJ,0
journals/tods/GibbonsMP02,sAoJf8iIFFoJ,0
journals/sigmod/KramerNKRLKLZ97,url:http://www.csa.com/partners/viewrecord.php%3Frequester%3Dgs%26collection%3DTRD%26recid%3D017302610093XAI,0
conf/sigmod/PadmanabhanBMCH03,9kms0RefokkJ,0
conf/vldb/Carey00,bTQBCC5GtUUJ,0
conf/vldb/SeligmanBNSW95,N3dP98KHZhkJ,0
conf/sigmod/CohenM03,8kwwoo1Va2QJ,0
conf/sigmod/ChengKP03,YZhfLiwZaWQJ,0
conf/vldb/IoannidisP99,9GZOD7bx5e0J,0
journals/vldb/EyalM01,Ej4qe2ozze8J,0
journals/vldb/KashyapS96,AaTvigmNyAcJ,1
conf/vldb/LevySSZ94,VWWCmu84pVsJ,0
conf/sigmod/MelnikRB03,ntcjTU3hQiUJ,1
conf/vldb/BernsteinHJRW00,NdeiWfmwM00J,0
journals/vldb/C94c,gWvmT46wdooJ,0
conf/sigmod/PalmerF00,nBifjYt708YJ,0
journals/sigmod/GatziuKBF98,8qKLEszXbfUJ,0
conf/vldb/StillgerLMK01,R43ssyRp674J,1
conf/sigmod/Ojjeh99,gP3ld61I__kJ,0
conf/sigmod/Ullman03,ctDS9w1d04cJ,0
journals/sigmod/BusslerFM02,ql3mj0XUchsJ,1
conf/vldb/GoldsteinR00,zydIJyhwgPEJ,1
conf/vldb/FangSGMU98,url:http://doi.wiley.com/10.1002/tl.190,0
journals/tods/TaoSP03,FBp7oibu4ygJ,1
conf/vldb/SheikholeslamiCZ98,rcaJyB0xIeUJ,0
journals/sigmod/UlusoyB96,5IcB8SH5VaQJ,0
conf/sigmod/TomasicGS94,n8krnsf_y30J,1
journals/sigmod/KaradimitriouT97,L6jrTvTYY5QJ,0
conf/sigmod/ZhangZPTL03,CvYiHf7mxL0J,0
conf/vldb/DattaDTVRF01,qytJfVa7e28J,0
conf/vldb/DeutschT03,-50MVmwbKT8J,0
conf/sigmod/Cattell94,zSoTbEtLuqEJ,1
journals/sigmod/Winslett01,AxuTskYFLtsJ,0
conf/sigmod/QuassWGHLMNRRAUW96,oB7qYK3HKiEJ,1
conf/vldb/ChenCFGJMTW99,bpIjtrKtDK8J,0
journals/tods/TendickM94,sh4arqm925wJ,0
conf/vldb/BrownCC94,SNipItueur0J,0
conf/vldb/RusinkiewiczKTWM95,iWNLOYCQX-YJ,1
conf/sigmod/Pirahesh94,hYFEbFhIQdEJ,0
journals/sigmod/Barbara01,Wdnq1lDykiYJ,0
journals/sigmod/KarlapalemLS95,UbTGhGv1nVMJ,0
conf/vldb/LernerS03,9JhejaSsZPoJ,0
conf/vldb/PanRAMOHAMV02,rkM9XMBLbqcJ,0
journals/vldb/AbiteboulB95,HTWrZz969xwJ,1
journals/sigmod/PitouraB95,VaDXNMtPZ4oJ,0
conf/sigmod/Seshadri03,ufiIvN61kocJ,0
conf/vldb/BrownMCL94,ExI2MM3IPX8J,0
journals/vldb/FiebigHKMNSW02,w_FOwUavk0kJ,1
conf/sigmod/DeHaanTCO03,qp1wjTVx-wQJ,0
conf/sigmod/GarofalakisI96,7JRwRy6VapMJ,0
conf/vldb/MengLYWCR98,SBkFb-TmkBsJ,0
conf/vldb/RamamrithamABEGP00,B-aH5i7zszoJ,0
conf/sigmod/SeshadriLR94,url:http://portal.acm.org/citation.cfm%3Fid%3D30829.30830,0
journals/tods/PetersO97,IiFIwlf39vIJ,0
journals/tods/KossmannS00,bjqG9uEShEMJ,0
conf/vldb/MalonM97,fbGsqm_a8JcJ,0
conf/sigmod/TomasicGS94,GVBhuQJGcd4J,0
conf/vldb/PapadimitriouBF03,-3LAxRNpDJIJ,0
conf/vldb/YiF00,Mb78Vc7skzMJ,0
conf/sigmod/Ozsu99,up5cYzM3zscJ,0
conf/vldb/Mattos96,uPx8w3k7NyQJ,0
conf/vldb/DiaoF03,rwKKFVHUraoJ,0
journals/sigmod/OrlandicLS02,4zbtM3dO-QUJ,0
conf/vldb/AgrawalCN00,jq5VkbTyBksJ,1
conf/vldb/BohmMSW01,UezMZjnzCt8J,0
conf/vldb/SenkulKT02,NQhgoCK2oO0J,0
conf/vldb/ChakrabartiBD99,cDN9oOqsTE0J,0
conf/sigmod/BrinDG95,t5rDHbYqHWMJ,0
journals/vldb/SaltenisJ02,0oPBNo-ofPkJ,0
journals/vldb/HarderST99,KGyKFmRfspAJ,1
conf/vldb/ParkMC02,T80PvWYbJ7oJ,0
conf/sigmod/SismanisDRK02,url:http://portal.acm.org/citation.cfm%3Fid%3D325420,0
conf/sigmod/HinneburgK99,C9imFvgrSvAJ,1
conf/sigmod/CareyDFHMNSSTTWZ94,4txdo0TJF9gJ,0
journals/tods/GutingBEJLSV00,m508Pb3SNUwJ,0
journals/sigmod/LeveneP02,rcaJyB0xIeUJ,0
conf/sigmod/GarofalakisGRSS00,O9dLRdr269gJ,0
conf/vldb/JarkeKL00,hRr_IBVG0-YJ,1
conf/vldb/Shenker03,5yETsE57mzgJ,1
conf/sigmod/Galhardas00,Lfv9A7CRdVkJ,0
conf/sigmod/BeyerR99,NCv4Y_aV23EJ,0
conf/vldb/ChaudhuriS01,87NT3sEKzJsJ,0
conf/vldb/HuntAI01,bp2brUxP5JwJ,0
journals/sigmod/Roussopoulos98,GfjHZswtM0EJ,1
conf/vldb/Gawlick96,B7Ekrb6SIcQJ,0
journals/sigmod/Jannink95,J0sB8BV_hGEJ,0
conf/sigmod/ShahC01,r0dPAo1eZm4J,0
journals/vldb/HarderST99,url:http://portal.acm.org/ft_gateway.cfm%3Fid%3D1027684%26type%3Dpdf,0
conf/sigmod/KementsietsidisAM03,oKMJP9oAlnoJ,0
journals/sigmod/HasselbringHHKRRS00,fFaf1TjoUNoJ,0
conf/sigmod/AggarwalY00,PMERoS33iCkJ,0
journals/sigmod/Mendelzon00,LnDbShtbsc0J,0
conf/vldb/LiC94,oeBeDPX7b9kJ,0
conf/vldb/RamamrithamABEGP00,NOv8udnQiEwJ,0
conf/vldb/PedersenJD99,3JNGZ4sM9a8J,0
conf/sigmod/CareyCNVDRSM99,JnkiCLSJxSkJ,0
conf/vldb/Sarawagi99,W_CVz6V80csJ,1
journals/tods/AikenHW95,U8ZlWhxgtxYJ,1
journals/sigmod/ChristoffelPSL98,F7QAoJ5PGekJ,1
conf/vldb/Chakrabarti02,yQOcqmZntD0J,0
conf/vldb/GoldsteinR00,d8gRjk3iEi0J,0
conf/sigmod/YangYW00,url:http://links.jstor.org/sici%3Fsici%3D0146-4949(196524%252F21)6%253A1%253C45%253ACSFHC%2522%253E2.0.CO%253B2-L,0
conf/vldb/KornMZ03,kr8Ejs48wacJ,0
journals/vldb/KemperK95,KeK7P1E69YkJ,0
conf/vldb/ReuterCGSW95,url:http://portal.acm.org/ft_gateway.cfm%3Fid%3D1066258%26type%3Dpdf,0
conf/vldb/FaloutsosMS96,NHm8cAxOjZgJ,0
conf/sigmod/ThomasDM95,H_Uh_JcRS6oJ,0
conf/vldb/IdrisGC94,EHBFbc1r9oIJ,0
conf/vldb/ChakrabartiSST00,67a1sMZ2xHYJ,0
journals/sigmod/Winslett01,MJkSWeTLXuwJ,0
conf/sigmod/Team02,htTH8PrZ0dYJ,0
journals/sigmod/BernsteinBCDFGGHHJLMNPSU98,Q3d_e_liqSIJ,0
conf/sigmod/BerchtoldK98,url:http://www.emeraldinsight.com/Insight/ViewContentServlet%3FFilename%3D/published/emeraldfulltextarticle/pdf/0010431010.pdf,0
conf/sigmod/RamanH02,4692SthNStUJ,1
conf/sigmod/Ahn94,8Qmf127fz9sJ,0
conf/vldb/AdiBEY00,V32j9mEhC0MJ,0
journals/sigmod/GobleR02a,_p0BmqBwplAJ,0
journals/sigmod/LinP96,ublxL4NNCdoJ,0
conf/vldb/NatsevCSLV01,lD7OgF3Xw6wJ,1
conf/vldb/DiaoLCT00,yrL2Vv_e6F8J,0
conf/sigmod/AchyutuniON96,F9KzvnDpCPUJ,0
conf/sigmod/PopaDST00,U1hec2W1vWMJ,0
conf/sigmod/RamaswamyRS00,czPXZ8Kd2zwJ,0
conf/vldb/PereiraFLS00,GzZSEeVoAiUJ,1
conf/sigmod/Grust02,tsAHFuKdDg8J,0
conf/sigmod/NybergBCGL94,OVbo251Jji0J,0
conf/sigmod/ChangBCLLS00,bqtRaOoJ87AJ,1
conf/sigmod/GuptaLM03,vuNmAzuDx38J,0
conf/sigmod/JagadishKS00,wkY51VeO664J,0
conf/sigmod/MelnikRB03,7YMi5qKSe2EJ,0
conf/vldb/PottingerB03,FJmS8ZiiogcJ,0
journals/sigmod/RashidS00,e0GH54HirssJ,1
conf/vldb/HellersteinNP95,DqyvTE-PXg0J,1
journals/vldb/DanYC95,SsOLRJZrmtYJ,1
conf/vldb/GarofalakisG02,KWDCch53gM4J,0
conf/vldb/SilversteinBMU98,4iwYFnpvB2MJ,0
journals/vldb/PapazogluK97a,npCKXD_vLM8J,0
conf/vldb/PedersenJD99,mecBiy4oaPUJ,0
conf/sigmod/Meseck01,eFxUQIE9C9cJ,0
journals/vldb/LeeSC01,WdhkPQb0YJYJ,0
conf/sigmod/AdaliBSS98,1EMlStkAP5YJ,0
journals/vldb/ZezulaSAR98,FrgHi1NGDn4J,0
journals/tods/FranklinCL97,vqboZ3T4n4AJ,1
conf/sigmod/GoldmanW00,CoUpwWkRgFoJ,0
conf/sigmod/CranorJSS03,qYDs71SJcQ4J,0
conf/vldb/Draluk01,ThXaHD0xpF8J,0
conf/vldb/AbiteboulAAACHHMMMMSTV99,url:http://portal.acm.org/citation.cfm%3Fid%3D1027527.1027567,0
journals/vldb/HuangDT99,url:http://www.springerlink.com/index/GU53M10932406457.pdf,0
journals/vldb/CandanLS00,Gbom-kbsgJkJ,0
conf/sigmod/ParkCY95,mfvGyfd6e20J,0
conf/sigmod/Perna95,url:http://portal.acm.org/ft_gateway.cfm%3Fid%3D223872%26type%3Dpdf%26dl%3DGUIDE%26dl%3DACM%26CFID%3D11111111%26CFTOKEN%3D2222222,1
journals/sigmod/Snodgrass98b,k9U2QdLBw0UJ,0
journals/sigmod/VassiliadisS99,tUYVblF-05QJ,0
conf/sigmod/LometT99,yrbqf8KRxnkJ,0
conf/sigmod/DohertyHR96,A68UAhY_y_cJ,0
journals/tods/Revesz98,KXGUZVDPLV8J,0
journals/vldb/MaratheS02,GUcKyVuAwTkJ,0
conf/sigmod/HellersteinW02,g97fwc89NacJ,0
journals/sigmod/NascimentoM99,url:http://ieeexplore.ieee.org/iel5/164/5238/00204075.pdf%3Farnumber%3D204075,0
journals/tods/BozkayaO99,ILkwVlgWut4J,0
conf/vldb/YagoubFIV00a,8NarhnbHofMJ,0
journals/vldb/FengYLH02,ifEmWltyZ-oJ,0
conf/sigmod/DeshpandeNGS03a,H1JxB_3PZy4J,0
conf/sigmod/TheodoulidisAACKS94,url:http://www.csa.com/partners/viewrecord.php%3Frequester%3Dgs%26collection%3DTRD%26recid%3D8311609AN%26recid%3DA8350198AH,0
journals/vldb/MuthOPW00,n4-JcJ85-rMJ,0
conf/vldb/DiaoLCT00,mxACmnKeiBwJ,0
conf/vldb/EleftheriouBCDHLPPABDDDGJHLRSVW03,-qBpkQBpUrIJ,0
conf/sigmod/GatziuGD95,NU4yPbIkZpsJ,1
conf/vldb/TaoPS02,o0WQjRyBQ5kJ,1
conf/vldb/LevySSZ94,CZZWGc8DM8sJ,0
conf/sigmod/ChristophidesCM96,8HeCBYmbIQ0J,0
journals/sigmod/Labrinidis01,SC_OvHDNZiUJ,0
journals/sigmod/Hoffner03,nR2L2qnqTysJ,0
conf/vldb/AbiteboulBBCCDMMP03,sg4AkUiRIVgJ,0
conf/sigmod/ShashaB02,HyrDoAOGJeAJ,0
conf/vldb/DaynesC02,BUF3qY196pAJ,0
journals/tods/KorthS94,w40iTKlpWEQJ,1
journals/sigmod/Liu01a,AyCJOCG2BKgJ,0
journals/vldb/BeckerGOSW96,9LAN4l5ffw0J,0
conf/sigmod/MaddenSHR02,zobnUjtYSe8J,1
conf/vldb/GantiLR00,0LI-F61wiwIJ,0
journals/vldb/AtkinsonM95,N5Got4HigPgJ,1
conf/sigmod/AgrawalGGR98,y55xkFQJvxAJ,1
conf/sigmod/AbadiCCCCEGHMRSSTXYZ03,Zb-sj08-bswJ,0
conf/sigmod/ZhangMCMR02,5M6nxkdSuLYJ,0
conf/sigmod/CohenM03,zeM_GTrhjwQJ,0
journals/sigmod/AtzeniM98,pSzpvq8wLywJ,0
conf/sigmod/Tajima96,vzy-kP-XbyUJ,0
journals/sigmod/YeungHL94,Q8qBzjeA6OAJ,0
journals/sigmod/CampbellEM03,N9u28V6NZTIJ,1
journals/sigmod/LightstoneLZ02,url:http://portal.acm.org/ft_gateway.cfm%3Fid%3D601873%26type%3Dpdf%26coll%3DGUIDE%26dl%3DACM%26CFID%3D11111111%26CFTOKEN%3D2222222,1
conf/vldb/LifantsevC02,nfivgfsKcQIJ,0
journals/sigmod/Liu02,iHCICvsfJ5QJ,0
conf/vldb/GuPS00,3MLMQVmYAKcJ,0
conf/vldb/Bayer95,6dAWUHYKqFUJ,0
journals/vldb/AbbadiSW01,6YTXnpzMca0J,0
conf/vldb/NgY94,K18tWuYszsMJ,0
journals/vldb/TanGO00,url:http://ieeexplore.ieee.org/iel5/9639/30462/01403669.pdf%3Farnumber%3D1403669,0
journals/sigmod/Libkin99,oJVGBlXisiQJ,0
conf/sigmod/KrishnanVI96,EulXvHT-fNMJ,0
journals/sigmod/EisenbergM99,LL9Guuh490sJ,1
conf/vldb/JiangWL03,y2oalMrypiUJ,0
journals/sigmod/Alonso94b,O3VNUPMI3aAJ,0
conf/vldb/KounevB02,Nk7TALkgBiYJ,0
conf/sigmod/SubramanianV98,WkEwby_uqXIJ,0
conf/sigmod/MoonSL00,szlqyCesMpgJ,0
conf/vldb/Sullivan96,vnU9tIOzgE8J,0
conf/vldb/PossP03,r1um7d3ckAYJ,0
journals/sigmod/CaleroPR03,On_0bnZ5smoJ,0
conf/sigmod/RodriguezR00,gzybwuyrs-kJ,0
journals/sigmod/SantucciT96,url:http://www.springerlink.com/index/0JGDE6A9JHWT3CF5.pdf,0
journals/vldb/PapazogluK97a,lH-qYYkUTRYJ,0
journals/sigmod/Labrinidis01,qF5WtFluZpkJ,0
journals/sigmod/Kemper02,qC05QmJK1VMJ,0
conf/sigmod/LazaridisM01,kEte3P_QB60J,0
conf/vldb/NicklasGS03,ZIiw-26IbzcJ,0
journals/sigmod/SilberschatzZ97,7JRwRy6VapMJ,1
journals/sigmod/CeriFP99,mr8XDkQ7adAJ,1
conf/sigmod/RoussopoulosKV95,6aaCD9Q1SDIJ,0
conf/vldb/TanGO99,CcTZvs8xd2sJ,1
conf/vldb/YanG95,8NPG_4n6l_MJ,0
conf/vldb/SavasereON95,P8cap3ZzrTgJ,0
conf/vldb/YangKL97,e43IB-oHaQgJ,0
conf/sigmod/AchyutuniON96,z1jxVva0paQJ,0
conf/vldb/MogiK95,heXoOT9HIz4J,0
conf/vldb/GilbertKMS02,Y8UdbAPhYpUJ,0
conf/vldb/ManegoldBK00,OcNh8O3aJ4kJ,0
conf/vldb/AnkerstBKS98,SkL4ISiBuwwJ,0
journals/sigmod/Zhang95,-H1fIFJWvRcJ,0
conf/vldb/LiCHH97,S4A1NDJkmCcJ,0
journals/sigmod/Winslett03,C28OG6Cz8CwJ,0
conf/sigmod/BressanGFJHKLMPQSS97,9_3j-qMIhx0J,0
conf/sigmod/DasuJMS02,zOfVTNgEwz0J,0
journals/tods/FernandezKSMT02,ckrgSn0vBOMJ,1
conf/vldb/GuntzerBK00,id3rk1JgWx0J,1
conf/sigmod/Dyreson03,Q5gf5Y1Qfs8J,0
conf/sigmod/HellersteinHW97,H1D291GeQ3kJ,0
conf/vldb/MankuM02,suOdBUOBaNEJ,0
conf/vldb/JagatheesanMPW03,OIhDouDFceQJ,0
conf/vldb/AshwinGG02,avCc9NSPiwIJ,0
conf/vldb/Toivonen96,SVRZYX3nSGAJ,1
journals/sigmod/GerlhofKM96,-sLyxf9fRVwJ,0
conf/vldb/TreschPL95,eptP8x_xMXEJ,0
journals/vldb/AbiteboulCM98,WzT3S2G1FjcJ,1
conf/sigmod/YerneniLGU99,L9rzYv5OWpgJ,1
conf/sigmod/Mohan99,_rGGkefp9VkJ,0
conf/vldb/HasanM94,Hg0GBCzz_zcJ,0
conf/vldb/ViglasNB03,L2meu8dlU8IJ,0
journals/sigmod/MattosD94,HhUCea7De6YJ,1
conf/vldb/Graefe99,Gp36TpmXDIQJ,0
journals/sigmod/McHughAGQW97,zISF-4KuUw4J,1
journals/sigmod/Suciu97,j2NIQh4D-9AJ,0
journals/tods/Lerner00,mY18HnaFggwJ,0
conf/vldb/YagoubFIV00,wJsdBel2n3EJ,1
journals/sigmod/Snodgrass03,ly4jf-IjT3oJ,0
conf/vldb/LakshmananJN00,5oOqGgg2oJcJ,0
conf/sigmod/MamoulisP99,C-fl9O_Qi0MJ,0
conf/sigmod/LiGS02,ocGvlmv7JmkJ,0
journals/sigmod/LeeC00,bfuCRUkwtz0J,0
conf/vldb/StolteA02,url:http://www.csa.com/partners/viewrecord.php%3Frequester%3Dgs%26collection%3DTRD%26recid%3DA7715728AH,0
journals/sigmod/LeeC00,3kSb_ooS1cgJ,1
conf/sigmod/Adelberg98,EXtoza-15lIJ,0
journals/vldb/OzsuPSILM95,IKyzaxnT8a0J,0
conf/sigmod/DuSD95,MApTaDFzdtMJ,0
journals/vldb/Amer-YahiaCLS02,url:http://www.springerlink.com/index/H3N4R15013438560.pdf,0
conf/sigmod/Ullman03,WcA1L5srKj4J,0
journals/sigmod/Rosneblatt94,8ZXu3uYBqmQJ,0
journals/sigmod/DAndreaJ96,MB_DkHZJoZoJ,0
conf/vldb/Suciu96a,XpIwzIHP7p8J,0
conf/vldb/WeberSB98,ZLYsIub53eoJ,1
journals/sigmod/CruzKLSWY02,t0ezeXGUuNAJ,0
journals/vldb/AilamakiDH02,sreGx_YaIgoJ,0
conf/sigmod/HsiaoCY94,v1fsWCSPn2MJ,0
journals/sigmod/BernsteinHP00,FFzJxlpy6TsJ,1
conf/sigmod/KotidisR99,cS_J5LvlQBMJ,0
conf/vldb/GalhardasFSSS01,5VxM6J2HrPwJ,0
conf/vldb/WangHH00,Ne5dhaDfek8J,0
conf/vldb/ChawatheCY94,ex51EkJCJ3QJ,0
journals/sigmod/CoxEH96,5fCkUaG8A-gJ,0
journals/sigmod/McHughW97,boQDYefgi3gJ,0
conf/sigmod/Galhardas00,78PlrdpBT8sJ,0
conf/sigmod/Ullman03,ncJFeseYbXoJ,0
journals/vldb/LiangOY00,AwWQQG5SmIkJ,0
conf/sigmod/MassariPSC95,3QZThQnYTF8J,0
journals/sigmod/Camps96,mRBePJ_Vgv8J,0
journals/tods/EiterGM97,WXWcO2ulDQUJ,1
journals/sigmod/Fong97,ujy-Joy6wiIJ,0
journals/sigmod/BerzalM02,PliMUidDd3EJ,0
journals/sigmod/FowlerPNB99,o9DfGI9zsloJ,0
journals/tods/GhandeharizadehHJ96,P8A_uhWh958J,0
conf/sigmod/Kim94,PlYka1nkARYJ,0
conf/sigmod/ChenGMV02,q2ptFOg8gA4J,0
conf/sigmod/SismanisDRK02,Y21HA44xuQ4J,1
conf/vldb/ZhuS02,7EvLpELUDXEJ,0
conf/sigmod/Brewer98,YOkKQGPzKgcJ,0
journals/sigmod/MarchiLPT03,wGGUiOtsEQoJ,0
journals/sigmod/Barbara01,eTs2AWxaSl8J,0
conf/vldb/BohannonGKNS02,p4Hdrawf0Z0J,0
conf/sigmod/LiuHBPT99,BIox2W-EPfEJ,1
journals/sigmod/Snodgrass02b,url:http://www.csa.com/partners/viewrecord.php%3Frequester%3Dgs%26collection%3DENV%26recid%3D8913268,0
journals/sigmod/Snodgrass00b,9g9hNq0twPMJ,0
journals/vldb/SakuraiYUK02,lV9kjhME-cEJ,0
conf/vldb/BlokWZPAKJ01,4Ga0Ts2_rp0J,1
journals/sigmod/DarwenD95,Ppe_v5Zt140J,1
journals/sigmod/Winslett02b,-oRF1uAKYVAJ,0
conf/vldb/GinisHKMT97,0hymtQUSVAYJ,0
conf/vldb/ChaudhuriW00,kBS3fliuhRMJ,0
journals/tods/StoreyCDGS97,Z5EB4E08ndoJ,0
conf/sigmod/AshleyFHLNP95,9uxj2XzGt9UJ,1
conf/vldb/Mohan02,J-QTjcIb7igJ,0
journals/sigmod/VelACM01,LseDURw3BXMJ,1
conf/vldb/CarinoJ98,LF2aUSIWko4J,1
journals/vldb/LiCHH01,RajquHU2NoIJ,0
conf/vldb/Baumann03,WAjL5u0P9M4J,0
conf/vldb/KriegelPS00,eFDhA7HrBdsJ,0
conf/sigmod/Brewer98,8j28DeoUckQJ,0
conf/vldb/HardingLM03,Zc2GVC89wbgJ,0
conf/sigmod/ChaudhuriN98,uH7cCwOk7xYJ,0
journals/vldb/NgC98,qvpDafisK_QJ,0
journals/sigmod/KappelR98,IJyunaAcul8J,0
conf/sigmod/RamaswamyK95,NbzwOtiyA3IJ,0
journals/sigmod/Huyn01,RdCwPKDWJmQJ,0
conf/vldb/JosifovskiR99,jS3lxgrUXyEJ,0
journals/sigmod/SegevJS95,PqcIPSRQCWMJ,0
journals/sigmod/DunhamH95a,1LHPVbgK-bcJ,0
conf/sigmod/MankuRL99,X94gDE70Zn0J,1
conf/vldb/DuttaDMRT00,q0Ovw6QUk3MJ,1
conf/sigmod/LakshmananNHP99,CJQX2idcM9wJ,0
journals/vldb/GeorgeH00,OFp0Se95jmEJ,0
conf/sigmod/JaedickeM98,im0SIHX8SOcJ,0
journals/sigmod/McClatcheyV97,J_RFnb8nNowJ,0
conf/vldb/JosifovskiR99,CCrtJNMZ3hEJ,0
conf/sigmod/DuSD95,kkrgDU63uGUJ,0
conf/sigmod/Grust02,6YTXnpzMca0J,0
conf/sigmod/ArefBV95,6ukLwrTDNzgJ,0
journals/sigmod/FlorescuLM98,oABGXQlfGKcJ,1
conf/vldb/CarneyCZRCS03,zkSIEVQ8lpwJ,0
journals/sigmod/AbererCDDHPS03,ypU9dB1WnRcJ,0
conf/vldb/SakuraiYUK00,K2xCMgImpVkJ,1
journals/sigmod/ArpinarD00,K987BSbOpvEJ,0
journals/sigmod/PuSW01,VefrIRnp95EJ,0
conf/vldb/IlyasAE03,_oxrTka1A8kJ,0
conf/vldb/ChakrabartiSD98,url:http://www.ncbi.nlm.nih.gov/entrez/query.fcgi%3Fcmd%3DRetrieve%26db%3DPubMed%26list_uids%3D15654735%26dopt%3DCitation,0
conf/vldb/RamakrishnanGRSWZ95,1WfQn1j2MOoJ,0
conf/vldb/MignetMAC01,XirELrPeTd4J,1
conf/vldb/RamasamyPNK00,4Iqmyy0p2nsJ,0
journals/tods/AmmannJR97,B6Uftl6xoSgJ,0
conf/vldb/DayalHL01,XwzOOLb-ZMIJ,1
conf/vldb/StathatosRB97,ZLyOYkHk1tkJ,0
conf/vldb/AgrawalKSX02,jgHG15fu-2UJ,0
journals/tods/StolboushkinT98,url:http://doi.wiley.com/10.1002/tl.117,0
journals/sigmod/EisenbergM01,GKUflKzgAVEJ,1
conf/vldb/JagatheesanMPW03,9QOCoTIXz9kJ,0
conf/vldb/SellisRF97,2lypQEgzfb8J,0
journals/sigmod/TianDCZ02,zQUHox9lHPsJ,0
conf/vldb/ChaudhuriN97,hAqEljGAcFsJ,1
conf/vldb/BettiniJWW02,FItXsWLw4FwJ,0
journals/sigmod/YeungHL94,GaPhI80bbOIJ,0
conf/sigmod/HanPY00,fKrgMlFaEJsJ,1
journals/sigmod/SchmidtWKFCMB01,url:http://doi.wiley.com/10.1002/anie.198102701,0
conf/vldb/JagadishKMPSS98,TB8sxeXqHRQJ,1
conf/vldb/VenkataramanZ98,RGh6Gep4ym8J,1
conf/vldb/ChakrabartiM00,pTpNPap9mM4J,0
conf/vldb/PacittMS99,DjVkltzLWxcJ,0
conf/vldb/GuptaM96,XNihK2y8ADkJ,0
conf/vldb/Pound99,lyVxY_nXI38J,0
journals/sigmod/LudascherMM01,4-4KVRS7-Y0J,0
journals/vldb/Guting94,url:http://www.springerlink.com/index/P4Q0445827654287.pdf,1
conf/sigmod/DavisonG95,96SrVGnDmMoJ,1
conf/vldb/BrownS95,yP4hDOd65VUJ,1
journals/sigmod/MalaikaEM03,7PjRiGYYTS4J,0
journals/sigmod/GrayG97,iHhvPmp2BhoJ,0
journals/sigmod/Seligman97,XU9uR-trwwUJ,0
journals/sigmod/Danish98,FdkHUCk1ocUJ,0
journals/sigmod/Alonso94b,yztQfwBZU6EJ,0
conf/sigmod/TsueiPK97,YHS17p8_bdsJ,0
conf/vldb/GarofalakisOS97,k_zOzH84XRAJ,0
conf/sigmod/PapadiasTFS03,JEX1UsoqklQJ,0
journals/sigmod/Liu02b,vsN01kK8gEsJ,0
journals/tods/EiterLLS01,lTwQVB8E7SIJ,1
conf/sigmod/KornM00,cMeU5E-6lEUJ,0
journals/sigmod/RossFS02,nF4-JHG6-IUJ,0
conf/sigmod/RoussopoulosKV95,m5rgZeGa3fcJ,0
conf/vldb/Kornacker99,QPDP56NgU6cJ,0
conf/sigmod/KotidisR99,BkSfJ4LhbQcJ,0
conf/vldb/ShivakumarGC98,Q1ttFTs4eUkJ,0
conf/vldb/CeriFP99,L1xeH5yC0fgJ,1
conf/sigmod/BilirisFOP96,VakyeJZNPM0J,1
conf/vldb/GutierrezPST94,64iWa-ZiPRcJ,0
conf/sigmod/BohlenBD99,jlTJAv8RxlAJ,0
conf/sigmod/OConnellISWABCCLPWW96,url:http://portal.acm.org/ft_gateway.cfm%3Fid%3D1099573%26type%3Dpdf,0
conf/vldb/Jacobs97,JITFTSTU9zIJ,0
conf/sigmod/RamaswamyK95,AL0SfNHykJEJ,1
conf/vldb/AmielBDS94,0WpCxOSvwrYJ,0
conf/sigmod/BrodskyK95,6t_N5axEm7cJ,1
journals/sigmod/Liu02a,4L2Vi588pQAJ,0
journals/sigmod/Qian97,WjD01QHCjvcJ,0
journals/sigmod/Mendelzon00,url:http://www.csa.com/partners/viewrecord.php%3Frequester%3Dgs%26collection%3DTRD%26recid%3D0804808CI,0
conf/sigmod/ColletC95,m0m3FbxNztkJ,0
conf/vldb/HerlekarDRGS02,5LPE5mhO__0J,0
conf/sigmod/BarbaraI94,IQI5JRSRPQEJ,0
journals/sigmod/Date96,IGI6dHs0UKYJ,0
journals/tods/PetersO97,LmiS8Mynki8J,0
journals/vldb/IshakbeyogluO98,2yaaUC8TC9MJ,0
journals/sigmod/CaleroPR03,cTdDBKsvthYJ,0
conf/sigmod/ImielinskiVB94,u5ForuTsW-YJ,1
conf/vldb/BergerBSW03,kADCX48-o5IJ,1
journals/sigmod/ArenasKKKMM03,biVrK7MrU4QJ,1
conf/vldb/AbiteboulBMMW02,mm3mXWb8QS0J,1
conf/sigmod/Hammond99,PyxikwzHtg8J,0
conf/sigmod/Zeller03,Y9h8j6a7EpYJ,0
journals/vldb/MuckP97,yR1XD2MKJ9gJ,0
conf/sigmod/BrodskySCE99,jnBo-gBTmAcJ,1
journals/sigmod/Winslett02,sMobKIw3-mkJ,0
journals/sigmod/PhatakSSS96,VgE5ngMNNHUJ,0
conf/vldb/KemperK94,a5XDI-557QQJ,0
conf/sigmod/ChristophidesCM96,nDl2k1YSi8AJ,1
conf/sigmod/HarinarayanRU96,Q3dJZew4DLwJ,0
conf/vldb/GantiLR00,O3FWcIYn00MJ,0
journals/sigmod/DogacDKOONEHAKKM95,url:http://portal.acm.org/citation.cfm%3Fid%3D353053.353136%26dl%3Dportal%26dl%3DACM%26type%3Dseries%26idx%3DSERIES406%26part%3DProceedings%26WantType%3DProceedings%26title%3DInternational%2520Conference%2520on%2520Information%2520Systems%26CFID%3D11111111%26CFTOKEN%3D2222222,0
conf/sigmod/Miller98,Ycj2VYHPX3IJ,0
conf/sigmod/KornackerSH98,UrDwK2S7QVwJ,0
conf/sigmod/YangYW00,bH0KK2EYBeEJ,0
conf/vldb/AgrawalKSX02,4wh6h53F2bYJ,0
journals/sigmod/AilamakiG03,CiumYR8Q4WcJ,0
journals/vldb/SivasankaranSTPR96,Zuvbr8Zn4xcJ,0
conf/vldb/AgrawalCN00,0KLcrS1Co_kJ,1
conf/vldb/Koch03,s9eUKlnLkBkJ,0
journals/sigmod/PitouraAPSV03,jKxELUmoSkEJ,1
conf/sigmod/NgLK98,piZKHnZeY0gJ,0
conf/sigmod/BaruFGHJPW95,CsefaaL--RIJ,0
journals/vldb/Seshadri98,C7GLmssR9JEJ,0
journals/sigmod/Huyn01,url:http://www.csa.com/partners/viewrecord.php%3Frequester%3Dgs%26collection%3DTRD%26recid%3D199306720318MD,0
journals/tods/Jimenez-PerisPAK03,Z3QiqB4n_a4J,0
conf/vldb/IoannidisP99,BlALg9KQCLAJ,1
conf/sigmod/MattosM95,wF_GdZPkCnQJ,1
conf/vldb/PacittMS99,782hkUqD49wJ,0
conf/sigmod/ChenGK01,-8zgeIdh6C4J,0
journals/sigmod/RoantreeS02,P30a3k6zSv8J,0
conf/sigmod/ZhouR02,GkLDXwnCLgcJ,0
conf/vldb/TriantafillouP97,WyYq5EkQSCUJ,0
conf/vldb/Graefe99,8z_mbDWmhiIJ,0
journals/sigmod/Manola98,JBfeDxFd2asJ,0
conf/sigmod/Ullman03,gYgtoyWPExUJ,0
conf/vldb/StathatosRB97,iWPv62XQRSIJ,0
conf/sigmod/PoosalaIHS96,Zp7wEnhqAykJ,1
journals/sigmod/SureSS02,9urSf2gtvRUJ,0
conf/sigmod/BraumandlKK99,X7jjMIXx8qUJ,1
journals/vldb/JiangE98,PjtgP4aQt00J,1
journals/tods/SrivastavaSRN95,url:http://www.emeraldinsight.com/Insight/ViewContentServlet%3FFilename%3D/published/emeraldfulltextarticle/pdf/0010431010.pdf,0
conf/vldb/FlescaFM03,Eh-Tvn010ZoJ,0
conf/sigmod/JarkeQCLFLVV00,bl_VrPzIIPwJ,1
journals/tods/EiterLLS01,LatjkQDqr6sJ,0
conf/sigmod/Keim99,Motpl_6vWRsJ,0
journals/vldb/LeeSC01,QWViViLC-n0J,0
conf/sigmod/BhargavaGI95,url:http://links.jstor.org/sici%3Fsici%3D0146-4949(196722)8%253A3%253C365%253AHBARIF%253E2.0.CO%253B2-Y,0
journals/sigmod/Winslett01a,sVpk9622-AkJ,0
journals/sigmod/Snodgrass94,ysQQHFtbMvMJ,0
conf/vldb/ChenRS95,f1wPvh_ZIZ8J,0
conf/vldb/LakshmananPZ03,oxL22GyGzW4J,0
conf/sigmod/PopaDST00,II0NxgqC0KIJ,0
conf/vldb/OzsuVU98,HFUJ-rKWlpMJ,0
conf/sigmod/UrhanFA98,f0Z0qlJpcuUJ,0
journals/sigmod/Winslett03b,GLb7assR1wAJ,0
journals/vldb/SuHHHLWLPLL01,Ma4XuSHuJ30J,0
conf/sigmod/NguyenACP01,VCiXh8qcrIMJ,1
conf/sigmod/PapadiasTSE95,PogZLKV_bIsJ,1
journals/sigmod/WinslettCDHZZ02,url:http://portal.acm.org/ft_gateway.cfm%3Fid%3D601881%26type%3Dpdf%26dl%3DGUIDE%26dl%3DACM%26CFID%3D11111111%26CFTOKEN%3D2222222,1
conf/sigmod/HernandezMHYHT01,pOFhgBVYVTkJ,1
conf/vldb/GuptaHQ95,NbWnsOewLw8J,0
conf/vldb/Lesk94,9XiHOyuYy7AJ,0
conf/sigmod/WattezCBFF00,fuGgUY1sf4EJ,0
conf/vldb/GarofalakisIO98,mTVoE5J-DdUJ,0
conf/vldb/MeccaCM01,CWyeY-v5VngJ,0
journals/sigmod/GatziuJSV99,Hi-75yFVIzQJ,0
conf/sigmod/ThaperGIK02,Nqnx9ogXQGkJ,0
conf/sigmod/Team02,dTtvyHeDfBMJ,0
journals/vldb/Atkinson00,OKs-ZHsk8VMJ,0
conf/vldb/AgrawalS94,pNxOQ6xcGjoJ,0
conf/vldb/DongHLPW01,mFnNSZM73egJ,0
conf/sigmod/GraySSU03,bBYWdI_hhyoJ,0
journals/sigmod/Franklin00,7KW9xW7qHEsJ,0
journals/tods/Lerner00,kXX7Qh-wElIJ,0
conf/vldb/ArionBCDMP03,1FVrMPheGs8J,0
journals/sigmod/Kim02,ZVmeSFrQDsAJ,0
conf/vldb/LakshmananJN00,1n7AY641YyAJ,1
journals/sigmod/VetterliVS00,9TrcYhxAi38J,0
conf/vldb/FerrandinaMZ94,mj4xGgskPMUJ,0
journals/sigmod/Aberer03b,P04QCWpyYMAJ,0
conf/vldb/Chawathe99,wqRNQzsScCwJ,0
conf/vldb/GaasterlandL94,rfaun_UMpfQJ,0
conf/vldb/VelegrakisMP03,tYCCI2DndboJ,1
journals/sigmod/Dogac96,GNEJ-5TO_jAJ,0
journals/sigmod/McHughAGQW97,qKb2ZxD1IsYJ,1
conf/vldb/DarFJST96,gkbM-pRDcSwJ,1
conf/vldb/LiuJ02,S96r8doginAJ,0
journals/sigmod/BoscMP01,wN4-cLOSSTMJ,0
journals/sigmod/KlasS94,mKIHMKxtxBQJ,0
conf/vldb/HulgeriS03,rlkrj-swP4oJ,0
conf/sigmod/FernandezFKLS98,x-Xcm921UTMJ,1
conf/sigmod/KornMZ03,uu14Ig7u2eAJ,0
conf/sigmod/ForlizziGNS00,EkKWFqGaAiIJ,0
conf/sigmod/CareyK97,LTyID0EynZEJ,0
journals/vldb/GrefenVA01,9mwyzsFG89wJ,0
journals/tods/ShashaLSV95,0aVKzjogLlAJ,1
journals/tods/MokNE96,url:http://portal.acm.org/citation.cfm%3Fid%3D244220,0
journals/sigmod/BoscMP01,RgO_GLcElhAJ,0
conf/vldb/SeidlK97,url:http://ieeexplore.ieee.org/iel4/5812/15497/00718146.pdf%3Farnumber%3D718146,0
journals/sigmod/Segev94b,kZAVCj-ivhcJ,0
journals/sigmod/WinslettMY03,OqIL2M-bNdIJ,0
journals/sigmod/Aberer03d,w4U1UqqSeTAJ,0
conf/vldb/FerrandinaMZ94,gkZoq0ZeigMJ,0
conf/vldb/LabioG96,lq95oVnApaMJ,0
conf/vldb/ChakravarthyKAK94,ZFPMIdPHNHIJ,0
journals/sigmod/Segev94a,eD9q5emypy4J,0
conf/sigmod/AcharyaGP00,WGWZ2cNZW2YJ,1
conf/sigmod/GatziuGD95,eGenb3t_R8YJ,0
conf/vldb/GaoS03,aJb03Z_KsfwJ,0
conf/sigmod/HsiaoN00,nIQZO9roCucJ,0
conf/sigmod/BerchtoldK97,5J9jFkcus9wJ,0
journals/tods/BrightHP94,m9DBN5PHWDAJ,1
conf/vldb/AlsabtiRS97,PsRZK1z-Oj8J,0
conf/vldb/ArgePRSV98,Vg-xjJtfd_0J,1
conf/sigmod/GangulyGR03,T_dQdYkbvwUJ,0
conf/vldb/QianZXP03,url:http://www.springerlink.com/index/GX12W1150841M18X.pdf,0
conf/sigmod/ChaudhuriN98,IpciHissOOUJ,0
conf/sigmod/LiBCS00,3n2bDg4V6OIJ,0
conf/sigmod/ChenRW02,05ShsIGjnKkJ,1
journals/sigmod/Lee95,j0L6nIt_qQYJ,0
conf/sigmod/ReissK03,Pc8MvosKDgoJ,0
journals/sigmod/JacobS99,s16hIqePWAgJ,0
journals/sigmod/MillerHHYHFP01,Zb2SExJNfkMJ,1
journals/sigmod/Finkelstein95,0kVc2KZ3Xw0J,0
conf/sigmod/GriffinL95,nXT3j4XaZxIJ,1
conf/vldb/Cluet03,93o6TmYCL9IJ,0
journals/sigmod/SouzaS99,qJY2EE1s9IgJ,0
conf/sigmod/OlstonJW03,tN15lEYTle4J,0
journals/sigmod/Huyn01,bxu3VyI4us0J,0
conf/sigmod/AdelbergD99,o8sObeHIA40J,0
conf/vldb/SellisRF97,url:http://www.springerlink.com/index/Q1J7U54458570510.pdf,0
conf/vldb/Carey00,hAy0CUKKX6gJ,0
journals/sigmod/Franklin97a,jgGufx4WOYAJ,0
conf/sigmod/ChoG00,CJK2SWLYrRYJ,0
conf/vldb/OzdenBRS94,vmqBhGBa8o0J,1
journals/tods/MumickFPR96,Rt3qBWiX1FYJ,0
conf/sigmod/RoussopoulosKV95,imAsAkfukSYJ,1
conf/sigmod/Bernstein96,KZ9Z0B-BWmQJ,0
journals/sigmod/CaleroPR03,eE3rrmXh4IYJ,0
conf/sigmod/WoelkBJOTU95,nslFAsYWcqoJ,0
journals/tods/FormicaGM98,ck5DpjXKhvEJ,0
conf/vldb/ShatdalKN94,Dody1oyKzkwJ,0
conf/vldb/ChenDZ03,url:http://www.csa.com/partners/viewrecord.php%3Frequester%3Dgs%26collection%3DTRD%26recid%3D200112006503MT%26recid%3DN9210565AH,0
journals/sigmod/CrestaniG02,25rE7-aq9WAJ,0
conf/sigmod/AbadiCCCCEGHMRSSTXYZ03,iZjrpow2n54J,0
conf/vldb/GarofalakisI97,-cCndG3a8ukJ,1
conf/sigmod/AgrawalASY97,bDiNQAdf8nEJ,1
conf/vldb/DoDJJR98,dAI7uRHzDA8J,0
journals/tods/HjaltasonS03,9Wan9sPNUAYJ,1
conf/sigmod/2002,cxTLKcNwqSQJ,0
conf/sigmod/PapakonstantinouV99,5iBUkqCy-KAJ,1
journals/sigmod/LiefkeS00,-JBcR2Pwn7sJ,0
conf/sigmod/NestorovAM98,6HBsdfb9TIkJ,0
conf/vldb/IoannidisLGP96,jo8BDXHAEn8J,0
conf/vldb/AlsabtiRS97,AX0YRsL_UIQJ,0
journals/sigmod/Richey95,11jjTt5jOYUJ,0
journals/sigmod/SnodgrassAABCDEGJKKKLLRSSS94a,bg3qlTy0_BEJ,0
journals/vldb/Bertino94,vX3zhfwtZ2wJ,0
conf/sigmod/SistlaW95,J3XZUbzCxjEJ,1
conf/vldb/TsatalosSI94,--1aoAaGkgQJ,1
journals/sigmod/Franklin99b,lbcEyoKHjsgJ,0
conf/sigmod/GuptaHR97,mA_8CtazngYJ,0
conf/sigmod/SaltenisJLL00,tuMjUVnPdXAJ,1
conf/sigmod/Golding95,XhL_ILYV_lEJ,0
journals/tods/TaoP03,8Oo0IlhuO5cJ,0
conf/vldb/BonczMK99,m9RNoVhneAgJ,0
conf/vldb/WienerN95,Tk6JAcktdQ8J,0
conf/vldb/TengCY03,bup_Kdg_s1EJ,0
conf/sigmod/Bussler01,I0OswCBJrFkJ,0
conf/sigmod/HammerGNYBV97,18HDLYyNH3MJ,0
conf/sigmod/GoyalHKMSZ97,E0JFsdONHAYJ,0
conf/sigmod/GravanoGT94,url:http://portal.acm.org/citation.cfm%3Fid%3D375796,0
conf/vldb/LevyRO96,CWzG-HRtqZIJ,1
journals/sigmod/KaradimitriouT97,CXamH0oNwCAJ,0
journals/vldb/SaltenisJ02,H14pRBdznp4J,0
conf/vldb/GuPS00,_6EXS50tIBcJ,0
journals/sigmod/EisenbergM01,onjDl3RlMuMJ,0
conf/sigmod/ChristophidesACS94,9h2PmUTH7MUJ,0
journals/sigmod/MeltzerC98,_8-bcmIsoJ0J,0
journals/sigmod/GriffinK98,VCkXEdC8giQJ,0
journals/sigmod/SureSS02,PRL0iaGOqUQJ,0
conf/vldb/ShanmugasundaramGTZDN99,WkdIh9-e2WMJ,1
journals/sigmod/Halevy03,iwz0_0YPwP8J,0
conf/vldb/ChakrabartiM00,url:http://ieeexplore.ieee.org/xpl/abs_free.jsp%3FarNumber%3D1320026,0
conf/sigmod/Arpaci-DusseauACHP97,url:http://ieeexplore.ieee.org/iel4/5812/15497/00718123.pdf%3Farnumber%3D718123,0
conf/vldb/ChakrabartiGRS00,RTNQqKi6_VAJ,0
journals/sigmod/Widom95a,r8uYvAGT6swJ,0
conf/sigmod/AdaliBSS98,url:http://portal.acm.org/citation.cfm%3Fid%3D564691.564798%26dl%3DGUIDE%26dl%3DACM%26type%3Dseries%26idx%3D564691%26part%3DProceedings%26WantType%3DProceedings%26title%3DInternational%2520Conference%2520on%2520Management%2520of%2520Data%2520and%2520Symposium%2520on%2520Principles%2520of%2520Database%2520Systems%26CFID%3D11111111%26CFTOKEN%3D2222222,0
conf/vldb/HuangJR97,LD8Mtycec9EJ,1
journals/sigmod/CareyS99,gSTfWRvhN70J,0
conf/sigmod/ShivakumarG97,url:http://portal.acm.org/citation.cfm%3Fid%3D233013.233043,0
conf/vldb/EicklerGK95,UFvZA9IRr5AJ,0
journals/tods/StolboushkinT98,R4lDXmQxED0J,0
conf/sigmod/MumickQM97,QAlY_bj4uosJ,0
conf/vldb/DiaoLCT00,QTzuiNlMnR4J,0
conf/vldb/NatsevCSLV01,2CYtbbiwv-AJ,1
conf/sigmod/Mohan96,fjoP5P_RVCgJ,0
conf/sigmod/DasuJMS02,KvsmVlCdtKAJ,0
journals/vldb/SuHHHLWLPLL01,1d0XhaP4ZykJ,0
conf/sigmod/LakshmananNHP99,8vtUokULDisJ,0
conf/sigmod/FernandezFKLS97,K3a5NJDz1RcJ,0
conf/sigmod/ChooOLCGBPS96,5awQcPWFBrcJ,1
conf/sigmod/Blakeley96,g8e0xiRUkIwJ,0
conf/sigmod/AcharyaGP00,url:http://www.ingentaconnect.com/search/expand%3Fpub%3Dinfobike://pep/jae/2001/00000215/00000001/art00002%26unc%3D,0
conf/sigmod/TsurUACMNR98,EkZGcIaXlkIJ,1
conf/sigmod/KrollW94,yOuO5xEYg5UJ,0
conf/sigmod/Perna95,QCO-Aj521a4J,0
conf/vldb/Galindo-LegariaJWW03,5U_aZSfigsYJ,0
journals/sigmod/YuenCLL00,url:http://www.csa.com/partners/viewrecord.php%3Frequester%3Dgs%26collection%3DTRD%26recid%3D200111010690MT%26recid%3DA0032608AH,0
conf/sigmod/BrinMS97,AXRuaD-82zEJ,1
conf/sigmod/RundensteinerCCSO00,url:http://portal.acm.org/ft_gateway.cfm%3Fid%3D335496%26type%3Dpdf%26dl%3DGUIDE%26dl%3DACM%26CFID%3D11111111%26CFTOKEN%3D2222222,1
conf/vldb/SeligmanBNSW95,ruWN7e6-hCoJ,0
conf/vldb/VelegrakisMP03,dSqtB__7Q9cJ,0
conf/sigmod/DobraGGR02,v7A9Otp7OjsJ,1
journals/sigmod/NejdlSS03,4PQVHaNjC3kJ,0
conf/vldb/OzsuVU98,SH3OoBaDEpgJ,0
journals/sigmod/Liu02c,l1Z8ZH2RsJEJ,0
conf/sigmod/Kohler99,EjLNkfy3Y8EJ,0
journals/sigmod/GuptaHR97,pGcIRyDyFG8J,0
conf/vldb/AgrawalK02,0iE5wxvTLhkJ,0
journals/vldb/KellerB96,CO1WDbPzS0wJ,0
conf/vldb/LiPHCAAT03,F3y0BqzBv8sJ,0
conf/sigmod/Aggarwal02,szBF6VOygcEJ,0
conf/vldb/HsuLOMTX02,url:http://www.csa.com/partners/viewrecord.php%3Frequester%3Dgs%26collection%3DTRD%26recid%3DN9210474AH,0
conf/vldb/GravanoG95,4HVB6aRvsk8J,1
journals/sigmod/Ozsoyoglu00,url:http://portal.acm.org/ft_gateway.cfm%3Fid%3D16343%26type%3Dpdf%26coll%3DGUIDE%26dl%3DACM%26CFID%3D11111111%26CFTOKEN%3D2222222,0
journals/sigmod/ChengP03,ONRGYbt5nJgJ,0
conf/vldb/King02,BBmA79ay6S4J,0
conf/sigmod/OlstonW02,pBKI-JCAlcIJ,1
conf/vldb/ZellerK02,SbqQVRNWSPYJ,0
conf/sigmod/OrdonezC00,url:http://www.csa.com/partners/viewrecord.php%3Frequester%3Dgs%26collection%3DTRD%26recid%3D0833490CI,0
conf/vldb/KnorrN98,UCPTUMmMF5gJ,0
journals/tods/Suciu02,qASH0xWZdecJ,0
journals/tods/WijesekeraJPH03,8MtKzeCwXCUJ,0
journals/tods/LitwinN96,d7by8a0ArhIJ,1
conf/vldb/StanoiRAA01,W76M3geDLV4J,0
journals/sigmod/DogacAOD95,j4AKRNlothwJ,0
journals/sigmod/KokkotosIPS95,l8c4fIah1iEJ,0
conf/vldb/LevyRO96,uEdEqdgiF_sJ,0
conf/vldb/AmielBDS94,P-vncXVqMaUJ,0
conf/sigmod/KotidisR99,mWQKn-Xh-4kJ,0
conf/vldb/BrinkhoffK94,xj-xv1uAfsQJ,0
conf/sigmod/MumickQM97,url:http://portal.acm.org/ft_gateway.cfm%3Fid%3D1093384%26type%3Dpdf,0
journals/sigmod/WuY00,7mH8843xuMQJ,0
conf/vldb/MengLLA03,hEb4SzL6srEJ,0
conf/vldb/YanG95,KGrXQXTba5EJ,0
conf/vldb/ZengBNN01,PW15rwkn8YkJ,0
conf/vldb/Tygar98,UaMVVqAlXXcJ,0
conf/sigmod/AggarwalY01,_7ucbSLNnEkJ,0
journals/sigmod/Scholl01,kNT7yt823K8J,0
conf/vldb/YiF00,AI_fVKWNHyoJ,0
conf/vldb/Gibbons01,YOci7sjwx3MJ,0
journals/tods/CliffordC94,l4zJZIJGgyQJ,1
conf/vldb/Tygar98,Q8cPIOWKZZ4J,1
journals/vldb/ChandrasekaranF03,3woqZKTzL3EJ,0
journals/sigmod/CarmelMS01,Tp1vIBhOraIJ,0
conf/vldb/YangKL97,6ADPFc-KOe4J,0
conf/sigmod/LiuHBPT99,3wCZvBk5PBQJ,0
conf/sigmod/KemperKM98,iIDjHcKFge0J,0
journals/sigmod/Franklin98,BYxVuPr9bJQJ,0
conf/sigmod/FreedmanD95,2TdRPx4vN2cJ,0
conf/vldb/GottlobKP02,yotsUgKBK44J,0
journals/vldb/AlbanoGO95,DJdpDtxcSHoJ,0
conf/vldb/Gawlick96,Y5OJk6_D-ZUJ,1
conf/sigmod/NestorovAM98,_eHL311MgPgJ,0
journals/sigmod/AbererCDDHPS03,kEE6sD-OZeEJ,0
conf/vldb/GardarinGT96,ywDvUjqsiPQJ,1
conf/sigmod/MaddenSHR02,DkgClKWAyEIJ,1
conf/sigmod/AgrawalW00,IISpt2UfJGQJ,0
conf/vldb/FlorescuHKLRWCSA03,Xut5z6dZr2QJ,0
conf/vldb/DagevilleZ02,x9bmOZxOlE8J,1
conf/vldb/Rengarajan96,Bw5WkL5nNjgJ,0
journals/vldb/PucheralBVB01,7o8u91L2jmUJ,0
journals/tods/SchuldtABS02,QggifcM-zvYJ,0
conf/vldb/Sarawagi00,86kiq3V_NKIJ,0
journals/tods/DyresonS98,LkcqER0Y6JAJ,0
conf/vldb/ChaudhuriS96,rPUfVPdFDDMJ,0
conf/sigmod/GravanoCGP97,yfb8p_tlSlsJ,1
conf/sigmod/AdelbergGK95,m8Hka2XziUAJ,0
conf/sigmod/AchyutuniON96,XkNQzhdVDSsJ,0
journals/vldb/AbiteboulCM98,XTa-ElbpjZ8J,1
journals/vldb/BraumandlKKKKSS01,oI27B82dXzAJ,0
conf/vldb/Sheth96,xoD5vxZQJ8AJ,1
journals/tods/KrishnakumarB94,PgwOzwtiCBcJ,0
conf/sigmod/CohenM03,FWs-zp1aQQ4J,0
conf/sigmod/Seshadri99,3il-2zDIFvYJ,0
conf/vldb/AgrawalPWZ95,ofxLw3VrJB8J,0
conf/sigmod/DewanSHH94,qtEDCciKbNYJ,0
journals/vldb/GutingS95,cbqx2ypRC-UJ,1
conf/vldb/AbiteboulACEMM99,lD7OgF3Xw6wJ,0
conf/vldb/GingrasL98,9rJeZSGswxYJ,1
journals/sigmod/CfP99,ERHEgM4x-P8J,0
conf/sigmod/AdelbergGW97,Q3ZrMie11-wJ,0
conf/vldb/Suciu96a,url:http://ieeexplore.ieee.org/iel2/3541/10632/00494258.pdf%3Farnumber%3D494258,0
conf/sigmod/Spiro98,url:http://portal.acm.org/ft_gateway.cfm%3Fid%3D1099571%26type%3Dpdf,0
conf/vldb/LevySSZ94,co1ondh5LckJ,0
journals/vldb/HjaltasonS02,6NbNX8nSta0J,0
conf/vldb/ChakravarthyKAK94,3M_0Kd8NNjgJ,1
journals/sigmod/CeriFP99,url:http://www.csa.com/partners/viewrecord.php%3Frequester%3Dgs%26collection%3DTRD%26recid%3D0583547CI,0
journals/vldb/KellerB96,EkKWFqGaAiIJ,0
conf/vldb/Mohan96,wYwNJy4GsEYJ,1
conf/vldb/ChangG97,mXye9G0HHEwJ,1
journals/vldb/BarbaraI95,bMUUwjP72hwJ,1
conf/vldb/JoshiBLL98,PMkvwDGJi-MJ,0
journals/tods/ZobelMR98,l5NUrO6uRf4J,0
conf/vldb/GarofalakisRS99,7M46bM1CRr0J,0
conf/vldb/AbrolLMMMRTWZ01,zfQlRB8M-RQJ,0
conf/sigmod/LarsonG03,0JYcH0e5nZkJ,0
journals/sigmod/Dogac02,i9LJVMz9DusJ,0
journals/sigmod/Gardels97,5g5GOsh09fUJ,0
journals/sigmod/Halevy03,1hDyFA_wLwQJ,0
journals/vldb/SteinbrunnMK97,U2cGwItMhxkJ,0
conf/vldb/HjelsvoldM94,eyNcyx9rcFwJ,1
conf/sigmod/KalnisP01,pLElT_y87SAJ,0
conf/vldb/NgH94,WjnMy2NiG10J,1
conf/sigmod/LakshmananPZ03a,url:http://doi.ieeecomputersociety.org/10.1109/TKDE.2004.74,0
conf/sigmod/Cohen98,PSQ-qYD4aiAJ,1
conf/sigmod/Kramer97,6YC4p7qh_xwJ,0
conf/sigmod/Bosworth03,mU5Mtd4QwvIJ,0
conf/sigmod/BergstraesserBPS99,jMi7kTDkDz4J,0
conf/sigmod/CohenM03,16a8RD8og7QJ,0
conf/sigmod/GeorgeH97,Ah9B3bWU0jEJ,1
conf/sigmod/WilschutFA95,vgoFTdXYHZ0J,1
conf/vldb/Atal96,n1-TWp5LeZIJ,0
conf/sigmod/BilirisP94,VBsRIfQGnXcJ,0
journals/tods/KarpSP03,url:http://www.csa.com/partners/viewrecord.php%3Frequester%3Dgs%26collection%3DTRD%26recid%3D20021212023587MT%26recid%3DA7642832AH,0
conf/vldb/CormodeDIM02,Kc44USy2dGsJ,0
conf/vldb/CareyCNVDRSM99,p-Ulm324qbcJ,0
conf/sigmod/ChangBCLLS00,nI8Mc3nen40J,0
conf/vldb/StohrMR00,3wS8Bn56dhgJ,0
journals/sigmod/PourabbasR02,cp_A2DFKcp8J,0
conf/sigmod/AcharyaPR99,2RuI2vzDUW8J,1
conf/vldb/HaasKWY97,aDDbEmg7oYYJ,1
journals/vldb/LeeSC01,Hz_TU6kUj08J,1
conf/sigmod/GuhaRS98,dRLybzxLjq0J,0
journals/vldb/LometS97,QIv1JU2suAEJ,1
conf/sigmod/PapakonstantinouPV02,url:http://www.im.tut.fi/cmc/pdf/PMnetwork.pdf,0
conf/vldb/LiPHCAAT03,qedtE3Ujgd8J,0
conf/sigmod/DogacTPPLKTK02,sFJOHqB_2AEJ,0
conf/vldb/FegarasE01,QKN4lCN_gE0J,0
conf/sigmod/ChristophidesCS00,hEOX0Vu4-JcJ,1
journals/vldb/AnGSVKI02,rFEOA75JjSIJ,0
journals/sigmod/Snodgrass03b,v7i1i5y_nHgJ,0
journals/sigmod/ChongFTSYKDJJ03,yHXa0FfqMHgJ,0
conf/sigmod/BarbosaMKL02,ueKnwQCE3nIJ,1
journals/sigmod/Snodgrass99,96PK1IDAg90J,0
conf/vldb/AcharyaFZ96,ccEW59Ac84MJ,1
conf/vldb/LabrinidisR01,VLOGPMjpyZ0J,0
journals/sigmod/RossHLW01,KuYVVTlHVXcJ,0
conf/vldb/PoosalaI96,7c5g0Tl1lO0J,0
conf/vldb/ChaudhuriS01,BrsZS5dnvSIJ,0
conf/vldb/ScheuermannSV96,TCAOiofZaFIJ,1
conf/vldb/RoussopoulosK98,os9ipOjDHxsJ,0
journals/sigmod/Dogac98,OTL7vtw8guAJ,0
conf/vldb/BergerBSW03,4bBWSfhvZ5AJ,1
conf/sigmod/KiesslingHFE01,DQKMCTskI-MJ,1
conf/vldb/EicklerGK95,rHyyPWqrl3QJ,0
conf/vldb/DesslochM97,PHcUVey7ftQJ,0
conf/sigmod/RiedewaldAA02,YIhSD9p3NzMJ,0
conf/sigmod/ChawatheRGW96,WXyfvDZa4m8J,0
conf/vldb/WiesnerK01,n4zTIY3Jd6AJ,0
journals/sigmod/McHughAGQW97,DCXGOfODeREJ,0
conf/sigmod/BohlenBD99,DscnVGbTwUMJ,0
conf/vldb/GardarinGT96,c3IVNKLYTOIJ,0
conf/sigmod/RamanH02,MBZ959k40wkJ,0
journals/sigmod/MedeirosP94,7zzvk7QwqJYJ,0
conf/vldb/Pound99,4K4WSmubERcJ,0
journals/vldb/ZezulaSAR98,YNpUjhHxc48J,0
journals/sigmod/Jhingran00,lrGge6mTVckJ,1
conf/sigmod/BettiniWBJ95,R98JDZ0YbWAJ,0
journals/vldb/BerendtS00,zh9CAewEvisJ,1
conf/sigmod/LivnyRBCDLMW97a,JDhUBcEpalAJ,0
journals/vldb/KraissW98,shi1-8otRWYJ,0
journals/sigmod/Fankhauser01,il6OyXEFI1wJ,0
conf/vldb/ChaudhuriGS95,7Xra4piXrIIJ,0
conf/sigmod/HellersteinHW97,8w5kj2G2c_oJ,1
conf/vldb/BrownG01,jvm2neEh86wJ,0
journals/vldb/WhangKW94,Vcpb8Hw_55EJ,0
journals/vldb/BernsteinIR03,1SA9LhktHsUJ,0
conf/sigmod/ShahC01,url:http://www.springerlink.com/index/KWQ9JN162N701TK0.pdf,0
conf/vldb/WienerN94,B_S6YMDtz8YJ,0
journals/sigmod/Chaudhri95,dfQHI6Rk_MsJ,0
conf/sigmod/GarofalakisGR02,Hz7TBeGZRz8J,1
journals/sigmod/OoiST03,h4OQc4N4kjIJ,0
conf/vldb/BaumgartnerFG01,6yg_YEaA52IJ,0
conf/sigmod/FlorescuGKR02,Sw8m618NhFYJ,0
conf/sigmod/PapadiasTFS03,V2QfwV-FRMsJ,0
journals/sigmod/WolfsonSDNR95,puNj-9OqR_4J,0
conf/vldb/LakshmananPH02,1I1VNEHN4jYJ,1
journals/vldb/DesslochHMMT98,dsawzZEANVsJ,0
conf/sigmod/PadmanabhanBMCH03,zkrx8RC7104J,0
conf/vldb/LeeL99,a8XZ3Qt3XV0J,0
journals/sigmod/KuokFW98,W1tVsXw2IL8J,0
journals/tods/ChakrabartiKMP02,rEytZgzK6fMJ,0
conf/vldb/AmbiteKKMST01,url:http://portal.acm.org/ft_gateway.cfm%3Fid%3D353120%26type%3Dpdf%26dl%3Dportal%26dl%3DACM%26CFID%3D11111111%26CFTOKEN%3D2222222,0
conf/sigmod/DattaDTVSR02,Xul-tMyACGkJ,0
conf/vldb/BalminPP00,TSdItBxqJuYJ,0
conf/sigmod/Adelberg98,JrU1gnfH1sYJ,1
conf/vldb/LahiriSCMC01,url:http://doi.wiley.com/10.1002/tl.187,0
journals/sigmod/AilamakiFFSV03,Y541R5IJ5xgJ,0
journals/vldb/LiangOY00,rsI0sKgJzlsJ,0
journals/vldb/SofferS98,dCLqoqAMayQJ,0
conf/sigmod/Atkinson95,zAxNW_lDHScJ,0
journals/sigmod/CiliaB02,ruKWKlFNLhMJ,0
conf/vldb/ChaudhuriS96,Pop6usfTISsJ,0
conf/sigmod/BenediktCFFR03,T5ZdpquqfJ0J,1
journals/sigmod/Qian96,WExy9z3LgH0J,0
journals/sigmod/Widom95a,cWzbhqah3AMJ,0
conf/vldb/DarmontS99,_YqiOoMgCqAJ,0
conf/vldb/RosenthalS94,TmxszfMIpYgJ,0
journals/tods/EiterGM97,tRmeK5LtDWkJ,0
conf/sigmod/StoltePAG03,9WTNlminW6AJ,1
conf/sigmod/BrunoKS02,GahdNMZNCWgJ,1
conf/sigmod/BohmBKK01,z36ObXDX-DgJ,0
conf/sigmod/FaginKS03,dOY1djmoy04J,1
conf/sigmod/BouguettayaBH99,U-Kd4GQ_vCMJ,1
journals/sigmod/Camps02,dbdZDQ9kKbEJ,0
journals/tods/RaschidL96,H1E3GuQcoUAJ,0
journals/sigmod/Yang94,ufd-pLPLfTEJ,0
journals/sigmod/FrankGGJKLMNPSSSTW99,ilb9G_eGGRQJ,0
journals/sigmod/Geller02,52c1g0wlYksJ,0
conf/vldb/KumarRRT99,fJn_2E8aihYJ,1
journals/sigmod/ArenasKKKMM03,gP7VFk8L96sJ,0
conf/vldb/Sheth96,RFDLRJoQemEJ,0
journals/tods/Subrahmanian94,hdGcAo81PygJ,0
journals/sigmod/CampbellEM03,url:http://portal.acm.org/ft_gateway.cfm%3Fid%3D777002%26type%3Dpdf%26dl%3DGUIDE%26dl%3DACM%26CFID%3D11111111%26CFTOKEN%3D2222222,1
conf/sigmod/BraumandlKK99,url:http://portal.acm.org/ft_gateway.cfm%3Fid%3D1101377%26type%3Dpdf,0
conf/vldb/AgrawalSX02,url:http://www.ingentaconnect.com/content/bpl/area/2001/00000033/00000003/art00027,0
journals/sigmod/MeltonE02,N-50FKx39SQJ,0
conf/vldb/VenkataramanZ98,RT1yUs28luwJ,0
conf/vldb/CareyD96,AW960MEL7Y8J,0
conf/vldb/LuOT94,QbFWUFt5G3EJ,0
conf/vldb/Huyn97,YTgl21ATj54J,1
conf/sigmod/ZhuS03,1YJsPDZU3i4J,0
conf/vldb/OzsuVU98,6i0hHoSzqFkJ,0
conf/sigmod/FabretJLPRS01,8lBDhvljrAEJ,1
conf/vldb/MohanBWSZ00,Ecfe4jkYt_MJ,0
journals/vldb/BunemanFS00,E_CQlx3K0W4J,1
journals/sigmod/Gaffney96,url:http://www.springerlink.com/index/J54183R57106852K.pdf,0
conf/vldb/GoldmanSVG98,iABZEL2Zoz8J,0
conf/vldb/Ramanan03,JT-4ThRkQrYJ,0
journals/tods/BaralisCP96,url:http://doi.wiley.com/10.1002/ace.8606,0
conf/vldb/CiacciaPZ97,X1MBCvIuINwJ,0
conf/vldb/RahmM95,LbUVfzdOoDIJ,0
conf/sigmod/BilirisFOP96,zQh4_G37HVQJ,0
conf/vldb/DyresonBJ99,eeX9g9Ac1GIJ,0
journals/sigmod/Snodgrass97a,j37vUWPfiOYJ,0
conf/vldb/KilgerM94,xb63RaGQYmYJ,0
conf/vldb/JohnsonA00,o5VYy_C62qYJ,0
conf/vldb/IpeirotisG02,u5h99yFVJtEJ,0
conf/sigmod/BlottRS96,lpAbSVEBbFoJ,0
conf/sigmod/Wu99,6NooEbzxdLkJ,0
conf/sigmod/PaparizosACJLNPSWWY03,H6mVOOtr1mgJ,0
journals/sigmod/Stonebraker94,url:http://portal.acm.org/citation.cfm%3Fid%3D181551,1
conf/vldb/JosifovskiR99,YGo77jxEJSsJ,0
conf/vldb/SantiniG02,SlmHu3L7dZ0J,0
journals/sigmod/BohmR94,oC5HpdyjDOkJ,0
conf/vldb/YuSLJ02,AR8Phh8yvNEJ,0
conf/sigmod/ChakrabartiM99,2qvvCHg4EHQJ,0
journals/sigmod/MeltonE02,i5hXW10g_SEJ,0
journals/sigmod/BaaderJN97,ewgD5RClkUcJ,0
conf/vldb/GuntzerBK00,3Gf3m5rkq0UJ,1
conf/vldb/YagoubFIV00,3hbfZIGFneYJ,0
journals/sigmod/Widom95,6aAyds7-kz4J,0
conf/vldb/ClaussenKMP97,EyTvjJCb5WkJ,1
journals/vldb/FangGM96,Bk86ZNO7wE0J,0
conf/vldb/HeMYW03,nJDXWdE85aYJ,0
conf/sigmod/KangN03,0wu7V4dam00J,0
conf/vldb/Campbell99,t44UDnLiUE0J,0
conf/vldb/JonscherD94,StK4aAolGpQJ,0
conf/sigmod/AdaliCPS96,I8qFyTX4FhoJ,1
conf/vldb/Celis96,TppC2jA5UXMJ,0
journals/vldb/BraumandlKKKKSS01,XN11heA-GhkJ,0
conf/vldb/RizviH02,qp9YUGUricIJ,1
journals/sigmod/SchmidtWKFCMB01,Eq1w4LPv_igJ,0
conf/vldb/HanF95,ruAAx3U9Q-EJ,1
journals/sigmod/NascimentoSP03,G3QWq2T08SEJ,1
conf/sigmod/KemperMPS94,22yR9rN5xuQJ,0
journals/sigmod/Bussche00,CER66z1lh0MJ,1
journals/sigmod/Jannink95,url:http://www.csa.com/partners/viewrecord.php%3Frequester%3Dgs%26collection%3DTRD%26recid%3D20021214039900MT%26recid%3DA7423806AH,0
journals/sigmod/RossAKSSY00,ulxz9E5upeMJ,0
journals/sigmod/RoddickABDEGHLMMMW00,eCxegyTD3Q4J,0
conf/sigmod/WoelkBJOTU95,18Owr7Wp8w0J,0
conf/vldb/HellersteinNP95,V1M4safuoecJ,1
journals/sigmod/SnodgrassAABCDEGJKKKLLRSSS94,5JA4QR8rxq0J,1
conf/sigmod/GoyalHKMSZ97,D-1jnVnmWnQJ,1
conf/sigmod/WodtkeWWDM97,url:http://www.csa.com/partners/viewrecord.php%3Frequester%3Dgs%26collection%3DTRD%26recid%3DN7626882AH,0
journals/sigmod/Rosenthal98,Gnb52DoKdJwJ,0
conf/sigmod/Moore95,NDHrxjPaaNEJ,0
conf/sigmod/FreedmanD95,fkz00JqNgLsJ,0
conf/sigmod/ONeilQ97,7VYe8HfsIDAJ,0
journals/sigmod/Winslett03b,EjGCGwe-yasJ,0
conf/sigmod/Ramakrishnan00,AghLH7zvxHYJ,0
conf/vldb/Tygar98,kKwsIC5HmsUJ,1
conf/sigmod/Galindo-Legaria94,1sXHj7gMbh0J,0
conf/vldb/RiedelGF98,lK5DYk78NBkJ,0
conf/vldb/RaghavanG03,url:http://ieeexplore.ieee.org/iel1/2206/1630/00042791.pdf%3Farnumber%3D42791,0
journals/sigmod/MillerHHYHFP01,AnoXkyUFXWIJ,0
journals/sigmod/CaplinskasEV02,ahmoRsqTUY8J,0
journals/sigmod/LeeC00,rHjRvjxmCTcJ,0
conf/vldb/LaudBCSR02,KU0X0_4bKz0J,0
conf/vldb/Taylor00,2KBdpbzNPCwJ,0
conf/sigmod/FreedmanD95,EaYKgzHsqg0J,0
conf/sigmod/Chaudhuri97,VGpSMoVljogJ,0
conf/vldb/Ramaswamy00,Qx9xzKpLhiMJ,0
conf/vldb/Brodie03,UGPW5HPrE3QJ,0
conf/vldb/LockemannKKKN97,c3Re_w4tonYJ,0
conf/sigmod/DogacHKOONDMAKE96,32tbAxBBthQJ,0
journals/sigmod/dOnofrioP03,wl3nZ6dy1lMJ,0
conf/vldb/ChakrabartiGRS00,url:http://portal.acm.org/ft_gateway.cfm%3Fid%3D1099714%26type%3Dpdf,0
conf/sigmod/SrikantA96,url:http://portal.acm.org/citation.cfm%3Fid%3D226931.226974%26dl%3Dportal%26dl%3DACM%26type%3Dseries%26idx%3DSERIES492%26part%3DProceedings%26WantType%3DProceedings%26title%3DInternational%2520Conference%2520on%2520Digital%2520Libraries%26CFID%3D11111111%26CFTOKEN%3D2222222,0
journals/sigmod/CaplinskasEV02,0VjT7172hiIJ,0
conf/sigmod/MohanN94,cEZlhGSvpI4J,0
conf/sigmod/BohlenBD99,0lbrTKdwS3kJ,0
conf/vldb/AgrawalLSS95,Y799jSppkKEJ,1
conf/sigmod/FernandezFKLS98,3anOtvJjJBgJ,0
journals/sigmod/NobleS95,hFnyy0PFe1MJ,0
conf/vldb/MehtaD95,zSO1Y5W7WkwJ,0
conf/sigmod/SagonasSW94,XMX29F-EgrIJ,0
conf/vldb/BerchtoldKK96,DDX7y0WvbRMJ,1
journals/sigmod/BabuW01,EWzSBh-jV3IJ,1
journals/sigmod/LenzVJS03,xYQmZDKjXeEJ,0
conf/sigmod/AggarwalWY99,XNU8dWcYgZsJ,0
conf/sigmod/HillyerS96,V-pwJ8K5ZTEJ,1
conf/vldb/BergerBSW03,url:http://www.csa.com/partners/viewrecord.php%3Frequester%3Dgs%26collection%3DTRD%26recid%3D0879379CI,0
journals/tods/TaoSP03,JZT0efWSjp8J,0
journals/sigmod/BonifatiC00,ueanoWxWRxQJ,0
conf/vldb/BridgeJKLLM97,HugNLG7z-Z4J,0
conf/vldb/May01,03peBaWDmGEJ,0
conf/sigmod/KrollW94,rEjWQBrU7HAJ,0
conf/sigmod/WangZS95,6flJsOUaNvEJ,0
journals/tods/LiuHD98,ts7DF925TR8J,1
conf/sigmod/Gray95,AxuTskYFLtsJ,0
journals/sigmod/HasselbringHHKRRS00,url:http://portal.acm.org/ft_gateway.cfm%3Fid%3D369277%26type%3Dpdf%26dl%3DGUIDE%26dl%3DACM%26CFID%3D11111111%26CFTOKEN%3D2222222,1
journals/sigmod/VassiliadisS99,url:http://portal.acm.org/ft_gateway.cfm%3Fid%3D353090%26type%3Dpdf%26dl%3DGUIDE%26dl%3DACM%26CFID%3D11111111%26CFTOKEN%3D2222222,0
conf/sigmod/UrhanFA98,ufjnZovcIb4J,1
conf/vldb/MengLLA03,J0gchfXscZ8J,0
conf/vldb/DarmontS99,-mTrpy_n8PYJ,0
journals/sigmod/AshishK97,kQOOd6RAo1AJ,1
conf/sigmod/Han96,dn5N-XwuRS4J,0
conf/vldb/GarofalakisRS99,q87jrCR_GqQJ,1
conf/sigmod/MissikoffT94,kMdMJN5j7CAJ,0
conf/vldb/GuntzerBK00,beH2CGHgmbYJ,0
journals/sigmod/SchmidtWKFCMB01,ITpuGmpsESkJ,0
conf/vldb/Garcia-MolinaLY98,f_8Ls4rxbP0J,0
conf/sigmod/Mohan94,EB8_Bz6fOZkJ,0
conf/vldb/HaasNSS95,zk6Qq-IoDWkJ,0
journals/vldb/GarofalakisOS98,EfH2aCvU6FAJ,0
journals/sigmod/MarchiLPT03,cT7cMH-awosJ,0
conf/vldb/NetzCBF00,mRIRFxOC8A8J,1
conf/sigmod/GraySEBW94,HhIt1o-yjjwJ,0
journals/sigmod/BernsteinBCDFGGHHJLMNPSU98,SRemicnI-ncJ,1
conf/sigmod/CareyCNVDRSM99,GSNlgVewXZ8J,0
conf/sigmod/LiCHH97,vjqDlXKHfzoJ,1
conf/vldb/Brodie00,ovVNIGxIYOIJ,0
journals/vldb/MehrotraKS97,n93wgett_-EJ,0
conf/sigmod/LehnerSPC00,UFKz6Q0wVi4J,1
conf/sigmod/ShintaniK98,Zd4RU49YmRgJ,1
journals/sigmod/Hellerstein03,XdPoQ-dy8TAJ,0
conf/vldb/DarEGP98,VToazsxEXvMJ,0
journals/sigmod/Etzion99,2_VG_VUkHH8J,0
journals/tods/Kuo96,9Kdx96GzdjgJ,0
journals/vldb/AlbanoGO95,wHGVkYYxHwMJ,0
journals/sigmod/Aberer01,7CLhi_LOtoUJ,1
conf/sigmod/FranklinZ98,LLvLD2lfW9AJ,0
conf/sigmod/ZhangRL96,YpH8PvdL5awJ,1
journals/sigmod/CeriFP99,aaySFlcReysJ,0
conf/sigmod/BouguettayaBH99,ER8571wXl6EJ,1
journals/sigmod/ErdurD02,VaiHu2c-wo0J,0
conf/sigmod/AdaliCPS96,Ra8-qY_qjZoJ,1
conf/sigmod/Ramanan02,VGe-IBWyMm4J,1
conf/vldb/Pogue98,B-LrlTWYOmIJ,0
journals/vldb/AmielBDS96,95JDSgSh9rQJ,0
conf/sigmod/ONeilQ97,cyNtXv744CQJ,1
conf/sigmod/DohertyHR96,3t_mc8_ZSEwJ,0
journals/sigmod/Bernstein01,vFi5aqi5qyYJ,0
conf/vldb/MuntzR94,QKU4ATjjFEgJ,0
journals/sigmod/JajodiaBBKMSW97,aOLjU65PD2sJ,0
conf/sigmod/GraySSU03,w5UFqoHwlhQJ,0
conf/sigmod/LabioZWGGW97,YWzkq7-TA5MJ,1
journals/sigmod/BonifatiC00,HqytuZsDNx8J,0
journals/tods/Kim94,MNQLc3rxq2kJ,0
conf/sigmod/Spiro98,7euNkltNZsQJ,0
conf/vldb/MorishimaKKT01,dtkCXQ2JbZIJ,0
conf/vldb/LakshmiZ98,L2c8XblCSicJ,0
conf/sigmod/VitterW99,2ETQ6OSNnv8J,0
conf/vldb/RamamrithamABEGP00,pgFtB-UeEhUJ,0
journals/sigmod/Han98,2kDtSxYI5DgJ,1
conf/sigmod/GodfreySE98,f5cqkpUXl0kJ,1
conf/sigmod/ChenCPPSTM00,I6I7Ee7k44cJ,0
conf/sigmod/AdaliSS99,Qq6giK3KqJoJ,0
journals/tods/KemmeA00,e2JoI0f0XPQJ,0
conf/sigmod/BrinkhoffKSS94,Vmx9ZILc2SwJ,0
journals/sigmod/Lomet01,fI5o4MfWwzIJ,1
conf/vldb/LiuJ02,LqA0my9vAXQJ,0
journals/sigmod/FrewD97,5jMT1PENhSIJ,1
conf/sigmod/TomasicABKNR97,_fF5I-bkUSQJ,1
journals/vldb/NgC98,pa3OJ-RPmAAJ,0
conf/vldb/PottingerL00,m-bLk09lE30J,0
conf/sigmod/BettiniWBJ95,Y385z1Dxp84J,0
conf/vldb/HanF95,CZGjStvTkZUJ,1
conf/sigmod/FaloutsosL95,dyDxQvd8OHoJ,1
conf/vldb/DeenJNNW00,OuUBFMwSDXkJ,0
journals/sigmod/SmithO99,PYiczYqMYLEJ,0
journals/sigmod/X94a,1A06w64wjvcJ,0
conf/vldb/DeutschPT99,-Ej849hNmwYJ,0
conf/sigmod/DoppelhammerHKK97,lt3vPsDMNIIJ,0
conf/vldb/Celis96,jfsajVQgHC4J,0
conf/sigmod/Aulakh98,url:http://doi.wiley.com/10.1002/anie.198308120,0
conf/vldb/MatthesS94,T2o5B7VpRK4J,0
conf/vldb/MatiasVW00,qW1ij2paSGUJ,0
conf/vldb/WienerN94,T1o_5LgT5AIJ,0
conf/vldb/FlorescuHKLRWCSA03,U30GdgmfAncJ,1
conf/sigmod/BarclaySG00,IbYyC6pPoPEJ,0
conf/vldb/Shaw98,lWI-TpbEklMJ,0
conf/vldb/Mihalisin98,FuzSLPzjrokJ,1
journals/sigmod/HasanMV96,lJYQE88bXdgJ,0
journals/vldb/C95,XdGKC0QBxWUJ,0
journals/sigmod/KuoM96,vmwgqLkw0NUJ,1
journals/vldb/RahmB01,PfQde-x65C0J,0
conf/sigmod/ChenDLT00,nNE_AnlwREUJ,0
conf/vldb/KumaranH03,dnDKkHv7esIJ,0
conf/sigmod/Pirahesh94,KwwH3BoWFuQJ,0
conf/vldb/JagadishMN99,7n7LvbccBZoJ,0
journals/vldb/Guting94,hoNylhoOWr4J,1
conf/sigmod/Bussler02,url:http://doi.wiley.com/10.1002/dc.20284,0
conf/vldb/Chiueh94,32wDJ4L_M90J,0
conf/sigmod/KalnisP01,ILQ_EhmHWMMJ,0
conf/sigmod/NguyenS96,99t9VlCWJD4J,0
conf/sigmod/ChaudhuriGN02,0H1sljcuqxQJ,0
journals/sigmod/AtzeniM98,wt2W1fPudfIJ,1
journals/sigmod/Snodgrass01,url:http://www.ncbi.nlm.nih.gov/entrez/query.fcgi%3Fcmd%3DRetrieve%26db%3DPubMed%26list_uids%3D4327903%26dopt%3DCitation,0
journals/tods/KorthS94,Xoq7D3O28D0J,0
conf/sigmod/RodriguezR00,888YQWMkGHsJ,0
journals/vldb/LawLG99,4QWSWnEElo8J,0
conf/sigmod/GoldmanW00,GduaMuxcknYJ,0
conf/vldb/BernsteinHJRW00,Qb1nsPtZZm0J,0
conf/sigmod/AmbiteABKMMMPT98,c-7qcQYgR_4J,0
journals/sigmod/Winslett94,oGrSw3oZnIUJ,0
conf/sigmod/GorelikWD94,IDd6358GwH4J,0
conf/sigmod/Ahn94,ab09EdFzCvIJ,0
journals/tods/Chen95,ANAQ2j41ts0J,0
conf/vldb/Leymann03,iS9rQqelSjMJ,0
conf/vldb/BrownCC94,xvqMFlADvMYJ,0
journals/sigmod/SellisV95,url:http://www.csa.com/partners/viewrecord.php%3Frequester%3Dgs%26collection%3DTRD%26recid%3D2664364CI,0
conf/vldb/LuOT94,url:http://portal.acm.org/citation.cfm%3Fid%3D592191.592216,0
conf/vldb/ChengGKLLQS99,60VX2YcModUJ,0
conf/vldb/MohanBWSZ00,W5YKCQB_5ckJ,0
conf/vldb/SeidlK97,url:http://links.jstor.org/sici%3Fsici%3D0146-4949(196623)7%253A3%253C295%253AIOM%2522MA%253E2.0.CO%253B2-X,0
conf/vldb/TengCY03,jiGdThcReckJ,0
journals/sigmod/Snodgrass98a,5pocf_iFZv8J,0
conf/sigmod/KoudasS03,huJeG2aXMx4J,0
conf/sigmod/LiVCAHMWBCHIKSS99,L854PhEQPTsJ,1
journals/sigmod/Hammer02a,PY30QKhyIC4J,0
conf/sigmod/Bussler01,0lLajmhCwQQJ,0
conf/vldb/BerchtoldKK96,pMqgAz_KzPgJ,1
conf/vldb/Tygar98,gkkRw7d32r0J,0
conf/vldb/GuptaHQ95,dP1tJuCiK2cJ,1
journals/sigmod/BarbaraCJW01,url:http://portal.acm.org/ft_gateway.cfm%3Fid%3D604268%26type%3Dpdf%26dl%3DGUIDE%26dl%3DACM%26CFID%3D11111111%26CFTOKEN%3D2222222,1
conf/sigmod/ClossmanSHKPB98,url:http://www.csa.com/partners/viewrecord.php%3Frequester%3Dgs%26collection%3DTRD%26recid%3D1611560SO,0
conf/vldb/AgrawalK02,5GDHzHaNiscJ,1
journals/sigmod/RisheSBDOALOSS95,ixJjilAzZ8oJ,0
journals/vldb/PottingerH01,TQ6YCEiQitIJ,0
journals/sigmod/MotroA03,cKIQyzazkYEJ,0
journals/sigmod/David03,AvAuVrhVvW0J,0
conf/vldb/KornMZ03,N0yBbMrpeUwJ,0
conf/sigmod/LakshmananPZ03a,ay4Vn5YYDGkJ,0
conf/sigmod/LibkinMW96,WHGM-Bd3Y8cJ,0
conf/vldb/DonjerkovicR99,OdjdSyGRe7gJ,0
journals/vldb/PacittiS00,ic4yCutcgbEJ,0
journals/sigmod/Qian95b,X1OJOeAzFE0J,0
journals/vldb/LiR99,JPI8BVHJ9kcJ,0
conf/vldb/GilbertKMS02,E-xQyjd-elMJ,0
conf/sigmod/HinneburgKW02,2gVcqZ0e8TwJ,0
conf/vldb/GarofalakisRS99,7BITau8qhpEJ,1
journals/sigmod/EisenbergM98a,pJb2itlrZhQJ,0
conf/vldb/RamamurthyDS02,uem5wXLoU0wJ,1
conf/sigmod/AtzeniT97,XIzHtUKXfg0J,0
conf/sigmod/PoosalaIHS96,srdaGlUMXP0J,0
journals/sigmod/HellersteinHM03,n23m41DivBMJ,0
conf/sigmod/CandanLLHA01,efYVCK07AwMJ,1
conf/vldb/Madnick95,lbdwwpU0vYAJ,0
conf/sigmod/BunemanM95,jc3cawgeNhoJ,0
conf/sigmod/BrunoC02,url:http://portal.acm.org/citation.cfm%3Fid%3D115586.115592,0
conf/vldb/JohnsonM98,U_ELYSJYYQMJ,0
journals/sigmod/PourabbasR00,Biwrjz4WsCIJ,0
conf/vldb/AnKR03,GGEVvDstUK8J,0
conf/sigmod/HacigumusILM02,FDYIthJWKYgJ,0
journals/sigmod/DadamK97,gZuAN3DKe5gJ,0
conf/vldb/SeidlK97,rq_cHzy0xgQJ,0
conf/vldb/KnorrN98,a_c1J9G14SoJ,0
journals/sigmod/GatziuKBF98,C3NfLzjXht4J,0
journals/sigmod/Dogac02,jeC4Dc4GhAcJ,0
conf/vldb/SayalCDS02,1O-Uy922LQUJ,0
conf/sigmod/BumbulisB02,PHPuSFQoM1oJ,0
journals/sigmod/ClementiniF00,9_GTdteKEYsJ,1
journals/sigmod/MedskerCS95,xDVvfUrCzaAJ,0
conf/vldb/HoelS95,url:http://www.csa.com/partners/viewrecord.php%3Frequester%3Dgs%26collection%3DTRD%26recid%3D0132799CI,0
journals/tods/SrivastavaSRN95,fJACk48ag-4J,0
journals/sigmod/Kuijpers02,u-vEXcgl2fYJ,0
conf/sigmod/LabioWGG00,EhR3fz7f7vcJ,1
conf/vldb/GrumbachRS00,url:http://www.springerlink.com/index/WJ19R6H3EJXV1104.pdf,0
conf/vldb/KumarRRT99,-JDPxhKuOMMJ,0
journals/sigmod/GobleR02a,GYiSqITZLagJ,0
conf/vldb/MedianoCD94,lHlbUdvFKBoJ,0
conf/vldb/KiesslingK02,BURN7DY0b1oJ,0
conf/sigmod/Chamberlin03,_jJ4eIyy9VcJ,0
conf/vldb/AilamakiDHS01,NUNClE_b9AAJ,0
conf/vldb/KochBG03,v3SNXNz2_ckJ,0
conf/vldb/HvasshovdTBH95,zqBT5mU2bz0J,0
journals/sigmod/AtzeniM98,OiHYG-Al8G8J,0
conf/vldb/WeberSB98,6D0Qt6Sjp8cJ,1
journals/vldb/PapadiasS94,_ANyhrnP3CoJ,1
conf/vldb/Brodie00,uFCOiVkDZE8J,1
conf/sigmod/KoudasS97,sB-nvl5829EJ,1
conf/sigmod/BohrerBBCFHKKMNRRSUUW97a,sST_bzNEv0cJ,0
journals/sigmod/Goethals02,l72i358_vjYJ,0
conf/sigmod/Shivakumar03,Wa6KhaTlVfAJ,0
journals/sigmod/Snodgrass01,e7IW2FqjtrMJ,0
conf/vldb/FaloutsosG96,fOVwk2TeRKAJ,0
conf/vldb/BraumandlCK98,itSMaavFimUJ,0
conf/vldb/ShuklaDNR96,url:http://doi.wiley.com/10.1002/ace.8606,0
conf/sigmod/DeshpandeNGS03,fU6zoUKeXe8J,1
journals/vldb/ChuIT94,KtlHTod2PGMJ,0
conf/sigmod/Amer-YahiaFSX03,mnFtu35LjuYJ,0
conf/sigmod/ParkKKLPC98,JSIYpLHrnNUJ,0
journals/sigmod/CfP99,EaSqQTheXqkJ,0
journals/sigmod/LeeC00,qZSQXOw5B1cJ,0
conf/sigmod/FukudaMMT96,sOBRaiLLvZgJ,1
journals/vldb/ChakrabartiGRS01,5I2CrhUHaBsJ,0
journals/sigmod/Date03,f3F4WLxHENQJ,0
conf/vldb/Brodie00,url:http://www.springerlink.com/index/RR8L7KJH03740042.pdf,0
conf/vldb/LeeL99,yztQfwBZU6EJ,0
conf/vldb/AgrawalPWZ95,VhJatmjKuU8J,1
conf/sigmod/YangM97,sEgGjbmgFQsJ,0
conf/vldb/CherniackFZ01,4ixyz5xGv5wJ,0
conf/vldb/MatiasVW00,VQbfg3MOm90J,1
conf/sigmod/MissikoffT94,iXC6w6v45dYJ,0
journals/sigmod/Snodgrass02,jJPIrq6QLXAJ,0
journals/vldb/AntoshenkovZ96,ZYHHgT8p5P8J,0
journals/sigmod/PitouraAPSV03,JfCWQWLvJtkJ,0
conf/vldb/CiliaHB02,VYKL9jbR-2gJ,0
conf/sigmod/KornJF97,QLMiox_WLF4J,1
journals/sigmod/Elderini02,U5ticoxVYKIJ,0
conf/vldb/CooperSFHS01,Je21CkAenJ0J,0
journals/sigmod/WeikumSR03,EjUsL62clH0J,0
conf/vldb/PedersenJD99,sAUncbolYJ8J,1
journals/sigmod/ChangGKRS98,url:http://portal.acm.org/ft_gateway.cfm%3Fid%3D290607%26type%3Dpdf%26dl%3Dportal%26dl%3DACM%26CFID%3D11111111%26CFTOKEN%3D2222222,1
conf/sigmod/ShenoyHSBBS00,28PIGg7OWc0J,0
journals/vldb/Navarro02,9esu1fHUJwwJ,0
conf/sigmod/ShenoyHSBBS00,XHcNlrTRWdsJ,0
conf/sigmod/AdaliBSS98,url:http://adsabs.harvard.edu/abs/1974mit..rept.....T,0
journals/sigmod/NascimentoSP03,nFulkixZHzcJ,0
conf/sigmod/Chakravarthy97,5Ng-bLUNAsQJ,1
conf/vldb/ChenRS95,xPSetD8sMRgJ,0
conf/vldb/ScheuermannSV96,N3Hyyb1Qw8sJ,1
conf/vldb/HaasKU99,hA5_AyhwRbwJ,0
conf/sigmod/Lomet00,MvGNcMlo-bYJ,0
conf/vldb/BouganimFV96,wO-iR4jRq0UJ,0
conf/vldb/BrodieC99,80T8-ddj8OsJ,1
conf/sigmod/Ramakrishnan00,x0YC8yR95fwJ,0
journals/sigmod/KiyokiKH94,qgFd34gbvo0J,0
journals/sigmod/Chaudhri95,zA_0TKYPKD4J,0
conf/vldb/Malaika96,VVzBEqz33TcJ,0
conf/vldb/WildfogelY97,-2gWA2dJKGUJ,0
conf/vldb/SevcikK96,SEHCx_zAydIJ,0
journals/tods/Chen95a,qexCEm3QaUgJ,1
conf/vldb/NinkHR99,a433hU4j8eAJ,0
conf/sigmod/GuhaJKSY02,hlQJGQCSurIJ,0
journals/vldb/FungKL03,zUlwrI0Jqb0J,0
journals/vldb/FerrariAABC02,74D4YiDcxfcJ,1
conf/vldb/GarofalakisG01,gYS_ss2RpuQJ,0
conf/vldb/AltinelBKMPR03,H-OitwcX_ckJ,0
journals/vldb/ChienTZ02,wgZM52e3TFkJ,0
conf/sigmod/HanFWCZK96,v9BdA55u_XMJ,1
conf/vldb/AtzeniMM97,lLi7mYSraIkJ,0
journals/vldb/C94b,CgKNVF6WvhgJ,0
conf/sigmod/LivnyRBCDLMW97a,QNBQsWz4EzYJ,0
conf/vldb/ChienTZ01,irB2ANuz3OsJ,0
conf/sigmod/LakshmananPZ03,uP2-7G05WjsJ,0
journals/sigmod/Huyn01,CGYcDfhJTpAJ,0
conf/vldb/BridgeJKLLM97,Yt-cq_4cfE8J,0
journals/sigmod/BichlerSZ98,N9d3F0NvbcEJ,0
journals/sigmod/Wiegand02,b2MRSaz4IIEJ,0
conf/sigmod/IvesLPST00,xSi1P_WJSp8J,0
conf/vldb/AggarwalHWY03,gy7CZ7Uw4qIJ,0
conf/sigmod/GrossmanHQ95,J3XZUbzCxjEJ,0
conf/sigmod/PapadiasTFS03,AapaNwbEnBEJ,0
conf/vldb/HelmerNM03,srZ7ted0sqsJ,0
conf/sigmod/HanFHCC94,oCyMxK2G77oJ,0
conf/sigmod/GehrkeGRL99,qYfcRWsTa54J,0
conf/sigmod/VitterW99,DLE9Rjp1vXsJ,0
conf/sigmod/WuAA01,Mj5XfzB2Rt8J,1
journals/vldb/ClaussenKKW00,kwyhOo5rlJ8J,0
journals/sigmod/EisenbergM98,Dwb5WPTtvQYJ,0
conf/sigmod/GuptaLM03,CmupOWMOqzkJ,0
journals/tods/FegarasM00,ADvcuqJo-RIJ,0
conf/sigmod/GrayHOS96,SiP9YJGvcT0J,0
journals/tods/WinslettSQ94,url:http://portal.acm.org/ft_gateway.cfm%3Fid%3D195675%26type%3Dpdf%26dl%3DGUIDE%26dl%3DACM%26CFID%3D11111111%26CFTOKEN%3D2222222,1
conf/sigmod/ZhangNBB94,28pBMRr38j4J,0
journals/sigmod/ClementLGMK97,4LAyAtRGJQYJ,0
journals/vldb/ChakrabartiGRS01,uUGJAh8uGlsJ,0
conf/sigmod/AntonJLPZZ02,0lh5MwEkhYYJ,0
journals/vldb/Amer-YahiaCLS02,url:http://doi.wiley.com/10.1002/ace.159,0
conf/sigmod/RundensteinerCCSO00,11iBUMzy45sJ,0
conf/vldb/JarkeKL00,DRp1iFn7znkJ,0
conf/sigmod/DogacHKOONDMAKE96,XE1zjDexb64J,1
journals/sigmod/Franklin98a,6KS-ii0fy3oJ,0
journals/sigmod/ErdurD02,8qW5iqUASeoJ,0
journals/vldb/C94,Ko3lpOR4G1MJ,0
conf/vldb/LuOT94,pbbxONY3D8IJ,0
journals/sigmod/X95a,nu5nhxl6WXQJ,0
journals/sigmod/Rosneblatt94,-h0VEGPPNBsJ,0
conf/vldb/EleftheriouBCDHLPPABDDDGJHLRSVW03,tgDRF1ubiD0J,0
conf/sigmod/BrinMUT97,5VxM6J2HrPwJ,0
journals/tods/Galindo-LegariaR97,TQ8M8qOzJO8J,1
conf/vldb/KoschBBHHLRT01,CfJgKU0tw_sJ,0
conf/vldb/HaberIL95,-g1lU9F5ZagJ,0
conf/vldb/StohrR01,vzkEPCBauLYJ,0
journals/vldb/BenzakenD95,v_JacqE5G3UJ,0
conf/sigmod/KemperKM98,ATrD3Dh_XgoJ,0
journals/tods/WangBBJ97,url:http://portal.acm.org/citation.cfm%3Fid%3D949770.949783,0
conf/vldb/BawaBA03,7VYe8HfsIDAJ,0
conf/sigmod/BouguettayaBH99,tCNdk3kMugsJ,0
journals/tods/WandSW99,QgGgnAseI_AJ,0
conf/sigmod/Hidber99,RnxZEHYIlvoJ,0
conf/vldb/CasatiDGS01,bFnDGrZ_4voJ,1
conf/sigmod/Chaudhuri97,-PMMVLQ5IhsJ,0
journals/sigmod/Wu02,P3Iy_5AksZUJ,0
conf/sigmod/SlivinskasJS01,v6aIcEAaCSUJ,0
journals/vldb/PapazogluK97,PrkSaK7aAFYJ,0
conf/vldb/MaratheS97,gkrUN4BP7OUJ,0
journals/sigmod/WinslettMY03,vDOCwjoKXbYJ,0
journals/sigmod/GlavitschSW94,IQjGtYPrUFUJ,1
journals/sigmod/AndlerHEMBE96,J82SdCmczAcJ,1
conf/vldb/ShahabiFKF00,Id1cvsQURBAJ,0
conf/sigmod/KeoghCMP01,eHY42LnL_lsJ,1
conf/sigmod/CuiOTS03,qx5oR09jmMwJ,1
journals/sigmod/Winslett94,hZOXZJ6x2xUJ,1
journals/sigmod/KoubarakisTID03,NEC0fstMCnoJ,0
conf/sigmod/AntonJLPZZ02,B_axrPz8j5EJ,0
conf/vldb/GardarinST96,q0K1yN3kIs4J,1
conf/sigmod/Spiro98,8Aj1CAkO7IIJ,0
conf/vldb/Brodie00,7W93Lx2stgoJ,0
journals/sigmod/Snodgrass03c,pWXIPx5lA7gJ,0
conf/sigmod/Mohan94,k34nLlyyIHsJ,0
journals/sigmod/ShethM02,jdYrDP9xaJsJ,0
conf/sigmod/FukudaMMT96,hmuCppzCMloJ,0
conf/sigmod/SinghTW94,0kcdJi1oYxUJ,0
journals/sigmod/BertinoEH01,url:http://portal.acm.org/ft_gateway.cfm%3Fid%3D373684%26type%3Dpdf%26dl%3DGUIDE%26dl%3DACM%26CFID%3D11111111%26CFTOKEN%3D2222222,1
journals/sigmod/GroskySF02,HA3wM_i-y3YJ,1
conf/vldb/LabrinidisR03,ZoOaUEy-eVQJ,0
conf/vldb/PardonA00,k7G60pXtD58J,1
conf/sigmod/ColeG94,xFQWX4M8E2YJ,0
conf/vldb/GoldsteinR00,cnPvH8IZqcYJ,0
journals/sigmod/BabuW01,url:http://portal.acm.org/citation.cfm%3Fid%3D1101149.1101376,0
conf/vldb/SistlaYH94,_jl3bN2QlE4J,1
conf/vldb/LaudBCSR02,G3uWfFGo4BYJ,0
conf/sigmod/Bussler01,95CUgaqvglwJ,0
conf/vldb/SavasereON95,rHLmfJRQUu0J,1
journals/vldb/BernsteinIR03,url:http://www.springerlink.com/index/RTCC57FUUW3CADRF.pdf,1
conf/vldb/HvasshovdBT00,JD7fZiky62wJ,0
journals/vldb/DerrMP94,fw_vDDd_IKwJ,0
conf/vldb/MohanBWSZ00,Tr0MxRKKUvwJ,0
journals/sigmod/Scholl01,ZqwTLqEMgGgJ,0
conf/vldb/VenkataramanZ98,url:http://portal.acm.org/citation.cfm%3Fid%3D115853,0
conf/vldb/MoserKK95,DFZ5hU-q0BIJ,1
conf/vldb/FerrandinaMZFM95,9rofzgQ6HtcJ,1
conf/vldb/OhuraTPK02,url:http://www.springerlink.com/index/E204FFTEFG3CFTH1.pdf,0
conf/vldb/Tygar98,4rLS1Je-2OwJ,0
conf/vldb/Brin95,CuCm_rmA28cJ,1
conf/sigmod/HanKK97,jlFDo5f4iqAJ,0
journals/sigmod/CoxEH96,url:http://pubs.acs.org/cgi-bin/abstract.cgi/achre4/2005/38/i07/abs/ar040142o.html,0
conf/vldb/PapadiasTS03,ZudneGc7ZyoJ,0
journals/vldb/TsatalosSI96,Z-XAE0OvppoJ,0
conf/sigmod/LazaridisM01,QDqI_QZyy10J,0
conf/sigmod/VitterW99,P5oJUiow7lsJ,1
conf/sigmod/Adelberg98,y_BnUZUKN-YJ,0
conf/sigmod/TsurUACMNR98,OV1i7zsbdCAJ,0
conf/sigmod/WaasG00,38h1fiD3vnEJ,0
conf/vldb/RaghavanG01,9Wo54Wyh_X8J,1
journals/sigmod/Mani03,fWJ6anuqr4oJ,0
conf/sigmod/FukudaMMT96,AbmGp1KFvxIJ,0
conf/vldb/KnorrN99,A3GM0TrgbwIJ,0
conf/sigmod/BrodskyK95,pgFtmYV6J-AJ,0
conf/vldb/Klots96,E07DHUH4hOoJ,0
conf/vldb/MohaniaS94,JORYEDHKYSMJ,1
conf/sigmod/FreireHRRS02,qp1wjTVx-wQJ,0
journals/tods/CastanoAFP98,Jr8cQFTcrWcJ,0
journals/vldb/BerchtoldKK97,kEE6sD-OZeEJ,0
conf/vldb/IoannidisP99,LTYGctzt7MIJ,0
conf/vldb/Moerkotte02,GAnyf76VVRQJ,0
conf/vldb/MohanBWSZ00,rvYxwkDXy80J,0
journals/sigmod/Snodgrass03a,Jl8sJ904BkgJ,0
conf/sigmod/HanPDW01,rgjvOIzWA8UJ,0
journals/sigmod/AndlerHEMBE96,9wgG43uKfm0J,0
journals/sigmod/Snodgrass01a,zGEOq0mDnRwJ,0
conf/sigmod/ColeG94,_6wwPJEGUiAJ,1
journals/sigmod/PaepckeGRC00,hxFRuvCtvGEJ,1
conf/sigmod/ReissK03,xZxFCI120eUJ,0
conf/sigmod/GoldsteinL01,url:http://www.csa.com/partners/viewrecord.php%3Frequester%3Dgs%26collection%3DTRD%26recid%3DN9210372AH,0
conf/vldb/YangLH03,yD-TdX8a9YkJ,0
conf/vldb/Chakrabarti02,0SBNOkMLALwJ,0
journals/sigmod/LeeF01,mVr3nhkCvFwJ,0
conf/vldb/LabrinidisR01,OngAYxnw0-8J,0
conf/vldb/GutierrezPST94,AfWRTVCl13cJ,0
conf/sigmod/KiepuszewskiMO98,YXu7xNIgenQJ,1
conf/sigmod/ChengKP03,kSt-Pqp2ilYJ,1
conf/vldb/LakshmananJN00,6K-vNUIy2ZMJ,0
journals/sigmod/Liu01,_sjnQY9pnKYJ,0
journals/sigmod/VelACM01,V5a6ofGBR08J,0
conf/sigmod/AcharyaGP00,YzUmahOe0DoJ,0
journals/sigmod/EisenbergM99a,url:http://portal.acm.org/citation.cfm%3Fid%3D509252.509279,0
conf/sigmod/JoshiA01,-YhMJ43VntgJ,0
conf/vldb/HelmerM97,xsh0C_nCllsJ,1
conf/vldb/ChoenniV00,IgIse4SwpSgJ,0
journals/sigmod/Segev94b,OfAUIDfBzlwJ,0
conf/vldb/ZimbraoS98,FKzEh6ReI6YJ,0
journals/sigmod/Franklin00b,KEg9trac-Z0J,0
conf/vldb/SistlaYLL95,wJDG2ZG5dEEJ,0
conf/vldb/Amer-YahiaFSX03,2r6t9GEZb28J,0
journals/sigmod/Aberer02,5XIx3fwP1sUJ,0
conf/vldb/LeeL99,vt16OdhfruAJ,0
conf/sigmod/AtzeniT97,KFmRUQEedY8J,1
conf/sigmod/PopaDST00,4l2AKokjzgkJ,0
conf/vldb/JagadishKMPSS98,0iiNS8BIbsUJ,1
conf/vldb/KumaranH03,WivnU-g7K24J,0
journals/tods/JajodiaSSS01,jqpdcj4KkB8J,0
journals/vldb/HarrisR96,Kk87yanaI1AJ,0
journals/sigmod/Mani03,7GmhlKzIDnwJ,0
conf/vldb/RamamurthyDS02,G7Fztq8UXBoJ,0
conf/vldb/GilbertKMS02,fCZRrUzYV9EJ,0
conf/vldb/ChanFFGR02,M3YCGToDlLgJ,0
conf/vldb/ColletCS94,mK2NI9HpmOAJ,1
conf/vldb/LockemannKKKN97,mFJzfuwL1jcJ,1
journals/sigmod/BuchnerM98,tUiA0SfkF2MJ,0
conf/sigmod/BilirisP94,url:http://ieeexplore.ieee.org/iel3/3990/11481/00547806.pdf%3Farnumber%3D547806,0
conf/sigmod/RoussopoulosKR97,o_0kEpqzMiMJ,0
conf/sigmod/ChaudhuriMN99,lCxuUwfDV8oJ,0
journals/sigmod/QuixSJ02,ZC9wcby28NEJ,0
conf/sigmod/PatelD96,SW5bcXhie_4J,1
conf/sigmod/LiuFP03,5BY1upUmSTUJ,1
conf/vldb/LabrinidisR03,Na3JNRIgk7QJ,0
conf/vldb/MeccaCM01,Ph7ZpmdNOPEJ,1
conf/sigmod/BersonGMJ94,IfRMoLIaeZ0J,1
journals/vldb/TanGO00,Kl9adT6DsjEJ,0
conf/vldb/TreschPL95,QVmWvrI3myQJ,0
journals/vldb/KieslingSSD94,EsDL1h7Wdy0J,0
conf/sigmod/ChangBCLLS00,6lE83mbwpGMJ,0
conf/vldb/WitkowskiBBFGSS03,t2SDd9iPwnMJ,0
conf/vldb/Shaw98,wGyCLHjK41IJ,0
conf/vldb/NipplM98,F2KX9OS8owkJ,0
journals/vldb/RahmB01,f1LHnwcZc_8J,0
journals/sigmod/KuokFW98,fcvOFuE8C9AJ,0
journals/vldb/OoiTCH98,nKP9Hgh3RzYJ,0
journals/tods/Jimenez-PerisPAK03,0TC6EBPaaIsJ,0
journals/sigmod/Aberer01a,ojG8ODN2Fc4J,0
conf/vldb/GhoshPSH02,yKwcBq5iGUMJ,0
conf/sigmod/AcharyaFZ97,DY9WeYcZxp8J,0
conf/vldb/AilamakiDHS01,265Cu1i6gvQJ,1
journals/sigmod/SycaraKWL99,Kv0GB8pM0IoJ,0
conf/sigmod/AfratiLU01,U8adXFUIr3EJ,1
conf/sigmod/ShklarSKT95,bCsX4nnVy00J,0
journals/sigmod/LabrinidisM01,EpNS_khXcvkJ,0
conf/vldb/MignetMAC01,KkI-NuyDkDQJ,1
journals/sigmod/FininJ02,si3VaD3u7p8J,0
conf/sigmod/CranorJSS03,ffCxSYy1NX0J,0
journals/sigmod/BunemanLSTW94,hVoaUVSpNKMJ,0
journals/sigmod/NgH95,ydxgz-bXfKMJ,0
journals/vldb/AtluriJY03,fHtziycU8rgJ,0
conf/sigmod/GorelikWD94,lEQ4uPFcizcJ,0
conf/sigmod/AboulnagaC99,url:http://portal.acm.org/citation.cfm%3Fid%3D645927,0
journals/vldb/Sarawagi01,RfRZHBxB-5EJ,0
conf/vldb/ShanmugasundaramSBCLPR00,VSiaZ2cTfLcJ,0
conf/sigmod/Raghavan03,pXgtKCzL6GkJ,0
journals/vldb/IvesHW02,IavaznIGSC8J,0
conf/sigmod/BrinMS97,jrYXg23oRawJ,0
conf/vldb/CarusoCGLM00,url:http://www.springerlink.com/index/PT6552PW010Q0547.pdf,0
conf/sigmod/GrayHOS96,HPQ2yTeu1sEJ,0
conf/vldb/KonopnickiS95,z5Z9vSNOznMJ,1
conf/vldb/Klots96,2KYx0g-05UcJ,0
conf/vldb/FlorescuKLP97,AyaYwL1eV9oJ,0
conf/sigmod/Rodriguez-Martinez00,BkrEiSZ3mcYJ,0
conf/sigmod/YangWYH02,tFuA828CptUJ,0
journals/sigmod/Ouksel03,upgpoxj1TNEJ,0
conf/sigmod/BouguettayaBH99,XE-RxpN1MTAJ,0
conf/sigmod/JosifovskiSHL02,jlVV-r2bE_EJ,0
conf/vldb/Kleewein96,url:http://portal.acm.org/citation.cfm%3Fid%3D983066,0
conf/sigmod/CareyDNAGS97,mt8Q1YmVRkMJ,1
conf/vldb/WienerN95,bttp4RyW9rAJ,0
journals/sigmod/Lomet01,G9fXuNDdxoIJ,0
journals/vldb/WhangKW94,gLSOYwdwIQ8J,1
conf/vldb/RamasamyPNK00,Li3pa0WnUY0J,0
conf/vldb/WitkowskiBBFGSS03,T5yanCQlXTMJ,0
conf/vldb/BouganimNPW03,cFH1jF2Yew4J,0
conf/sigmod/French95,sGym2wFckEMJ,1
conf/vldb/LevyRO96,TNx5vnRHHxMJ,0
conf/vldb/OoiGT98,LJdSx1Di81MJ,1
conf/vldb/SevcikK96,Fyek_kCB-qkJ,0
conf/vldb/FlodinR95,bvoui13LNuYJ,0
journals/vldb/MuthOPW00,ro1lIuQVP0UJ,0
conf/vldb/LiCHPALHAY01,Nn0x6RmkrVwJ,1
conf/vldb/Meier95,qblLVJpwrB0J,0
journals/sigmod/DemersGRTY03,WnuhMGqp-eAJ,0
journals/sigmod/KaradimitriouT97,i19JlLyXAJAJ,0
conf/sigmod/WangTYGWP02,bX1kLEJpR2cJ,0
conf/sigmod/WhitneyS01,SHi9Z7HQ3FcJ,0
conf/vldb/NipplM98,bbfPAUB_hoQJ,0
conf/sigmod/RajagopalanML98,MZKWGvfYMS8J,0
conf/sigmod/DreyerDS95,i1qU2OFSeloJ,1
conf/vldb/McHughW99,fXUPXPQLYeEJ,1
conf/sigmod/JosifovskiSHL02,Hq3W65us8dkJ,0
journals/vldb/MihailaRT02,my7mYCzEEJAJ,1
conf/sigmod/Ross00,mbYzOzer5xYJ,0
conf/sigmod/GeneserethKD97,5OOAS2wMXycJ,0
conf/vldb/FuhDCMTLDRM99,01ZVDudF4WAJ,0
conf/vldb/ZellerK02,PgwOzwtiCBcJ,0
journals/sigmod/Winslett01a,nE2BXp4FDDgJ,0
conf/vldb/ShanmugasundaramGTZDN99,iME-SCx_DIgJ,1
journals/vldb/AguileraCMVV02,itG_XrygxXIJ,1
journals/sigmod/LeveneP02,kfKMa_z8L-4J,0
conf/vldb/ChungCLL01,url:http://www.csa.com/partners/viewrecord.php%3Frequester%3Dgs%26collection%3DTRD%26recid%3DN9210446AH,0
conf/vldb/EsterKSWX98,ebJMvVO8zp0J,1
journals/tods/Chomicki95,ZeCmW7GGtx4J,0
conf/vldb/OzsuVU98,mJiDvbtTKWoJ,0
journals/sigmod/Winslett02c,2krIRYKJYPUJ,0
conf/vldb/LiM01,vkMYwC5tzUgJ,1
conf/vldb/BaralisW94,rMXVwzp31GoJ,0
journals/sigmod/Segev95,27iWqLY44SgJ,0
journals/vldb/BernsteinIR03,KD6IuC8wPEEJ,0
journals/sigmod/QuixSJ02,6mz3IwhQWr4J,0
journals/vldb/BunemanFS00,yFoX2Ug0x6gJ,0
conf/sigmod/Team02,r5oJTEjlOPgJ,1
conf/vldb/AbiteboulMRVW98,X3jpFEH_f5UJ,0
conf/vldb/AtzeniMM97,nzG3d6r0BmcJ,1
journals/tods/DekhtyarRS01,AY4SsaPul-AJ,0
conf/sigmod/LamCKNH01,8hdQohffF48J,1
conf/sigmod/LabioWGG00,14rEdMcILYkJ,0
conf/vldb/GrustKT03,CKiAavnrRH4J,1
journals/sigmod/JenningsNF98,b0NT0GFG7jAJ,0
conf/vldb/LaneEN00,JTYVFSSCSwQJ,0
conf/sigmod/OConnellISWABCCLPWW96,rZg3gJlbTYIJ,0
conf/vldb/PalpanasSCP02,51RM3VnXxb4J,0
conf/vldb/AbiteboulAAACHHMMMMSTV99,LuKTsyrlQR4J,0
journals/sigmod/Domingo-FerrerH98,67AMkdQTLtUJ,0
conf/vldb/BunkerCCMMW01,WxDgccN2yI0J,0
conf/vldb/KounevB02,pGTK69TLxMAJ,0
conf/vldb/MeekPK03,CJTCBcktztoJ,0
conf/vldb/FuC94,KwPVkwymK-IJ,0
conf/vldb/BernsteinPS99,url:http://portal.acm.org/citation.cfm%3Fid%3D109080.109084,0
conf/sigmod/AggarwalY00,u-vEXcgl2fYJ,0
conf/sigmod/ZaharioudakisCLPU00,YbQgH_QMTswJ,0
journals/vldb/CatarciSC97,UjWUKmJyMyYJ,0
conf/vldb/PoosalaI96,xdJw__B1SUcJ,0
journals/sigmod/Kim94,hqItKlvGzJIJ,0
conf/vldb/YagoubFIV00a,40m6Vt-S33AJ,0
journals/sigmod/Aberer03,RcOdeXcaUiMJ,0
conf/sigmod/SionAP03,tU9ew0FYrTEJ,0
conf/vldb/KamelF94,hMVhQ07qD9EJ,0
journals/vldb/ChienTZ02,LVuwIOnOYCcJ,0
conf/vldb/LeeLWS97,7-yt5K5R8wAJ,0
conf/sigmod/MogiK96,G-ggEZEKjT8J,1
conf/sigmod/BrinDG95,AeRUCf7iBqYJ,0
journals/vldb/AbbadiSW01,Sc5xnzJBzpEJ,0
conf/sigmod/BryanMCLG94,qedtE3Ujgd8J,0
conf/sigmod/ChenRW02,QgIPyvc-Qe8J,0
conf/sigmod/SzalayGKT00,zxOI0ZD8jeIJ,1
journals/vldb/SuHHHLWLPLL01,sKnClom2S3IJ,0
journals/vldb/RafieiM02,JMiBNH7qzZYJ,0
journals/sigmod/KarlapalemLS95,l3QSbWriJcgJ,0
conf/sigmod/SlivinskasJS01,RE01W_bD2_oJ,0
journals/sigmod/Fagin02,GfjQF_tiLkcJ,0
journals/sigmod/DAndreaJ96,IVs7_-IyjX4J,0
conf/sigmod/MotakisZ97,HPPJQPCzTEcJ,1
journals/sigmod/RosenthalS99,K1LrKCNaAWEJ,0
conf/vldb/MendelzonV00,AQLsLBctUI4J,1
conf/vldb/Vieille98,ZHyegrmXw0AJ,0
conf/sigmod/HanPY00,aUm_NiRzVOIJ,1
conf/vldb/SeshadriLR96,-Pmsximl_moJ,1
conf/sigmod/BaulierBGGHJKKMMNNRSSSWW99,Qxl7b0lE2M8J,0
conf/sigmod/JarkeQCLFLVV00,AYtgczYwVnYJ,1
journals/sigmod/VelACM01,-zItRuQbxA8J,0
journals/vldb/Amer-YahiaCLS02,MosBLS4bG9EJ,0
conf/vldb/OConnellWG01,g8xgqK7s6I4J,0
conf/sigmod/ZhangNBB94,url:http://portal.acm.org/ft_gateway.cfm%3Fid%3D1027769%26type%3Dpdf,0
journals/sigmod/VenkatraoP95,TDZE3sYVA0kJ,0
journals/tods/Subrahmanian94,7mVXKdmkPasJ,0
conf/vldb/CarneyCZRCS03,PfP1jopxx9YJ,0
journals/sigmod/Libkin99a,PrmelZNiNDgJ,0
journals/tods/Keen97,gzGkqkuE8kkJ,0
conf/vldb/DiwanRSS96,0KiQzAIFlJkJ,0
conf/sigmod/KanthRSB99,yPFlbrVJFJoJ,1
conf/vldb/OzsoyogluAAOUO02,IVXOHTW5Lt0J,0
conf/sigmod/DeshpandeRSN98,esV7sy65aS4J,0
conf/sigmod/MiloAABN03,i2ZgXBF_cGcJ,0
journals/sigmod/Zhang95,url:http://doi.wiley.com/10.1002/he.139,0
conf/vldb/JarkeKL00,uFLhdDbor5oJ,0
conf/vldb/WangHH00,zyrxP7TRpAAJ,0
conf/sigmod/CherniackZ96,ZsHfcZJwFQQJ,1
conf/vldb/MarianS03,Xr2yvLQufFQJ,0
journals/vldb/BraumandlCKK00,_I8JONOZUkkJ,0
conf/vldb/MaedaT01,KRLEL-N4Ce8J,0
journals/vldb/MehtaD97,VPX141ia9EcJ,1
conf/sigmod/Jhingran00,nAf1SwLgZ4QJ,0
conf/sigmod/KaushikBNK02,xJQAjLzvlB0J,1
conf/sigmod/LiYVGPUV98,qjOVH3f84qIJ,0
journals/vldb/EvangelidisS97,aR8XJ6CXbHYJ,0
conf/vldb/LeeL99,zzZJ0Jtnp4IJ,0
conf/vldb/BunemanDHOW95,EpvhFXcxMUEJ,0
conf/vldb/OzsuVU98,EpVfh0MXvXMJ,0
conf/vldb/YuPM03,sP3bZMqHmZsJ,1
conf/sigmod/BunemanDHS96,url:http://www.ingentaconnect.com/content/els/13891286/1999/00000031/00000023/art00116,0
conf/vldb/Uhl02,n5SsAbtjBpAJ,1
journals/sigmod/CherniakV03,E6D-UhwTP_EJ,0
journals/sigmod/ElmagarmidJF95,CJK2SWLYrRYJ,1
journals/sigmod/SegevJS95,sJYlWX_mrBAJ,0
conf/sigmod/MorpainCFP96,2KXhx32GEzIJ,0
journals/vldb/ChidlovskiiB00,url:http://www.csa.com/partners/viewrecord.php%3Frequester%3Dgs%26collection%3DTRD%26recid%3D0834395CI,0
conf/vldb/DesslochM97,p1hEcCvcmCkJ,0
journals/vldb/LinJF94,9jz2hHieAxMJ,0
conf/vldb/EsterKSWX98,N1pQzjjlMOIJ,0
journals/sigmod/KannanKIK03,PkYt-IU9MSMJ,0
journals/vldb/LinJF94,0MuKhgC3MGUJ,0
journals/sigmod/QuixSJ02,jHiAuvksg34J,0
conf/vldb/ArgePRSV98,dxlLjacywSUJ,0
conf/sigmod/PatelD96,nmTGteLy8NAJ,1
conf/vldb/PappasC00,HRSbql-JHX4J,0
conf/sigmod/MerialdoAMMP00,WmnYIr3Wl_QJ,0
journals/sigmod/FrankGGJKLMNPSSSTW99,ERqqWPMwU2sJ,1
journals/vldb/OoiHLT96,47NSh5f6ox0J,0
conf/sigmod/OrdonezC00,JweirBN3PSUJ,0
journals/sigmod/KappelR98,TOL8CzLs984J,0
conf/sigmod/Carey00,url:http://portal.acm.org/ft_gateway.cfm%3Fid%3D335476%26type%3Dpdf%26dl%3DGUIDE%26dl%3DACM%26CFID%3D11111111%26CFTOKEN%3D2222222,1
conf/sigmod/Galhardas00,QhUFQCApL8wJ,1
journals/sigmod/JacobS99,pD6KoKOUjCQJ,0
journals/sigmod/Klein94,03Jp0o8wk6wJ,0
conf/sigmod/FaloutsosL95,yFaUjmOQp1wJ,1
conf/vldb/LakshmananSS96,GDmbzrUbyzAJ,1
conf/vldb/RamaswamyMS98,7uGPAEhOs0YJ,0
conf/vldb/MarronL01,KpzFM1k0BVkJ,0
conf/sigmod/SagonasSW94,9aNUdPCEMmwJ,0
conf/vldb/LeeHJT03,DkjeVmsFqW4J,0
conf/vldb/MoserKK95,RAKdMsfUX6QJ,1
journals/sigmod/DrewHKKLLLSW95,V6_8aIBHb_AJ,0
conf/vldb/LakshmananSS96,6YlBB6Ww3YcJ,0
journals/vldb/HalkidiNVV03,mJaFj-4nBFwJ,0
conf/vldb/YanL95,_GLI7Izv17cJ,0
conf/vldb/AndreiV01,Ms4IJoI6-34J,1
journals/vldb/OoiTCH98,tsyUnhleaoQJ,0
conf/sigmod/PolyzotisG02,FK5GEhwW7uQJ,1
journals/sigmod/MaelbranckeO95,X9Z5cVGAD7YJ,0
journals/vldb/TanGO00,WWsdTUzIk84J,0
journals/sigmod/Grohe02,1Sjxt9DNvScJ,0
conf/vldb/LiPHCAAT03,eSC19V7zgtsJ,1
journals/tods/Bohm00,Y4xVPSK_v-QJ,0
conf/vldb/BrodieC99,E-gX3vOJMRwJ,0
conf/vldb/AggarwalHWY03,GJrksyOdYcwJ,0
conf/vldb/ManegoldBK00,ISwrdvulwq0J,0
conf/vldb/Cuppens96,OOZ0WRRKUjMJ,0
journals/sigmod/Lomet01,04xsbIGaE6AJ,0
journals/sigmod/BonnetBDL03,LtwGMtrptt4J,0
journals/sigmod/Seligman97,a2yEwc7LLBMJ,0
conf/vldb/ShaferAM96,yFlGknrajKYJ,0
journals/vldb/C94,ngdDtDovHhUJ,0
conf/vldb/SattlerGS03,VYz19hnZH_cJ,0
conf/vldb/YanA94,zfQlRB8M-RQJ,0
conf/vldb/YanL95,uIs2PQwXg2AJ,0
conf/sigmod/Brewer98,_Hz0WlDkEeYJ,0
journals/vldb/FiletoLPAM03,VWbm4EeeFNMJ,1
conf/vldb/WeikumMHZ02,lXdmgHaXwU4J,0
conf/vldb/CowleyP00,grfmmKgwC0QJ,0
conf/vldb/BenediktCFRZZ02,7xe6Gp9fIEEJ,1
journals/sigmod/FlorescuLM98,FCcDKONgJVYJ,1
conf/vldb/YuAA03,4bvjebYsdRkJ,1
conf/sigmod/OlstonW02,f9POLlECN2gJ,0
journals/sigmod/CampbellEM03,mwO2EhEliPsJ,0
conf/vldb/Blecken00,klNl6ipid9cJ,0
conf/vldb/TamuraK99,rAHGAfoqookJ,1
journals/vldb/KamelWS94,vG9oyfnIFzwJ,0
conf/vldb/DeWittKLPY94,ENb3jCRhOi8J,1
conf/vldb/SatheS01,OqyZE7MuP6sJ,0
conf/sigmod/LitwinS00,99nKpf7A4uIJ,1
journals/sigmod/DunhamH95a,zUDm-9aGgnAJ,0
conf/sigmod/Gray95,vEm4i7xVDX8J,0
journals/sigmod/WinslettCDHZZ02,Rzf103t-dzYJ,0
conf/sigmod/MaddenH02,vQcfluHWCeAJ,0
conf/vldb/ChirkovaHS01,DpnxbFDsYs4J,0
conf/sigmod/LiuPTBBZBHY98,url:http://www.csa.com/partners/viewrecord.php%3Frequester%3Dgs%26collection%3DTRD%26recid%3DA8622991AH,0
journals/sigmod/Qian94a,J8C_XWgjVrkJ,0
conf/vldb/ViverosNR96,uWX3QEhynwsJ,0
conf/sigmod/HillyerS96,Kr9mD9JyqdkJ,0
journals/sigmod/TanakaV01,gd2Jz-qUyjgJ,0
journals/tods/ChaudhuriS99,uRmyQBKcFAYJ,1
conf/vldb/LeeLWS97,HjU-6mWWLGYJ,0
conf/sigmod/SrikantA96,tTQpdbZYZGoJ,1
conf/vldb/RamsakMFZEB00,pq2HjrLxj-cJ,0
journals/tods/ChrysanthisR94,SOpA4Xr1sDYJ,0
journals/vldb/GruserRZZ00,url:http://portal.acm.org/citation.cfm%3Fid%3D500141.500228,0
conf/vldb/PoosalaI97,AUjcv1hPrOUJ,0
conf/vldb/GrumbachRS00,eImesTKc1u8J,0
conf/sigmod/RoussopoulosKV95,eynVF0FSPjkJ,0
conf/sigmod/KaushikBNK02,HXCYTEjIYRcJ,0
journals/vldb/FernandezFLS00,zNuhEWxo2iUJ,0
journals/sigmod/AbererCDDHPS03,R04xyRO2cggJ,0
conf/sigmod/BettiniWBJ95,0GPHXVx6QxQJ,0
journals/sigmod/David03,z--1TZ-ZFzoJ,0
conf/sigmod/RajagopalanML98,ju-i7g9TC6YJ,0
conf/vldb/AbiteboulBBCCDMMP03,RAsJfGyAKW4J,0
conf/vldb/Bayer95,hhzf0Ib9PNIJ,0
conf/sigmod/BrinkhoffKSS94,qk4kfo7BXvUJ,1
conf/sigmod/ChakrabartiM99,Jg81WYtxtZoJ,1
conf/vldb/Chakrabarti02,wpRhrCoJA8cJ,0
conf/vldb/ChakrabartiSST00,Wyd_Clw1hgwJ,0
conf/vldb/SadriZZA01,_xdKnndnOLMJ,1
conf/vldb/LometT95,Hl0V7UB0NxIJ,0
conf/sigmod/BrunoKS02,0GT_dHqK5roJ,0
journals/vldb/YangW03,cckIwKyGBVQJ,0
journals/sigmod/Stonebraker02,gYjtTD2DR40J,0
conf/sigmod/CherniackZ96,e_tCdeGwiGQJ,0
conf/sigmod/Rodriguez-Martinez00,LP5Mrc0OOpkJ,0
journals/sigmod/Date96,VRbDI_BZQ7gJ,0
conf/sigmod/SagonasSW94a,ezmsDUMWUJEJ,1
conf/sigmod/MinPC03,MuJf3dBvt8UJ,0
journals/sigmod/CalvaneseGLV03,url:http://adsabs.harvard.edu/abs/1995STIN...9671096L,0
conf/sigmod/Fernandez94,aT9tMSi18uwJ,0
conf/sigmod/OhHP00,QVJykO8Yy9UJ,0
journals/sigmod/AlonsoCIM95,6HnAa1-qzksJ,0
conf/vldb/CormodeKMS03,1mV5YcZ8-B8J,0
conf/sigmod/CruzJ99,J5yhM7SymZcJ,0
journals/sigmod/DomenigD99,S6TMGRGUq1IJ,1
conf/sigmod/Han96,I5qLgJVBoAkJ,0
journals/sigmod/Lee95,u-AtUIUfqkwJ,0
journals/sigmod/PalpanasPKG03,v3xgYsKoe-YJ,0
conf/sigmod/KuhnTS94,JnV4W3TKPxMJ,1
conf/sigmod/Edelstein95,url:http://portal.acm.org/citation.cfm%3Fid%3D223868,1
conf/vldb/HelmerNM03,M3ihd9Kb-eEJ,0
conf/sigmod/AgrawalCN01,j7f7hFwSfcEJ,0
journals/sigmod/Snodgrass98a,KG2Db-50SkAJ,0
conf/sigmod/MistryRSR01,HS446YZ0NLgJ,0
journals/sigmod/Liu03,JwVB0c2eInMJ,0
journals/sigmod/Gardels97,Q3GsyHYz-EUJ,0
conf/sigmod/LuoKMPWLN02,52t-38vPhxAJ,0
conf/sigmod/Agarwal96,vdbV4c74xK4J,0
conf/vldb/HuebschHLLSS03,WnhiFvSx9E0J,0
conf/sigmod/KornackerMH97,BxOkbnHljKsJ,0
conf/vldb/BernsteinHSSZ97,d3QEeO83FmcJ,1
conf/vldb/SumiyaYTSI95,ZoMjwB0ps2kJ,1
conf/vldb/RastogiS98,KXGUZVDPLV8J,0
journals/sigmod/LightstoneLZ02,bwVwx1yW13UJ,0
journals/tods/LiC01,rhuqpAE4LUoJ,0
conf/sigmod/LiefkeS00,epCsER2LDJgJ,1
journals/sigmod/Badia02,06BV_9SOnSwJ,0
conf/vldb/GravanoG97,mRBePJ_Vgv8J,0
conf/vldb/LimWV03,MxVdY6cXOMEJ,0
conf/vldb/RastogiS98,AyWUeJ5k2IoJ,1
conf/sigmod/CohenM03,CMN1SA3RhAgJ,0
conf/sigmod/PatelD96,Goan1fI4O_oJ,1
conf/vldb/ChienVZTZ02,y9K_LZtb8HYJ,0
conf/vldb/GarofalakisG02,YKxtSEMeeAsJ,0
journals/sigmod/LometBCLN98,63VBbfMoR6wJ,0
journals/sigmod/DAndreaJ96,A-bgCkURqz0J,0
conf/vldb/LuSL95,xGK3seG0Mn4J,1
journals/sigmod/KramerNKRLKLZ97,yfTTlN56sCUJ,0
journals/vldb/LinJF94,EgX8AQ2wfhAJ,1
conf/vldb/LiC94,0B5uIyCYxD0J,0
conf/vldb/AgrawalCN00,_tle794_iKcJ,1
conf/sigmod/SeshadriP97,url:http://doi.wiley.com/10.1002/he.157,0
conf/vldb/ChaudhuriS01,TKcYXZACwH4J,0
conf/vldb/GottlobKP02,baVAtfo4WCoJ,0
conf/vldb/McKennaBHT96,SJ7REwLiZxwJ,0
journals/vldb/YangW03,IJDg4R1pw6EJ,1
journals/sigmod/GrayG97,h0dglEQLpbMJ,1
conf/sigmod/BrinDG95,9Faqjp-eb0kJ,0
journals/sigmod/dOnofrioP03,UsGebdJhb8gJ,0
conf/vldb/SrikantA95,OqO-ZxObnjgJ,1
conf/sigmod/BergstraesserBPS99,4Ha7Bs5Vq3MJ,1
conf/vldb/BargaP95,3CDeAczlaSUJ,1
conf/sigmod/Hidber99,JZr0dxRlGhQJ,0
journals/vldb/RoySSSA98,mYVW9QtOinoJ,0
conf/vldb/NiermanJ02,z0Y11CP-zmUJ,0
conf/sigmod/ChaudhuriMN99,url:http://www.springerlink.com/index/M5854148357J41J8.pdf,0
conf/sigmod/JagatheesanR03,T_dQdYkbvwUJ,0
conf/vldb/FlorescuLS98,JSGoNjQXtzAJ,0
conf/sigmod/AdelbergGK95,E28tcHVZFgsJ,0
conf/vldb/ShanmugasundaramKSFF01,UFGanbQEZUoJ,0
conf/sigmod/CorralMTV00,b6zP-CeY1j8J,0
conf/sigmod/AgrawalW00,gBpzHVYEF60J,0
journals/tods/ZaharioudakisCF97,HF4Ss54TyFEJ,0
conf/sigmod/LiuPTBBZBHY98,rEA1n6oVEAgJ,0
journals/sigmod/PissinouSEMOPSTD94,hYeT-9LNREYJ,0
conf/sigmod/ChaudhuriD97,4zZ7Lxt4PPIJ,1
conf/vldb/OlstonW00,j45YBvWRKxIJ,0
conf/sigmod/BrinMUT97,aOBNgdooDHAJ,1
conf/vldb/TsatalosSI94,zt5Ck1PrGf0J,1
journals/sigmod/Snodgrass01,pDjbDK0ZzsMJ,0
conf/vldb/ZhangL98,zw3-t-veNvAJ,0
conf/sigmod/Bampahl95,HdyClBmT7BoJ,0
conf/vldb/HumborstadSHT97,XVP8s4K0Bg4J,0
journals/tods/DiaoAFZF03,fREDZIbZVdEJ,1
conf/vldb/PottingerL00,V1cJ4BP8qjgJ,0
journals/tods/CeriFPT94,1UYnwxMInjsJ,0
journals/tods/Lerner00,cL_OKIQDvmQJ,0
conf/vldb/CosleyLP02,22ZTae8fNuIJ,1
journals/tods/StolboushkinT98,mJDa4cHq9jsJ,0
conf/vldb/CarinoOBS99,XhTH3pn6SpsJ,0
journals/tods/Wijsen99,s0KWjFDzKAIJ,0
conf/sigmod/BohmBKK01,hTHD44Pog0gJ,0
conf/vldb/ChienVZTZ02,k70wM8JZiNMJ,0
conf/vldb/ChaudhuriS96,hk2lzbke6hQJ,1
conf/vldb/NgY94,url:http://portal.acm.org/ft_gateway.cfm%3Fid%3D1093384%26type%3Dpdf,0
conf/vldb/FlorescuKLP97,X6m1l4GHiywJ,0
conf/sigmod/KrollW94,_4ARkdpRArQJ,0
journals/vldb/BerendtS00,Q-_JIZ0MaWEJ,0
conf/sigmod/LakhamrajuRSS00,url:http://doi.wiley.com/10.1002/ev.1061,0
journals/tods/GhandeharizadehHJ96,axMI0TqrxxQJ,1
conf/vldb/KornSFSP96,L28_n28CALEJ,0
conf/vldb/AdiBEY00,url:http://portal.acm.org/ft_gateway.cfm%3Fid%3D130879%26type%3Dpdf%26coll%3DGUIDE%26dl%3DACM%26CFID%3D11111111%26CFTOKEN%3D2222222,0
conf/sigmod/GarofalakisGR02,YkSTcehl8o4J,1
journals/sigmod/Snodgrass01,LtgCiN2a0E4J,0
conf/vldb/SeshadriLR97,o-fZP19Hu2IJ,1
conf/sigmod/Team95b,8npcZw-QcOYJ,0
conf/sigmod/KeimK95,DjA1WbyO-_EJ,0
journals/sigmod/CruzKLSWY02,d4p4lHEQfrkJ,0
conf/sigmod/DasuJMS02,qCHUJPssiNMJ,0
conf/vldb/Hamilton99,KHuDdbHBzZkJ,0
conf/sigmod/FernandezFKLS97,ek26aiEheesJ,1
conf/sigmod/WoelkBJOTU95,jIzNNM6_h1UJ,0
conf/sigmod/Freeston95,Fr8CPbK-IFIJ,1
journals/sigmod/KempsterST99,DtKiyR-necAJ,0
conf/sigmod/BreunigKNS00,8lIwxMfoZN4J,1
conf/vldb/BaumgartnerFG01,tByF0sUvIDkJ,0
conf/vldb/Garcia-MolinaLY98,lWVWAhlsyYYJ,1
conf/vldb/Toivonen96,4Kv8va2_nYYJ,0
conf/sigmod/HanPDW01,es2kSNccUGMJ,0
conf/sigmod/MoonWH02,48XV24X9fScJ,0
conf/vldb/DesslochM97,CLRRGsC2kgsJ,0
conf/vldb/StillgerLMK01,OYAPM1C1DW8J,1
conf/sigmod/RoussopoulosKV95,Dd0_gi74jCQJ,1
conf/vldb/Dasgupta96,A0c2Gd1lP5QJ,1
conf/sigmod/HellersteinA00,ZuCOw9hYVU8J,1
conf/vldb/PapadiasTS03,TmcyYF1CNsYJ,1
conf/vldb/BonczRK98,0js2DsC0E48J,0
conf/vldb/ZhangL97,url:http://ieeexplore.ieee.org/iel1/2206/2685/00081884.pdf%3Farnumber%3D81884,0
conf/sigmod/TheodoulidisAACKS94,upESRwy-bksJ,0
journals/vldb/PottingerH01,a4HmikoUlLUJ,0
conf/sigmod/AcharyaGPR99a,mYFf63cZ4lUJ,1
conf/vldb/CohenMKS03,inX3VfvXtB0J,0
conf/sigmod/ZadorozhnyRVUB02,xmE1380_4E4J,1
conf/sigmod/MaratheS99,cSRuiTy1ITgJ,0
conf/vldb/RamanH01,P1xFy0MVxTIJ,0
conf/vldb/MatthesS94,SxhsoBnl-TsJ,1
journals/sigmod/BunemanRU97,5qg4BNiroqMJ,1
journals/vldb/NguSHL01,bzA49-1loaIJ,0
conf/sigmod/SagonasSW94,nDGblldnEGAJ,1
conf/sigmod/JagadishLMSV99,o2vnhxCSOFYJ,0
conf/sigmod/AgichteinGV01,TiffIV1Y6AMJ,0
journals/sigmod/CaleroPR03,EoC3iLeqXFoJ,0
conf/vldb/MillerHH00,Rqg_slyUMYMJ,1
conf/vldb/IshikawaSF98,V3c_ivUAs34J,1
conf/vldb/NinkHR99,xQ_OUy3eqz4J,0
journals/sigmod/DAndreaJ96,9rD0KE5Ku8AJ,0
journals/sigmod/RossHLW01,url:http://portal.acm.org/citation.cfm%3Fid%3D1041410.1041430,1
conf/sigmod/ChawatheG97,Ch6Fkzb03zMJ,0
journals/sigmod/Winslett03b,Ng1p4qxvf7EJ,0
conf/sigmod/FaloutsosL95,roK09GarWdcJ,1
conf/vldb/FankhauserGLMT98,pDKq9OypCakJ,0
conf/sigmod/LuWYBLY02,STH5TcDlQu8J,0
conf/vldb/AcharyaFZ96,oH_xfQI8wIgJ,1
journals/tods/SrivastavaSRN95,zm3D83ZiU4UJ,1
conf/vldb/SakuraiYKU01,g4anUwDeNd4J,0
conf/sigmod/PoosalaIHS96,Hov18raBHwIJ,0
conf/vldb/CatozziR95,deGJWA5W1c4J,0
conf/vldb/JagatheesanMPW03,KbyVcq1nacQJ,0
journals/vldb/GeorgakopoulosRL94,RRYUGYJC6P0J,0
conf/vldb/DarFJST96,Ui5dxm-mCN8J,1
conf/sigmod/MarklL02,D4Yn9IrTpdcJ,0
conf/sigmod/DeHaanTCO03,CmaQDIARCj0J,0
conf/sigmod/AgrawalASY97,3nxl8d4c0t4J,1
conf/vldb/ChangG00,GnUrnc3yH38J,0
conf/vldb/WuFSP00,ZOb31WhAjH8J,0
conf/sigmod/AltinelLKMPLWB02,zzg3KI_fyyIJ,1
journals/sigmod/Winslett02b,url:http://doi.wiley.com/10.1002/he.10102,0
conf/sigmod/ImielinskiVB94,tIN6ePZv2gkJ,0
conf/sigmod/Bayardo98,Ls7vkMLcYmkJ,1
conf/sigmod/SzalayGKT00,6Kdau1eh-hMJ,1
conf/vldb/HageJPST03,-JYQE7IPu_4J,1
journals/sigmod/SycaraKWL99,OT-nA7xBojwJ,0
conf/vldb/ClaussenKMP97,uLOcrm8qRAIJ,0
conf/sigmod/AltinelABFSZ99,jA4WnjsaLXUJ,0
conf/sigmod/Wu99,xl1Jscb79KEJ,1
journals/sigmod/PourabbasR02,MIFTqKFUH88J,0
conf/vldb/EvangelidisLS95,bM9UReL5vU4J,0
journals/sigmod/RossAA02,ELRQJwadllwJ,0
conf/sigmod/MelnikRB03,P0cdYpsNQ-UJ,0
journals/sigmod/YuenCLL00,Ip82P4QfKyEJ,1
journals/vldb/BeckerGOSW96,Ld3jRJYYRBgJ,0
conf/sigmod/GardarinMP95,N0z0oDyhHVsJ,0
journals/tods/FraternaliT95,pBPkQYQSJLIJ,0
journals/sigmod/JaegerF95,XsxQnfXYygsJ,0
conf/vldb/Brodie03,N6thjZVTFLcJ,0
journals/tods/HjaltasonS99,0MgO_QuKNFoJ,0
journals/sigmod/Franklin97b,url:http://ieeexplore.ieee.org/iel2/3038/8631/00379932.pdf%3Farnumber%3D379932,0
journals/vldb/SinghalS97,7veUzXGN21gJ,0
conf/sigmod/WangZS95,iqlEh3UzgA8J,0
conf/sigmod/StonebrakerH01,2rUCN1lOdi8J,0
journals/sigmod/LiefkeS00,ePf9ainjNqwJ,0
journals/sigmod/ReichB98,_EPvkrw4BQ0J,0
journals/sigmod/X95,2wnZyDFJ3XoJ,0
conf/vldb/BouganimFV96,vdtjGSyu3VwJ,0
conf/sigmod/ZhaoDNS98,XurM_pCyadcJ,1
journals/sigmod/ShahMFH01,url:http://ieeexplore.ieee.org/iel2/3038/8631/00379944.pdf%3Farnumber%3D379944,0
journals/vldb/FahlR97,zXSCJ9LzZ8cJ,1
journals/tods/HsuSY01,p64HqJ4RIQQJ,0
conf/vldb/PapadiasZMT03,cExZWIT9LZcJ,0
conf/vldb/KiesslingK02,clF04MGcPSUJ,0
journals/sigmod/Aberer02b,bCgvdXL-cQEJ,0
conf/vldb/ChaudhuriS94,-f2FsG-EC9IJ,1
conf/sigmod/Bussler01,Nxad-c-f09gJ,0
conf/sigmod/NgLHP98,qOzU69R5hdAJ,1
conf/sigmod/GoldmanW00,N6thjZVTFLcJ,0
journals/tods/BohlenJS00,DFghuKua6DgJ,0
conf/vldb/Taylor00,url:http://portal.acm.org/ft_gateway.cfm%3Fid%3D1086254%26type%3Dpdf,0
journals/sigmod/BertinoEH01,url:http://doi.wiley.com/10.1002/he.10605,0
conf/vldb/GionisIM99,Ib7-RszznfIJ,1
journals/tods/BaralisCP96,8EgrADDu7YcJ,0
journals/tods/GutingBEJLSV00,cURCJR2xHE0J,1
conf/sigmod/BrinkhoffKSS94a,SVt9U79mFdMJ,0
journals/vldb/BohmAnY97,XsTFqLpfsfgJ,1
journals/sigmod/Liu01b,fn4O_OpXLAwJ,0
conf/vldb/ChoALS02,_-JZT1cOuZ8J,1
conf/sigmod/ChakrabartiDI98,FWLthA3ur-0J,0
conf/vldb/NipplM98,g-zpzYjVMI8J,1
conf/sigmod/Galindo-Legaria94,G7-LX8jcePQJ,0
conf/vldb/SavasereON95,N-o3NPu-nbIJ,1
conf/sigmod/GardarinMP95,l-9pykkOVrkJ,1
journals/sigmod/BestavrosLS96,RalvsjDuKzsJ,1
conf/sigmod/Toyama98,m_fl_JunfroJ,0
journals/tods/LakshmananLRS97,L5Z9NIdvubEJ,0
journals/sigmod/TanakaV01,tA1HEgZGgrsJ,1
journals/sigmod/BerzalM02,DiTS2isOA9UJ,0
conf/sigmod/KoudasS03,01QqEHYMJEYJ,0
journals/sigmod/NorrieBSW94,q6YVJJgD1uQJ,1
conf/vldb/DonjerkovicR99,BR4pqxy0eBoJ,0
conf/vldb/ColletCS94,0e3bs1VFPvAJ,0
journals/sigmod/LohmanGFS01,-W8b9O8vvxUJ,0
conf/sigmod/GorelikWD94,url:http://www.springerlink.com/index/U5633G77440860P5.pdf,0
conf/sigmod/WattezCBFF00,CPmrOsEMG5EJ,0
conf/sigmod/Krishnamurthy03,74uIbVNdZckJ,0
conf/vldb/CareyD96,KOrMCMaFfd4J,0
journals/sigmod/BrunieK96,teFIz8xxtt0J,0
conf/sigmod/AgrawalCN01,R3CjSdrp6tQJ,0
conf/sigmod/Han96,jj8LgniKbsMJ,0
journals/sigmod/RosenthalS99,IgD3ammrenUJ,0
journals/vldb/BraumandlCKK00,snWxBtd7kK8J,1
conf/sigmod/CareyCNVDRSM99,jGXK9k6JB7UJ,0
conf/sigmod/GuptaLM03,0_Bj58fb6PQJ,0
conf/vldb/DagevilleZ02,-iGGz9oTOTkJ,0
journals/vldb/ZezulaSAR98,YTHrukhAmhgJ,0
conf/vldb/ZhouLZLZJT01,usH3lEbtbl8J,0
conf/vldb/RamakrishnanGRSWZ95,url:http://portal.acm.org/citation.cfm%3Fid%3D645921.756661,1
journals/vldb/AbiteboulB95,T6yPUm4p2DwJ,0
conf/vldb/ChaudhuriS96,W29at2gmnCUJ,0
journals/tods/LiuHD98,X3GPk-e8oM4J,0
journals/sigmod/Colliat96,YlzIG4004J4J,0
conf/sigmod/CruzALRZ97,-qK7g2cMbioJ,0
conf/sigmod/FernandezMS01,kH018yMR8KEJ,0
journals/sigmod/RamDD99,WX6cD9G_ejgJ,0
journals/vldb/ChanGR03,uzPotUmAGWAJ,0
journals/vldb/ChandrasekaranF03,WNJDIyYiCHEJ,0
journals/vldb/BohmAnY97,KgF1fX5XEHIJ,0
conf/sigmod/RamanH02,ySvR6VO3Xq4J,0
conf/sigmod/KriegelBKPS03,Y5XZDa-_eLkJ,0
conf/sigmod/Agarwal96,QKzoGFug40QJ,0
conf/sigmod/ArefBV95,OkuuLXozmwkJ,0
conf/sigmod/TsurUACMNR98,AW9y5304oxEJ,0
journals/sigmod/YaoG02,0BySK5DgSXAJ,0
journals/sigmod/RosenthalSMBTL95,Ht1_umssmlwJ,0
journals/sigmod/Critchlow01,qSjqWHF5W7oJ,0
conf/sigmod/FegarasM95,7mma3U5thh8J,0
conf/sigmod/BrinMS97,OiHYG-Al8G8J,1
journals/sigmod/UrbanDG96,bzt6ls2lwAEJ,0
conf/vldb/ShashaB02,dyDxQvd8OHoJ,0
conf/vldb/PolyzotisG02,ygC4pAYSgsUJ,0
conf/vldb/HristidisGP03,RaTWmsUO6NsJ,0
conf/vldb/TeisseirePC94,5yz8LQi9NoEJ,0
conf/sigmod/KoudasS97,J0SPRD3DN78J,0
journals/sigmod/BurtonM98,z4btkNIx1xkJ,0
journals/sigmod/Halevy03,706PCMwA_E4J,1
conf/vldb/JermaineDO99,kSt-Pqp2ilYJ,0
conf/vldb/VenkataramanZ98,D8a4umAppIcJ,0
journals/sigmod/Aberer02,Q6_m-J2BYOgJ,0
conf/sigmod/SunAA03,TO-uHZJ8TVYJ,0
journals/sigmod/AdelbergKG96,IxYJDGiAe48J,0
conf/vldb/ShaferAM96,5HHRNLsy0sAJ,1
conf/sigmod/HammerGIPUW95,OCviESbOABUJ,0
conf/vldb/Sondag01,Odpcv8C3ih8J,0
conf/sigmod/DraperHW01,v5pKl7EP4NIJ,0
journals/sigmod/FlorescuLM98,uWytjtIpOuIJ,0
conf/vldb/AilamakiDHS01,EZX661HB5IgJ,0
conf/vldb/AilamakiDHW99,OubIayl1628J,0
conf/sigmod/GoldsteinL01,DN-KpzS2c6kJ,0
journals/tods/RosenthalR94,08hOYZe6yVsJ,0
conf/vldb/ChenJLP03,m7jUHzsPgxwJ,0
conf/sigmod/LabioYG99,fqGIEGBi1_sJ,0
journals/sigmod/Lomet98,Zc18Xto7GRQJ,0
conf/sigmod/GibbonsM98,RjCEOZr3AhkJ,0
conf/sigmod/LometT99,yb_bIQZFcgEJ,0
conf/vldb/Hallmark95,uzAn3e3s6_0J,0
journals/sigmod/Aberer02a,url:http://portal.acm.org/ft_gateway.cfm%3Fid%3D1101334%26type%3Dpdf,0
conf/sigmod/Aulakh98,qUGuS7ucsHwJ,0
journals/vldb/TorpJS00,dMRIRjR_KAAJ,1
conf/sigmod/KotidisR99,5sb4hr4Ton0J,1
conf/sigmod/BryanMCLG94,PcnfzFfEY1wJ,0
journals/sigmod/BarclayBGS94,wPhDoeiINQsJ,1
journals/vldb/ChirkovaHS02,-8erEWRf6CIJ,0
conf/vldb/AgrawalLSS95,HugNLG7z-Z4J,1
conf/sigmod/BlottRS96,8J0wmqs6RfIJ,1
conf/sigmod/ZhuSZ03,HeUgnP9r_zMJ,0
journals/sigmod/EisenbergM02,vKeN7FAkrm8J,0
conf/sigmod/NybergBCGL94,k6WoiOg-ogsJ,0
conf/vldb/MatthesS94,oFiEYaenxe4J,0
conf/sigmod/Bayardo98,28QR854lvvUJ,0
conf/vldb/IyerW94,UrQiWW8QXQkJ,0
journals/sigmod/GatziuKBF98,GlHmit1yw6AJ,1
conf/vldb/RamamrithamABEGP00,rPB2NYjIGfQJ,0
conf/vldb/Tsur00,KmOMx2ALVvYJ,0
conf/vldb/MargaritisFT01,wEZuw_ozszIJ,0
journals/tods/KarpSP03,XIzHtUKXfg0J,0
journals/tods/Jimenez-PerisPAK03,hszebo7jiDoJ,0
journals/vldb/Ozsu03,url:http://www.ingentaconnect.com/content/els/09505849/2003/00000045/00000009/art00212,0
conf/vldb/LiuJ02,BvrWadvSco4J,0
journals/vldb/SteinbrunnMK97,Oz9wjKFdOQoJ,0
journals/vldb/AtkinsonM95,X-ybHEdKjgMJ,0
journals/sigmod/KuoM96,Vs6i4wEidDMJ,0
conf/vldb/CareyHMW96,921XoWkPCIkJ,0
conf/sigmod/LabioYG99,yPeMwqSi4eQJ,0
conf/sigmod/MaheshwariL97,uxD8p47apUYJ,0
journals/vldb/C94,lOZF0Ee3rUQJ,0
conf/sigmod/LakshmananPZ03a,x4yg_lA5VUsJ,0
conf/vldb/WangZ00,zMK02pxd4OEJ,0
conf/vldb/ChaudhuriS96,url:http://pubs.acs.org/cgi-bin/abstract.cgi/achre4/2004/37/i05/abs/ar0200899.html,0
conf/vldb/LakshmiZ98,5V7NOhiT6E0J,0
journals/sigmod/Grohe02,FmLMU2NtrwQJ,0
conf/sigmod/SunAA03,dt5j7oiNFZwJ,0
conf/vldb/Chawathe99,url:http://portal.acm.org/ft_gateway.cfm%3Fid%3D1101921%26type%3Dpdf,0
journals/vldb/MehtaD97,89pqOpAk6XQJ,0
conf/vldb/PanRAMOHAMV02,of7SIlWoBgwJ,0
journals/sigmod/Widom96b,PjYudooP18AJ,0
conf/sigmod/DoanDH01,eZfhQSwyeooJ,0
journals/vldb/AlbanoGO95,pG4ABvMSwK8J,0
conf/vldb/Wadler01,S5amfUT9EOYJ,0
journals/vldb/OoiTCH98,vBsEPu14zpkJ,0
conf/vldb/RahmM95,-8IwyDJe7fgJ,0
journals/sigmod/Bussche00,abRCzV130REJ,1
conf/vldb/CasatiDGS01,XQw3ADYCXdcJ,1
journals/sigmod/Naughton00,BPkz_b2FuZAJ,0
journals/sigmod/GuptaHR97,8fe2wOFpVjMJ,0
journals/sigmod/Aberer02c,url:http://portal.acm.org/ft_gateway.cfm%3Fid%3D637424%26type%3Dpdf%26coll%3DGUIDE%26dl%3DACM%26CFID%3D11111111%26CFTOKEN%3D2222222,1
conf/vldb/HulgeriS03,KRgWdSqntZkJ,0
conf/sigmod/OhHP00,01ZVDudF4WAJ,0
conf/sigmod/GarofalakisGRSS00,xfzQQjDwnfcJ,0
conf/vldb/ChaudhuriS94,RNoXycNdeRkJ,0
journals/sigmod/AbiteboulH95,2jxlgljAfl8J,0
conf/vldb/Guting94,j4xL6tjt_FcJ,0
conf/sigmod/AgrawalS00,ufPUBsN4eg0J,1
conf/sigmod/MamoulisP99,RusJdYPDgQ4J,1
conf/sigmod/SistlaW95,KNXVeDITFQsJ,0
conf/vldb/Ramanan03,2LF4Pt1FpS0J,0
journals/vldb/C94b,aP5xrkOACPEJ,0
conf/vldb/JonscherD94,9dZtK_ObiT4J,0
journals/sigmod/Wedekind94,Q6qelA_hSQIJ,0
journals/vldb/HarderR96,hspnFeGBmtMJ,0
journals/sigmod/Richey95,sSKZOYoOW8IJ,0
conf/sigmod/Pruscino03,vgZzd1od2wMJ,0
conf/vldb/TsoisS03,06NWbWH10XUJ,0
conf/sigmod/Sheth95,0CD9uUPdnbUJ,1
conf/vldb/BouguettayaEMO01,66dWDpWjbbwJ,0
conf/sigmod/BerchtoldBK98,BSrIJq_OFVcJ,0
conf/sigmod/Carey94,gWUxxb21HaMJ,0
conf/sigmod/KornackerSH98,bV8_CDuW2gMJ,1
conf/sigmod/Shivakumar03,B5LGcCY8BBYJ,0
conf/sigmod/Suciu99,wICqJ1cqwUwJ,0
conf/vldb/Shmueli01,XY4YyEglOssJ,0
journals/sigmod/Hammer01,4bzbsP8Db68J,0
conf/vldb/KalusD95,4t3buClQ1jIJ,0
conf/sigmod/GravanoCGP97,1xxRTUP64bwJ,1
journals/sigmod/LiefkeS00,4q4PDOS45uIJ,1
conf/vldb/BerchtoldKK96,WnYVibh8fxUJ,1
conf/vldb/WaasCB01,y_gKGtzupHIJ,1
conf/vldb/GyssensL97,-J8BIUa9iFQJ,1
conf/vldb/GardarinGT95,uMkO2KGQJwwJ,1
journals/sigmod/PissinouSEMOPSTD94,84fTuZYk7doJ,0
journals/sigmod/KokkotosIPS95,aSQwWnnzgAcJ,0
conf/sigmod/Team95a,kdJAEwviVvsJ,0
conf/sigmod/YanMHF01,YKSiUxX2acUJ,0
journals/sigmod/BargaL02,QTzV3iNq2O8J,1
conf/vldb/NgH94,W1di9S0fUsEJ,1
conf/vldb/SistlaYLL95,url:http://portal.acm.org/citation.cfm%3Fid%3D1101908.1101948,0
conf/vldb/ChristodoulakisTZ97,MDr5xBsWWWoJ,0
journals/sigmod/Mendelzon98,q0K1yN3kIs4J,0
journals/sigmod/X95a,url:http://portal.acm.org/ft_gateway.cfm%3Fid%3D1083596%26type%3Dpdf,0
journals/sigmod/CfP99,PHtzH7ozdzoJ,0
journals/sigmod/Bestavros96,aXBMtlahQ_oJ,0
journals/sigmod/LenzVJS03,AXm76AGwCekJ,0
journals/vldb/LaurentLSV01,rIm9uDX6PHUJ,0
journals/sigmod/ZobelMR96,onlybp6SAAsJ,0
journals/sigmod/Snodgrass99b,YV3jq4WuUGYJ,0
conf/vldb/ChangG00,uCeRAYDVF_MJ,0
conf/vldb/ZhouS03,K9PaMDmC2tIJ,0
conf/vldb/AcharyaFZ96,_PvsfC9ZjYMJ,0
conf/vldb/ShatdalKN94,q4WTJRNxPM4J,0
conf/sigmod/GehrkeKS01,P-vncXVqMaUJ,0
conf/vldb/ChirkovaHS01,ZqFRuLR5x2sJ,0
conf/vldb/GoodmanRS94,aka3b_HbUGwJ,0
journals/sigmod/WenLMZ03,bCSH3jaMh0MJ,0
journals/sigmod/SommerGB02,url:http://www.csa.com/partners/viewrecord.php%3Frequester%3Dgs%26collection%3DTRD%26recid%3D20021212023586MT%26recid%3DA7642829AH,0
journals/sigmod/PissinouSEMOPSTD94,JeTFKz0CmxEJ,0
conf/sigmod/BlakeleyP98,ztrUoISRVb0J,0
conf/sigmod/Jamil99,3jiJvBah6eAJ,0
journals/vldb/BernsteinPS00,_s-2XLqSMjsJ,0
journals/vldb/Seshadri98,cJru3VsOCTsJ,0
conf/sigmod/DobraGGR02,v7LRs03mf1sJ,0
journals/sigmod/LightstoneLZ02,j8s_8YzNUNoJ,0
journals/sigmod/ClementLGMK97,IfoohStwqKIJ,0
journals/tods/DeySB99,Ci2-4E6d-40J,0
conf/vldb/TreschPL95,rcwyaOgIkPIJ,0
conf/sigmod/Dullmann99,0TNJ5d1tfkEJ,0
journals/sigmod/ReichB98,863u9J4l25MJ,0
conf/sigmod/ChenCPPSTM00,cGV-H4tno5UJ,0
journals/sigmod/Geller02,eTEhlbPREBUJ,0
journals/sigmod/ChrysanthisSZ03,url:http://www.springerlink.com/index/XH6560381T402652.pdf,0
conf/vldb/MahnkeMS02,-RkJfyKGyzkJ,0
journals/vldb/DoanMDDH03,6bdfcR4xRfEJ,0
conf/vldb/TianD03,KYGAK17L3CcJ,0
conf/sigmod/ColletC95,url:http://adsabs.harvard.edu/abs/1975RaEl...20Q.635A,0
conf/sigmod/AchyutuniON96,G_ZZ7GcQy6gJ,0
conf/sigmod/French95,_tle794_iKcJ,0
conf/vldb/BerckenSW97,r2l4Fg736sUJ,0
conf/sigmod/ChenDLT00,l72E-B-DHbEJ,0
conf/sigmod/HernandezS95,7EYR1qDwKg0J,1
conf/sigmod/ChoSG00,16tlmwHi2EwJ,0
conf/sigmod/DuSD95,YAFiitsweBYJ,0
conf/sigmod/YangM97,xhIG2tLuMZsJ,0
journals/tods/BohlenJS00,9OlqSPJpUEQJ,0
conf/vldb/MarronL01,d7tnjNELumMJ,1
conf/sigmod/MohanN94,GEtCcr-NA7sJ,0
conf/sigmod/Team95,pU5pnCzaEyUJ,0
conf/vldb/KnorrN99,qbrkg2DRU3AJ,0
conf/sigmod/CatarciS94,2R6NigBmig0J,0
journals/sigmod/RiekertMW97,xcBx7CD3r38J,0
conf/vldb/Amer-YahiaFSX03,fcB_7jx0pOMJ,1
journals/sigmod/Keim96,vwdWTx0dk7QJ,0
conf/vldb/AggarwalY02,aZqVbLLJ5W8J,0
journals/vldb/LiCHH01,mfMNuuQpX4sJ,0
conf/vldb/RusinkiewiczKTWM95,KureLsKbUXYJ,1
journals/sigmod/Etzion99,toecpgT-2OEJ,0
conf/sigmod/Lomet00,28y7GAJRrkUJ,0
conf/vldb/HvasshovdBT00,u_9TTQd-iT0J,0
conf/sigmod/HellersteinW02,XyYCahzDAh8J,0
conf/sigmod/GoyalHKMS96,FeXxKAln2gwJ,0
conf/vldb/OlstonW00,Ewgn0iuR08QJ,0
journals/sigmod/GatziuJSV99,K0ja_6FUBsoJ,0
conf/vldb/CatozziR95,8ftKLh07LM0J,1
journals/sigmod/SureSS02,jpb9g07Q198J,0
conf/sigmod/Atkinson95,wGWxozmSyj4J,0
conf/vldb/KossmannRR02,3pVfOesZuUEJ,0
conf/sigmod/Sarawagi00,fLd7hfXa2wUJ,0
conf/vldb/ScheuermannSV96,42whesD5Rl8J,1
journals/sigmod/Lomet98,ytRfS_upf-0J,1
conf/sigmod/CluetDSS98,W5KcKrhKY_YJ,1
journals/sigmod/DogacDKOONEHAKKM95,UAO4T_2ylPkJ,1
conf/sigmod/MoleskyR95,cDolaK6_4a8J,0
conf/sigmod/WangPFY03,oFcUB1iVWgAJ,0
journals/vldb/BenzakenD95,_Hqit9e1SjgJ,0
conf/vldb/DonjerkovicR99,zwdz2KXjXAAJ,0
conf/sigmod/GillmannWSWW00,3bYCefUMXr8J,1
conf/vldb/HelalL00,yoT9Lm5SUOQJ,0
conf/sigmod/DeHaanTCO03,mu6ZPjWHTCEJ,0
conf/vldb/ShanmugasundaramSBCLPR00,2p1JT3rV5vwJ,0
conf/vldb/ChengGKLLQS99,ZK5GllDDjuEJ,1
conf/vldb/ChavdaW97,DeE7fx642pAJ,0
conf/vldb/KounevB02,prOe1J42yEQJ,0
journals/tods/BunemanO96,K7mfVCHc3noJ,0
journals/sigmod/LohmanGFS01,k7U1m1W5liwJ,0
conf/vldb/LaudBCSR02,Dad644ruuoQJ,0
journals/sigmod/BarclayBGS94,nCOKpSZOZBgJ,0
conf/sigmod/NatsevRS99,T4HF2QLGKTkJ,0
conf/vldb/MarronL01,sqOG0h5o8RYJ,0
journals/sigmod/GuptaHR97,url:http://portal.acm.org/ft_gateway.cfm%3Fid%3D1107512%26type%3Dpdf,0
journals/vldb/KemperK95,1-BbpM7lS_4J,0
journals/sigmod/Dogac02,tC36qxRB808J,0
conf/sigmod/LivnyRBCDLMW97a,izDXhqRW9AYJ,1
journals/tods/BaralisW00,flrq7GqoJn8J,0
conf/sigmod/ChristophidesACS94,wOEzWDOEIjwJ,1
conf/sigmod/MarklL02,aXvJ2z9M_XsJ,0
conf/sigmod/HanPLJ01,H_tzR6yoJLEJ,1
conf/vldb/JohnsonA00,Koo3549nY2kJ,0
conf/vldb/Madnick95,url:http://portal.acm.org/citation.cfm%3Fid%3D376284,0
journals/sigmod/McClatcheyV97,mbFxAqrWXbYJ,1
conf/vldb/GhoshPSH02,UzI57qu_ztwJ,0
conf/vldb/YagoubFIV00,DVhOJJixwa4J,0
conf/sigmod/RajagopalanML98,NJJ3SUUdpw4J,0
conf/sigmod/KiesslingHFE01,Cli-yotfSsgJ,0
conf/vldb/ChenRS95,gJIOJpiPNhUJ,0
conf/vldb/AgarwalADGNRS96,jugePLZ8yKcJ,1
conf/vldb/HvasshovdBT00,PYFVtseeeuMJ,0
journals/sigmod/Franklin98b,02dUv_2w7E4J,0
conf/sigmod/GravanoGT94,OYFpMlm5yCQJ,1
conf/vldb/PalpanasSCP02,GUxFOXbDGssJ,0
journals/vldb/ChakrabartiRS03,idfox84uNHUJ,1
conf/sigmod/ThomasDM95,1W3ieFgA2dUJ,1
conf/sigmod/ChaudhuriMN99,GL8XEeYm7GsJ,1
journals/sigmod/SnodgrassACFLLORRSV99,W7pbinOGQAQJ,0
conf/vldb/LimWV03,oGgtgowDePwJ,0
journals/vldb/SwamiS95,RRYETH4xRfkJ,0
conf/vldb/NetzCBF00,s_zYwEe0AC8J,0
journals/sigmod/MattosD94,YnQJ76bSULwJ,0
journals/vldb/OzsuPSILM95,gld2wLKYWpsJ,1
conf/sigmod/CasatiS01,w7ZbYeKbLlYJ,0
conf/vldb/HaasKWY97,o_WTRsrkx_EJ,1
conf/vldb/HuangJR97,fiaEDGXaVf0J,0
journals/sigmod/BoscMP01,V4PVzPaBOBUJ,0
journals/vldb/AslanM99,4YFJoqQcTwMJ,0
conf/vldb/Bar-YossefBCFW00,FaDjc769TcoJ,0
conf/vldb/DingGS00,CmkInvDWi94J,0
journals/sigmod/LabrinidisM01,kLhkCa_CFcYJ,0
journals/sigmod/EnglertGH95,9hhrBlD8LDwJ,0
conf/vldb/BamfordBKM98,TkN47KAvoVsJ,0
journals/tods/LakshmananLRS97,p5UbgTlrGDIJ,0
conf/vldb/GarofalakisI97,SqECOHtHVaAJ,1
journals/sigmod/Qian96,NiswbODuzhAJ,1
conf/vldb/Jacobs97,X2yaRamoan8J,0
conf/vldb/GeorgeH98,7W2mPROkePYJ,0
conf/sigmod/CuiOTS03,vMpeO178ye4J,0
conf/vldb/GravanoG95,BTXWaHdbE_YJ,0
conf/sigmod/French95,y4ZZN4xhKnUJ,0
journals/sigmod/RiekertMW97,M-3MGd3wPcsJ,1
conf/vldb/TatbulCZCS03,KGd4rjdGJ3sJ,0
journals/sigmod/PapianiWDN99,6ditJPVnXAQJ,0
conf/vldb/BaumannDFRW99,OV-zNC5uzHUJ,1
conf/vldb/CeriCW00,WqbmG1h2AkEJ,0
conf/sigmod/RothAHCCFSTW96,iwz4wLD_EwgJ,0
conf/vldb/ShaferA97,PvcOG8Lb5WoJ,0
conf/vldb/FaloutsosG96,8peIuPLvQyEJ,0
conf/sigmod/FlokstraKS94,url:http://taylorandfrancis.metapress.com/index/MV6VEPUR6B62ULV7.pdf,0
conf/sigmod/GravanoCGP97,FHEK09LJKfwJ,1
conf/vldb/TaoP02,SLQHHp9Ub7YJ,0
journals/sigmod/Wiegand02,zuD3nvyecQIJ,0
journals/sigmod/MalaikaEM03,cj2dHeg8w9MJ,0
conf/sigmod/ChaudhuriN98,lXZzpSDzRnwJ,1
conf/vldb/AgrawalLSS95,X8JoScM8lHsJ,0
conf/vldb/TanGO99,llb7DerHoGIJ,0
conf/vldb/AgrawalS94,HfEQzVOD9tsJ,1
conf/vldb/IoannidisLGP96,PnfIWsayFFAJ,0
conf/sigmod/FegarasM95,KHA0T4qv-W4J,0
conf/vldb/SakuraiYKU01,OQMYc3S0Ny8J,1
conf/vldb/GuptaM96,url:http://portal.acm.org/ft_gateway.cfm%3Fid%3D280357%26type%3Dpdf%26dl%3Dportal%26dl%3DACM%26CFID%3D11111111%26CFTOKEN%3D2222222,0
conf/vldb/TsoisS03,LuamnxggInIJ,0
conf/sigmod/BerensonBGMOO95,KpQrgYyji34J,1
conf/vldb/Meier95,KJDOeP_ZGfcJ,0
conf/sigmod/WangZS95,i0CrdGD5efQJ,0
conf/vldb/Shmueli01,XeD0GBzAgxoJ,0
journals/sigmod/Suciu97,AfkATZrpG4MJ,0
journals/sigmod/Chamberlin03,6Kcah2wZtrEJ,0
journals/sigmod/EisenbergM98,L2UIHmcKrV4J,0
conf/sigmod/QuassW97,LjHrrOD-Db0J,1
conf/vldb/LakshmananJN00,ZOyj9b-junsJ,0
journals/sigmod/BargaL02,n4ayL3qIj5wJ,0
conf/vldb/LuL00,yzibVNHiDe0J,1
conf/vldb/FlorescuLSY99,A_TckspMw8gJ,0
conf/sigmod/LabioYG99,Zqw-Mo_L_RIJ,0
conf/sigmod/TaoP02,C63_GLsImAAJ,0
conf/sigmod/AgrawalCFGHIIMMSS94,url:http://portal.acm.org/citation.cfm%3Fid%3D226931.226962%26dl%3Dportal%26dl%3DACM%26type%3Dseries%26idx%3DSERIES492%26part%3DProceedings%26WantType%3DProceedings%26title%3DInternational%2520Conference%2520on%2520Digital%2520Libraries%26CFID%3D11111111%26CFTOKEN%3D2222222,0
conf/vldb/RaoR99,e5bqoqFNDrQJ,0
journals/sigmod/BohmR94,ssQcKq225mkJ,0
conf/sigmod/KotidisR99,nsASp-dCJBQJ,1
conf/sigmod/PadmanabhanBMCH03,R_uurNG34Q8J,0
conf/vldb/Taylor00,Z7kVf1M41RYJ,0
conf/vldb/KerstenWFKBC03,Ub6YwssjyiYJ,1
conf/sigmod/BersonGMJ94,bw_c9Mk0_7IJ,1
conf/vldb/Graefe99,l0cFt-ZhM3wJ,0
journals/vldb/OoiTCH98,D2JN9UoyCbMJ,0
conf/sigmod/HammerGIPUW95,XkArID38KgMJ,0
conf/sigmod/HoAMS97,QZwZ8GSsqToJ,1
journals/sigmod/HanBP01,FT5pSUb-uTYJ,1
conf/sigmod/NgWY01,hMVhQ07qD9EJ,0
journals/sigmod/VelACM01,Ffs_nltYXWsJ,0
conf/vldb/OlstonW00,1uei4ivV-PgJ,1
journals/sigmod/Chen94,url:http://portal.acm.org/citation.cfm%3Fid%3D141484%26dl%3DGUIDE%26dl%3DACM%26type%3Dissue%26idx%3D141484%26part%3Dperiodical%26WantType%3Dperiodical%26title%3DACM%2520SIGMOD%2520Record%26CFID%3D11111111%26CFTOKEN%3D2222222,0
conf/sigmod/Bayardo98,cY_v25UAHk4J,0
journals/vldb/GrefenVA01,HHsCijISglQJ,0
journals/vldb/FiebigHKMNSW02,9FZ3kOSArEkJ,0
conf/vldb/JohnsonS94,spT-KFetheQJ,0
conf/sigmod/Keim99,HPQ2yTeu1sEJ,0
conf/sigmod/QuassWGHLMNRRAUW96,_UwgrlLH_2cJ,0
journals/vldb/LandauST95,7PjRiGYYTS4J,0
journals/sigmod/Aberer02b,-259LIbjbisJ,0
journals/sigmod/Winslett94,url:http://portal.acm.org/ft_gateway.cfm%3Fid%3D181569%26type%3Dpdf,1
conf/vldb/ChenL03,-8vl_ArEXIoJ,0
journals/sigmod/PapazoglouH99,WbsAK4ZE17YJ,1
conf/vldb/GhoshPSH02,X1Ok9YnFCI8J,0
conf/vldb/Kiessling02,ZOZ1XS0QYZgJ,0
conf/vldb/YagoubFIV00a,hMsWZU5TJWYJ,1
conf/vldb/SadriZZA01,Iu93mVQFiq0J,0
conf/vldb/RamanRH99,cb-FcpleHqAJ,0
journals/sigmod/HasselbringHHKRRS00,1_sc8sGtQQYJ,0
conf/sigmod/BohannonMR01,6LJfGFXPIVkJ,0
journals/sigmod/Stacey95,2GKNc8zlLRwJ,1
conf/sigmod/HarinarayanRU96,QHUtoLECZzgJ,1
journals/sigmod/NadoH97,yN9f4dSKC9QJ,1
conf/sigmod/BohmBKK01,855BrCgdT2oJ,0
conf/vldb/DarFJST96,xhle0bk7qsMJ,1
journals/sigmod/JenningsNF98,U2KU4G5E3iwJ,0
conf/vldb/DeRose99,wFdjOo3j3r8J,0
journals/vldb/DattaDVRN01,UkRgrvxmNkkJ,0
conf/vldb/ChaudhuriN97,GwtpS81L4KEJ,0
conf/vldb/KochBG03,mZNcc1O3Nl8J,1
journals/sigmod/BoscMP01,4ucV5h3-YvMJ,0
conf/sigmod/DeutschFS99,QzTFOEo0jQQJ,0
conf/sigmod/ChaudhuriN98,29RpukpwmIQJ,0
conf/vldb/BohannonLRSSS97,Xlg2jCyORAgJ,0
conf/sigmod/Krishnamurthy03,PVP7k-5hq5AJ,0
conf/sigmod/HinneburgKW02,T1dmP2NL1aYJ,1
conf/sigmod/LakshmananPZ03a,5G4qE78z07YJ,0
conf/vldb/LevyRO96,fdpauJ3GbekJ,0
journals/sigmod/Rosneblatt94,C-mKYjcgQPwJ,0
journals/sigmod/BoscMP01,url:http://portal.acm.org/ft_gateway.cfm%3Fid%3D373708%26type%3Dpdf%26dl%3DGUIDE%26dl%3DACM%26CFID%3D11111111%26CFTOKEN%3D2222222,1
conf/vldb/FlorescuLSY99,tjd9D2eFeZ4J,0
journals/sigmod/Lomet98,gtEB_lsPqZkJ,0
journals/tods/FraternaliT95,nzTXrlSyTuIJ,0
conf/sigmod/RinfretOO01,POIZH_1ba80J,0
conf/vldb/MillerHH00,pglcJ2qBbuQJ,0
conf/sigmod/ChaudhuriN98,J-hdquISylkJ,0
conf/sigmod/ChaudhuriMN99,tCGDtRSBeT0J,0
conf/vldb/SheikholeslamiCZ98,U9AtcjIMfJUJ,0
conf/vldb/MeekPK03,VIybK6Ynhf0J,0
conf/vldb/TheodoratosS97,rj-fWWtYalsJ,0
conf/vldb/ZirintsisKM99,Fn_sfg4CHLkJ,0
conf/vldb/DingGS00,_rg5oJq9Z2IJ,0
conf/sigmod/Gerber95,ChD3-mp23f8J,0
journals/sigmod/Geller02,dysN2m2KxqUJ,0
conf/vldb/McKennaBHT96,R1hcxQ7vl3MJ,0
conf/sigmod/Grust02,h4jdo2OUr9wJ,0
conf/vldb/ZirintsisKM99,Vcz0hav6sfIJ,0
conf/sigmod/FukudaMMT96,Bcuo4_yr2p0J,1
journals/vldb/AbiteboulB95,98GD-x4I6Y4J,0
journals/vldb/HansonCDERTX98,8Ps6tiqZMOcJ,0
conf/vldb/TriantafillouP97,ctsQkFnoQBIJ,0
conf/sigmod/Bayardo98,O05yYxasf6UJ,1
conf/sigmod/SionAP03,KJLYDWmXVJUJ,0
conf/vldb/YiF00,jlAeV2gH64QJ,1
conf/vldb/LuoN01,3IG2Rj8NgFIJ,0
conf/vldb/ShegalovWBL02,wxx70nD7j4kJ,0
conf/vldb/BratsbergH01,qxkKjpnGuTQJ,0
conf/sigmod/PapakonstantinouPV02,JXiJ0MIQSf0J,0
conf/vldb/HjelsvoldM94,hmjfo295ReAJ,0
conf/sigmod/NguyenS96,C10wtQwCym8J,1
conf/vldb/KonopnickiS95,VbPeo_JSln8J,1
journals/sigmod/NobleS95,tlPwe61JKTkJ,0
conf/vldb/WangHH00,bDH4OmzDSLEJ,0
conf/vldb/IoannidisP99,M0LNb84Z1usJ,0
journals/vldb/Sciore94,dVhLP6javLcJ,0
conf/sigmod/MoleskyR95,_GpTXl8tqrkJ,0
conf/vldb/Chawathe99,NXA1w2PEtI4J,0
conf/vldb/Mina98,6SiX0ZUh1x0J,1
conf/vldb/BaumannFRW97,Y8OcI0fNMYEJ,0
conf/sigmod/McAuliffeCS96,Av-03LZwl-EJ,0
conf/sigmod/Olson95,nE-Hqy9CcjcJ,0
conf/vldb/SantiniG02,nhg47aM5mvAJ,0
conf/sigmod/ChoG00,dh9FMRjdxtMJ,0
journals/sigmod/Kemper02,2QcP18XnubsJ,0
conf/sigmod/TsurUACMNR98,9rD0KE5Ku8AJ,0
conf/vldb/MengLYWCR98,UG_kbdF0gboJ,0
conf/sigmod/Ozsu99,rnakKC_M9-kJ,0
journals/tods/WangBBJ97,mBNBou25Lq0J,0
journals/sigmod/DreyerDS94,GCf11c7YuucJ,1
conf/sigmod/BrunoCG01,k_V7EobuDy8J,0
conf/vldb/GehaniJR94,wp2fXABPKz8J,0
journals/tods/TariSS97,-85StbniV4gJ,0
journals/sigmod/LudascherMM01,E_eOZJYat6IJ,0
journals/sigmod/FrankGGJKLMNPSSSTW99,5PisY7JvbzQJ,1
conf/vldb/Draluk01,url:http://www.ingentaconnect.com/content/els/09505849/1996/00000038/00000001/art01039,0
journals/sigmod/UlusoyB96,2RdyZ6DI0UgJ,0
conf/vldb/RothS97,DlqD1frCzdIJ,0
conf/vldb/Blecken00,Zy3vRcypVx4J,0
conf/vldb/OConnellWG01,JwBTbU4f5CoJ,0
journals/sigmod/FlorescuLM98,lUbtDtHpaKkJ,0
conf/sigmod/KuhnTS94,CPRQDTV3-M8J,0
conf/vldb/BamfordAP99,c24cwONhIa4J,0
conf/sigmod/LuMSS95,i_-3aaAO7NkJ,0
conf/vldb/Cabrera03,FoAVdcYe0tsJ,0
conf/sigmod/AgrawalCFGHIIMMSS94,HcDaHCkKFOQJ,0
conf/vldb/SarawagiS96,GzBmx-QUxFYJ,1
journals/vldb/AgrawalAJL95,qRsT_h_aVd0J,0
conf/sigmod/CareyK97,2OPEy9_6BlEJ,1
conf/sigmod/BrownCL96,TcpZUqyfYCAJ,0
conf/vldb/WienerN94,RhYqQG6d0ikJ,0
conf/vldb/LeeWMS02,SzCeMhLdeUYJ,0
conf/vldb/Moerkotte98,B0PxZgmEe64J,0
journals/sigmod/BarbaraS97,K5qKNDdp-a8J,0
conf/vldb/TatbulCZCS03,XrFekuRtR2EJ,0
conf/sigmod/ONeilQ97,FOruO1PeowAJ,1
conf/vldb/HoelS95,k7DhyrzUMSoJ,1
journals/vldb/HelmerM03,fz4PKDuWGmoJ,1
conf/sigmod/ColeG94,_AA2qEg_o30J,0
conf/sigmod/KrollW94,SX1_Z3Z000YJ,1
journals/sigmod/ChongFTSYKDJJ03,AkeqieT-JTAJ,0
conf/vldb/NathDKGKS03,dmcRNdwoBy4J,0
conf/vldb/SrikantA95,fIcZeXoZ4bIJ,1
conf/vldb/GottlobKP02,url:http://www.csa.com/partners/viewrecord.php%3Frequester%3Dgs%26collection%3DTRD%26recid%3D0265498CI,0
conf/sigmod/RafieiM97,UBACGF9cQ2UJ,1
journals/tods/Revesz98,cGV-H4tno5UJ,0
conf/vldb/CasatiS00,url:http://doi.wiley.com/10.1002/ace.51,0
conf/sigmod/ZhangZPTL03,PECa3dr4-bQJ,0
conf/sigmod/LahiriG01,lwZ7EjZwrZ0J,0
journals/sigmod/Liu01a,UA7Q37QGci4J,0
journals/sigmod/FininJ02,NlMndaTvroEJ,0
conf/vldb/ChaudhuriS94,TfSzF5iQEQAJ,0
journals/sigmod/ErdurD02,6xEYwT9sxlUJ,0
conf/vldb/TengCY03,ywwuMtXbDXMJ,0
conf/sigmod/Bampahl95,qYXxxdR8ncEJ,0
conf/sigmod/Spiro98,LcAXz1gaw5cJ,0
conf/sigmod/ChoALS03,FOYb_Kd8j8sJ,0
conf/sigmod/Gettys95,nSoAh2YS9REJ,0
journals/sigmod/LenzVJS03,Y7_AjJ89DaEJ,0
conf/sigmod/FaloutsosRM94,Projg8pBjYIJ,0
journals/vldb/MedjahedBBNE03,MAlY7Ggpw28J,0
conf/vldb/MengLYWCR98,wzSXfJbGRwEJ,0
conf/sigmod/DoRD99,b9JFbUALTNwJ,0
journals/sigmod/RoantreeS02,url:http://portal.acm.org/ft_gateway.cfm%3Fid%3D637435%26type%3Dpdf%26dl%3DGUIDE%26dl%3DACM%26CFID%3D11111111%26CFTOKEN%3D2222222,1
journals/sigmod/Aberer03b,xXZNfyqorx4J,0
conf/sigmod/GuhaJKSY02,DPf__9SuvxoJ,0
conf/vldb/RamanRH99,FbKAi2JL8l0J,0
conf/vldb/MoserKK95,MIL-ZYI2yEUJ,0
conf/sigmod/LeeKC99,-TnwYEYozYQJ,0
journals/sigmod/Huyn01,p7m3Y7OqHJYJ,0
journals/vldb/LiR99,Ko9e8CH2Si4J,1
conf/vldb/LeeL99,hl8PV11i1mAJ,0
journals/sigmod/LinP96,gIFZWp_iCmUJ,0
conf/sigmod/BabcockCD03,fdh9bzqVt6QJ,0
journals/sigmod/HellersteinHM03,6ussAgzdL6oJ,1
conf/sigmod/WattezCBFF00,TxRpcqnmrScJ,0
journals/sigmod/BunemanRU97,V6CmNS2__nUJ,1
conf/sigmod/LakshmananPZ03,nIRrpQ2dmX0J,0
conf/vldb/HelmerWM98,Khf1s1aTXwYJ,0
conf/sigmod/AgichteinG03,uv6nMj7jEggJ,0
journals/sigmod/QuixSJ02,WrDEAYSIefcJ,0
journals/sigmod/SnodgrassAABCDEGJKKKLLRSSS94a,bx0oe6kP_GkJ,0
conf/sigmod/MumickQM97,q0jwUX3AU0MJ,0
conf/sigmod/BerckenDS00,-3JQfRZsy8wJ,1
journals/sigmod/Labrinidis01,0sQVbohb7DcJ,0
journals/vldb/AbiteboulB95,QggifcM-zvYJ,0
journals/vldb/SuHHHLWLPLL01,xcRKDHBIUb8J,1
conf/sigmod/CareyCNVDRSM99,url:http://portal.acm.org/ft_gateway.cfm%3Fid%3D1086235%26type%3Dpdf,0
conf/vldb/Moerkotte02,V6QU1cHclLsJ,0
conf/vldb/KoudasGGSV03,-DWZTIaj3x0J,0
conf/sigmod/ChaudhuriMN99,ixEKmyCI4koJ,0
conf/sigmod/BorkarDS01,nsoA6Gcc_jsJ,1
conf/vldb/SarawagiS96,z8Yuotj4TkwJ,0
journals/sigmod/BernsteinDK99,t3KvgJ19LxEJ,0
conf/vldb/ChaudhuriN97,kSS8dDnqlioJ,0
journals/sigmod/Richey95,url:http://doi.wiley.com/10.1002/ace.8005,0
journals/tods/GoldmanL94,M08qLw9n1qoJ,0
journals/tods/TariSS97,wGAAD7CTrnMJ,1
conf/sigmod/Shyy95,Lg8yEjB8jmAJ,0
journals/sigmod/WolfsonSDNR95,pn7tReGGv0sJ,0
conf/sigmod/Brown99,CK_paAIPSqgJ,0
conf/sigmod/GingrasLSPS97,5X6YbnD-oV4J,0
journals/sigmod/Widom96b,rKXDeYms_lsJ,0
conf/vldb/DarmontS99,RB5U3EEupjwJ,0
conf/vldb/Levy96,lDTPyBMtHVwJ,1
journals/sigmod/Gunther97,ubQdCUP58s0J,0
conf/sigmod/MaddenFHH03,luCpUdGUJ9oJ,0
journals/sigmod/Winslett02a,NiBdZXS0TCMJ,0
journals/sigmod/Datta94,dogu0I_nyG0J,0
journals/tods/WijesekeraJPH03,ezP7Ye9vkAIJ,0
conf/sigmod/Keim96,VT0oJBgVFosJ,0
conf/vldb/RamanRH99,OZD-0CszGO0J,0
conf/vldb/Taylor00,HgSuaW-dNhMJ,0
journals/sigmod/Alonso95,kj3MVmGGCyEJ,0
conf/vldb/ChakrabartiM00,7P1LlDStRGYJ,1
conf/vldb/KoudasMJ99,aQ8utUzZ7ToJ,0
conf/sigmod/ZhaoDNS98,iB1kJ4OrxjEJ,0
journals/vldb/SakuraiYUK02,K8PBWR1g_ccJ,0
journals/tods/ChenHM95,OrM9PCTemSoJ,0
conf/sigmod/Mylopoulos98,ImkMDQQNDfQJ,0
conf/sigmod/BlakeleyD00,hISh-8Hn4iwJ,0
journals/sigmod/McHughAGQW97,FUXcNB3HHi4J,1
conf/sigmod/CasatiS01,HN35LxLKvP8J,0
conf/sigmod/Wu99,NquTrAit2wsJ,0
conf/sigmod/OlstonJW03,0oPfKUylwgEJ,0
conf/vldb/ManegoldBK00,Ye5i7ypSH9YJ,0
conf/vldb/ChakrabartiRS02,url:http://doi.ieeecomputersociety.org/10.1109/TKDE.2004.1269673,0
conf/sigmod/NestorovAM98,am9zrb5azUQJ,0
journals/sigmod/BhargavaAP95,HrkbXbYadxgJ,0
conf/sigmod/ShanmugasundaramNSR99,pfr2kUxqEhYJ,0
conf/sigmod/Perna95,GeZAgNdZoyIJ,0
conf/vldb/FlodinR95,url:http://portal.acm.org/ft_gateway.cfm%3Fid%3D87943%26type%3Dpdf%26dl%3DGUIDE%26dl%3DACM%26CFID%3D11111111%26CFTOKEN%3D2222222,0
conf/vldb/Bernstein94,TqLyg1wbo5UJ,1
journals/sigmod/AtzeniM98,HtxGbMkTXdsJ,1
conf/sigmod/GibbonsM98,t0Iy8QMxdHgJ,0
journals/sigmod/Chaudhri98,CoR5jNYfKskJ,0
conf/sigmod/WuAA01,AU4SRxvQCWwJ,0
conf/sigmod/JagatheesanR03,InqySB8bkKkJ,1
conf/sigmod/BarbosaMKL02,u9Ou0WpyYgAJ,0
conf/vldb/DarEGP98,zkTqkTZVgbsJ,0
conf/vldb/DoR02,P8K1ilVuakkJ,0
conf/vldb/GarofalakisI97,1btlNbfxIaIJ,0
conf/sigmod/WhiteCF98,AfurHtgJaCYJ,0
conf/vldb/CotterB00,bBWTfVo3-agJ,0
journals/sigmod/Stacey95,url:http://doi.wiley.com/10.1002/he.104,0
conf/vldb/JonscherD94,Af8SFXd4LKkJ,0
journals/vldb/DeyBS96,QAGEuCJJJPAJ,0
conf/vldb/SayalCDS02,NCdoZrZA0esJ,0
journals/sigmod/JensenCEGHJ94,zXvnv4O293wJ,0
journals/sigmod/Chaudhri95,5Boc_EPkdvkJ,0
conf/vldb/PatonG01,9V45-LFYZAoJ,0
conf/vldb/JagadishMN99,nBUN0dffoUoJ,0
conf/vldb/OzdenGHNSDGGW01,url:http://portal.acm.org/citation.cfm%3Fid%3D645927.672352,1
conf/vldb/WeberSNSS03,E39dyvjw5zYJ,0
journals/sigmod/HuangKL02,4XP24_IFvPsJ,0
conf/vldb/ChaudhuriS01,e3x1gQOsmMkJ,0
conf/vldb/OzsuVU98,3IaXIT7Tq_kJ,0
journals/sigmod/Ozsu02a,5imo2877qGcJ,0
journals/vldb/LinJF94,FJ2mC1bp7twJ,0
conf/sigmod/BumbulisB02,0RHM2GayLMQJ,0
conf/vldb/SayalCDS02,DeOLQvAkDagJ,0
journals/sigmod/FininJ02,orCTbYFBzDoJ,0
conf/vldb/Padmanabhan96,k9xczEeERzIJ,0
conf/vldb/HeMYW03,url:http://www.csa.com/partners/viewrecord.php%3Frequester%3Dgs%26collection%3DTRD%26recid%3DN9210487AH,0
journals/sigmod/Snodgrass00,YB3A1zJD0HMJ,0
journals/tods/StoreyCDGS97,url:http://www.csa.com/partners/viewrecord.php%3Frequester%3Dgs%26collection%3DENV%26recid%3D7901465,0
journals/sigmod/ChristoffelPSL98,BfscVEqGTNUJ,0
conf/sigmod/GriffinL95,XIKH6Kp7NM0J,0
conf/sigmod/WodtkeWWDM97,e_vUPQi8-xIJ,0
conf/sigmod/JagatheesanR03,IP7dwU2JOrAJ,0
conf/vldb/HammelP02,blwvF0a-Ji8J,0
journals/sigmod/SayginVC01,url:http://portal.acm.org/ft_gateway.cfm%3Fid%3D604271%26type%3Dpdf%26dl%3DGUIDE%26dl%3DACM%26CFID%3D11111111%26CFTOKEN%3D2222222,1
conf/sigmod/LiYVGPUV98,fOQEOEdh-mcJ,1
conf/vldb/ZurekS99,Fl66iO1nytkJ,0
conf/sigmod/LakshmananNHP99,tftfK6qWKJcJ,0
journals/sigmod/HuangKL02,bDtZ-m_QrNEJ,0
journals/sigmod/MukhopadhyayGS03,gpRA1qDpYF0J,0
conf/sigmod/DavisonG95,Ed8EH4p2vBMJ,1
conf/sigmod/KaushikBNK02,8M2rLLD3DlQJ,1
conf/vldb/LiM01,z0huJoMmsCEJ,0
conf/sigmod/Tajima96,qMQX9xyAeBgJ,0
journals/vldb/TsatalosSI96,CwGVyhRy8oIJ,0
conf/sigmod/Fegaras98,3m8iE5f5ib0J,0
conf/sigmod/MumickQM97,LlgaRsraQpwJ,0
journals/tods/EiterGM97,BnM4bTYXkjEJ,0
journals/sigmod/RosenthalHRS97,l4vtJ31iXc8J,0
journals/sigmod/Hammer03,1VMu3w75XyoJ,0
journals/sigmod/Bussler02,3U6KCyD-uEIJ,0
journals/sigmod/GobleR02,S6_KYlkgE1YJ,0
conf/vldb/CuiW01,cBiM-7_zgUcJ,0
conf/vldb/ChristodoulakisTZ97,ZOUfWtEsewAJ,0
journals/sigmod/Han98,Y0GdVVrbzfQJ,1
journals/tods/Lerner00,O9gFh020z2UJ,0
journals/sigmod/Hainaut03,BqH503smxL0J,0
conf/sigmod/AgrawalES03,gw6jybgcSxEJ,0
conf/sigmod/Atkinson95,dtfwKSdxN5MJ,0
conf/sigmod/LakshmananPZ03a,k-OqQQ5N3zsJ,0
journals/sigmod/Franklin00,hzFZO1gDPk4J,0
conf/vldb/JaedickeM99,TaaxQZajjqoJ,1
journals/sigmod/GerlaX03,Uqa6wPxVKEgJ,0
conf/sigmod/TsueiPK97,DpQGq6n1jnkJ,1
conf/sigmod/IoannidisP95,OVpXtbejwzoJ,0
journals/sigmod/ShethGJRSWW96,HOvgrl8NmmoJ,1
conf/sigmod/Mohan94,C_X4Frh2wHIJ,0
conf/vldb/MorimotoFMTY98,hwMWVdmagBAJ,0
conf/vldb/Bayer95,url:http://portal.acm.org/citation.cfm%3Fid%3D983076.983080%26coll%3DGUIDE%26dl%3DACM%26idx%3DJ689%26part%3Dperiodical%26WantType%3Dperiodical%26title%3DACM%2520SIGMOD%2520Record%26CFID%3D11111111%26CFTOKEN%3D2222222,0
conf/sigmod/ChristophidesCS00,R7tBLAw0O3wJ,1
journals/sigmod/BernsteinBCDFGGHHJLMNPSU98,mwN9L9PnaAwJ,0
conf/sigmod/Jamil99,A-JnK0Uo2PwJ,0
conf/vldb/BratsbergH01,zfOMc11VEtEJ,0
conf/vldb/KoudasIM00,VSR4PwHmGWsJ,1
conf/sigmod/BersonGMJ94,KJ_37haLHGUJ,0
conf/sigmod/Aggarwal02,6_hn2yDY7a4J,0
journals/sigmod/MeltonMJKSZ01,omJyBQY50uQJ,0
conf/sigmod/Kennamer98,sQeWa6pV3VsJ,0
conf/vldb/BouganimNPW03,bMHHuMc66JAJ,0
conf/sigmod/PatelD96,W9QkrZRRlsMJ,0
conf/vldb/SindoniTABFGMPPT01,vKfVZzfES_4J,0
conf/vldb/CiliaHB02,PlWvbdNFCAMJ,0
conf/sigmod/Bampahl95,2Dnx3xQykacJ,0
conf/sigmod/ZaharioudakisCLPU00,_Xm5aN54qV4J,0
journals/sigmod/DomenigD99,mbxQZUucE4YJ,0
conf/vldb/ChungCLL01,n8aqETtpARgJ,0
conf/sigmod/MumickP94,100PFCYhqIgJ,0
conf/sigmod/BrinkhoffKSS94,8VJJDc5IV6cJ,0
conf/sigmod/KalnisNOPT02,ipAB8UMS7QkJ,1
conf/sigmod/PapakonstantinouPV02,1B0JvMSHkLgJ,0
conf/sigmod/2002,vvfvM7W-KuUJ,0
journals/sigmod/Suciu01,mH0XY3h8UlcJ,0
journals/vldb/PapazogluK97a,ZtgVM1cqGH8J,0
conf/vldb/SeshadriLR97,0PB7gf7EpMcJ,0
conf/vldb/ChandrasekaranF02,kUPahuP4ZJcJ,0
journals/vldb/BarbaraI95,nA0GCJU0unYJ,0
conf/sigmod/ColbyGLMT96,lqH2lcN6ZnQJ,0
conf/sigmod/Greer99,lfIQpqzuXmAJ,0
conf/sigmod/BaruGLMPVC99,KlM6IrItVpcJ,0
conf/sigmod/Mohan96,8QcrEpZgh-YJ,0
journals/sigmod/CaplinskasEV02,TKnuDtJZmisJ,0
conf/vldb/LakshmananJN00,_SUd4aUz5aAJ,0
conf/vldb/Amer-YahiaFSX03,WfyFBamD2_MJ,0
journals/vldb/SwamiS95,z6Z1hQYHTAMJ,0
journals/sigmod/Date03,s1hfKakuFFAJ,0
conf/sigmod/GarofalakisG02,aEhVgTfCykUJ,0
journals/vldb/KieslingSSD94,gBvrQiYzpCIJ,0
conf/sigmod/WitkowskiBBDFGSS03,UGSHFqt2jpYJ,0
conf/vldb/WeberSNSS03,t1f8K1K13ocJ,0
conf/sigmod/HarinarayanRU96,4OrM17Osz64J,1
conf/vldb/AksoyZF01,A92KQRVdZaoJ,1
conf/sigmod/ChaudhuriKN03,tOTe7iddlmMJ,0
conf/vldb/LiuLBHTS03,HhVujBhsnf8J,0
conf/vldb/Bernstein94,sVGxTUtVd60J,0
conf/vldb/Ogawa96,my4BalOLmAsJ,1
journals/tods/ZaharioudakisCF97,YfrqwWdM3ioJ,0
journals/tods/ChrysanthisR94,hiAb_9RGvQUJ,0
journals/vldb/HalkidiNVV03,esOSnAvIqi4J,0
conf/sigmod/BonnetBCCCHKMMOSS99,muKlf55WLCoJ,0
conf/sigmod/GaoW02,PZTESZecfnQJ,1
conf/vldb/KnorrN98,yFmekFZgZmwJ,1
conf/vldb/MuntzR94,dOAl-qbn_3cJ,0
conf/vldb/SreenathS94,SXHPvzZDrFMJ,0
conf/sigmod/IoannidisP95,mKsxPS2lFXcJ,1
journals/sigmod/TsotrasJS98,ciJP1eM5K3gJ,0
journals/sigmod/BilirisP96,R3GV7di3xoEJ,0
journals/sigmod/SouzaS99,OmYc0wE1j4kJ,1
conf/vldb/SatheS01,WjgaJI2ts2cJ,0
conf/sigmod/JagadishJOT01,OM7n6h8R8CoJ,1
journals/vldb/ChanGR03,mj5qtzvXLDEJ,0
conf/vldb/LabioG96,dUtsaTyBnxMJ,0
journals/tods/GhandeharizadehHJ96,i9LJVMz9DusJ,0
conf/sigmod/BrinkhoffKSS94a,url:http://adsabs.harvard.edu/abs/1979PhDT........37T,0
conf/vldb/ColletCS94,6scmBfFW0ngJ,0
conf/vldb/HumborstadSHT97,CCrtJNMZ3hEJ,0
conf/sigmod/LarsonG03,14VyjJ0mnBMJ,1
conf/sigmod/JarkeQCLFLVV00,dKelS9Tp1MgJ,0
conf/sigmod/ZhangDWEMPMDR03,jnBo-gBTmAcJ,0
conf/sigmod/Mamoulis03,9uf3uzbgjHgJ,0
conf/sigmod/AbadiC02,3lrgujnS5GEJ,0
conf/vldb/Hallmark95,JoY5e_B55gAJ,0
conf/sigmod/Jagadish94,-yI6I5629M4J,0
journals/sigmod/Aberer02a,url:http://portal.acm.org/ft_gateway.cfm%3Fid%3D565129%26type%3Dpdf%26dl%3DGUIDE%26dl%3DACM%26CFID%3D11111111%26CFTOKEN%3D2222222,1
conf/sigmod/MoonSL00,url:http://portal.acm.org/ft_gateway.cfm%3Fid%3D1099623%26type%3Dpdf,0
conf/vldb/DarmontS99,AgtG0B9waM4J,0
conf/vldb/Hallmark95,2XLMgQr-sEgJ,0
journals/tods/TaoPZ02,CxBJwFNdozAJ,1
conf/sigmod/Galhardas00,4ivhNTbIE24J,0
conf/vldb/ZouS98,_OimKPnidhsJ,1
conf/sigmod/ChangG99,url:http://doi.wiley.com/10.1002/he.10102,0
conf/vldb/LevyMS94,6wGozkC-i8EJ,1
journals/tods/DeyS96,l2y2U5f48WcJ,1
conf/vldb/Dyreson96,url:http://doi.wiley.com/10.1002/ace.8105,0
journals/sigmod/CabreraLM01,Ym3jLjsP0vIJ,0
journals/sigmod/KlasS94,bO7Qobdu1JIJ,0
conf/vldb/Leymann03,KGyKFmRfspAJ,0
conf/vldb/Ogawa96,Gn5tHxooUzkJ,0
journals/sigmod/SalgadoE03,3ZqmA3aF600J,0
conf/sigmod/MankuRL99,url:http://www.csa.com/partners/viewrecord.php%3Frequester%3Dgs%26collection%3DTRD%26recid%3DN9210514AH,0
conf/vldb/MengLLA03,V6KNPMKdyagJ,0
conf/vldb/SadriZZA01,url:http://doi.wiley.com/10.1002/ace.7904,0
conf/sigmod/DeshpandeRSN98,O_d7buxDONsJ,0
conf/sigmod/SalemBCL00,url:http://portal.acm.org/citation.cfm%3Fid%3D171926.171955,0
conf/vldb/YiF00,vBqXALiKUK8J,0
journals/tods/FukudaMMT01,_2f7zWIzK0QJ,1
conf/vldb/ShiSZ03,-0IrOGrnfX4J,0
conf/vldb/CarneyCZRCS03,yOMwpppc29kJ,0
journals/vldb/FerrariAABC02,9xQd4V21pkYJ,0
conf/vldb/WangZL03,Vjga5yC23KIJ,0
conf/vldb/BouganimP02,s5E3suKuD6kJ,0
conf/vldb/BrinkhoffK94,MMkFha8tQ50J,0
journals/sigmod/FlorescuLM98,xfzQQjDwnfcJ,1
journals/sigmod/GerlaX03,R4GBIfrB0C4J,0
conf/sigmod/KuhnTS94,5Cz9SrbXjkwJ,0
journals/sigmod/Barbara01,F698Utt_Ig8J,0
conf/sigmod/ColletC95,PTKolemY8lAJ,0
conf/vldb/HumborstadSHT97,TjJZGlCajbMJ,1
journals/tods/AikenHW95,url:http://adsabs.harvard.edu/abs/1976scom.nasa..315B,0
conf/vldb/BouganimCDDGS99,RmIpfd2H6DYJ,0
conf/sigmod/LabioZWGGW97,-UYCf_KkwggJ,0
conf/vldb/BernsteinHSSZ97,qjjO8x9kQ2MJ,0
journals/tods/KossmannFDA00,LJvuWTybivkJ,0
conf/sigmod/BaruGLMPVC99,wTXunETZhPwJ,1
conf/sigmod/AcharyaGPR99,aUJE6Z7dZ_YJ,0
journals/vldb/MuckP97,7SqeRN6q7soJ,0
conf/vldb/HaasKU99,xMRpOr8JfeUJ,0
journals/vldb/DerrMP94,t5wcMnkbsiUJ,0
conf/vldb/JosifovskiR99,a58OzgW7AvUJ,1
conf/sigmod/FlorescuLMS99,OJjwkoZbhL0J,0
journals/sigmod/MusickC99,mA4kKq9Z3tYJ,1
conf/vldb/LempelM02,iVNxxl0_TZEJ,0
conf/vldb/HoelS95,7KsyQNj74A4J,1
conf/vldb/HaasB03,5Nnw0M5dJ6EJ,0
conf/sigmod/GodfreySE98,url:http://www.springerlink.com/index/J54183R57106852K.pdf,0
conf/vldb/GalanisWJD03,EgurdgisWTQJ,0
conf/sigmod/Bonnet02,6JeEUcwt3sUJ,0
conf/sigmod/Chong98,3fQBks2g-BMJ,0
conf/vldb/ChakravarthyKAK94,iCravdLxsswJ,0
conf/vldb/JaedickeM99,WucChbArfVwJ,0
conf/vldb/MarronL01,MiMYGwqrGY8J,1
conf/vldb/PantiSG00,g2x6-2G3hj0J,0
journals/tods/CiacciaP02,VVD-U4tY4P4J,0
conf/sigmod/CookKWZ96,L3-o1mQiaw0J,0
conf/vldb/JosifovskiR99,GfiQygac5twJ,0
conf/vldb/KoudasGGSV03,fkhKiiKAuOMJ,0
conf/vldb/JonscherD94,hF0571SQ0xwJ,0
journals/tods/DekhtyarRS01,url:http://portal.acm.org/citation.cfm%3Fid%3D1008192.1008207,0
conf/sigmod/ColbyKLMR97,gvO-cecC2McJ,0
conf/vldb/LevyRO96,lrocSfnfPrMJ,1
conf/vldb/JiangSLB00,TPpmqOP1RHsJ,0
journals/sigmod/GamacheS95,Wma2b9ylHusJ,0
journals/tods/KossmannS00,PnGVbzQCWY0J,1
journals/sigmod/RossIJP00,1Keer7MOS54J,0
conf/sigmod/SzalayGTKMRSv02,url:http://www.springerlink.com/index/H618761246483650.pdf,0
conf/vldb/TanEO01,IqOvJUpZJ3sJ,0
journals/sigmod/BabuW01,VLOGPMjpyZ0J,1
journals/sigmod/KuokFW98,gCvKlCeewnEJ,0
conf/vldb/DingGS00,url:http://portal.acm.org/ft_gateway.cfm%3Fid%3D93624%26type%3Dpdf%26dl%3DGUIDE%26dl%3DACM%26CFID%3D11111111%26CFTOKEN%3D2222222,0
conf/sigmod/QuassW97,u6Sx6E5i4L8J,1
conf/vldb/StolteA02,N3Bry6sSMw8J,1
journals/tods/BozkayaO99,0znTIa901S8J,1
journals/tods/LiuM96,TNx5vnRHHxMJ,1
journals/vldb/AbadiCCCCLSTZ03,P6h0RUZP7E8J,0
conf/vldb/CarinoJ98,url:http://ieeexplore.ieee.org/iel5/35/23771/01091089.pdf%3Farnumber%3D1091089,0
journals/sigmod/GeppertD94,VlVV2mEnoQ4J,0
journals/vldb/Han98,eqA3CrAFWocJ,0
journals/sigmod/Snodgrass03c,rCRR_l_AmPMJ,0
conf/vldb/ChakravarthyKAK94,2pySPwXCpZQJ,0
conf/sigmod/GotoK03,SsXkxUi6SAcJ,0
conf/sigmod/GuhaRS98,LoR0K8QRGkgJ,1
conf/vldb/SumiyaYTSI95,lya3sz6YqT0J,0
journals/vldb/CandanLS00,YkCEbUcSVkwJ,0
conf/vldb/AnSVKIG01,NKewdTpJHYAJ,0
journals/sigmod/Gaffney96,YMJWXy5nkhkJ,0
conf/vldb/WeberSB98,U9W8YB3FkJUJ,0
conf/vldb/KounevB02,HpK1V5NbX38J,0
conf/vldb/RantzauCHM02,a-woEoQDThEJ,0
conf/sigmod/BressanGFJHKLMPQSS97,jJuSPh63bZ0J,1
conf/vldb/GarofalakisOS97,url:http://doi.wiley.com/10.1002/ace.127,0
journals/sigmod/HansonN99,EmwIr5gFFRAJ,0
conf/vldb/MorishimaKKT01,fOM1JU2CVFkJ,0
conf/sigmod/BerckenDS00,tyNO4U-fmrIJ,0
conf/vldb/Chiueh94,oIFrkS2rPrcJ,0
journals/sigmod/SouzaS99,yxCYqist70AJ,0
journals/vldb/C95,FlC-FF1hbbUJ,0
journals/vldb/GeorgakopoulosRL94,url:http://doi.wiley.com/10.1002/ace.7608,0
conf/sigmod/CatarciS94,QHYgEQ2JeZUJ,0
journals/vldb/PacittiS00,JnDsZ5LhHYoJ,0
conf/vldb/ChakrabartiSD98,kgVpXM-wLCEJ,0
conf/sigmod/YangWYH02,9txS2mlA2DMJ,0
journals/sigmod/Domingo-FerrerH98,pNCBMycRzyUJ,0
conf/vldb/CareyD96,5HV8kccLoZ4J,1
conf/sigmod/SistlaW95,F-QgodYeCHYJ,0
journals/sigmod/Jhingran00,url:http://www.csa.com/partners/viewrecord.php%3Frequester%3Dgs%26collection%3DTRD%26recid%3DN9210476AH,0
conf/sigmod/FreedmanD95,zZxhLyWb4ZMJ,0
journals/vldb/TurkerG01,PULXexQSKHoJ,0
conf/sigmod/Ross00,TzvonruJAnEJ,0
conf/sigmod/DogacTPPLKTK02,AJROPXxSlUUJ,0
conf/vldb/Kiessling02,_d_dOLoXN3QJ,0
conf/sigmod/ColeG94,qpYRj0BgQz4J,1
conf/sigmod/ChakrabartiDI98,2wTzBXRkfnIJ,0
conf/vldb/AgrawalSX02,cwlzSBbT2vAJ,0
journals/sigmod/Liu03c,mWq8DSYel9AJ,0
conf/sigmod/Ballinger94,aM0GU9L2Y7MJ,0
conf/vldb/Chawathe99,1-mxxSvIMB8J,1
conf/sigmod/SinghTW94,ltzWlNOJavwJ,0
conf/sigmod/LaursenOP94,olIysX6gdKcJ,0
conf/sigmod/SagonasSW94a,Gp36TpmXDIQJ,0
conf/vldb/DonjerkovicR99,GRkopQYssBsJ,0
journals/sigmod/Aberer03,pi7SH1rM55wJ,0
journals/sigmod/Chen94,74hKl9O64YAJ,0
conf/sigmod/GuoSBS03,VoLW9W7LxuIJ,0
journals/sigmod/LightstoneLZ02,mK8RyNsQz4QJ,0
conf/sigmod/GuptaHR97,url:http://portal.acm.org/ft_gateway.cfm%3Fid%3D1101227%26type%3Dpdf,0
journals/sigmod/SycaraKWL99,Jq4RRICYeKEJ,0
conf/vldb/NatsevCSLV01,173qcCip5coJ,1
journals/sigmod/LeeC00,b9BVLUU3P0YJ,1
conf/vldb/BonifatiCDS01,tCrfb27dXiwJ,1
journals/sigmod/SnodgrassHMOPRRWY98,RGbyJNcgdSgJ,0
conf/vldb/ChakrabartiGRS00,PTmCbogNUpAJ,1
conf/vldb/AilamakiDHW99,ctDS9w1d04cJ,0
journals/sigmod/BoucelmaCGJLL02,WLTOBfgNz_EJ,0
conf/sigmod/GillmannWW02,Pbjz4-UPrZ8J,1
conf/sigmod/LiGS02,voK1sZXeQg8J,0
conf/sigmod/IlyasRLGL03,0pg4fhJE4XcJ,0
journals/tods/LakshmananLN03,EqF1i1bl7GIJ,0
conf/vldb/AgrawalS94,551mHiCJRjoJ,1
journals/tods/Ross96,YybSjtIvF8gJ,0
conf/vldb/Sheth96,0s_FuwpW0CgJ,0
conf/vldb/StanoiRAA01,ujUX-EPdLdIJ,0
journals/sigmod/Cardelli01,4JLP54QgDmkJ,0
journals/tods/FraternaliT95,Y6BmUcEldR8J,0
conf/sigmod/Carey00,RRLtMwMOBe4J,1
conf/sigmod/HoAMS97,6RM1Xl9901wJ,0
journals/sigmod/AdelbergKG96,6gc5TN-yce8J,1
conf/vldb/MeoPC96,p2pzLkGmO9wJ,1
journals/vldb/PacittiS00,zyi93Q1a2u4J,0
conf/vldb/ChaudhuriS96,oos3txS6ENgJ,0
conf/sigmod/WoelkBJOTU95,MfWZUBAVPFUJ,0
conf/vldb/AtzeniMM97,QLI_xo-fBp4J,1
journals/tods/BellNNS96,u9ZWXsfdCggJ,0
conf/vldb/ChaudhuriGN03,HxQoc9PkFOMJ,0
journals/tods/AikenHW95,wqzH2cCYdTAJ,0
conf/vldb/HelmerNM03,_e-kPWMaxgQJ,0
conf/sigmod/ZhangMCMR02,8aNVHU9WrlUJ,0
journals/sigmod/Manola98,znXjZ0JSOjUJ,0
conf/vldb/NetzCBF00,petxvg1GlKIJ,0
journals/vldb/GruserRZZ00,edM6xb0WvxUJ,0
conf/vldb/AcharyaGP99,lEcvmbMFXIEJ,0
conf/sigmod/BeyerR99,-tzZcApQUGMJ,0
conf/sigmod/GingrasLSPS97,JnssiMfidcgJ,0
journals/sigmod/Aberer03,yQv94p3tE1IJ,0
journals/sigmod/Seshadri98,XijyPb231fAJ,1
conf/sigmod/FukudaMMT96a,WzX3GAKgMtAJ,0
journals/sigmod/BarbaraCJW01,gh5N4Xw-8YkJ,0
journals/sigmod/OConnellW03,N2EwRaYHk7QJ,0
conf/vldb/Jamil97,Q6z2Sl5lB2MJ,0
conf/sigmod/GoyalHKMS96,XcnDqa9EKqEJ,0
journals/sigmod/ChenHKPW94,jCaYEeurdFoJ,0
journals/sigmod/Sidell96,D0qEwk37wnQJ,0
journals/sigmod/Loeffen94,nSkolxxp1y0J,1
conf/sigmod/ChenJDTW00,QiSf-FBUE8QJ,1
conf/sigmod/KementsietsidisAM03,T5Oh0jNlS7AJ,0
conf/sigmod/GuhaRS98,-QQI7N65UFgJ,0
conf/sigmod/MoleskyR95,5JjaU4eNpUQJ,0
conf/sigmod/LlirbatFS97,MokEKOAerH0J,0
conf/sigmod/Bernstein96,lVzu3HsS61AJ,0
journals/vldb/LiR99,WLTOBfgNz_EJ,0
journals/sigmod/Winslett02,OUi21L-YfiUJ,0
conf/sigmod/KanthRA02,R2j6jxW9wG0J,0
conf/sigmod/PolyzotisG02,JlbfSlIptzgJ,0
conf/vldb/BouganimNPW03,WOCr0SPVaeMJ,0
conf/vldb/MedianoCD94,p76h6FURbykJ,0
conf/sigmod/SarawagiTA98,f82SsXYcTQ0J,0
journals/tods/EiterGM97,FXCNU_X9H7EJ,0
journals/sigmod/RoantreeS02,ggU3sG8lclEJ,0
conf/vldb/LeeL96,K3Xgt2zhoxoJ,0
journals/sigmod/Danish98,CKjGbc5DhHcJ,0
conf/sigmod/MorpainCFP96,SuDTZkH-Q-0J,0
journals/sigmod/Hellerstein03,CgdizHZ1ZoUJ,0
journals/vldb/NybergBCGL95,7F5bIZ74r3EJ,0
conf/vldb/BridgeJKLLM97,8qlmryXP3BsJ,1
conf/sigmod/GodfreyGXZ01,_bfC8khJ4qIJ,0
conf/sigmod/RamakrishnanD98,2DtY9exkFcgJ,0
conf/sigmod/WolfsonSXZC99,vIzIGNbSpMIJ,0
conf/vldb/LabioG96,nsN_2BnT_mMJ,1
conf/sigmod/NgWY01,2Pc6rKYB8ykJ,0
conf/vldb/HvasshovdTBH95,-n4r-ySKlsYJ,0
conf/sigmod/Hammond99,-ndr_jftgFkJ,1
journals/sigmod/LacroixB03,url:http://www.springerlink.com/index/P48G4975M14J7262.pdf,0
conf/vldb/KornSFSP96,u3kED5k834gJ,0
journals/sigmod/PuSW01,url:http://portal.acm.org/citation.cfm%3Fid%3D141818.141829%26dl%3DGUIDE%26dl%3DACM%26idx%3DJ689%26part%3Dperiodical%26WantType%3Dperiodical%26title%3DACM%2520SIGMOD%2520Record%26CFID%3D11111111%26CFTOKEN%3D2222222,0
journals/tods/GibbonsMP02,fxaXCGLM0o8J,0
conf/sigmod/Norrie95,raHw2OrbEUIJ,0
journals/vldb/SuHHHLWLPLL01,4lPV1ixEJXEJ,0
journals/sigmod/JainH94,xgS-st3oxXcJ,0
conf/vldb/BerchtoldKK96,kCH4ZzrozMkJ,1
conf/sigmod/SengarH03,AjQ8Bxi3Vz4J,0
conf/sigmod/DanielsDDEHJJLSSS94,4Xi3RvjL9uQJ,0
journals/sigmod/CampbellEM03,Xfv1vk3-PgcJ,0
conf/vldb/Kornacker99,kMnXGU8LNgEJ,0
conf/vldb/Sarawagi95,pbZPW9Noq0QJ,0
conf/sigmod/Aggarwal02,Zqy0QSWyyJAJ,0
journals/sigmod/Mackay99,iMIVxir6xWsJ,0
journals/tods/CliffordC94,V2NvGKIAe4MJ,0
journals/sigmod/Winslett01a,gj24G-g2htwJ,0
conf/sigmod/LivnyRBCDLMW97,4DxhgcUSdw8J,0
journals/sigmod/Bernstein98,P8YJUQ2gl9EJ,0
journals/sigmod/YaoG02,50aU57yUHVAJ,1
conf/vldb/RamanH01,8PPmw6A0XfkJ,1
conf/sigmod/GuptaMR95,FJDSmhSk36oJ,0
conf/sigmod/GeneserethKD97,url:http://portal.acm.org/ft_gateway.cfm%3Fid%3D1101224%26type%3Dpdf,0
conf/vldb/RamakrishnanGRSWZ95,U5WwFkWzbZkJ,0
conf/vldb/GrovlenHT98,lVd0IfhLZFsJ,0
journals/sigmod/FreemanG96,Em3qp7RGalkJ,1
conf/sigmod/LiuPTBBZBHY98,ezlAkB7ijDUJ,1
journals/tods/BunemanO96,x1jn4uOBGlkJ,0
journals/tods/Chen95,url:http://www.csa.com/partners/viewrecord.php%3Frequester%3Dgs%26collection%3DTRD%26recid%3D0014623EN,0
journals/vldb/HuangDT99,dQUI2GWD4cUJ,0
conf/sigmod/Ullman03,TabFkjNTLMsJ,1
journals/sigmod/MusickM98,sQ5LKBGgzksJ,0
conf/vldb/BernsteinHSSZ97,url:http://portal.acm.org/ft_gateway.cfm%3Fid%3D1084857%26type%3Dpdf,0
conf/vldb/ChakrabartiSD98,CKZPq_TgwmkJ,0
conf/vldb/Faloutsos02,cp82jd8YZAMJ,0
conf/vldb/BasuFP00,nUgOoeE883AJ,0
conf/sigmod/ZhangZPTL03,lgvXa0QOAtgJ,0
conf/vldb/IpeirotisG02,url:http://www.csa.com/partners/viewrecord.php%3Frequester%3Dgs%26collection%3DTRD%26recid%3DN9210444AH,0
conf/vldb/Mohan99,16L7wDma0GsJ,0
journals/tods/BaralisCP96,FuNiqCeEO2QJ,0
journals/sigmod/BarclayBGS94,_laHP2Kr87gJ,0
conf/sigmod/ZadorozhnyRVUB02,cUW9KJkX3UYJ,0
journals/sigmod/ONeilG95,lxxxttwFhDYJ,0
conf/sigmod/GeneserethKD97,oJG2lyjpAo4J,0
conf/vldb/Lesk94,nL5wl20jB-kJ,1
conf/sigmod/AdaliCPS96,uMmcsye0YCkJ,1
journals/vldb/NybergBCGL95,fuJTFhPWJ0sJ,0
conf/sigmod/WynblattN01,Mb7vgw7eDwcJ,0
journals/tods/BohlenJS00,9mnt7r03kKAJ,0
conf/sigmod/FaginKS03,EkOcazB1HFUJ,0
conf/sigmod/PossSKL02,awNlKSm8fX0J,0
conf/sigmod/Gerber95,NzGZCYMD_ngJ,0
conf/sigmod/JagadishLS99,uXZXfQgn4doJ,1
journals/vldb/CatarciSC97,VsotCt1y5zUJ,0
conf/vldb/Chawathe99,HiM9HOUxq0MJ,1
journals/vldb/Han98,GaygUZIrR-AJ,0
journals/tods/CliffordDIJS97,C60KJG_xVm0J,0
conf/vldb/Hammond96,nO_-A29kpRMJ,0
journals/vldb/MehtaGPN98,7Zf8Y2idDb0J,1
journals/sigmod/Labrinidis01,7gFurli8gs0J,0
conf/vldb/Jacobs97,url:http://www.springerlink.com/index/KWQUKLHAYVEW6GP7.pdf,0
conf/vldb/Vaskevitch95,XHfqF4JB7AsJ,0
conf/vldb/SizovGT03,lf_8o5luCa8J,0
journals/sigmod/Hoffner03,OkauLW_-74QJ,0
conf/sigmod/QuassW97,Kf9A1MbS5X4J,0
conf/sigmod/AchyutuniON96,SmnJiyDlsRkJ,0
conf/sigmod/GotoK03,7q8KwOvlg5gJ,0
journals/tods/HjaltasonS03,ypMHajkghvAJ,0
conf/sigmod/RadekeBBEKKN95,maNu9DeCH1sJ,0
conf/sigmod/HanPDW01,cJKlb_MbpmAJ,0
journals/tods/ChenHM95,9lw0lGUrWFUJ,0
conf/vldb/HelalL00,i9PjIW7bWBsJ,0
conf/vldb/CliftonFHKLS03,0UjYGkL3jqwJ,0
conf/vldb/RothOH99,c-Kalb26vykJ,1
journals/sigmod/KennedyMB96,TMrqDdYjioIJ,0
conf/sigmod/DavisonG95,hJisPpRlP6gJ,0
conf/vldb/WangC03,B_J0mjc87FsJ,0
journals/tods/TendickM94,MQEZu5H7bGAJ,0
conf/sigmod/LiGS02,ymuB0aINRmwJ,0
conf/sigmod/ChristophidesCM96,VQaTg3LSUaUJ,0
conf/vldb/AmbiteKKMST01,F4DtzxvVZnoJ,1
conf/vldb/YagoubFIV00a,1eK8VKp4rS0J,0
conf/vldb/MuntzR94,oaWPXEV65BsJ,0
journals/sigmod/JaegerF95,url:http://www.csa.com/partners/viewrecord.php%3Frequester%3Dgs%26collection%3DTRD%26recid%3D0791348CI,0
journals/sigmod/Aberer02,UsLVWu_foUcJ,0
conf/vldb/BrownG01,dKMRgoNRQDgJ,0
journals/sigmod/MaximilienS02,xW90WVqC3EIJ,0
conf/sigmod/LeeKC99,vZjWfacm-BYJ,0
conf/vldb/AgrawalLSS95,cvpwhXpJNaUJ,0
conf/sigmod/ColbyGLMT96,MgphE2z3NqYJ,1
conf/vldb/YanG95,FA4XoT1WWxMJ,0
journals/sigmod/RafanelliBT96,784yygJdtDsJ,0
conf/sigmod/Colliat03,N7lCX2hmnogJ,0
conf/sigmod/BohannonMR01,8Oo0IlhuO5cJ,0
conf/sigmod/DarEGP98,ewnL82c8kiMJ,1
conf/sigmod/MoleskyR95,mSR0bA8pIOwJ,1
journals/sigmod/Jannink95,url:http://www.springerlink.com/index/H0T1064025G75324.pdf,0
journals/sigmod/SlivinskasJS02,iZAxWAFtyNoJ,0
conf/sigmod/MaheshwariL97,7C-GRUs6uBsJ,0
conf/vldb/SchaeferBBJ00,RIN0-tTiR28J,0
conf/sigmod/MaddenH02,hlrCI-5jq9IJ,0
conf/vldb/WangSG03,url:http://www.ingentaconnect.com/content/els/09505849/1999/00000041/00000007/art00012,0
conf/vldb/CarinoJ98,H8t-jtsiZ74J,0
conf/vldb/ShashaB02,-zoMWQ6U5acJ,0
journals/vldb/TsatalosSI96,--1aoAaGkgQJ,1
journals/vldb/NybergBCGL95,A1phylxPkl4J,1
conf/vldb/AbiteboulBBCCDMMP03,T5XtCtHWXFkJ,0
conf/sigmod/AgrawalASY97,7Of1HyK-VnkJ,1
journals/sigmod/Qian94,BKK_UFdC6_wJ,0
conf/sigmod/OConnellISWABCCLPWW96,url:http://www.csa.com/partners/viewrecord.php%3Frequester%3Dgs%26collection%3DTRD%26recid%3D0332235CI,0
conf/vldb/Duranti01,6uNiGiGSyeYJ,0
conf/vldb/SchaeferBBJ00,TEJkOgcvgX8J,0
conf/vldb/CherniackZ98,nmVs7c91I7QJ,0
conf/vldb/MuntzR94,XqXtV_Zz7YAJ,0
conf/vldb/SellisRF97,EWjXsWtqUwIJ,0
journals/vldb/FengYLH02,kJohq8EqaEEJ,0
conf/vldb/Gibbons01,WOJ-WbwP8_YJ,0
journals/sigmod/KaradimitriouT97,SrCBkHnIFL8J,1
conf/sigmod/KotidisR99,UqcpU38WBwQJ,0
conf/sigmod/LiCHH97,8wHXyOWqwHcJ,0
conf/vldb/LabioG96,XgE69i8zpw0J,0
journals/sigmod/Segev94b,gB1FkKQcMRIJ,0
conf/sigmod/GoldsteinL01,url:http://portal.acm.org/ft_gateway.cfm%3Fid%3D1101365%26type%3Dpdf,0
journals/sigmod/EisenbergM99,url:http://links.jstor.org/sici%3Fsici%3D0146-4949(196422)5%253A2%253C85%253AATI%2522WL%253E2.0.CO%253B2-H,0
journals/vldb/DeWittNSV96,GzTLMCbhCscJ,0
journals/sigmod/WestmannKHM00,aLDnCruGaqYJ,1
conf/sigmod/RaoZML02,xYOLBD0iNKYJ,0
journals/sigmod/Seshadri98,N9NdxNRvMMkJ,1
journals/vldb/Amer-YahiaCLS02,h9P9NW0elDcJ,0
conf/vldb/Toivonen96,H4yBoz0Tuh0J,0
conf/vldb/ChawatheCY94,sWJZb39l1SYJ,0
conf/sigmod/LuoEHN02,2MbaeG3IVV0J,0
journals/sigmod/UlusoyB96,to6lpt0FDeMJ,0
conf/sigmod/GuoSBS03,hsbW_WrmVusJ,0
conf/sigmod/BrinMUT97,APKRvVY4Ah8J,1
conf/vldb/YuV00,s6RlOArZHx0J,0
conf/vldb/MiklauS03,atTgrFhlokkJ,0
conf/vldb/Ioannidis03,jELnwotIy9kJ,1
conf/vldb/DayalHL01,C3v83kIPsHMJ,0
journals/vldb/MaratheS02,PiRs_YMhIeUJ,0
conf/vldb/DeutschT03,PhuNH5dwSAcJ,0
conf/vldb/BaralisPT97,UUiSb7q5PHgJ,1
conf/vldb/ManolopoulosT01,v-X-wHo2SuwJ,0
conf/vldb/DeWittKLPY94,z7RgWI_XqrAJ,0
journals/sigmod/CherniakV03,SRemicnI-ncJ,0
journals/sigmod/Dogac96,url:http://portal.acm.org/citation.cfm%3Fid%3D234889.234900%26dl%3DGUIDE%26dl%3DACM%26idx%3DJ689%26part%3Dperiodical%26WantType%3Dperiodical%26title%3DACM%2520SIGMOD%2520Record%26CFID%3D11111111%26CFTOKEN%3D2222222,1
conf/vldb/Sarawagi02,BJ0pr7FqzzoJ,1
conf/sigmod/GoelI96,4mE3qkyUHnUJ,0
conf/vldb/ChatziantoniouR96,V4B2naBEjs8J,0
conf/vldb/BaralisPT97,OiFyf-aJ80cJ,0
journals/sigmod/CiliaB02,RbwvMcA0gMYJ,0
conf/sigmod/ZhouWGGZWXYF03,Cwc-7B595SUJ,0
journals/vldb/HjaltasonS02,oMFMyWmwp5oJ,0
conf/sigmod/GarofalakisGRSS00,ADZrTnYpvZoJ,0
journals/sigmod/Gal99,Hy90F0KW6m8J,0
conf/sigmod/KaushikBNK02,NXTLhAPrkNYJ,0
journals/sigmod/ShanmugasundaramSKKVNT01,YTz5S2Fu5xQJ,0
conf/vldb/EicklerKK97,GBM-AG7hdZEJ,0
conf/vldb/Spaccapietra94,Y50tactOjbcJ,0
conf/vldb/MatiasVW00,mxesESgTRcMJ,0
conf/sigmod/Ojjeh99,url:http://portal.acm.org/citation.cfm%3Fid%3D304245%26coll%3Dportal%26dl%3DACM,1
journals/vldb/AguileraCMVV02,k6eu4IWeE2sJ,0
conf/vldb/Suciu96,1A4eS7Qd5vEJ,0
conf/sigmod/PeiMHZ00,WPzPG3QgDC8J,0
conf/sigmod/Kennamer98,url:http://doi.wiley.com/10.1002/anie.197903221,0
conf/sigmod/ChenJDTW00,WJnfUQqywUMJ,0
conf/vldb/AshwinRSSS97,vitgygjdz3AJ,1
journals/vldb/C94a,H1K1KNYfTnMJ,0
conf/sigmod/RundensteinerWYD02,YP7qrouFTZIJ,0
conf/sigmod/HanPDW01,qILy1kNwjikJ,0
conf/vldb/SahuguetA99,Mi0eqxwTUwEJ,1
conf/vldb/Pogue98,url:http://links.jstor.org/sici%3Fsici%3D0146-4949(196723)8%253A4%253C528%253AHVDAI%253E2.0.CO%253B2-Z,0
journals/sigmod/LaenderRST02,Vh3V0UQ86ogJ,0
journals/vldb/AilamakiDH02,J9MeFW0vDJAJ,1
journals/tods/GunopulosKMSTS03,HmLUmIibS4MJ,0
journals/sigmod/Bertram94,WGZUOBzxhh8J,0
journals/sigmod/GolabO03,E8gcNjNKwFgJ,0
journals/sigmod/WinslettMY03,CMFdHQuXXHMJ,0
conf/vldb/ChakrabartiDAR97,4wHLoLkVcS8J,0
conf/sigmod/HoAMS97,V2DQoAoFcYUJ,0
conf/sigmod/HouZ95,Tx-YrdLDYMQJ,0
conf/vldb/ChaudhuriS94,bd-Lu1jeg-AJ,1
conf/vldb/PapakonstantinouAG96,FdZnUd2bYYwJ,1
conf/sigmod/GeneserethKD97,MBtC3DSeJmYJ,0
conf/vldb/JermaineDO99,eawaEzvWj4gJ,1
conf/sigmod/PonnekantiK00,vqboZ3T4n4AJ,0
journals/sigmod/Bussche00,6ybkphnmMw4J,0
journals/vldb/C95,zHzojHeqRykJ,0
conf/sigmod/Tajima96,D-O97clYTOAJ,0
conf/vldb/Hallmark95,tiAgO7G7YuAJ,1
conf/vldb/BridgeJKLLM97,VLKSQpTM_GcJ,0
conf/vldb/YuV00,qQshHIpfQigJ,0
conf/sigmod/ParkCY95,ZFHbWjYE29gJ,0
conf/vldb/GoldmanSVG98,1A3Bd9F0-MgJ,0
conf/sigmod/Ramanan02,Hf9iPuXlb-IJ,0
journals/sigmod/YanG95,qhF_1yAMqGYJ,0
conf/vldb/AksoyZF01,3jKw2eTg_gQJ,0
journals/sigmod/GalianoM03,bI-tgl1emMoJ,0
conf/sigmod/AdelbergGK95,_Q3Qe8MywasJ,0
conf/sigmod/CatarciS94,url:http://adsabs.harvard.edu/abs/1979PhDT........49L,0
conf/sigmod/LiC95,E9i1t00_OogJ,0
journals/sigmod/NestorovAM97,BCulIJ--MXwJ,0
conf/vldb/DavisonG94,VPFZnFea3JYJ,0
journals/vldb/PanagosB97,4LExkxvqNrAJ,0
conf/sigmod/Smith01,WfKk1v3VamgJ,1
journals/sigmod/AilamakiFFSV03,oeiCXrxllh4J,0
conf/vldb/FuC94,url:http://portal.acm.org/citation.cfm%3Fid%3D15399%26dl%3DACM%26coll%3Dportal%26CFID%3D11111111%26CFTOKEN%3D2222222,0
journals/sigmod/Alonso95a,KbS5FKq7LEwJ,0
journals/sigmod/Alonso94,iFD4SOv1rygJ,0
conf/vldb/SchieferKBLF98,l3NtooVTAuIJ,0
conf/vldb/Sheth96,QHA0AtXWVxcJ,0
conf/vldb/LakshmananSS96,UPYyrF0ofUUJ,1
conf/sigmod/DeshpandeNGS03,GikTB2GHnJoJ,0
conf/vldb/RamanH01,YX1NHLqXfbkJ,1
conf/vldb/ZhouLZLZJT01,B1kUhR62XAMJ,0
journals/sigmod/DunhamH95a,ao9N9yYINhUJ,0
conf/sigmod/VriesMNK02,yYglaTkMxZ8J,0
journals/sigmod/GeppertD94,10YrRt9bUwAJ,0
journals/sigmod/Yang94,TYp5ILKk7KIJ,0
journals/sigmod/NorrieBSW94,5nJt7F4h2iAJ,0
journals/sigmod/FifeG03,T_MakOxfRAwJ,0
conf/sigmod/Moore95,SG0_awVJwi8J,0
conf/vldb/SeidlK97,url:http://doi.wiley.com/10.1002/ace.164,0
conf/vldb/Duranti01,OcBie3S6-FMJ,0
conf/vldb/MarianS03,Bv5AM_5dziMJ,1
conf/sigmod/SagonasSW94a,Xyuco-ZQ8qAJ,0
conf/sigmod/MerialdoAMMP00,iPSta_aqkJYJ,0
journals/sigmod/WenLMZ03,ElySRceE0HAJ,0
journals/sigmod/Seshadri98,6uympVjqrqoJ,0
journals/tods/Revesz98,3-KjEW_km2IJ,0
journals/tods/HsuSY01,dkdzE1VG71sJ,1
journals/tods/CasatiCPP99,12JXvv17ugoJ,1
conf/vldb/BonifatiCDS01,BTo5t95Oaf8J,0
journals/tods/RaschidL96,yhMk5OXr45oJ,0
conf/sigmod/IvesFFLW99,HawkOJEZ3iAJ,0
journals/sigmod/RosenthalSMBTL95,url:http://www.csa.com/partners/viewrecord.php%3Frequester%3Dgs%26collection%3DTRD%26recid%3DN9210523AH,0
journals/sigmod/Palpanas00,MGG31wuhuUIJ,1
journals/sigmod/Snodgrass00,DurrTeSnFdAJ,0
conf/sigmod/MaddenH02,nt84BvdYtUcJ,0
conf/sigmod/AnnamalaiCD00,nbigvjWu640J,0
journals/sigmod/RossAJS02,yCUa8veGQ2UJ,0
conf/sigmod/MotakisZ97,jgsB1fXbte4J,0
journals/vldb/AmielBDS96,VzGzhGprIqUJ,0
conf/vldb/DoDJJR98,gAmSzeXAcyQJ,0
conf/vldb/GyssensL97,5ZEYqz95ZRAJ,1
conf/vldb/BelussiF95,a78Lxr80kJUJ,1
conf/sigmod/CarinoKKB01,S96r8doginAJ,0
journals/sigmod/Ozsoyoglu99,url:http://www.csa.com/partners/viewrecord.php%3Frequester%3Dgs%26collection%3DTRD%26recid%3DA8622961AH,0
conf/vldb/GalhardasFSSS01,BGbBNwCe5qMJ,0
conf/sigmod/Seshadri03,af9gSQn7dMEJ,0
journals/sigmod/BoulosO99,TeiiYtZYtSsJ,0
conf/vldb/Sheth96,RCB3GOlT96cJ,0
conf/vldb/LuTD95,U9EN84liiRoJ,1
conf/vldb/Vingralek02,YzmJ1_3EBB0J,0
journals/sigmod/CruzKLSWY02,url:http://doi.wiley.com/10.1002/ev.1272,0
conf/vldb/AgrawalK02,url:http://pubs.acs.org/cgi-bin/abstract.cgi/achre4/2005/38/i03/abs/ar040234d.html,0
conf/sigmod/DogacTPPLKTK02,UHe9XT-FyyMJ,0
journals/sigmod/GottlobKP03,E6Y3yutMsfgJ,0
conf/sigmod/ChungMS02,47C9Qo3kzC8J,0
journals/sigmod/Gunther97,FiwkY7I9M70J,0
journals/sigmod/MalaikaEM03,ersSWTLza1sJ,0
conf/vldb/Mattos03,0ZvKAMWwp80J,1
conf/vldb/Padmanabhan96,QkTd5WogN-AJ,0
journals/sigmod/Ozsu02b,ULDMC2CfHiIJ,0
conf/vldb/SrikantA95,TdnMScee0KQJ,0
conf/vldb/CliftonFHKLS03,-Xo2sJa7T7YJ,0
conf/sigmod/Al-KhalifaYJ03,_9OLeZjLW3AJ,0
conf/vldb/ShuklaDNR96,RSNC3ApuY3AJ,0
conf/vldb/BarjaPFWD94,op_IGvR0UGQJ,0
journals/sigmod/MalaikaEM03,PdtiVSJq3PAJ,0
conf/sigmod/VingralekBW94,n_rgdg3xmCoJ,0
journals/vldb/SofferS98,7KnXZMHkz2kJ,0
conf/sigmod/LabioYG99,SDS7uWO7Mj4J,0
journals/sigmod/BunemanLSTW94,lkreWUl_euYJ,1
journals/sigmod/Grefen02,uz2IFeDRCEQJ,0
conf/vldb/SistlaYLL95,Ium2iPLdSxEJ,0
conf/vldb/HanF95,Q3cUVKaXuAAJ,0
conf/sigmod/IvesFFLW99,wLGL5iIPu7sJ,0
journals/sigmod/AilamakiG03,01awwaQn-sYJ,0
conf/vldb/PatonG01,alO6ad8CUKcJ,0
conf/sigmod/LitwinS00,-crrkNBO14IJ,0
conf/sigmod/SeshadriP97,wozKEQCoZvwJ,1
conf/sigmod/AltinelABFSZ99,mRIOfe851bIJ,0
conf/sigmod/PapakonstantinouV99,sTtUfqIVNsAJ,0
conf/vldb/GoyalHSS95,7MCTI3mTrAcJ,0
conf/sigmod/ChristophidesCS00,g6fFCiX6GtMJ,1
conf/sigmod/Team95,Z3XkiReTu40J,0
conf/vldb/PoosalaI97,v7LRs03mf1sJ,0
journals/sigmod/Darwen96,TwAQ-tizwqgJ,0
conf/sigmod/ChaudhuriGGM03,8HQz6V4JeAUJ,0
journals/sigmod/SellisV95,QqNeEQfjMMoJ,0
journals/sigmod/PoessF00,cNu3M_rB7zYJ,0
conf/vldb/LabioYCGW00,IqpWhmLS-u4J,0
conf/sigmod/TheodoulidisAACKS94,biv7Nf9qwBYJ,0
conf/vldb/FlorescuHKLRWCSA03,1KSfxI44iGUJ,1
conf/vldb/BouguettayaEMO01,n-tA57d7ydcJ,1
conf/vldb/NishioSTTL01,6DAFQsLZYQkJ,0
journals/vldb/JagadishACLNPPSWWY02,cRtDwusLMK4J,0
conf/vldb/ChristodoulakisTZ97,-HypDpRIBc8J,0
conf/sigmod/ChangG99,ZQdRRjCxEX0J,0
conf/vldb/Faloutsos02,Ecf5IeJpGi4J,0
conf/sigmod/Freeston95,Bt-moPG2jDwJ,0
conf/vldb/YuSLJ02,C9CcDX1TLgkJ,0
journals/sigmod/BoulosO99,0mk_QzaJKHEJ,1
journals/vldb/DattaDVRN01,gC9e7htdT7UJ,0
conf/sigmod/LeeKC99,j-f7b78OvN8J,0
conf/sigmod/DogacHKOONDMAKE96,_4ARkdpRArQJ,1
conf/sigmod/OzdenRSS96,DrdmW1Hbb9wJ,0
journals/tods/LakshmananLN03,pG7fRPgzRJgJ,0
conf/vldb/BernsteinHJRW00,37X5vR_rv98J,0
conf/sigmod/ZhuS03,2k9bgRJC-hYJ,0
conf/sigmod/HanPDW01,CnAw9v-vEjwJ,1
journals/sigmod/ChangASS98,VL0ugT_ceYMJ,0
conf/sigmod/ONeilQ97,6y9Er-083rIJ,1
journals/sigmod/SmithO99,3oUgGtAHdoUJ,0
conf/vldb/SavasereON95,CG-_La4oAYkJ,1
conf/sigmod/Chaudhuri97,QkyXMep2bWsJ,1
conf/sigmod/ZhaoDNS98,EMw2ZFDyZ2wJ,0
journals/vldb/CasatiSG01,qIFv_wSldNsJ,0
conf/sigmod/DoppelhammerHKK97,LUfRqM48JaEJ,1
conf/vldb/GehaniJR94,ndpqwnLwAWUJ,1
journals/sigmod/JensenCEGHJ94,rRrT0v_j7tkJ,1
conf/vldb/Vaskevitch95,QRAB3ST1q90J,0
conf/sigmod/BressanGFJHKLMPQSS97,iQqCdkPV_H0J,0
journals/sigmod/GrayG97,fRZ9IQ768HAJ,0
journals/sigmod/Hammer03,tYXzABUZYxQJ,0
conf/vldb/LiC94,5Trj9q_RI8YJ,0
journals/sigmod/Bhashyam96,DcvzGplS1VYJ,0
conf/sigmod/AdyaGLM95,url:http://www.csa.com/partners/viewrecord.php%3Frequester%3Dgs%26collection%3DTRD%26recid%3DN9210500AH,0
conf/vldb/GraefeBC98,9krxML2NvPEJ,0
journals/sigmod/YeungHL94,qqabK5Zif5wJ,0
journals/sigmod/Winslett02b,80dI-yAc_JoJ,0
conf/vldb/LiHKSPAC02,yRYdf1nzLEUJ,0
conf/sigmod/ChristophidesACS94,ZkgTPp9m5z4J,1
journals/sigmod/KambhampatiK03,url:http://www.csa.com/partners/viewrecord.php%3Frequester%3Dgs%26collection%3DTRD%26recid%3D200111010713MT%26recid%3DA0032649AH,0
journals/sigmod/BestavrosLS96,yoMojXfArHAJ,0
conf/vldb/PereiraFJLS01,url:http://portal.acm.org/ft_gateway.cfm%3Fid%3D156891%26type%3Dpdf%26coll%3DGUIDE%26dl%3DACM%26CFID%3D11111111%26CFTOKEN%3D2222222,0
conf/vldb/BohlenSS96,Au3MZ6lAJtcJ,0
conf/sigmod/ParkKKLPC98,lZnWARZ9a84J,0
conf/sigmod/GoyalHKMS96,V_oPv9u2C9AJ,0
journals/vldb/LandauST95,SoejoqQZHg0J,1
journals/sigmod/Barbara01,U8tEHzJ2Xj0J,1
conf/sigmod/AshleyFHLNP95,rq0Thaf1znAJ,0
conf/sigmod/RiedewaldAA02,mYVW9QtOinoJ,0
conf/vldb/MorishimaKKT01,8hDo6qczOzMJ,1
journals/sigmod/GuptaHR97,YSgaDQ95dfEJ,1
conf/vldb/HvasshovdBT00,url:http://portal.acm.org/ft_gateway.cfm%3Fid%3D1101913%26type%3Dpdf,0
conf/vldb/RisheYACLMVSV00,O8wk89boyrwJ,0
conf/sigmod/RajagopalanML98,vbi6XDjg0X8J,1
conf/vldb/MorimotoIM97,url:http://portal.acm.org/citation.cfm%3Fid%3D592093.592120,0
conf/vldb/VenkataramanZ98,_ySX5YqHCMQJ,0
conf/vldb/ChungCLL01,UPVXE6VjRssJ,0
journals/sigmod/DoanPK95,bhAghO4m1y0J,0
journals/vldb/LandauST95,HawkOJEZ3iAJ,0
conf/sigmod/LiuHBPT99,aKPlDMXvHT8J,0
conf/sigmod/Gal00,0V8E_ij2SpYJ,0
conf/sigmod/LahiriJJC98,6BdF7HvLtpcJ,0
conf/vldb/LiC94,O0rvK0GFmBEJ,1
conf/vldb/Schoning03,4NM5WR1WtPcJ,1
conf/sigmod/ForlizziGNS00,vtX2CRPJunMJ,1
conf/sigmod/Shasha97,6T7sTvsfYgkJ,0
conf/sigmod/ChaudhuriKN03,ES6QyfgebIcJ,1
conf/sigmod/PatelYKTNBHRLEKGDN97,0inuMFZSQ50J,1
journals/sigmod/BarclayBGS94,q7_vyAQvsZkJ,0
journals/sigmod/DreyerDS94,jKZaGhVU1WkJ,0
conf/sigmod/BreunigKNS00,KILdAgEb2OsJ,1
conf/vldb/GalhardasFSSS01,yPeKQ2D1dRgJ,0
journals/sigmod/ClementLGMK97,QsUsVqyi3j8J,0
conf/sigmod/Olson95,0AvtezJWe4sJ,0
conf/vldb/SteenhagenABB94,hipHy23FuaQJ,0
journals/sigmod/Group94,Ukm5ZvZKgIMJ,0
journals/tods/Revesz98,fqeWXOsZIgMJ,0
conf/sigmod/ImielinskiV95,ZBUHVDTRj0IJ,0
journals/sigmod/ChaudhuriD97,-3JQfRZsy8wJ,0
journals/sigmod/Aberer01a,wpaXuLZzQpsJ,0
journals/sigmod/KaradimitriouT97,jO4ZJ6X1zOAJ,0
journals/sigmod/Rosenthal98,ZMMeRrWUlOoJ,1
conf/vldb/FaloutsosJS97,YOmjd7tKrWgJ,1
conf/vldb/AgrawalS94,CKm9XhI_8k4J,1
journals/vldb/SheikholeslamiCZ00,url:http://doi.wiley.com/10.1002/ace.177,0
conf/sigmod/BrinkhoffKSS94a,-tCYCLPZLvYJ,0
conf/vldb/RamamurthyDS02,7mNCkZ7D-R8J,0
conf/vldb/ZemankovaI94,lUxILYnWlLYJ,0
journals/sigmod/BusslerFM02,xUEgGJBol6cJ,0
conf/sigmod/ShenoyHSBBS00,qblLVJpwrB0J,0
conf/vldb/RothS97,gIFZWp_iCmUJ,1
conf/vldb/Celis96,Lr0Uf11dqAsJ,0
conf/vldb/Duranti01,QOECRjAlWxYJ,0
journals/tods/DeyS96,rIrI8yKtcWUJ,0
journals/sigmod/SofferMC02,url:http://doi.wiley.com/10.1002/ev.1533,0
conf/vldb/MeekPK03,Im7IYBlF2dMJ,0
conf/sigmod/Hidber99,url:http://www.csa.com/partners/viewrecord.php%3Frequester%3Dgs%26collection%3DTRD%26recid%3DWCA73277WC,0
conf/vldb/ShengBDM02,ZQdRRjCxEX0J,1
conf/sigmod/ZhaoDN97,b-Va1c3t13gJ,1
conf/sigmod/LiefkeS00,GFCznyVaj5UJ,1
conf/vldb/HellersteinNP95,AC19Z_yOCTUJ,1
conf/vldb/SizovGT03,7arvzxTqC9MJ,0
conf/sigmod/GehrkeKS01,3ILDucgHMkUJ,0
conf/sigmod/LeeKC99,nTK1ViJDYOcJ,0
conf/vldb/NinkHR99,CxbPYakUvBAJ,0
conf/vldb/RamanH01,KXaE2ksuZlQJ,0
conf/sigmod/ZadorozhnyRVUB02,NNXjKNvK9R8J,0
journals/sigmod/EisenbergM99a,fmaBeVNeORcJ,0
conf/vldb/MatthesS94,b3J7jf7RuysJ,0
journals/sigmod/ChaudhuriD97,1oCTwvC32jkJ,1
journals/sigmod/ShahMFH01,Z-X4XnF7jOAJ,0
journals/sigmod/PalpanasPKG03,url:http://portal.acm.org/citation.cfm%3Fid%3D171926.171938,0
conf/vldb/BouguettayaEMO01,_2QzLUz1fQIJ,0
journals/sigmod/Roussopoulos98,O7-EFy1BahwJ,0
journals/sigmod/Gardels97,VsqlfmhgAO8J,0
conf/vldb/HvasshovdBT00,ZbB9rZ0VxkAJ,0
conf/sigmod/SagonasSW94a,0hHYO7tQJUgJ,1
journals/vldb/Navarro02,ffCumbe2we4J,0
conf/vldb/FuhDCMTLDRM99,GY-Jt5BLKfMJ,0
conf/sigmod/CallanCD99,q7Q6pCLqIJQJ,0
conf/vldb/Team00,-VJblIVQ1KMJ,0
journals/sigmod/Kim02,ukQDPoWPODgJ,0
conf/vldb/TsurAADKW01,KZHOnmSe5uUJ,0
conf/sigmod/French95,KUxASe8E1e8J,0
journals/tods/Kim94,url:http://portal.acm.org/citation.cfm%3Fid%3D202106.569784%26coll%3Dportal%26dl%3DACM%26idx%3DJ777%26part%3Dtransaction%26WantType%3Dtransaction%26title%3DACM%2520Transactions%2520on%2520Database%2520Systems%2520(TODS)%26CFID%3D11111111%26CFTOKEN%3D2222222,1
conf/vldb/Deshpande00,sq5m89saLUUJ,0
journals/sigmod/AlonsoCIM95,5aHk4FytnQkJ,0
conf/sigmod/AcharyaGPR99,5vntH4boqdgJ,1
conf/sigmod/DogacHKOONDMAKE96,GnjIUQVlZ0UJ,1
conf/sigmod/Suciu99,url:http://adsabs.harvard.edu/abs/2000STIN...0088615C,0
journals/vldb/MylopoulosCPST96,o7c0qiQvHAwJ,0
conf/vldb/LakshmananPZ03,tGGBf96ZQk0J,0
conf/sigmod/CranorJSS03,gya0M9b1KrgJ,1
conf/vldb/EsterKSWX98,gvRotI4FkqwJ,0
conf/vldb/AgrawalSX02,U9RTuGr0YW0J,0
journals/sigmod/ClementiniF00,03teGNXTdh4J,0
journals/sigmod/Segev95,mkQqQC9ctdIJ,0
journals/tods/ChakrabartiKMP02,QTzuiNlMnR4J,1
conf/vldb/MuthOPW98,3oo0pXCAkxUJ,0
journals/sigmod/SalgadoE03,3eI-Hper3ToJ,0
conf/sigmod/MattosM95,gnErboThMSIJ,0
journals/vldb/CuiW03,0RXNP2FTd6cJ,0
journals/vldb/JagadishKNS00,R7HHCD8Yd40J,0
conf/vldb/BasuFP00,MhBu3R47OuUJ,0
journals/vldb/ShegalovGW01,mD3Pl_AOazgJ,0
journals/sigmod/SilberschatzSU96,_MXfp9GHEqQJ,1
conf/sigmod/Gerber95,e4YLmuHLB6AJ,0
journals/vldb/ChanFGR02,eQlApCaSdEEJ,0
conf/vldb/XinHLW03,v0rD-1nzJmYJ,1
journals/tods/MelnikG03,tyKQGZXQXwoJ,0
journals/vldb/ClaussenKKW00,hTReZEvhJSEJ,0
conf/sigmod/KrollW94,9jNw_wKmZgUJ,0
journals/sigmod/Franklin00b,K0vyNgQHu10J,0
conf/vldb/SrinivasaK03,S7X8zqSF4JkJ,0
conf/vldb/HvasshovdTBH95,eSPpim_OX4QJ,1
conf/vldb/KoschBBHHLRT01,qqagegpn7RQJ,0
conf/vldb/HaberIL95,Pl51P9IXIzYJ,0
journals/sigmod/Vianu03,lK498ul6_UcJ,0
journals/sigmod/SnodgrassHMOPRRWY98,cj8AQtSyAYEJ,0
conf/vldb/Moerkotte02,jiGdThcReckJ,1
conf/sigmod/ChangG99,4XSBVSX9skUJ,0
conf/sigmod/BunemanM95,0-XpuaozvT8J,0
conf/sigmod/Ross00,u_q7ULLam48J,0
journals/tods/PolyzoisG94,tjREFOg96ZEJ,0
conf/sigmod/LabioZWGGW97,url:http://portal.acm.org/ft_gateway.cfm%3Fid%3D1099607%26type%3Dpdf,0
conf/sigmod/BreunigKKS01,wBRJekFyi8IJ,0
journals/vldb/KamelWS94,XlQtdb8agHcJ,0
journals/sigmod/ChakravarthyAEFO03,trVOtGXoscUJ,0
conf/vldb/SundaraHCAS01,2PCjnJ-kqe4J,0
journals/tods/GraefeC95,kAIOUH6bWCEJ,0
conf/vldb/PellenkoftLK97,793XPMTdcBEJ,1
conf/vldb/NgH94,EsSRui40spgJ,1
conf/vldb/ManolopoulosT01,TDA4CzVXPAQJ,0
conf/vldb/CasatiS00,KXBNMlDIlqYJ,0
journals/sigmod/Franklin00a,C-3crY4eEasJ,0
conf/vldb/CareyCNVDRSM99,P15OEaUtIQ4J,0
conf/vldb/Sullivan96,W7SGQ64DQv4J,0
conf/sigmod/NybergBCGL94,nH6iRoFama8J,0
conf/sigmod/BressanGFJHKLMPQSS97,7fPTkjhORzsJ,0
conf/vldb/Draluk01,ILh0dT3_yOsJ,0
journals/sigmod/Jarke95,Enf903kCelYJ,0
journals/sigmod/Mendelzon00,nnxlY9TeSwkJ,0
conf/vldb/SistlaYLL95,HtTNmhCJY-oJ,1
conf/vldb/TanGO99,EWlYjt9b0QEJ,0
conf/sigmod/CatarciS94,zf5eI7As5kAJ,0
conf/vldb/YanA94,e2cLs4Obtn8J,0
journals/vldb/YangW03,UUt7adMpd_4J,0
journals/tods/SistlaWYS98,RmyORCW6qn8J,0
conf/vldb/RothS97,3mnAsl4ebRsJ,0
conf/sigmod/AgrawalGGR98,EQ0ys8s10vcJ,1
conf/sigmod/GionisGK01,kG2wQrCqDOYJ,0
journals/tods/ParsonsW00,aDay32G50JYJ,0
conf/vldb/Gawlick96,ZIHSLiTxYwkJ,0
conf/sigmod/DavulcuFKR99,f76F0P4PDq8J,0
conf/vldb/ChristopheBPV00,ci71yD2UE8oJ,1
conf/sigmod/YerneniLGU99,8_7A0ECPp9cJ,0
journals/sigmod/Widom95,vWHF4NlcL_8J,0
journals/vldb/AntoshenkovZ96,AjMQku_7GNcJ,0
conf/vldb/KalusD95,rW3dGJ1arywJ,0
conf/vldb/BonczRK98,gBHMZjdf0IUJ,0
conf/sigmod/PossSKL02,FRlPKqgoa9cJ,0
journals/sigmod/BerzalM02,UoV_XG4Jc28J,0
journals/tods/TendickM94,FxCxfE4m1rUJ,1
conf/vldb/AndreiV01,B8W6LnCUZzUJ,0
journals/sigmod/Aberer03d,hC0ab7K-efUJ,0
conf/vldb/Gentili01,WCzTNsqP5FUJ,0
conf/vldb/YanG95,AA0RUnZRjzUJ,0
conf/sigmod/WynblattN01,vtWAbnl-vUUJ,0
conf/sigmod/KarbhariRXD02,TZsVVmiiHqEJ,1
conf/sigmod/Dietterich94,_bV-_6uygWUJ,0
journals/sigmod/BuchnerM98,S0GxpBp_f4EJ,0
conf/vldb/AmielBDS94,8a9qWRxUTGYJ,0
conf/sigmod/DanielsDDEHJJLSSS94,fu0_VSzt_NUJ,0
conf/sigmod/RundensteinerKRCJM96,Rh68dFgQfS4J,1
conf/vldb/AbiteboulBBCCDMMP03,Dmua8faBijAJ,0
conf/sigmod/Sahuguet01,1psqlswyLR0J,1
journals/sigmod/BurtonM98,Ikk1rb4o66UJ,0
conf/sigmod/DobraGGR02,2NdRynPmo0AJ,0
conf/vldb/RysNS96,n22438DWEbEJ,0
journals/sigmod/BertinoEH01,Jb2QLCxuRT8J,0
conf/sigmod/BrodskyK95,ukuWlnAL6U4J,0
conf/vldb/DeutschPT99,0xhTSNBGbXAJ,0
conf/vldb/SkubiszewskiV97,dFS5E7hFSYcJ,0
conf/sigmod/IvesFFLW99,0WYMHga_bt4J,0
conf/vldb/GionisIM99,SSsDEkg-2_MJ,0
journals/sigmod/ChenHKPW94,4qtu0-tW0IcJ,0
journals/tods/WijesekeraJPH03,__YgDzjXLxQJ,0
conf/vldb/CasatiDGS01,qfx4hQQv9rwJ,0
conf/sigmod/FungSG02,kEte3P_QB60J,0
journals/tods/AmmannJR97,yD3WUwAg2i4J,0
conf/sigmod/KornackerMH97,oKHdmuSnbGEJ,0
conf/sigmod/QunLO03,eBXNcn6PwAEJ,1
journals/sigmod/RossAA02,6KHWEKhcDksJ,0
conf/sigmod/YangYW00,url:http://www.csa.com/partners/viewrecord.php%3Frequester%3Dgs%26collection%3DTRD%26recid%3D0165516CI,0
journals/sigmod/Kim94,url:http://portal.acm.org/citation.cfm%3Fid%3D1031570.1031579,0
conf/sigmod/Galindo-Legaria94,iEs59H5EFHwJ,1
conf/vldb/KonopnickiS95,cA1Zsnlz-tIJ,1
conf/vldb/BergerBSW03,url:http://www.springerlink.com/index/H64267R38P0420QJ.pdf,0
journals/tods/AmmannJR97,eJAWfl00frsJ,0
conf/vldb/KemperK94,jQYEiVS0CIgJ,1
conf/vldb/King02,i0gcz0E1cm0J,0
journals/sigmod/ShethBS99,uTsHgv9-zdUJ,1
conf/sigmod/SeidlK98,ka4s7Dm1eJEJ,0
conf/sigmod/PapadiasTSE95,oIc_goYCwh4J,1
conf/vldb/BaralisPT97,Q4OXcFEMPF8J,0
journals/sigmod/Franklin97,g8e0xiRUkIwJ,0
journals/vldb/MehtaD97,SNIbAV2EN0MJ,0
conf/sigmod/LitwinS00,37yVRfSpM6MJ,1
conf/vldb/ChienVZTZ02,uUmeAkW_FFUJ,1
conf/sigmod/LuWYBLY02,3yrc9eHB1OkJ,0
conf/sigmod/RinfretOO01,url:http://portal.acm.org/citation.cfm%3Fid%3D645921.756661,0
journals/tods/Keen97,DT2I37BrvRkJ,0
journals/vldb/CatarciSC97,Jk_Yce1rK7sJ,0
journals/sigmod/MillerHHYHFP01,O7AfGXicnB4J,0
journals/vldb/AtkinsonM95,MRgoVIYcARoJ,1
journals/vldb/AslanM99,OqO-ZxObnjgJ,0
journals/sigmod/Widom95a,ZpOG6KM-mgoJ,0
conf/vldb/Cluet03,The9hrmWeYoJ,0
conf/vldb/JosifovskiR99,w8b7MSvxEMsJ,0
conf/sigmod/DewanSHH94,GUdXGx4blW8J,1
conf/vldb/KiesslingK02,OuVZjeR64pMJ,1
conf/vldb/Klots96,ziC4JLuk7WsJ,0
journals/sigmod/Libkin99,ctDbNXN2XJMJ,0
journals/sigmod/LaenderRST02,M9JZb1Nk0z0J,0
conf/sigmod/GoelI96,OH7dCt7B-8AJ,0
journals/sigmod/UrbanDG96,url:http://portal.acm.org/ft_gateway.cfm%3Fid%3D381892%26type%3Dpdf%26dl%3DGUIDE%26dl%3DACM%26CFID%3D11111111%26CFTOKEN%3D2222222,1
journals/tods/ChakrabartiKMP02,XnVQcxMSNAIJ,0
conf/vldb/LimWPVP02,Rf3dx64jCFQJ,0
journals/sigmod/ElmagarmidJF95,YtLaojrlF38J,0
journals/sigmod/WenLMZ03,l6vsl4qnJ48J,0
conf/vldb/FaloutsosG96,6_tD5ZPXrIEJ,0
journals/sigmod/Snodgrass97,rifYfcmtPkMJ,0
conf/sigmod/Lassettre98,_d2CERxUcNYJ,0
conf/vldb/WangHH00,S95_Gw773pwJ,0
conf/sigmod/SeshadriP97,x-Nt0EUZwGUJ,0
conf/vldb/GehrkeRG98,DuUiqgJcjCsJ,0
conf/sigmod/OConnellISWABCCLPWW96,url:http://ieeexplore.ieee.org/iel3/3990/11481/00547880.pdf%3Farnumber%3D547880,0
conf/vldb/Team00,3l-8bJYkF1QJ,0
journals/sigmod/RossGR03,HqHnlDeFtIoJ,0
conf/sigmod/WaasG00,SLXN7pkohF4J,0
conf/sigmod/ChanI99,W1M_eVKOjA4J,0
conf/vldb/Kleewein96,rXaCSxty6AAJ,1
conf/sigmod/BarclaySG00,piZEfuwiE8UJ,0
journals/sigmod/AtkinsonDJPS96,2Ioi-WEYQtMJ,0
conf/vldb/DeRose99,riFQXMuqPYwJ,0
conf/sigmod/JagadishJOT01,dAUVDaiasxQJ,0
journals/sigmod/JensenCEGHJ94,url:http://portal.acm.org/ft_gateway.cfm%3Fid%3D181560%26type%3Dpdf%26coll%3DGUIDE%26dl%3DACM%26CFID%3D11111111%26CFTOKEN%3D2222222,1
journals/sigmod/Liu02a,J_tXd3-zYesJ,0
conf/vldb/KraissW97,Yzn_ql_e2BMJ,0
conf/sigmod/GarofalakisGRSS00,Kw_1o5V8Ot4J,1
conf/vldb/HulgeriS02,wC9o2QELFmUJ,0
conf/vldb/NishioSTTL01,B1lXUm5K_FwJ,0
conf/vldb/ChaudhuriS01,-jtu5QeiAKQJ,1
journals/vldb/FiebigHKMNSW02,8Cj3dNwk48MJ,0
conf/sigmod/ParkCY95,url:http://portal.acm.org/citation.cfm%3Fid%3D29682.29683,0
journals/vldb/KrivokapicKG99,DV_fNjZrcHwJ,0
conf/sigmod/DarR94,8Y6SCr2qXjIJ,0
conf/sigmod/ChenJDTW00,wezEG1Vz9zMJ,0
conf/vldb/BasuFP00,HAhACmI6Z2wJ,0
conf/vldb/BaumgartnerFG01a,GGyAHg9kwysJ,1
journals/sigmod/LiefkeS00,E28tcHVZFgsJ,0
conf/sigmod/ZhuS03,hIGjgc6mx0cJ,1
conf/vldb/SchaeferBBJ00,WVOhNvcnbFcJ,0
conf/vldb/AnciauxBP03,P9N_psRXLSEJ,0
conf/sigmod/ChaudhuriG96,LPF_zzgFeJUJ,0
journals/sigmod/ShanmugasundaramSKKVNT01,XiEaBFY2rzAJ,0
conf/sigmod/ShuklaD00,gzTVIb7MIjwJ,0
conf/vldb/BaralisPT97,RA2fTAESYuoJ,0
conf/vldb/ManolescuFKXO00,t19PsyGam1EJ,1
conf/sigmod/Norrie95,url:http://www.springerlink.com/index/P074T33638T88V55.pdf,0
conf/sigmod/BerchtoldK98,9UYo0M1RV7oJ,1
conf/vldb/ChenJLP03,CRWWvEgAcI4J,0
conf/sigmod/ColbyKLMR97,wgZM52e3TFkJ,0
conf/sigmod/Meseck01,hWiIngXs5I0J,1
conf/sigmod/ZhuS03,QZs7L6Y94_UJ,1
conf/vldb/FerrandinaMZFM95,m4JBPWIfFl4J,0
journals/vldb/IshakbeyogluO98,Nb9kVv7sS0UJ,0
journals/sigmod/Winslett02c,nIzq2-qMoNUJ,0
journals/sigmod/LeeCL95,EkVoyU2cf5MJ,0
conf/vldb/BaumannFRW97,_ihe86gkG-4J,0
journals/sigmod/TsotrasK96,vUGQaE0yCOwJ,0
conf/sigmod/AgrawalASY97,BXgpblQ1LOcJ,0
journals/sigmod/CatarciC96,i9zeYCZ7zagJ,0
conf/vldb/LiC94,632LyB5mQLYJ,0
conf/sigmod/BerchtoldK98,PKMN5Cdy7KcJ,1
conf/sigmod/DreyerDS95,Qf8OS1o2YM4J,1
journals/sigmod/SayginVC01,OALLzL4DQXsJ,1
conf/vldb/Brin95,0WpCxOSvwrYJ,0
conf/vldb/StolteA02,YAsocPxLhlQJ,0
journals/sigmod/RossIJP00,9WHQ60ZPuAIJ,0
conf/sigmod/Mohan01,GMeTF-uaLQ4J,0
conf/vldb/BergerBSW03,mbeIcD0N1rQJ,0
conf/sigmod/AdamY98,ZgPkdWdnMZ8J,0
journals/sigmod/Kosch02,_avm808LQocJ,1
conf/sigmod/WodtkeWWDM97,tnXqwH3BXW0J,1
journals/sigmod/Mendelzon00,zZPDhAv9EQgJ,0
journals/sigmod/PoessF00,g8ALM0CSaGgJ,0
conf/vldb/LinR98,ygceUkE1mgsJ,0
conf/vldb/BernsteinPS99,tKgGRc2SW8wJ,0
journals/sigmod/GerlhofKM96,1PHY6WlXcTkJ,0
journals/sigmod/Liu03c,cpAZq0CI7hwJ,0
journals/vldb/AnGSVKI02,AYQDZpFXQjAJ,0
journals/vldb/Barbara-MillaG94,mFHdV09MfG8J,1
journals/sigmod/Hammer02,C8uSt9hyMQAJ,0
journals/vldb/YangW03,y7djG2mgSsgJ,0
journals/vldb/JagadishKNS00,ooqim7gnhQcJ,0
journals/sigmod/HadzilacosT97,a8YsBAmwFjoJ,1
conf/vldb/LakshmananNWZJ02,2RRLjPZx9DoJ,0
conf/sigmod/DeshpandeNGS03a,1J2-n8adgQYJ,0
conf/vldb/SumiyaYTSI95,y6ylYEP8QUEJ,0
journals/sigmod/Bernstein98,FLiTYiX6w2sJ,0
conf/vldb/AcharyaFZ96,KT28FccGL-IJ,0
journals/vldb/DattaDVRN01,RRf9_Iwjq38J,0
journals/tods/KrishnakumarB94,IlyKyOQKuSoJ,0
conf/sigmod/BhattacharyaMBNHS02,Faa0FnCEmE0J,0
journals/sigmod/KlasS94,1p41ctg8IwwJ,0
journals/vldb/TanGO00,oluSx3cC9tsJ,0
conf/vldb/IlyasAE02,1aUSN-_nKd0J,0
conf/sigmod/LivnyRBCDLMW97,UqI8eTF3k7sJ,1
journals/sigmod/FifeG03,1_mk0EMIrwsJ,0
conf/sigmod/TrisoliniLN99,i5yowOLmBJIJ,0
conf/sigmod/YangYW00,4CUcKHUxdxoJ,0
conf/sigmod/FranklinZ98,ieqkZB3xBdgJ,0
conf/vldb/CohenMKS03,VWWCmu84pVsJ,0
conf/vldb/LuoNEW03,cHT_R09DAbMJ,0
conf/vldb/MargaritisFT01,url:http://www.csa.com/partners/viewrecord.php%3Frequester%3Dgs%26collection%3DTRD%26recid%3DN8621946AH,0
conf/sigmod/CareyDFHMNSSTTWZ94,Jml6flDOu7QJ,0
conf/vldb/BestavrosB95,LDv4my6gWJQJ,1
conf/vldb/LiuJ02,HmakTjpzn6QJ,0
journals/tods/KarpSP03,gihhTzWYJ58J,0
conf/sigmod/StonebrakerH01,D8QrQdkX-U4J,0
journals/sigmod/KennedyMB96,9NlVdFCl2ysJ,0
journals/sigmod/Suciu01,KuYVVTlHVXcJ,1
conf/sigmod/SarawagiTA98,wkgGoKqPVzQJ,1
journals/sigmod/SchlageterBHMSW95,AvfpBh_m7SsJ,0
journals/sigmod/Liu03,_nIg_hi8PAAJ,0
journals/sigmod/Winslett94,kr6G4S2y6c0J,0
journals/vldb/LiCHH01,4lJZSS4HZ4cJ,0
conf/sigmod/LabrinidisR00,uvoKaO0M0vcJ,0
conf/vldb/AbiteboulABBNM03,GauriO4hIWwJ,0
conf/vldb/OConnellWG01,x6MjpFAEz2gJ,0
journals/vldb/GeorgakopoulosRL94,XWfwOqDCRpoJ,0
journals/sigmod/Seligman97,W6YVZw2KoOoJ,0
conf/sigmod/DavulcuFKR99,rtmCRR84kQcJ,0
conf/vldb/HerlekarDRGS02,Ss3ldlDuuwMJ,0
conf/vldb/LeeL99,nC4AfNNqwYUJ,0
conf/sigmod/BornhovdAKMPR03,ZY29bYxLvS0J,0
journals/sigmod/LeeCL95,MbDCnGbF9WMJ,0
conf/vldb/TorloneA03,kY8yc9te2nQJ,0
conf/vldb/MuthOPW98,ggFzRw5UwU0J,0
conf/sigmod/AnnamalaiCD00,BANgbT11F7MJ,0
journals/sigmod/ClementiniF00,k1esVmL1v8gJ,0
conf/sigmod/GangulyGMS96,9WhuP_62lh0J,0
journals/tods/StoreyCDGS97,LT5TPhUgd9AJ,0
conf/vldb/HristidisGP03,HGXaVrOM_NwJ,0
conf/sigmod/GreenwaldK01,8but_7FuryIJ,1
conf/sigmod/OoiTZGLLLNSWZ03,7Y71GEWW4E8J,0
conf/sigmod/Aggarwal03,_Otc2iITtAQJ,0
conf/vldb/ChakrabartiDAR97,WvjSAW_kMn8J,0
journals/vldb/PucheralBVB01,PMkvwDGJi-MJ,0
conf/sigmod/LazaridisM01,NXgjusgLQVcJ,0
conf/sigmod/Chamberlin03,69JsZwNpla0J,0
conf/vldb/RossS97,5Y_l1wlPo04J,1
conf/vldb/LiPHCAAT03,BZwHppfVN6kJ,0
conf/vldb/HaasKWY97,XXpC5oo6rS0J,0
conf/sigmod/FaloutsosSTT00,ZCHkwZEv0a4J,0
conf/sigmod/Squire95,url:http://portal.acm.org/ft_gateway.cfm%3Fid%3D130290%26type%3Dpdf%26dl%3Dportal%26dl%3DACM%26CFID%3D11111111%26CFTOKEN%3D2222222,0
conf/vldb/BaralisW94,qYXxxdR8ncEJ,0
conf/vldb/AnKR03,dGS3gCoW2ooJ,0
conf/vldb/LuSL95,YkPqPzGFnZIJ,0
journals/sigmod/AilamakiH03,WSY7q1DJdCsJ,0
journals/sigmod/McHughAGQW97,s4yoKYnXNY8J,0
conf/vldb/SistlaYLL95,xR8UUjwjdWAJ,0
journals/sigmod/GroskyFS94,url:http://portal.acm.org/citation.cfm%3Fid%3D1083784.1083787,0
journals/vldb/ApersCS02,wFdjOo3j3r8J,0
journals/sigmod/Aberer02b,rSgeWWILhL8J,0
journals/sigmod/LeeC00,VLCfDL6R38wJ,0
conf/sigmod/NazeriBO01,rExMc2seZ1oJ,0
conf/vldb/BaralisW94,MIcz3uDu0x8J,0
conf/sigmod/BohrerBBCFHKKMNRRSUUW97,SvL_dU_R8msJ,1
journals/vldb/SaltenisJ02,HSEOZDaC8ZUJ,1
journals/vldb/KraissW98,vvjuGdT_dCQJ,0
conf/sigmod/GetoorTK01,5YeP5qSJjp8J,0
conf/vldb/IoannidisP99,2k9bgRJC-hYJ,1
conf/vldb/Carey00,wTl6zTFceVUJ,0
conf/sigmod/DreyerDS95,7sCSX7JeyowJ,0
conf/vldb/VorugantiOU99,MkRtrERh0sYJ,0
conf/sigmod/BerchtoldK97,url:http://adsabs.harvard.edu/abs/1976scom.nasa..330K,0
conf/sigmod/KanthAS98,tG_s5R-BKcAJ,1
journals/sigmod/ConradEHRSSSV97,uygjfN9AL5MJ,0
conf/vldb/AggarwalY02,Es8xt3xnOH4J,0
journals/sigmod/Winslett03c,sXn3gsd_5TAJ,0
conf/sigmod/SaltenisJLL00,a7v0bHRrpjMJ,1
journals/sigmod/Wiegand03,xbVUuRmGVeYJ,0
conf/vldb/HalversonBKKRTVWND03,iVAFbKOoth0J,0
conf/sigmod/LuoKMPWLN02,_c-1PvCBeWUJ,0
conf/sigmod/KrishnanVI96,HvqkEKdpZQAJ,0
journals/sigmod/KoksalAD98,enYoi4XT7n0J,1
journals/vldb/IshakbeyogluO98,QMyd-bSSjeEJ,0
conf/vldb/CandanALPH02,063E6WIOPaQJ,0
journals/sigmod/Winslett02,A0YkI5aKjo8J,0
conf/vldb/MadhavanBR01,RjkrhVsbOdAJ,0
conf/sigmod/DeshpandeGR01,oTe4Y6s7HZQJ,0
conf/vldb/LakshmananSS96,8sohtsoGrycJ,1
journals/sigmod/RosenthalHRS97,4yghqbyhVfQJ,0
conf/vldb/RoussopoulosK98,dqPMv0_pWwAJ,0
conf/vldb/MartinC94,Ur6-XAMj3tIJ,1
conf/sigmod/GuhaJKSY02,T1TgIax4zVcJ,0
conf/sigmod/KotidisR98,EWDPecQbT1AJ,1
conf/vldb/Shmueli01,JhPPFNFWJ1UJ,1
journals/vldb/SheikholeslamiCZ00,OmUUjrBJ4RYJ,0
conf/sigmod/PolyzotisG02,Bqyii8l0774J,0
conf/sigmod/HernandezS95,Al2MFiRHz9sJ,1
conf/sigmod/BressanGFJHKLMPQSS97,bsC0D2qReRoJ,0
conf/sigmod/Bussler01,ORDreAfkJz0J,0
conf/sigmod/CareyMN97,dBgA1e-6LvkJ,1
conf/sigmod/GodfreyGXZ01,url:http://portal.acm.org/citation.cfm%3Fid%3D984341.984342%26coll%3DGUIDE%26dl%3DACM%26idx%3DJ689%26part%3Dperiodical%26WantType%3Dperiodical%26title%3DACM%2520SIGMOD%2520Record%26CFID%3D11111111%26CFTOKEN%3D2222222,0
journals/sigmod/Alonso94,v0SWFCJcQoQJ,0
conf/sigmod/FernandezMS01,a-uOxE6bobcJ,0
conf/vldb/Amer-YahiaFSX03,fBu3ZpBbd7oJ,0
conf/sigmod/Doherty98,IY5f2vO9diwJ,0
journals/vldb/ScheuermannWZ98,dZDC3_KNbDMJ,0
conf/sigmod/OlstonWL01,txW20Y1R0ZwJ,0
journals/tods/ChoG03,pDaa4SmQ6soJ,0
journals/sigmod/JensenCEGHJ94,uncXRzIdSjYJ,1
conf/sigmod/AbiteboulCM95,url:http://portal.acm.org/citation.cfm%3Fid%3D984399,0
journals/sigmod/PissinouSEMOPSTD94,7xa2FxbUh2cJ,0
journals/tods/CastanoAFP98,EXtnbXpN1kIJ,0
conf/sigmod/WangPFY03,BLxyKydWAz0J,0
conf/vldb/ZemankovaI94,8_Z3zDeJ7zUJ,0
conf/sigmod/AltinelABFSZ99,0Nz6tihBVm4J,0
journals/sigmod/JajodiaBBKMSW97,WnEj2fumCycJ,0
journals/sigmod/Rosenthal98,boGiu_rNI-YJ,0
conf/vldb/Mattos96,8YBg_9hqrOAJ,0
conf/sigmod/CherniackZ98,kTw6cwqa3qIJ,0
conf/sigmod/MumickP94,Z_3qiYl1uV4J,0
conf/sigmod/HellersteinHW97,IP5tZ_N2KXYJ,1
conf/sigmod/ChengKP03,frP3YnjK9z8J,0
conf/sigmod/PolyzotisG02,LSK2JRWdhYAJ,0
journals/sigmod/RossNO03,puNj-9OqR_4J,0
conf/vldb/Kotidis01,url:http://links.jstor.org/sici%3Fsici%3D0146-4949(196424%252F21)5%253A1%253C26%253ATOCATN%253E2.0.CO%253B2-Y,0
conf/sigmod/Deutsch95,url:http://portal.acm.org/citation.cfm%3Fid%3D223784.223880,1
conf/vldb/Vaskevitch95,url:http://www.csa.com/partners/viewrecord.php%3Frequester%3Dgs%26collection%3DTRD%26recid%3DN9210489AH,0
journals/sigmod/Hammer00,url:http://portal.acm.org/ft_gateway.cfm%3Fid%3D601859%26type%3Dpdf%26dl%3DGUIDE%26dl%3DACM%26CFID%3D11111111%26CFTOKEN%3D2222222,1
journals/vldb/JagadishKNS00,wzCWnMp2PdQJ,0
journals/vldb/MehtaD97,cCixe9sbTI8J,0
conf/vldb/PardonA00,geMt6mrL7UQJ,0
conf/vldb/KonigW99,PCz6JV-nQDQJ,0
conf/vldb/Bayer95,mnUzHNE5eF0J,0
conf/vldb/GantiLR00,MGG31wuhuUIJ,0
conf/vldb/HelalL00,YYkH8cn-YCgJ,0
journals/sigmod/CheungF98,enYoi4XT7n0J,0
conf/sigmod/LometT03,alVyh9wzaWIJ,0
conf/sigmod/GibbonsM98,JUVRsklOJZsJ,0
journals/tods/AikenHW95,url:http://www.csa.com/partners/viewrecord.php%3Frequester%3Dgs%26collection%3DTRD%26recid%3DN9210406AH,0
journals/sigmod/Datta94,6Nmkc7fjaoEJ,0
conf/vldb/KoudasMJ99,w1erboYHWh0J,0
journals/sigmod/DemersGRTY03,sqy0b6jPaMwJ,0
conf/vldb/KilgerM94,url:http://www.csa.com/partners/viewrecord.php%3Frequester%3Dgs%26collection%3DTRD%26recid%3DN9210413AH,0
conf/vldb/KamelF94,CmJEVU2_CXIJ,0
conf/sigmod/Kramer97,apypsZE7AxgJ,0
conf/vldb/DidriksenGD95,4wrI8q1auL8J,0
conf/sigmod/Chan98,LI_7t59SXi4J,0
conf/vldb/MeoPC96,_lDp0VEViT0J,0
conf/vldb/RamanRH99,url:http://portal.acm.org/ft_gateway.cfm%3Fid%3D163092%26type%3Dpdf%26coll%3DGUIDE%26dl%3DACM%26CFID%3D11111111%26CFTOKEN%3D2222222,0
conf/vldb/RaghavanG01,uAIdRU_qI-kJ,0
conf/vldb/PereiraFJLS01,fRK_RmEg6QoJ,0
journals/sigmod/MeersmanS02,BsL3Y37JaMoJ,0
conf/sigmod/RossSS96,hbGAC_v5rr4J,0
conf/sigmod/WangPFY03,G9MApgfRYz0J,0
conf/vldb/SubietaKL95,url:http://portal.acm.org/citation.cfm%3Fid%3D150362.150365,0
conf/vldb/Suciu96a,yD-TdX8a9YkJ,0
conf/sigmod/BrinDG95,944FUatnBloJ,0
journals/sigmod/CatarciC96,url:http://portal.acm.org/ft_gateway.cfm%3Fid%3D245888%26type%3Dpdf%26dl%3DGUIDE%26dl%3DACM%26CFID%3D11111111%26CFTOKEN%3D2222222,1
journals/tods/DattaVCK99,iaMVd_YeOjkJ,0
conf/sigmod/AbadiC02,vZt44jR-V4oJ,0
conf/vldb/RizviH02,2pPdWgF69ZoJ,1
conf/sigmod/GuoSBS03,p_PDgjVRUS4J,1
conf/sigmod/PiatkoYLS96,LHTWOefEhecJ,0
journals/vldb/ShegalovGW01,39cu8Bn4pQAJ,0
conf/vldb/YuAA03,_TbzRIkhkxkJ,0
conf/vldb/BernsteinHSSZ97,vzBhqiCVR6AJ,0
journals/sigmod/Fong97,n_1QDIQNv0kJ,0
journals/vldb/KabraD99,pWEfI0xFFcoJ,1
conf/vldb/CochranePM96,ZIfC0glW9xMJ,0
journals/sigmod/Wiegand02,RAcoVQuEzD8J,1
journals/sigmod/FrewD97,url:http://www.csa.com/partners/viewrecord.php%3Frequester%3Dgs%26collection%3DTRD%26recid%3DN9210504AH,0
journals/sigmod/Cingil02,iNp6OM8GywoJ,0
conf/vldb/BonczMK99,twBCessT_7sJ,0
conf/vldb/GrumbachRS00,eJQxLV_b8QkJ,0
conf/sigmod/HsiaoCY94,D7w6TQwatE0J,0
journals/vldb/KraissW98,w0pVh0ADCK8J,0
journals/sigmod/SnodgrassHMOPRRWY98,7odu_C2QS-UJ,0
journals/vldb/FiebigHKMNSW02,cgNKkWzFhZMJ,0
conf/sigmod/ClossmanSHKPB98,CBb8QIVu2HUJ,0
conf/vldb/SantiniG02,5hmBRJ0N_uEJ,0
conf/vldb/Amer-YahiaCD98,hdQXdQGgZ2gJ,0
journals/tods/SalemGS94,MbDCnGbF9WMJ,0
journals/sigmod/PitouraB95,HREx16E-ZDYJ,0
journals/sigmod/Eisenberg96,TIAyEVCp-dEJ,0
conf/vldb/FlodinR95,PbPCf78sARsJ,0
journals/tods/GravanoGT99,r5qZlns7mgoJ,0
conf/sigmod/ChangBCLLS00,GhpIuPHdcqkJ,0
conf/sigmod/Aggarwal03,qbubaA6mQawJ,1
conf/vldb/WeikumMHZ02,uNwtCAfL3T4J,1
conf/vldb/SizovGT03,0Ct6b_FkdDgJ,0
conf/vldb/Sondag01,url:http://portal.acm.org/ft_gateway.cfm%3Fid%3D974751%26type%3Dpdf%26dl%3DACM%26dl%3DACM%26CFID%3D11111111%26CFTOKEN%3D2222222,0
journals/sigmod/HummerLW02,rhMVQzYRA6wJ,0
conf/vldb/ZhuS02,kAF15fIKHRUJ,0
conf/sigmod/TatarinovVBSSZ02,DeE7fx642pAJ,0
journals/sigmod/Stacey95,eQlApCaSdEEJ,0
conf/vldb/ShethKMWDLPLS96,vGeegEztVl8J,1
journals/tods/GoldmanL94,byK6ZyyAAqcJ,0
journals/sigmod/Winslett01,0qujCDx9QgAJ,0
journals/sigmod/X95a,86lM0OxWbzoJ,0
conf/sigmod/LibkinMW96,3QgOnuIwVZMJ,1
conf/sigmod/ZhaoDNS98,FuifD6oyHAEJ,0
conf/sigmod/Fernandez94,yTSMCiVsNrUJ,0
conf/vldb/EvangelidisLS95,Y9U-wKV71aEJ,0
journals/sigmod/Liu02c,W0ziAVcSPRYJ,0
conf/sigmod/GarofalakisI96,SqECOHtHVaAJ,1
conf/vldb/OzsoyogluAAOUO02,oMAElxLN0usJ,0
journals/tods/Keen97,_t3Qx2FM1-sJ,0
conf/vldb/AbiteboulMRVW98,_8XZXXRQTAIJ,0
journals/tods/MamoulisP01,SchAMpcdTSgJ,0
conf/vldb/MaedaT01,2WvoVzsQ0ksJ,0
conf/vldb/ZhuS02,2elIrI6APJcJ,0
conf/sigmod/Faloutsos95,_oDHQEBlWcgJ,0
journals/sigmod/DreyerDS94,brDGCbPlQicJ,0
conf/vldb/CasatiDGS01,N66qBRoRouEJ,0
conf/sigmod/Bierman03,lXZzpSDzRnwJ,0
conf/sigmod/CasatiS01,R9EyykCKWHoJ,0
journals/sigmod/KlasS94,bViLh5-jVsAJ,1
journals/sigmod/Stonebraker94,tlxzWmhkuUAJ,0
conf/sigmod/AltinelLKMPLWB02,q9RkEsHDmVUJ,0
journals/vldb/KnorrNT00,wRH4xwHwkakJ,0
conf/vldb/RiedelGF98,xAph8JHK5WsJ,1
conf/sigmod/DoanDH01,J82SdCmczAcJ,0
conf/vldb/ZemankovaI94,t9OjOtQ9c1EJ,0
conf/sigmod/ShahC01,fVUyFl03ZAkJ,0
conf/vldb/SchaeferBBJ00,jsydj_ocb4sJ,0
journals/sigmod/Snodgrass03a,YA6OqHhWU-EJ,0
conf/vldb/TatbulCZCS03,lPIihZrHfg8J,1
journals/sigmod/KuokFW98,Ul005j4_lW0J,0
journals/vldb/BeckerGOSW96,LXvuVi-Q20IJ,0
conf/vldb/BonczMK99,8yhbBSPKZEoJ,1
journals/vldb/PoulovassilisS96,Fbugy1yVwhMJ,0
conf/sigmod/EmbleyJN99,lXfh32QjImUJ,0
journals/vldb/LinJF94,G3TADJrcJnAJ,0
conf/vldb/OzdenBRS94,obNHNH7rEUkJ,0
conf/sigmod/LiuPBHPT00,mzFRJsbydQoJ,0
conf/sigmod/Arpaci-DusseauACHP97,url:http://ieeexplore.ieee.org/xpl/abs_free.jsp%3FarNumber%3D75466,0
conf/sigmod/FukudaMMT96a,z517-CAbh9QJ,0
conf/sigmod/ZouS96,Vt2jqXUm8G8J,0
journals/tods/Kim94,MOh6GZauLvkJ,0
conf/sigmod/Ramakrishnan00,dpErZo81qkEJ,0
conf/sigmod/ChaudhuriN98,QaukuupUIhEJ,0
conf/sigmod/SunAA03,KtQasMLkrKsJ,0
journals/sigmod/MeltonMJKSZ01,url:http://portal.acm.org/ft_gateway.cfm%3Fid%3D373709%26type%3Dpdf%26dl%3DGUIDE%26dl%3DACM%26CFID%3D11111111%26CFTOKEN%3D2222222,1
conf/vldb/WangC03,p18-SvLEqvEJ,0
conf/sigmod/LiuHBPT99,HmrYdS0kn0MJ,0
conf/sigmod/NgLHM99,YemauUgIzlcJ,1
conf/sigmod/MoonWH02,R4T0TAcjrgYJ,0
journals/sigmod/Suciu97,nPkMLSiC3JQJ,0
journals/sigmod/OConnellW03,NLmRTOxRuMkJ,0
journals/sigmod/SegevJS95,cqAuGYlfbPoJ,0
journals/tods/LitwinN96,3tKZl8FVwRMJ,0
conf/vldb/CatozziR95,3g09b2fr00wJ,0
conf/sigmod/Grust02,AEXruibzPioJ,0
journals/sigmod/MarchiLPT03,7Z8tyi5cMgIJ,0
conf/sigmod/OzdenRSS96,0vp2Qv72Fm8J,0
conf/vldb/RamakrishnanR96,url:http://adsabs.harvard.edu/abs/1980PhDT........23D,0
journals/sigmod/Fankhauser01,_fKZb0nkqjoJ,0
journals/tods/ChomickiTB01,1DbQL6R2tzMJ,1
conf/vldb/CuiW01,vXOpxAtQfswJ,0
journals/vldb/FangGM96,JYYcPQLrBw8J,0
journals/sigmod/HalkidiBV02a,uTxg-KmwnX0J,0
conf/vldb/SilversteinBMU98,3Q8HXVuFi3IJ,0
conf/vldb/KornSFSP96,51VkEWUxxLIJ,1
conf/vldb/LometT95,bqdhIEHnqasJ,0
conf/sigmod/ChristophidesACS94,WYSBGO-zyoEJ,1
journals/sigmod/JacobS99,Hct8R-O9-OAJ,0
conf/sigmod/HarinarayanRU96,-RzBfKSBxpgJ,1
conf/vldb/StohrMR00,XXx_mr9rc_gJ,0
conf/sigmod/DavulcuFKR99,TDyW6V4cc7MJ,1
journals/vldb/GruserRZZ00,ypHBb35DGMgJ,0
conf/vldb/BouganimFV96,IvSAepW1peAJ,0
journals/tods/LakshmananLN03,ahmoRsqTUY8J,0
conf/vldb/CherniackZ98,FVKzrqJSa5IJ,0
journals/tods/HjaltasonS99,tMXkkRDxvkQJ,0
conf/vldb/X00a,64C1zeWf5jkJ,0
conf/sigmod/ChaudhuriMN98,0KAlaOJkoUUJ,0
journals/tods/MumickFPR96,url:http://portal.acm.org/ft_gateway.cfm%3Fid%3D227624%26type%3Dpdf%26dl%3DGUIDE%26dl%3DACM%26CFID%3D11111111%26CFTOKEN%3D2222222,1
conf/sigmod/WilschutFA95,4V1gR8A7lsUJ,0
conf/vldb/HoelS94,ZBuWjiVOE94J,0
conf/vldb/ArunJ98,1dqeMksCm74J,1
journals/sigmod/Rosenthal98,d-inJBAeSwoJ,0
conf/sigmod/SzalayGTKMRSv02,8C_VEbqmySgJ,1
conf/vldb/Kornacker99,AbbeTKjrDhoJ,0
journals/sigmod/Winslett02a,PHJUcSAIFpMJ,0
journals/vldb/WangW01,W1b6OdtIyAIJ,0
conf/vldb/ZemankovaI94,NteX5vf9I7gJ,0
journals/sigmod/Ritter98,qkJ_IyVmLfUJ,0
journals/sigmod/GalianoM03,mdY84AIJ-Q8J,0
conf/vldb/BaumgartnerFG01a,rcGydCoyP1oJ,0
conf/sigmod/TheobaldW02,_A4z048CxKgJ,0
conf/sigmod/Tajima96,dG6UMul5C0wJ,0
conf/sigmod/ChandrasekaranCDFHHKMRS03,azU2wabXZYsJ,0
conf/vldb/Sheth96,WCuScVej3WkJ,0
conf/sigmod/BlottRS96,2SYiXa0vGN4J,0
conf/vldb/FlodinR95,ASi7RrPREA8J,0
journals/vldb/GutingS95,3wnB_pHzsBkJ,0
conf/vldb/SchmidtWKCMB02,PeG34mxyr-gJ,0
conf/sigmod/KanthRA02,cvzGN_zu53AJ,0
conf/sigmod/RadekeBBEKKN95,Gc8p85hd_CkJ,0
journals/sigmod/Group94,MMRFr3Xog2QJ,0
conf/sigmod/Gal00,i6QOOOYvOqQJ,1
conf/vldb/SenkulKT02,auC9r9lN0ocJ,0
conf/vldb/Garcia-MolinaLY98,jimNuiynSDIJ,1
journals/vldb/ChanGR03,c5Dw3mIJDJQJ,0
journals/sigmod/TsotrasJS98,A0_XgbCMxAQJ,0
journals/sigmod/Aberer03b,rgjvOIzWA8UJ,0
conf/sigmod/Krishnamurthy03,Dc6ePIWmQQQJ,0
journals/tods/ChakrabartiKMP02,yolbQQsdTZAJ,0
conf/vldb/DattaRT99,f2FOCDzIFtcJ,0
journals/sigmod/RossGR03,8OyqJKNuu14J,0
journals/tods/GunopulosKMSTS03,v5mRJmMZOTMJ,1
conf/sigmod/DogacTPPLKTK02,nQvBo5KHITYJ,0
journals/sigmod/Konig-RiesL97,url:http://portal.acm.org/ft_gateway.cfm%3Fid%3D262771%26type%3Dpdf%26dl%3DGUIDE%26dl%3DACM%26CFID%3D11111111%26CFTOKEN%3D2222222,1
conf/vldb/LeeLWS97,Uv8lA_eOro0J,0
conf/vldb/GarofalakisG02,S6PWjHRFORYJ,1
journals/sigmod/YeungHL94,peRBS-aM1NQJ,0
conf/vldb/BalminHKPSW03,abLUuO9iKAUJ,0
journals/vldb/GibsonKR00,uJ9jTdGkhiYJ,0
conf/vldb/ShaferAM96,wtPnwbBw7FoJ,1
journals/sigmod/Jarke95,url:http://adsabs.harvard.edu/abs/1985STIN...8710112R,0
journals/tods/ZaharioudakisCF97,EN1nFWJxnoIJ,1
conf/vldb/BarjaPFWD94,kLcx26MO-ykJ,0
journals/sigmod/PissinouSEMOPSTD94,fSKoYnVJbwwJ,1
conf/vldb/HristidisGP03,hCFSemq1EmMJ,0
journals/tods/CastanoAFP98,yaHMssg3_-0J,0
journals/vldb/HarrisR96,S8x6zjXc9oAJ,1
conf/vldb/Guting94,584tvD8f6AAJ,1
conf/vldb/AdiBEY00,OkdgQ1Pb6x8J,0
journals/vldb/HarderST99,i5JHqUYuGboJ,0
journals/sigmod/BusslerFM02,m56HUW18JKAJ,1
journals/sigmod/Kuijpers02,Rw1PG2LU860J,0
conf/sigmod/AdelbergD99,s40fqzss4woJ,1
conf/sigmod/MaheshwariL97,VcVAYDLTty8J,1
journals/sigmod/Winslett02b,CnBNgxd1kksJ,0
journals/sigmod/CalvaneseGLV03,64k7J-hyKUcJ,0
conf/sigmod/Ross00,url:http://portal.acm.org/ft_gateway.cfm%3Fid%3D1083752%26type%3Dpdf,0
conf/sigmod/SistlaW95,DbNNMGAtNKgJ,0
conf/sigmod/CarinoKKB01,_KpYtRzdFH8J,0
journals/sigmod/LightstoneLZ02,TXvcfnPeNkwJ,0
journals/vldb/MehtaD97,zppqMPNFTQIJ,1
conf/vldb/ShahRS02,CoR5jNYfKskJ,0
conf/vldb/Adler01,url:http://portal.acm.org/citation.cfm%3Fid%3D604292%26dl%3DACM%26coll%3Dportal%26CFID%3D11111111%26CFTOKEN%3D2222222,0
journals/sigmod/Kim94,6DMmmNFSOhQJ,0
conf/sigmod/LiBKN03,micx2kyGfKIJ,1
conf/sigmod/WilschutFA95,K_PDL1_2brsJ,0
journals/sigmod/Rosneblatt94,pHdsyPOhh1cJ,0
journals/vldb/SuHHHLWLPLL01,url:http://portal.acm.org/citation.cfm%3Fid%3D1083592.1083692,0
conf/sigmod/JagadishKS00,IyZvnUitdRYJ,0
conf/vldb/ShuklaDN98,ks4Wxa8dHNIJ,0
journals/sigmod/RashidS00,HQzuy_hwzR8J,0
journals/sigmod/Snodgrass98b,yAwe__az8igJ,0
journals/sigmod/CaleroPR03,0oWQkaInEC4J,0
journals/sigmod/NascimentoM99,jDosoroqzRwJ,0
journals/vldb/C94,Ej4NT7UeHngJ,0
conf/vldb/MartinC94,yF2PLRsL848J,0
conf/vldb/MurthyB03,url:http://portal.acm.org/citation.cfm%3Fid%3D154766.155381%26dl%3Dportal%26dl%3DACM%26type%3Dseries%26idx%3DSERIES003%26part%3DProceedings%26WantType%3DProceedings%26title%3DHistory%2520of%2520Programming%2520Languages%26CFID%3D11111111%26CFTOKEN%3D2222222,0
conf/vldb/LaneEN00,AELK1VrNZ40J,0
conf/sigmod/AggarwalY00,di4WM5ygVgYJ,0
conf/vldb/JarkeKL00,6c3XQZ-_HDUJ,1
conf/sigmod/YanMHF01,url:http://www.csa.com/partners/viewrecord.php%3Frequester%3Dgs%26collection%3DTRD%26recid%3D0014631CI,0
journals/sigmod/GlavitschSW94,prIAopXQJnkJ,0
conf/vldb/BernsteinHJRW00,1Wwp-kQC5l4J,0
conf/vldb/BelloDDFNSWZ98,G-XED7ZSLyUJ,0
conf/sigmod/ShanmugasundaramNSR99,4R6x8JFmEawJ,0
conf/vldb/GaoS03,url:http://portal.acm.org/ft_gateway.cfm%3Fid%3D1101337%26type%3Dpdf,0
conf/vldb/DattaRT99,hKMNHkT1kf4J,0
conf/sigmod/RossSS96,9zprnFuSgDgJ,0
journals/sigmod/Snodgrass00c,qxISg80i4pcJ,0
conf/vldb/YanG95,lr_Kq9SZLY8J,1
conf/sigmod/KuhnTS94,9JKwd0Ps1VYJ,0
conf/sigmod/Ballinger94,xGGBIZmLvmgJ,1
conf/vldb/ShahRS02,f2X6im46xPQJ,0
conf/sigmod/RaoR98,F1dIpgZJ0jQJ,0
conf/sigmod/JagadishJOT01,vmmkfZiANLoJ,0
journals/sigmod/PossasMCR00,_XJZ8xD9sTMJ,1
conf/sigmod/Ivinskis95,VbCfPqMAn-MJ,0
conf/sigmod/SunAA03,wR6CGftUyH0J,1
journals/sigmod/LightstoneLZ02,caF0mx7OFTMJ,0
conf/sigmod/GraySEBW94,Pgqk5xg-U2AJ,0
journals/vldb/BonczK99,LkUwdUe90GUJ,0
conf/vldb/MoserKK95,QrycU4KYfVMJ,0
conf/vldb/BrownG01,url:http://www.csa.com/partners/viewrecord.php%3Frequester%3Dgs%26collection%3DTRD%26recid%3D1568251CI,0
journals/sigmod/SommerGB02,OT1y8xmQ1XUJ,0
journals/sigmod/Halevy03,zKdYgKW3m0MJ,0
conf/vldb/GantiLR00,g5yrQCdJ56QJ,0
conf/vldb/SahuguetA99,NrXmzugArgoJ,1
conf/sigmod/Rosenthal01,BKEvCH1aY-EJ,0
conf/vldb/GilbertKMS02,kxGdQhvpi_sJ,1
journals/sigmod/LenzVJS03,TJ2XGfk_3dkJ,0
journals/sigmod/X95,iDsc8pYA68wJ,0
conf/vldb/AgrawalSX01,FoAVdcYe0tsJ,0
conf/vldb/SeidlK97,4Ps_ifsjnG4J,0
conf/vldb/RezendeS98,v-sw13fT2gQJ,0
journals/tods/CaldersNW02,url:http://portal.acm.org/ft_gateway.cfm%3Fid%3D1101372%26type%3Dpdf,0
conf/sigmod/PatelD96,wST60sXh0CcJ,0
conf/sigmod/ArefBV95,XeXDbxZoB-YJ,0
conf/sigmod/Seshadri99,B855ccGhBu4J,1
journals/tods/WijesekeraJPH03,KjA5NlUhC-MJ,0
conf/sigmod/TheodoulidisAACKS94,lpaRzFmVvy0J,0
journals/vldb/DesslochHMMT98,4D2HQE6fXXEJ,1
conf/sigmod/Chong98,XOU3T0LQFdcJ,0
conf/vldb/Garcia-MolinaLY98,bCsX4nnVy00J,0
journals/sigmod/JensenCEGHJ94,ntDRsJyN2SMJ,0
journals/sigmod/Snodgrass98,mUnigwfHKSwJ,0
conf/sigmod/SalemBCL00,4692SthNStUJ,0
conf/sigmod/AgrawalASY97,url:http://portal.acm.org/citation.cfm%3Fid%3D882082.882084%26dl%3Dportal%26dl%3DACM%26CFID%3D11111111%26CFTOKEN%3D2222222,0
conf/vldb/EsterKSWX98,MC7KlhmEQt8J,1
conf/vldb/LockemannKKKN97,g5yrQCdJ56QJ,0
conf/vldb/Wadler01,k6eu4IWeE2sJ,0
journals/vldb/RafieiM02,jWfZg8QNGKoJ,0
conf/sigmod/RoussopoulosKS99,13CyZggemvwJ,0
conf/vldb/HoskingC99,8Pt19BiLeHEJ,1
conf/vldb/AbrolLMMMRTWZ01,o6noitAUGhYJ,0
conf/vldb/LevyMS94,WIbtPXHpeHoJ,0
conf/vldb/PottingerL00,M2zV0WBF7XYJ,1
conf/vldb/YuV00,url:http://www.csa.com/partners/viewrecord.php%3Frequester%3Dgs%26collection%3DTRD%26recid%3DN9210445AH,0
conf/vldb/MiningGroup96,fGw7o-RlqlcJ,1
conf/vldb/GottlobKP02,e5Gm5upjQnkJ,1
conf/vldb/Tsur00,VANB-NFVarkJ,0
conf/vldb/ShaferAM96,iU7EJFViYvgJ,1
journals/vldb/AmielBDS96,l7cdzhET5fcJ,0
conf/sigmod/CareyDFHMNSSTTWZ94,tFwhdyBRe78J,0
conf/vldb/RossS97,oNUCMWMN7IMJ,0
journals/sigmod/AndersonS94,ZpJk6AWnYgwJ,0
conf/sigmod/Blakeley94,ytjBYVCw5K4J,0
conf/sigmod/BohmBKK01,mnJMRPhRqrYJ,0
conf/sigmod/MaddenFHH03,xsh0C_nCllsJ,0
conf/sigmod/ColbyKLMR97,0YqhgAHv5vcJ,0
journals/sigmod/NejdlSS03,lZGtV8TM9yoJ,1
journals/sigmod/DongS00,QLkg45G33VgJ,0
journals/sigmod/NobleS95,Xh4z_InAi4AJ,1
journals/sigmod/UlusoyB96,Oc1QHMKjXdsJ,0
conf/sigmod/BabcockBDM03,MXLXA7Zd1soJ,0
conf/sigmod/HanFWCZK96,qJwt-ZCMjpQJ,0
journals/sigmod/KiyokiKH94,url:http://doi.wiley.com/10.1002/he.100,0
conf/vldb/MadhavanBR01,9SZaSAwzyDMJ,0
journals/sigmod/AtkinsonDJPS96,OgBSNzmsvHUJ,1
conf/vldb/GalhardasFSSS01,n3DMdfviaSUJ,0
conf/vldb/ChaudhuriS94,3gvX_vqAIXEJ,0
conf/sigmod/DraperHW01,6csUZFROjIEJ,1
conf/vldb/YuPM03,mMoiBxQcK_MJ,0
conf/sigmod/Englert94,KOpz_NXJ3WUJ,1
conf/sigmod/TatarinovIHW01,_IZi7_HDxUwJ,0
journals/sigmod/PhatakSSS96,rCvyvNiKkZcJ,0
conf/sigmod/LabioYG99,2Y2aw_XRafsJ,0
conf/sigmod/AdaliSS99,hz78sVq8p2wJ,0
conf/vldb/ShahRS02,Q3MhG5RK29oJ,1
conf/sigmod/AgrawalS00,url:http://portal.acm.org/ft_gateway.cfm%3Fid%3D1101910%26type%3Dpdf,0
conf/vldb/RamamurthyDS02,vGFdY2gG8YsJ,1
journals/sigmod/CrestaniG02,DH-qR88pEW4J,0
conf/sigmod/BerchtoldK98,TxHQA0RE8oEJ,0
journals/sigmod/MeltonMJKSZ01,IoNxL_rg2_cJ,1
journals/sigmod/MeltonMJKS02,ruMkEFagTIUJ,0
conf/vldb/GrumbachRS00,4A0xKZFhmR0J,0
conf/sigmod/GrayHOS96,5cw83MyqYrMJ,1
conf/sigmod/AvnurHLORRRW98,fqjVtEtVArkJ,0
journals/sigmod/JenningsNF98,vgi1l8lbDcsJ,1
journals/sigmod/ElmagarmidJF95,N4BY17DhGwsJ,0
journals/vldb/ChakrabartiGRS01,PTmCbogNUpAJ,1
conf/sigmod/MotakisZ97,8hMkXAIa8vEJ,1
conf/vldb/FankhauserGLMT98,XeK-exduCywJ,0
conf/sigmod/ShahC01,2wGOv6yh4yIJ,1
conf/vldb/DattaRT99,P2fMhdoFxQUJ,0
journals/sigmod/CrestaniG02,fEhxmWIwSJ0J,0
conf/sigmod/ChristophidesCM96,q3Y-Mlx2sUsJ,1
journals/tods/ChomickiTB01,damRLjJVvpkJ,0
conf/vldb/LuSL95,AvfsXnSTA24J,1
journals/sigmod/Franklin00b,ybhVMjQgUU4J,0
conf/vldb/GoldmanW97,w55ssr50sroJ,0
conf/vldb/SarawagiBKM02,I-Z5lr7IfQAJ,0
conf/sigmod/SarawagiTA98,ZLUo-gCGx5EJ,1
conf/sigmod/Ellison95,ufd-pLPLfTEJ,0
journals/sigmod/LiefkeS00,GyhnzPMUQKAJ,0
conf/sigmod/LiuFP03,Gnwc8TI6JlEJ,0
conf/sigmod/MorpainCFP96,EgurdgisWTQJ,0
journals/vldb/BonczK99,ATjnxh8X_f0J,1
conf/sigmod/LiskovACDGGMMS96,url:http://portal.acm.org/citation.cfm%3Fid%3D604264.604279%26coll%3DGUIDE%26dl%3DACM%26type%3Dissue%26idx%3DJ689%26part%3Dperiodical%26WantType%3Dperiodical%26title%3DACM%2520SIGMOD%2520Record%26CFID%3D11111111%26CFTOKEN%3D2222222,0
journals/sigmod/Hampapur99,2ttuR59ijYYJ,0
conf/sigmod/ZouS96,kfwVaSlN3dUJ,0
conf/sigmod/DraperHW01,CyZacYCDdQsJ,0
journals/sigmod/Date96,url:http://portal.acm.org/citation.cfm%3Fid%3D245882.245885%26coll%3DGUIDE%26dl%3DACM%26idx%3DJ689%26part%3Dperiodical%26WantType%3Dperiodical%26title%3DACM%2520SIGMOD%2520Record%26CFID%3D11111111%26CFTOKEN%3D2222222,1
journals/tods/BunemanO96,C-fl9O_Qi0MJ,0
conf/vldb/KnorrN98,a_JkQ75RHYIJ,0
conf/vldb/SrivastavaDJL96,oQJNqlgXUbgJ,1
conf/sigmod/Nori00,ZTBiopwBpLgJ,0
conf/vldb/LernerS03,lml1Fe56_bYJ,0
journals/sigmod/DrewHKKLLLSW95,1RfTTkHX4PUJ,0
conf/vldb/ParkMC02,WB_SS6UprqUJ,0
conf/vldb/BaumannDFRW99,url:http://www.springerlink.com/index/RL0410355742611K.pdf,0
conf/sigmod/BabcockO03,lzDcGtahiYEJ,0
conf/vldb/ChaudhuriS94,QX6B_tdRsCEJ,0
journals/sigmod/FrankNS02,YeD6vittJSMJ,1
conf/sigmod/Bosworth03,U3uz3v0w3BkJ,0
conf/vldb/KoudasGGSV03,kTPqj0-_RcMJ,0
conf/vldb/GottlobKP02,KvhuIhTTj_YJ,0
journals/sigmod/RamamrithamSSTX96,ej8ptlaxPTwJ,0
journals/sigmod/LudwigG00,XzHG2PgPwxwJ,0
conf/vldb/GeorgeH98,H9kP04YYA4QJ,0
conf/sigmod/KotidisR99,ZknlFLRnqLYJ,1
conf/vldb/X00,NTrKw_XMQLkJ,0
journals/vldb/ChuIT94,XN11heA-GhkJ,0
conf/vldb/WuYCT95,aI71vLvnLzMJ,0
journals/vldb/MehtaGPN98,2bafas1GXWQJ,0
journals/sigmod/McClatcheyV97,H68_HkwMmlQJ,0
journals/sigmod/Liu01,TzoRzatgypEJ,0
journals/sigmod/Snodgrass99,Myj_hMOXJIQJ,0
conf/vldb/HanF95,1urLrX5xC3MJ,0
conf/sigmod/BhattacharyaMBNHS02,cg01BqanXhUJ,1
journals/vldb/FiletoLPAM03,VtCWfiyINLIJ,0
conf/sigmod/SagonasSW94a,VyG3DtMwR-wJ,0
conf/sigmod/GillmannWW02,url:http://portal.acm.org/ft_gateway.cfm%3Fid%3D1027771%26type%3Dpdf,0
conf/vldb/Lesk94,zQMjNgcIjeUJ,0
journals/sigmod/Kemper02,s5ZemkAipVQJ,0
journals/vldb/HarderST99,juRxTwp_Ue8J,0
journals/sigmod/FrewD97,la_2Im8hW7sJ,0
journals/sigmod/AnyanwuS02,oiKKyuxtKIUJ,0
journals/vldb/ManegoldBK00,6GAoBRINv7kJ,1
conf/sigmod/ChenR94,YAsocPxLhlQJ,0
conf/vldb/PapadiasT01,z2i4dF7ql1sJ,0
conf/vldb/MadhavanBR01,QZyUtlmyn1UJ,1
conf/sigmod/Jhingran00,LbcIQJ-_FMgJ,0
journals/sigmod/Kumar03,c24cwONhIa4J,0
conf/vldb/AmielBDS94,DSK8PrN17mUJ,0
conf/sigmod/QuassW97,uJaiWQzFEZwJ,0
journals/sigmod/KramerNKRLKLZ97,SsC6psG_FZAJ,0
journals/sigmod/Snodgrass00a,q9ieSuhVQKwJ,0
conf/sigmod/Ellison95,t_XrLlqtRckJ,0
journals/tods/ZobelMR98,iJUQxO57UaEJ,0
journals/sigmod/Franklin97b,iskOnjIAfbsJ,0
conf/sigmod/Moore95,blXqcz0xPrMJ,0
conf/vldb/GutierrezPST94,9KM1MkzWaWoJ,0
journals/vldb/HuntAI02,LiYp5oaDwbMJ,1
conf/sigmod/Mylopoulos98,ojEcoQCzdkMJ,0
conf/vldb/PardonA00,uR_M2WL8xgUJ,0
journals/sigmod/Qian96a,url:http://portal.acm.org/ft_gateway.cfm%3Fid%3D1101971%26type%3Dpdf,0
journals/vldb/WhiteD95,SFmnhrhoQzgJ,0
conf/sigmod/GarofalakisGRSS00,5uvR4kU1UOoJ,1
conf/vldb/GeorgeH98,M0W5X_JA5kcJ,1
journals/vldb/Han98,k36Jn8oZqwAJ,0
conf/sigmod/ChenDLT00,EgREwWwnDl8J,0
conf/vldb/Amer-YahiaCD98,VrCX1YnKfisJ,0
journals/sigmod/Aberer03b,url:http://portal.acm.org/ft_gateway.cfm%3Fid%3D776994%26type%3Dpdf%26dl%3DGUIDE%26dl%3DACM%26CFID%3D11111111%26CFTOKEN%3D2222222,1
journals/vldb/C94b,79WTIkuiJdgJ,0
conf/vldb/CohenMKS03,XXWaCNRTbTgJ,0
conf/vldb/GionisIM99,cKB0m1fkxXcJ,0
conf/vldb/Team00,MfPbk62EdyQJ,0
journals/tods/Alagic99,Sbpl-16tQKgJ,0
journals/sigmod/DadamK97,1EMlStkAP5YJ,0
conf/sigmod/YangWYH02,K8FEoYyEPL8J,0
conf/vldb/GingrasL98,yh5g871ZZzQJ,0
conf/sigmod/FranklinJK96,r_AJVAqn0KcJ,0
journals/vldb/BarbaraI95,OEpwAcnqlWwJ,0
journals/tods/GunopulosKMSTS03,-q1BFuUI27EJ,1
conf/vldb/HvasshovdBT00,7RfIyu2r4-kJ,0
journals/tods/Chen95,kXON0eJukd4J,0
conf/vldb/AbiteboulACEMM99,_zHAz0-byccJ,0
journals/sigmod/SofferMC02,RJIZT8TqUpwJ,0
conf/vldb/NgC97,url:http://www.springerlink.com/index/R187542R1Q703R74.pdf,0
conf/vldb/WiesnerK01,xQDasAspEegJ,0
conf/sigmod/WhiteD95,vcnT5aIZVTEJ,0
conf/vldb/ClaussenKMP97,HcJy6GpsmPYJ,0
journals/sigmod/BonifatiC00,RR-e0fkaniQJ,1
journals/sigmod/Snodgrass99a,ZJRIE5CMDZAJ,0
journals/sigmod/LawderK01,oWycPF742cUJ,0
conf/sigmod/WangZS95,AOfAOwaNqCYJ,0
journals/sigmod/Segev95,url:http://portal.acm.org/ft_gateway.cfm%3Fid%3D984534%26type%3Dpdf%26dl%3DGUIDE%26dl%3DACM%26CFID%3D11111111%26CFTOKEN%3D2222222,0
conf/sigmod/GionisGK01,aKEarwPrImoJ,0
journals/sigmod/X95,MbDCnGbF9WMJ,0
conf/vldb/DongHLPW01,VB44VKTgBgUJ,0
conf/vldb/BelussiF95,C-Hz6btw11gJ,1
journals/sigmod/YaoG02,hZdJbrGrGosJ,0
conf/sigmod/MarklL02,hSWDGZiwxo8J,0
journals/sigmod/CampbellEM03,T6-1YTgeeF4J,0
journals/sigmod/Winslett01,V4NASwqZ530J,0
conf/vldb/Shmueli01,MsjL7Aj1KCIJ,0
conf/sigmod/LangS01,3uFXu0xTgqAJ,0
journals/vldb/ScheuermannWZ98,LAQ2YWUaqacJ,0
conf/sigmod/BerchtoldBK98,5bjtbk4ZdZIJ,1
conf/vldb/RamsakMFZEB00,ZTHjFt2qUAYJ,0
conf/vldb/BaumannDFRW99,BQWzpwMQOD4J,0
conf/sigmod/AdaliBSS98,zWHE1jV6f84J,0
conf/vldb/Madnick95,url:http://ieeexplore.ieee.org/xpl/abs_free.jsp%3FarNumber%3D1320053,0
journals/sigmod/CaplinskasEV02,x4HkJDEYFmYJ,0
journals/sigmod/Hainaut03,Xh2qzZe-kFkJ,0
conf/sigmod/ChaudhuriMN99,w8V6WdctU7YJ,0
conf/sigmod/BressanGFJHKLMPQSS97,url:http://ieeexplore.ieee.org/iel5/9217/29235/01320062.pdf%3Farnumber%3D1320062,0
journals/sigmod/Lomet01,8210LPnuMb0J,0
conf/sigmod/LuoEHN02,osIpBeJ_w0QJ,0
conf/vldb/RothOH99,znWqWhUfPp8J,0
conf/sigmod/LabioWGG00,pDtJuYkMjggJ,0
journals/tods/KossmannFDA00,KeOJjlqRfwgJ,0
conf/sigmod/ImielinskiVB94,YCP5tWRHS_EJ,1
journals/sigmod/BernsteinDK99,Ye5fTBiMoUwJ,1
journals/tods/BrunoCG02,Cg8CVYNv-lQJ,0
journals/sigmod/Segev95,RYKW_UmJ0EwJ,0
journals/sigmod/X94,AidbvODvV1kJ,0
journals/tods/ShashaLSV95,10ocxsIRzxEJ,0
conf/vldb/RaghavanG03,ma-ZRYj0pXIJ,1
conf/sigmod/ClossmanSHKPB98,SY4XV_ITK20J,0
conf/sigmod/FaginKS03,aByLKO8tKGwJ,0
conf/sigmod/ColbyKLMR97,f1pvHZMN_K4J,0
conf/vldb/CasatiDGS01,cEId_ZembW4J,0
conf/vldb/IoannidisP99,rs3jIg5Uk9UJ,0
journals/sigmod/Huyn01,H5w0hzh1c14J,0
conf/sigmod/GuhaJKSY02,04n1FDGxU0AJ,0
journals/sigmod/Ley00,9nSXj3QQSLcJ,0
conf/vldb/BenediktCFRZZ02,R9gA8RFgoSgJ,0
journals/sigmod/Qian95,qRsT_h_aVd0J,0
journals/sigmod/RossHLW01,9RhyaHEMvAgJ,0
conf/vldb/X00a,OlbPla3AjlQJ,0
conf/vldb/BouganimFV96,TiffIV1Y6AMJ,1
conf/vldb/AgrawalKSX02,ZCBoAEMf_I8J,0
conf/vldb/DaynesC02,l5GboAkBH1AJ,0
conf/sigmod/AbiteboulCM95,url:http://portal.acm.org/ft_gateway.cfm%3Fid%3D1101983%26type%3Dpdf,0
journals/tods/CastanoAFP98,cM7u25ciwZUJ,0
conf/sigmod/WynblattN01,s9eUKlnLkBkJ,0
conf/vldb/ShashaB02,BsQtFZrn3fsJ,0
journals/sigmod/DarwenD95,UJCmE7YfUlYJ,0
conf/sigmod/WangSCRZP97,v2OGpnLacx8J,0
journals/sigmod/McHughW97,jDVjbR07gWgJ,0
conf/sigmod/McIverK94,Iam2LCrEQC4J,0
journals/sigmod/Bussler02,_BVn-HpVzgsJ,0
journals/sigmod/LacroixB03,fkCkIdv1IIIJ,0
conf/sigmod/ZhugeGHW95,36ibNcuzKVAJ,1
conf/vldb/Kornacker99,G7CJNSIBp10J,0
journals/sigmod/RosenthalHRS97,url:http://www.csa.com/partners/viewrecord.php%3Frequester%3Dgs%26collection%3DTRD%26recid%3D1107238CI,0
journals/tods/GravanoGT99,NCv4Y_aV23EJ,1
conf/vldb/ShuklaDNR96,YIlg3PsvqTgJ,0
conf/sigmod/DasGR03,7ORykEWIrV4J,0
journals/tods/BeneventanoBS03,xZVDbSs7CfwJ,0
journals/sigmod/Huyn01,url:http://portal.acm.org/citation.cfm%3Fid%3D603867.603869%26coll%3DGUIDE%26dl%3DACM%26idx%3DJ689%26part%3Dperiodical%26WantType%3Dperiodical%26title%3DACM%2520SIGMOD%2520Record%26CFID%3D11111111%26CFTOKEN%3D2222222,0
conf/sigmod/Vaskevitch94,BmV2iPuXZeMJ,0
journals/vldb/BunemanFS00,Jo6-8TTloocJ,0
conf/vldb/KoudasMJ99,ItOlYY7ITt0J,0
journals/sigmod/ChristoffelPSL98,JXiJ0MIQSf0J,1
journals/vldb/LawLG99,X2obIjGHFOQJ,0
conf/vldb/YangG01,LN1TWlAUa0wJ,1
conf/sigmod/VriesMNK02,ZMONiwJB2MoJ,0
conf/sigmod/ShenNSHS03,UXm0EWCXxpIJ,0
conf/vldb/ColletCS94,q0LbTnnGsIsJ,0
journals/sigmod/FlorescuLM98,_SR_pRTnA6IJ,1
journals/sigmod/Hammer03,w2Z4QqIEm7oJ,0
journals/sigmod/McHughAGQW97,url:http://www.csa.com/partners/viewrecord.php%3Frequester%3Dgs%26collection%3DENV%26recid%3D10407,0
conf/sigmod/SaltenisJLL00,zM0o4FoKRXIJ,1
journals/vldb/AmielBDS96,DMYXJIkIenYJ,0
conf/vldb/ScheuermannSV96,kxebBNLKWl4J,1
conf/vldb/AnciauxBBPV01,6tbbOAIiLq4J,0
journals/sigmod/Klein94,I_FbR9D6_8sJ,0
journals/vldb/LaurentLSV01,UkWTBXPmxo8J,0
journals/sigmod/BawaCCDGGKMSSVY03,CAMP-DQexD8J,0
journals/sigmod/ONeilG95,NLmRTOxRuMkJ,0
journals/sigmod/Rosneblatt94,s98GgFcgEd8J,0
journals/vldb/HjaltasonS02,eGqHfYyLHL8J,0
conf/sigmod/WhiteD95,HEpPxGDNjtEJ,0
journals/sigmod/TianDCZ02,url:http://www.springerlink.com/index/N851829278X746N1.pdf,0
conf/sigmod/WangSSZZW00,url:http://ieeexplore.ieee.org/iel5/69/29527/01339269.pdf%3Farnumber%3D1339269,0
journals/sigmod/RamanathanH97,K6LO9ZFrO34J,0
conf/sigmod/SchleimerWA03,nCRFjDfhOmcJ,1
conf/sigmod/WaasG00,-8erEWRf6CIJ,0
journals/sigmod/DrewHKKLLLSW95,1BALpm4diSoJ,0
conf/vldb/ChienTZ01,uIa57rfDba8J,0
conf/sigmod/GingrasLSPS97,eRd-JZ3Y8m8J,0
journals/vldb/FahlR97,WwiNzuiIqPMJ,0
conf/sigmod/BohmA96,9vKCnxgDkDIJ,0
journals/vldb/ChandrasekaranF03,x5IBsUYMhQkJ,0
journals/vldb/ZezulaSAR98,NGmfDUfEgLwJ,0
conf/vldb/HankinsP03,NsxXW_CvQpkJ,1
conf/sigmod/DoppelhammerHKK97,mS1AiUIW3U0J,0
journals/sigmod/SilberschatzSU96,3nXBlVy0-HUJ,1
journals/sigmod/Abiteboul99,J_7kZS39msAJ,1
journals/sigmod/Rosneblatt94,ZBEUPeUOILAJ,0
conf/sigmod/Bussler01,BvwPBkQRVpYJ,0
conf/vldb/SilversteinBMU98,EFqU_vfEL_0J,0
journals/vldb/FiebigHKMNSW02,ideOjKSk9XgJ,0
conf/sigmod/DoppelhammerHKK97,url:http://www.csa.com/partners/viewrecord.php%3Frequester%3Dgs%26collection%3DTRD%26recid%3D018802530041AI,0
conf/vldb/SchaeferBBJ00,BKvmjX7abn0J,0
conf/vldb/LingLL00,axLVqxHiJicJ,0
conf/sigmod/Keim96,VMUQxO5sWMUJ,1
conf/sigmod/Mohan96,JHJ-NMsTtL0J,1
conf/vldb/YagoubFIV00a,y35mpYy4630J,0
conf/vldb/LiM01,v5RwghqO86sJ,0
conf/sigmod/ColletC95,dGANbgxaSBEJ,0
conf/vldb/KemperK94,YIXZ-4GA6vYJ,0
journals/sigmod/Domingo-FerrerH98,9bRPA_aTYh4J,1
conf/sigmod/ViglasN02,69nY_nZJE68J,0
conf/vldb/JagadishNSSK97,ZG9yClLgWnsJ,1
conf/sigmod/Chan98,Qmgmqih7_gIJ,0
journals/sigmod/Rosenthal98,dOBLMV6pUy4J,0
journals/tods/MokNE96,VVD-U4tY4P4J,0
journals/tods/TaoP03,CEhTeFP0ExgJ,0
journals/vldb/KraissW98,wd9dp08MveIJ,0
journals/tods/BozkayaO99,9wnPH2ovRSAJ,0
conf/sigmod/DogacTPPLKTK02,eGUe1QXk6GIJ,0
conf/vldb/MohanBWSZ00,uOEFn1HP0IgJ,0
journals/sigmod/KuanL99,jMq7Tj6boIgJ,0
conf/vldb/Sripada02,inivssAucCYJ,0
conf/vldb/BernsteinPS99,qwmFIA1HUrIJ,0
conf/sigmod/CareyDFHMNSSTTWZ94,0oPBNo-ofPkJ,1
conf/vldb/SteinbrunnPMK95,ti6ELqthwqkJ,0
conf/sigmod/SeshadriHPLRSSS96,NTb_qM3uslMJ,0
conf/vldb/DiaoF03,h43touEiLyAJ,0
conf/vldb/Kotidis01,rEytZgzK6fMJ,0
conf/sigmod/RoussopoulosKR97,0vp2Qv72Fm8J,0
journals/sigmod/DogacDKOONEHAKKM95,ZE48JXMp1T4J,0
conf/sigmod/HwangLYMMGCSS94,xGg2mbj2KtgJ,0
conf/sigmod/SagonasSW94a,djOvjjluA58J,0
journals/tods/Chen95,9Iy_Gyj2lyMJ,0
conf/sigmod/LahiriJJC98,pBTrUUOYfyQJ,0
conf/vldb/MadhavanBR01,MGXjM2zKyvQJ,0
journals/sigmod/SnodgrassAABCDEGJKKKLLRSSS94a,N5uSDAzFwocJ,0
conf/vldb/SayalCDS02,g5yrQCdJ56QJ,0
conf/vldb/BohlenSS96,MqokIdCr2oIJ,1
conf/vldb/NinkHR99,1tpIy-oDnrYJ,0
conf/vldb/KiesslingK02,Z8bBN2cO11UJ,1
conf/vldb/CareyD96,qgueaSU5tzEJ,0
journals/sigmod/Anisimov03,EUhrT2Kx5VAJ,0
conf/sigmod/JarkeQBLMS99,oQKSxR6k72UJ,0
conf/sigmod/GrossmanQ94,MrVqfVjCSw0J,0
conf/vldb/Ioannidis03,3BnVPkz5M5sJ,0
conf/sigmod/BrunoCG01,SGmfFHnOf4IJ,1
journals/tods/HjaltasonS03,bclTh1vFOLgJ,0
journals/sigmod/BarbaraBFLS94,url:http://portal.acm.org/citation.cfm%3Fid%3D187455,1
conf/vldb/Cluet03,i9LJVMz9DusJ,0
conf/sigmod/MumickQM97,f9v0ra3ZOoAJ,0
conf/sigmod/Blakeley94,l5vwQtmjqt4J,0
conf/sigmod/ZadorozhnyRVUB02,b005PuKLSRAJ,0
conf/vldb/LabrinidisR03,lOAYeTf6OycJ,0
conf/vldb/SarawagiS96,uWMZnfvTJqsJ,0
journals/sigmod/Chang03,8bhmFnizowgJ,0
journals/sigmod/PapazoglouH99,d5BG9F7_LGMJ,1
conf/sigmod/GrayHOS96,imwZsCcZvFQJ,1
conf/sigmod/FegarasM95,RrI6TuwE5UIJ,0
conf/sigmod/CareyMN97,url:http://www.csa.com/partners/viewrecord.php%3Frequester%3Dgs%26collection%3DTRD%26recid%3D800738CO,0
conf/vldb/ChaudhuriS96,_ZrREGCBXjAJ,0
journals/sigmod/FengJH01,M8iZ_LiswOIJ,0
journals/sigmod/MotroA03,url:http://links.jstor.org/sici%3Fsici%3D0146-4949(196221%252F22)3%253A2%253C50%253AEPRGAR%253E2.0.CO%253B2-M,0
journals/vldb/Amer-YahiaCLS02,FV5fNRmuv7EJ,0
conf/sigmod/NgLK98,qgmpKWT9cJsJ,0
conf/sigmod/CluetDSS98,yp9N1FsxVlkJ,0
conf/vldb/DoR02,F4OCkqWwqtAJ,0
conf/sigmod/ColletC95,EMK8ZjQyjvoJ,0
conf/sigmod/BunemanKTT02,cKIQyzazkYEJ,1
conf/vldb/Galindo-LegariaJWW03,znWqWhUfPp8J,1
conf/vldb/ImielinskiB02,IQ_MbfJGh0kJ,1
conf/vldb/Vieille98,ZkEFe17zqxsJ,0
conf/sigmod/RundensteinerKRCJM96,url:http://pubs.acs.org/cgi-bin/abstract.cgi/achre4/2004/37/i12/abs/ar040108%2B.html,0
journals/sigmod/RossFLOSSVW00,wYIUySNLhugJ,0
journals/vldb/Li03,nsFFKjYz19cJ,1
conf/vldb/CiacciaPZ97,6cRuX7GDFCoJ,1
journals/sigmod/Snodgrass99a,IgC2HESTbKQJ,0
journals/sigmod/UlusoyB96,0zt7GSUKdGoJ,0
journals/sigmod/SnodgrassHMOPRRWY98,Ye5i7ypSH9YJ,0
journals/vldb/ChangG01,isY25NJyMWIJ,0
journals/sigmod/TanK03,-JwOe0wd0HkJ,1
conf/vldb/ParkMC02,0VV5SUeNJWwJ,0
conf/sigmod/AggarwalPWYP99,pQxaAKinGI0J,0
journals/sigmod/KoubarakisTID03,CtkIgyH-WvMJ,0
journals/vldb/MylopoulosCPST96,4feb67ptE6cJ,0
journals/sigmod/TsotrasK96,-ZDi1Wdy_DoJ,0
conf/vldb/HerlekarDRGS02,NGDJ6abrgEUJ,0
journals/sigmod/GerlaX03,7XU32GFkhu4J,0
conf/vldb/GalhardasFSSS01,YlStLEc6YCcJ,0
journals/tods/BaekgaardM95,nTjtgmW0FksJ,0
conf/sigmod/BohrerBBCFHKKMNRRSUUW97a,ywEAyex_frMJ,0
journals/sigmod/RossFS02,sKQYWSpYg3sJ,0
journals/sigmod/CruzKLSWY02,W_CVz6V80csJ,0
conf/vldb/LabrinidisR03,nFErsfdpYfwJ,0
conf/sigmod/CareyCNVDRSM99,efYVCK07AwMJ,0
conf/sigmod/YuMWL01,xkK5sMFddeUJ,0
journals/vldb/PucheralBVB01,9kNtNFoZ0gcJ,0
conf/vldb/Suciu96a,tJtSq968rwgJ,1
conf/vldb/Brodie00,lT2usljUkjwJ,0
conf/sigmod/MoonSL00,DNYDa0cFGT4J,0
conf/sigmod/HanFHCC94,dvmROCT52KoJ,1
journals/vldb/MehtaGPN98,XoOMZWlmsAAJ,0
journals/sigmod/SmithO99,PsRZK1z-Oj8J,0
journals/vldb/Li03,1Rt5o1u70DgJ,0
journals/tods/MamoulisP01,mEsFcPC38BQJ,0
conf/sigmod/WangTYGWP02,FzuTb8aM2zgJ,0
journals/sigmod/Han98,1c9Zd08RBEAJ,0
journals/tods/CaldersNW02,CHuViWsTw8EJ,0
conf/sigmod/RamanH02,9jejrpBr8g8J,0
conf/vldb/FaloutsosG96,vwcVawlOJn0J,1
conf/sigmod/ChangBCLLS00,dM9iTzhspEUJ,1
conf/sigmod/IpeirotisGS01,-k0cD5NwXnoJ,0
conf/vldb/GionisIM99,Pvkz9JyxyBEJ,0
conf/sigmod/AboulnagaC99,KkTvFD1VO2UJ,0
conf/sigmod/MoonWH02,f5ttB7wGZ-kJ,0
journals/vldb/FengYLH02,wTl6zTFceVUJ,0
conf/vldb/HardingLM03,sfh2k57rW74J,0
conf/sigmod/NguyenS96,qMQX9xyAeBgJ,0
journals/sigmod/AtkinsonDJPS96,AvAuVrhVvW0J,0
conf/vldb/Mohan02a,0GReqGB8ajEJ,0
conf/sigmod/GillmannWSWW00,P_CkIKnb6JEJ,0
conf/vldb/LuOT94,ZFXYXT4yEcAJ,1
conf/vldb/Guting94,7DfUlF0dyq4J,0
conf/sigmod/HacigumusILM02,X-ybHEdKjgMJ,0
conf/vldb/Mohan96,sKNb9N9AEtcJ,0
conf/sigmod/CareyFZ94,UBpDljYCfGgJ,1
conf/sigmod/SlivinskasJS01,r1LUbgx-ZlwJ,0
journals/sigmod/KuanL99,7ZQ010DPc2QJ,0
journals/vldb/BerendtS00,aUM8wzJhDDgJ,0
conf/sigmod/GarofalakisGR02,YXU9Xno9-boJ,0
conf/sigmod/CandanLLHA01,E1oiXxVyfXwJ,1
journals/sigmod/ZobelMR96,OfAUIDfBzlwJ,0
conf/sigmod/CruzJ99,oR9yFrL_5h8J,0
conf/sigmod/BilirisFOP96,9CBURmLfs1sJ,0
journals/tods/MokNE96,url:http://portal.acm.org/citation.cfm%3Fid%3D354384.376423%26dl%3DGUIDE%26dl%3DACM%26type%3Dseries%26idx%3D354384%26part%3DProceedings%26WantType%3DProceedings%26title%3DInternational%2520Multimedia%2520Conference%26CFID%3D11111111%26CFTOKEN%3D2222222,0
journals/vldb/DiazJ97,JaUJjGBpRuAJ,0
journals/sigmod/Bohlen95,ereiyHspFukJ,0
journals/tods/WinslettSQ94,3l_zqojCPnYJ,0
conf/sigmod/KalnisNOPT02,_CCWoCY3UNMJ,0
conf/sigmod/LuoEHN02,url:http://portal.acm.org/ft_gateway.cfm%3Fid%3D245891%26type%3Dpdf%26dl%3DGUIDE%26dl%3DACM%26CFID%3D11111111%26CFTOKEN%3D2222222,0
conf/vldb/Klots96,8EMn5uwiCFMJ,0
journals/vldb/HjaltasonS02,LVPbm_uX00UJ,0
journals/sigmod/Ozsu01a,-thBb_RBuncJ,0
journals/tods/Jagadish95,pD-yMpEDY7gJ,0
conf/vldb/NiermanJ02,dCLqoqAMayQJ,0
journals/tods/DekhtyarRS01,5WfSFGyxTAAJ,0
conf/sigmod/DattaDTVSR02,0m_Q5tf3oDAJ,1
conf/vldb/Ogawa96,6PcnGwWYKI0J,0
journals/sigmod/Ritter98,jyez9EoBeOYJ,0
conf/sigmod/Aulakh98,xFK4CkKj14EJ,1
conf/sigmod/AbadiCCCCEGHMRSSTXYZ03,VuY9Y49GqXgJ,1
journals/vldb/AbbadiSW01,g9FIGH5Dun4J,0
conf/vldb/HsuLOMTX02,D21selgVHY8J,0
conf/sigmod/IoannidisP95,yj8hW0t8xB4J,0
conf/vldb/BergerBSW03,d9tAUf00RgYJ,0
journals/sigmod/Bohlen95,Uj2iXhN9_HAJ,0
conf/vldb/Ioannidis03,zcjWv_vAomsJ,0
journals/sigmod/MeltonMJKS02,5v96BnL4rTYJ,0
conf/sigmod/BohannonMR01,ChD3-mp23f8J,1
conf/vldb/JiangWL03,2hyvWKKnJOUJ,0
conf/vldb/LaudBCSR02,80glY_gbGhEJ,0
conf/sigmod/PapakonstantinouV99,64iWa-ZiPRcJ,0
journals/sigmod/Ozsu02b,yWaI93xT5KIJ,0
journals/tods/LiuHD98,94HRZiS1n3MJ,0
conf/vldb/ChakrabartiBD99,dQooUB7__ZsJ,1
conf/sigmod/ChaudhuriGGM03,cgK4QdhuSJkJ,0
conf/sigmod/OriaOILY00,ppHeu9ZzLncJ,0
conf/vldb/DarFJST96,57-MJmAVId8J,1
journals/sigmod/SpynsMJ02,XCkYEkQSy4kJ,0
conf/sigmod/OrdonezC00,9LfHqN-gQIUJ,0
conf/vldb/BouguettayaEMO01,_rSdhfEE2VsJ,0
journals/vldb/OzsuPSILM95,g7SusKnyItEJ,1
journals/tods/HjaltasonS99,iJRrNtu6DlwJ,0
conf/sigmod/GreenwaldK01,1H1O_ye_338J,0
conf/vldb/BrodieC99,0svvS_Qk3_MJ,0
journals/tods/MuralidharS99,dKvepAPYBmcJ,1
conf/sigmod/AbiteboulCM95,ukQDPoWPODgJ,0
journals/sigmod/AnyanwuS02,ytLVsehrErsJ,0
journals/tods/HjaltasonS99,iYFZ58Ek5XwJ,0
conf/vldb/BassiliadesV95,url:http://ieeexplore.ieee.org/iel1/2206/2510/00075479.pdf%3Farnumber%3D75479,0
journals/sigmod/MaelbranckeO95,jlMKF93-pQYJ,0
conf/sigmod/Team95a,KlVwqnpmM2MJ,0
journals/sigmod/NascimentoSP03,019zSr3Lx4EJ,0
conf/sigmod/AcharyaGPR99a,VlVV2mEnoQ4J,1
journals/vldb/LiangOY00,_I2PMFlzC0QJ,0
journals/sigmod/LudwigG00,qtORce2vURIJ,0
conf/vldb/ShaferA97,O4UcgdEM7vYJ,1
conf/sigmod/CorralMTV00,djYvVVRYNTwJ,0
journals/vldb/HalkidiNVV03,z6sCcYJxU74J,0
conf/sigmod/Rosenthal01,pxp_Gg3pEiYJ,0
journals/sigmod/CaplinskasEV02,OhiGJ7Gy3KgJ,1
conf/vldb/KoudasMJ99,mnUzHNE5eF0J,0
conf/sigmod/FranklinJK96,98k6qrbdmsYJ,1
conf/sigmod/RamaswamyRS00,BGXeMhgoKU8J,0
conf/sigmod/BunemanDHS96,rNVPCLfguuMJ,1
journals/sigmod/GeppertD94,7c8V_RoNR8YJ,0
journals/vldb/FernandezFLS00,Mg0A5yz-_wYJ,0
conf/vldb/WienerN94,OsseE34MN2cJ,0
conf/sigmod/Chan98,tReKvTMB7pcJ,0
journals/sigmod/Winslett03c,cchGO4zHAccJ,0
conf/sigmod/LiGS02,4C8bHkTnCg8J,0
conf/sigmod/MatiasVW98,Y9U-wKV71aEJ,0
conf/vldb/DeutschT03,5CqMBTRtYDUJ,0
journals/sigmod/KiyokiKH94,l7-iLQ4ZPYYJ,0
conf/sigmod/CareyDFHMNSSTTWZ94,jMc3U-zRTPEJ,1
conf/sigmod/BilirisFOP96,xsSXR_OYJ1YJ,0
conf/sigmod/BozkayaO97,gIZvbo_lu2IJ,1
conf/vldb/Carey00,0mhUvmhMNMkJ,0
conf/vldb/ZemankovaI94,KyzkM4zEm04J,0
journals/sigmod/Bernstein01,j1iEdaDjbYsJ,0
journals/sigmod/Gunther97,rUNHnYf8TtEJ,0
conf/sigmod/GunopulosKTD00,7w05tSBkqmcJ,0
conf/vldb/LempelM02,7l-Z6PP6X08J,0
conf/sigmod/MamoulisP99,Kw8-qyax-L4J,0
journals/sigmod/MeltzerC98,0-jSw5bb83kJ,0
journals/sigmod/Snodgrass03a,SaAvIEy9ZVgJ,0
conf/vldb/HoelS95,cYRlQRaBeKwJ,0
journals/sigmod/CaplinskasEV02,S5ACWqUv95kJ,0
conf/vldb/Keogh02,xSZ19ae1bSgJ,0
journals/sigmod/SnodgrassHMOPRRWY98,UhbvaT8WFD0J,0
conf/vldb/FerrandinaMZFM95,ume4RGX6sI4J,1
conf/vldb/CiacciaPZ97,url:http://www.kluweronline.com/article.asp%3FPIPS%3D5268232%26PDF%3D1,0
journals/sigmod/CiliaB02,f3HAW7U74qQJ,0
conf/sigmod/BarbosaMKL02,hYYH2ASLqKEJ,0
conf/vldb/StohrMR00,8W6MV9I7qLoJ,0
conf/vldb/Spaccapietra94,302MKLXKT5oJ,0
conf/sigmod/ChaudhuriMN99,JEX2qbW-oEUJ,0
conf/sigmod/Aggarwal02,tK1_3wGUIHsJ,1
conf/vldb/HoskingC99,V9N_jR2savQJ,0
conf/vldb/RamanRH99,dgwfD8ScuQEJ,0
journals/tods/Revesz98,0Iclcrycg8UJ,0
conf/sigmod/AgichteinGV01,eIJ4YH420QQJ,0
conf/vldb/TengCY03,ufhme2TnxaYJ,0
conf/vldb/Bayer95,xrMwgb323d0J,0
conf/sigmod/ZadorozhnyRVUB02,url:http://www.springerlink.com/index/N851829278X746N1.pdf,0
journals/vldb/PanagosB97,gT0ietFXq2gJ,0
conf/sigmod/ImielinskiV95,pQx8EtfLMAIJ,0
conf/sigmod/QunLO03,tnBeTepogHkJ,0
conf/vldb/Blum99,kfTc_TsqiP8J,0
conf/sigmod/BohrerBBCFHKKMNRRSUUW97a,zNTON2fdCV8J,0
conf/sigmod/Jhingran00,1oNKKvI7v8UJ,0
conf/sigmod/DarEGP98,SA9FBNdLnCkJ,0
conf/sigmod/GoelI96,q2bx8Soo6VwJ,0
conf/sigmod/NgLHP98,hnTnC7EONLQJ,0
conf/vldb/KoudasS03,KSEyP3p5YN0J,0
journals/sigmod/BunemanLSTW94,Ut-7k_GZdXAJ,0
conf/sigmod/GuptaMR95,FxCxfE4m1rUJ,0
conf/sigmod/NatsevRS99,7DhY_cTbtrcJ,0
conf/vldb/DeenJNNW00,RFEE_MNM8IUJ,0
conf/sigmod/KornJF97,LViUgcbM9gIJ,0
journals/sigmod/GerlhofKM96,eq249ewqsHMJ,1
conf/vldb/Chiueh94,nOF-SuSEaaEJ,1
journals/sigmod/SureSS02,61DNNDrjXYYJ,0
conf/sigmod/Colliat03,xewqjWDDdREJ,0
conf/sigmod/DasuJMS02,Qywc8AsElxEJ,1
journals/sigmod/Snodgrass03a,sBmiQFufjCoJ,0
conf/vldb/PacittMS99,BEpwm7OXKccJ,0
conf/sigmod/LamCKNH01,nwPlm2GAwR4J,0
journals/vldb/JiangE98,OHcEPlW5iVkJ,0
conf/sigmod/KornM00,KSFuLAPw0x4J,0
conf/sigmod/BlakeleyP98,DoJUoH0NWEsJ,0
journals/sigmod/KoubarakisTID03,4ZOAX9eddowJ,0
conf/vldb/ChaudhuriW00,8J0wmqs6RfIJ,0
journals/sigmod/Snodgrass01a,41fl8g2Hq9cJ,0
journals/tods/ParsonsW00,9N9HLZZETwAJ,0
conf/vldb/LaneEN00,9jNw_wKmZgUJ,0
conf/sigmod/ColeG94,O0GUyfkNcwkJ,0
conf/sigmod/CareyDNAGS97,EGI4nUVWFFcJ,0
journals/sigmod/RossCGLLM01,8ToVOPLMq_UJ,0
journals/sigmod/Vassilakis00,nZO8ZA4eYzYJ,1
journals/tods/MamoulisP01,url:http://portal.acm.org/citation.cfm%3Fid%3D171926.172011,0
conf/sigmod/Gal00,_EaTs8FjKq4J,0
conf/sigmod/Chan98,oo2mr5fbMggJ,1
conf/vldb/LakshmananPH02,T9r79KZIpr4J,0
conf/sigmod/TomasicGS94,-dkxzqjIiwIJ,0
conf/vldb/RamamrithamABEGP00,04s-gQY_qh8J,0
journals/tods/KarpSP03,Clrhfp2Fz-wJ,0
journals/tods/MamoulisP01,VaGslidZAIAJ,0
journals/vldb/AguileraCMVV02,ysepclIAiO8J,0
conf/sigmod/OlstonWL01,cYRlQRaBeKwJ,0
conf/sigmod/Faloutsos95,9B2oMksKaMMJ,0
conf/vldb/WildfogelY97,mixfM7sBcH0J,0
conf/sigmod/MatiasVW98,hWhFj1hOfdcJ,0
journals/sigmod/ChaudhuriD97,d7vY6vDq_7EJ,1
journals/tods/Ng01,npCKXD_vLM8J,1
conf/vldb/GarofalakisOS97,aI71vLvnLzMJ,1
conf/sigmod/AdelbergGW97,khOxzOABVm0J,0
conf/sigmod/FlokstraKS94,48SQih3IAJUJ,0
conf/vldb/QianZXP03,iLNUs4w62ukJ,0
journals/sigmod/Keim96,vkUvhZOw-1YJ,1
conf/vldb/GolabO03,-8IwyDJe7fgJ,1
journals/tods/MayL02,0JF0Qh_QcgIJ,0
conf/vldb/AdityaBCHNS02,DmeChtnNGlkJ,0
conf/sigmod/RundensteinerKZWLLN99,2XRfNjwuDrsJ,1
conf/vldb/GrumbachRS00,niktsgLK6NgJ,0
conf/sigmod/HullZ96,vGOWe8FQ48IJ,0
conf/vldb/SantiniG02,ghYDIug026YJ,0
conf/vldb/Celis96,Bg5vcyRBKd8J,1
conf/sigmod/JagadishJOT01,L4V1VeVmLiAJ,0
conf/vldb/GohOST99,XCLYTtnf5ncJ,0
journals/sigmod/Alonso95,5NWajfZBQhAJ,0
conf/sigmod/RundensteinerKZWLLN99,xsaB5tJhfhMJ,0
conf/vldb/GoldmanSVG98,CjTn3TtcjiEJ,0
conf/vldb/Baumann03,p7wumIMn_2oJ,0
conf/vldb/AboulnagaAN01,37_iwO5NlgwJ,0
journals/vldb/HarderR96,S6_KYlkgE1YJ,0
journals/sigmod/Snodgrass03b,SWxdC1nCAfoJ,0
conf/sigmod/LuWYBLY02,7OnIU5idKbcJ,0
conf/sigmod/ChenR94,IrTKBa0mgEsJ,0
conf/vldb/MogiK95,F0Obb0IJkicJ,0
journals/sigmod/TsotrasJS98,NRxvpMCnK3IJ,0
conf/vldb/AlexandrovABBBCDFHJKKKLLMMMPNPPRRSSW02,-FP8UTv_smkJ,1
conf/sigmod/BrinDG95,qzfGeC_rSQ4J,0
conf/vldb/BrownS95,FVFYIcyWjloJ,0
conf/vldb/Fecteau95,k3fX2tcmx9AJ,0
conf/vldb/SindoniTABFGMPPT01,0zdXnl9cQysJ,1
conf/sigmod/DarR94,TtV6gGLQ9NMJ,1
conf/vldb/ChanGR02,vvH1gjm82NYJ,0
journals/sigmod/Suciu01,emsoLhYOKOAJ,0
conf/sigmod/Galhardas00,CgL8PDWEOQYJ,0
conf/sigmod/Miller98,dWe_Ba9Iaq0J,0
journals/sigmod/SpynsMJ02,f1MzQVfH98YJ,0
journals/sigmod/Franklin97b,L1Mx1dcuBbEJ,0
conf/sigmod/IvesLPST00,xflZFIdvkTsJ,0
conf/sigmod/ChakrabartiDI98,TBpUh_1cro4J,0
conf/sigmod/JaedickeM98,9eSx_Gd0JoQJ,1
conf/sigmod/Levine95,wyKtMW7EG50J,0
conf/sigmod/GaoW02,V5JQCf2HRkEJ,0
conf/vldb/PapadiasT01,SQPDzk7CaOAJ,0
conf/sigmod/BenediktCFFR03,rGhfA2eeCuIJ,0
journals/vldb/AntoshenkovZ96,6Ik7FInWlNgJ,0
journals/vldb/SheikholeslamiCZ00,Eo0JhvpLGj0J,1
journals/sigmod/JenningsNF98,EQ0ys8s10vcJ,0
conf/vldb/EicklerGK95,63QhLG57QssJ,1
conf/vldb/ZhouLZLZJT01,TLolFO1dPHQJ,0
journals/vldb/ChidlovskiiB00,8nelguiCOyYJ,0
conf/sigmod/DobraGGR02,url:http://www.csa.com/partners/viewrecord.php%3Frequester%3Dgs%26collection%3DTRD%26recid%3D0789662CI,0
conf/vldb/JohnsonS94,1TMemq4kM3YJ,1
conf/sigmod/TrisoliniLN99,cFMtMf7bLzIJ,1
conf/vldb/Garcia-MolinaLY98,qUsAD5_MsyUJ,0
conf/vldb/JosifovskiR99,epaREw6k28MJ,0
conf/sigmod/HaasH99,fLBRnsGhmuUJ,0
journals/vldb/SteinbrunnMK97,nwwVf5FGX4QJ,1
conf/sigmod/ChenWZ98,xuf4zU0181MJ,0
conf/vldb/JensenL01,IZju4T9oCaEJ,0
journals/sigmod/BerndtssonH96,_p_ZXMQkQywJ,0
conf/sigmod/CherniackZ98,G2tcl0QMGMUJ,0
journals/sigmod/Aberer02b,ZnJEzO1Fj_EJ,0
journals/sigmod/AndlerHEMBE96,WZ823oj6x3cJ,1
conf/sigmod/MelnikRB03,wfjeWtEY2NcJ,1
conf/sigmod/BozkayaO97,57bJCPQaywMJ,0
journals/vldb/SheikholeslamiCZ00,EHWbn1YLsOcJ,0
conf/sigmod/BlohsfeldKS99,_zQEm0i4mooJ,0
journals/sigmod/CeriFP99,Dd798TKpQQEJ,0
conf/vldb/HinneburgAK00,ZesPB68VlVEJ,0
conf/vldb/Chawathe99,9Cd7sruIp9gJ,0
conf/vldb/NgH94,32AYdsd8K3kJ,1
journals/sigmod/MillerHHYHFP01,2cZlD-iG5XcJ,0
journals/sigmod/Wiegand02,MI4eEnX5NL0J,0
journals/sigmod/ZobelMR96,KCEZ7wN1Y0YJ,0
journals/sigmod/Cetintemel01,_V_b724_blEJ,0
conf/vldb/ImielinskiB02,lct81AeYQ5wJ,0
conf/sigmod/BergstraesserBPS99,IRQaYRowt4cJ,0
conf/sigmod/DeshpandeGR01,40su-ix6rdYJ,0
journals/sigmod/Halevy03,npG51orAPBkJ,0
conf/sigmod/CruzJ99,Rj9kdonEq7oJ,0
conf/vldb/Brin95,gOuz-7q2rRUJ,1
journals/sigmod/Fagin02,UKj6EPt_UO8J,0
journals/tods/PolyzoisG94,LoL0Yu6h4VAJ,1
journals/tods/ParsonsW00,tg9fEHnWmTwJ,0
journals/sigmod/NgH95,4XBmNNJmhTkJ,0
conf/vldb/HuntAI01,FheyQe1Dl7oJ,0
journals/sigmod/DogacDKOONEHAKKM95,CsjyNGmlvoEJ,0
conf/sigmod/Whelan98,J9cOxEKjg40J,0
conf/sigmod/Mamoulis03,34e8OKnBgOsJ,0
journals/tods/Kuo96,yckf5kzRZ7UJ,0
conf/vldb/LabrinidisR01,ktUMPWniVbEJ,0
journals/sigmod/Halevy00,4Bvh6jt8Qv8J,0
conf/vldb/TsurAADKW01,eknPbfZ3EIQJ,0
conf/sigmod/RoussopoulosKR97,fd9yGCZGeQwJ,0
journals/tods/CeriFPT94,siomqOfOT4EJ,0
conf/vldb/CuiW01,McnaCbxGyMUJ,0
journals/tods/MayL02,0LHO2DgE05kJ,0
conf/sigmod/BreitbartKRSS99,vRiLJ6ePTWYJ,0
conf/sigmod/ChangG99,8Yt1Mba9-wQJ,1
journals/sigmod/PalpanasPKG03,KvhuIhTTj_YJ,0
conf/vldb/BlokWZPAKJ01,eSXR7LCcGDcJ,0
conf/sigmod/PiatkoYLS96,90QKfhS_tGEJ,0
journals/sigmod/ShinM94,oRSBt9vGqBwJ,0
conf/sigmod/BrinMUT97,z5pvdeE7CaAJ,0
conf/sigmod/Sheth95,TuZ-fjos6I0J,1
journals/vldb/CuiW03,7CrZhn3FJ0QJ,0
conf/vldb/LuOT94,Maz0JC0IsZ8J,0
conf/vldb/NieKH03,0RaBCPWwApQJ,1
conf/vldb/HerlekarDRGS02,cgNKkWzFhZMJ,0
conf/vldb/JohnsonM98,_ChTcMC3FZYJ,0
conf/vldb/YagoubFIV00,mf-Cq6Ze4A4J,0
journals/sigmod/Aberer02a,axuAUlRrR1gJ,0
journals/sigmod/MaximilienS02,url:http://portal.acm.org/citation.cfm%3Fid%3D984523.984525%26coll%3DGUIDE%26dl%3DACM%26idx%3DJ689%26part%3Dperiodical%26WantType%3Dperiodical%26title%3DACM%2520SIGMOD%2520Record%26CFID%3D11111111%26CFTOKEN%3D2222222,0
conf/vldb/Moni96,j-_yafmPDyEJ,0
conf/vldb/AgrawalS94,P0age7qyZacJ,1
journals/tods/BaralisCP96,3oo0pXCAkxUJ,0
journals/sigmod/HasanFV96,d5tyA1oEKY4J,0
journals/vldb/ChanGR03,MbxQBvhE3r8J,0
conf/sigmod/JagadishLS99,sh2u_UFoG74J,1
conf/vldb/MarianS03,McZkEqJzrpAJ,1
conf/vldb/HuebschHLLSS03,bRINm-lWu50J,0
conf/vldb/Shmueli01,LrJw7qiWElQJ,0
journals/sigmod/GroskyFS94,url:http://www.ingentaconnect.com/content/els/09505849/1996/00000038/00000010/art01094,0
conf/vldb/FaloutsosJS97,E3ua6N2dDToJ,0
journals/sigmod/RossCGJBV99,fEkoAxFl1hoJ,0
journals/sigmod/LeeCL95,KMMgM1MscLAJ,0
journals/sigmod/KimballS95,5FiyBEZ3v70J,0
conf/vldb/WeberSB98,K4rzmIbgF_sJ,1
conf/sigmod/Kennamer98,RQ9qLR4St8sJ,1
conf/sigmod/WangZS95,2LF4Pt1FpS0J,0
journals/sigmod/PourabbasR00,3y6y5AXu-j0J,1
conf/sigmod/GetoorTK01,bvdJYU3xG_YJ,1
journals/sigmod/Winslett94,2FQC5aAvOecJ,0
journals/sigmod/BallMRZ02,y8HG2JlYCEcJ,0
conf/sigmod/Wu99,tJ6kK-HVAlsJ,0
conf/sigmod/AdaliBSS98,ls8E4Tlxr6MJ,0
journals/sigmod/Nascimento03,-7VzXAL6KbkJ,0
conf/sigmod/Shyy95,XV2-mksseZkJ,0
conf/vldb/KornackerB95,PcmQ0rt8I6MJ,0
conf/vldb/RamanRH99,hLgmkfsE_90J,0
conf/vldb/GarofalakisRS99,R0VXElG_NwAJ,0
conf/sigmod/ZhouR02,HIlJIioHy5oJ,0
conf/sigmod/StoltePAG03,75PuIMSr_JkJ,0
journals/sigmod/AbelTK97,l6PhD0SYQDIJ,0
conf/vldb/CochinwalaB94,dp-ztr-A-swJ,0
conf/vldb/PedersenJD99,7j97FOWbMn0J,0
conf/sigmod/ShashaB02,wW8uP6TSvhwJ,0
conf/vldb/ChoG00,r3sJMzD6CKUJ,0
journals/tods/SistlaWYS98,4owPoyytTP4J,1
journals/sigmod/RafanelliBT96,2sOVHZTXJXIJ,0
conf/vldb/YuSLJ02,zROjad1dEr8J,0
conf/sigmod/PapadiasTSE95,8uRbLESxy10J,0
journals/sigmod/SouzaS99,kKADNtFk1JoJ,0
conf/vldb/VermeerA96,mVNd9a2eIiAJ,0
journals/sigmod/KannanKIK03,d5ohJFu8V3wJ,0
conf/vldb/LeeWMS02,nXn-7WLM8uIJ,0
journals/vldb/ChanGR03,LY-spr1tey4J,0
journals/vldb/Halevy01,OGoGmCXpBt0J,0
journals/vldb/BonczK99,8NEvPOkeO5gJ,0
journals/sigmod/LiefkeS00,N0eowMtIAukJ,1
journals/vldb/BohmAnY97,h4LM2VVgTGEJ,0
conf/vldb/ScheuermannSV96,k7rs7gIQMgQJ,0
conf/sigmod/SchleimerWA03,iK-w-91m7ZUJ,0
conf/vldb/BaulierBKS98,ajp5ihi9ez4J,0
journals/tods/WinslettSQ94,UweI1Z7903oJ,0
conf/sigmod/MayrS99,1lRZz4bZvxEJ,1
conf/vldb/XieH94,url:http://portal.acm.org/ft_gateway.cfm%3Fid%3D51710%26type%3Dpdf%26coll%3DGUIDE%26dl%3DACM%26CFID%3D11111111%26CFTOKEN%3D2222222,0
journals/vldb/KieslingSSD94,xKi8Vm3o9KsJ,0
conf/vldb/TaoPS02,FgYmkZqYKVsJ,0
journals/sigmod/HasanMV96,mR8SZPN8g4EJ,0
journals/sigmod/BernsteinHP00,GUxFOXbDGssJ,0
journals/sigmod/HalkidiBV02a,vepXrCjsg2AJ,0
conf/sigmod/LoR94,9fnwl1z0ZWAJ,0
journals/vldb/SheikholeslamiCZ00,2GWXn3jT0uwJ,1
conf/vldb/GarofalakisOS97,dW_pRNemQfsJ,1
conf/sigmod/LaursenOP94,cv54VbE9kwkJ,0
conf/sigmod/PiatkoYLS96,ZcsYVbukXTsJ,0
conf/vldb/BrownCC94,oayI0FKl-nQJ,1
conf/vldb/LifantsevC02,D6aGCkUAYGwJ,0
journals/sigmod/Lee95,8Y3tKFD642EJ,0
journals/sigmod/Lomet01,oIxSMgIRFbIJ,0
conf/vldb/Ladin00,nF1Uoxi5r3MJ,0
conf/sigmod/BlakeleyD00,ZSR-MThg9UEJ,1
conf/vldb/ZimbraoS98,Ts7DRfAKTUYJ,0
conf/sigmod/Mohan94,FxxIkHP-0AcJ,0
journals/sigmod/Liu03b,t3F-VeJ7ixoJ,0
conf/vldb/BasuFP00,0eWnhcuwhy4J,0
conf/vldb/AtzeniMM97,m6ii0f95g7AJ,0
conf/sigmod/GangulyGR03,sfhlfw4eEj4J,0
conf/sigmod/EmbleyJN99,QLh1RIBJ5FIJ,0
conf/vldb/LeeWMS02,oksuQ_8OB4sJ,0
conf/vldb/Deshpande00,3oxPLQQhs3wJ,0
conf/vldb/Gupta96,HoXNeSMm36IJ,0
conf/sigmod/BabcockCD03,EL9oSj6LQfQJ,0
conf/sigmod/BlottRS96,pS2unAe-n_gJ,1
conf/vldb/SavasereON95,8YQBC_Cl6xkJ,0
conf/vldb/CareyHMW96,l7RntQdNelkJ,0
conf/vldb/ShanmugasundaramGTZDN99,w6I2bU61UDYJ,1
conf/vldb/BaumannFRW97,iR4Fn5cgz7UJ,0
conf/sigmod/HammerGNYBV97,90QKfhS_tGEJ,0
journals/sigmod/MusickM98,url:http://doi.wiley.com/10.1002/tl.3,0
journals/sigmod/KoubarakisTID03,wU7a5O-uy94J,0
journals/tods/BeneventanoBS03,lQx9_af2r60J,0
conf/sigmod/HellersteinN96,5s6b10Hik30J,0
conf/vldb/KoschBBHHLRT01,i875q3U4Ld4J,0
conf/sigmod/GravanoGT94,VxiP2MuiMM0J,1
conf/vldb/GingrasL98,VSBQl2qbF8UJ,1
journals/vldb/HuntAI02,bTzOtYbKdjsJ,0
journals/tods/YanG94,ssayAGD_tQMJ,0
journals/vldb/ChakrabartiDAR98,Vw6EHgN7ZB4J,0
conf/vldb/LudasaherGM00,5DQ5GBqfKE8J,0
conf/vldb/FlorescuLSY99,url:http://doi.wiley.com/10.1002/ace.85,0
conf/vldb/Leymann01,jr-4RkTF0-8J,0
journals/tods/KotidisR01,4_4Jg_EQ8EkJ,0
journals/sigmod/GuptaHR97,S-aEcHjpLBMJ,0
journals/tods/YanG94,CJZfAdRws8wJ,0
conf/vldb/Ramaswamy00,uIC26Ha23OcJ,0
conf/vldb/MillerHH00,lJeTFsSd60AJ,0
conf/sigmod/ZhangRL96,KUGjzt-IgpoJ,1
conf/vldb/Slutz98,YRv4diQ3YAkJ,0
conf/sigmod/Rajaraman99,L0q3y936ng8J,0
conf/sigmod/ThaperGIK02,lat-Zpr7ZT0J,0
conf/sigmod/Doherty98,Xr4HBUG230QJ,0
conf/sigmod/RodriguezR00,url:http://links.jstor.org/sici%3Fsici%3D0146-4949(196624%252F21)7%253A1%253C47%253AARL%253E2.0.CO%253B2-X,0
conf/vldb/SattlerGS03,Ap3Xqbq4VJwJ,0
conf/vldb/GraefeBC98,url:http://www.csa.com/partners/viewrecord.php%3Frequester%3Dgs%26collection%3DTRD%26recid%3DN9210520AH,0
conf/vldb/YanA94,vjIRY7PX4zMJ,0
journals/sigmod/Huyn01,n3M4RTwzhnoJ,0
conf/sigmod/AgrawalCFGHIIMMSS94,u1TfzpL6GkAJ,0
journals/tods/KorthS94,i2Qu_aQA2ToJ,0
journals/sigmod/SchmidtWKFCMB01,fc8y9x82jqAJ,1
conf/sigmod/ConsensM94,u7rv6LAF8s8J,1
conf/sigmod/DarR94,eZBKmi0sHtUJ,0
journals/sigmod/Grohe02,url:http://www.csa.com/partners/viewrecord.php%3Frequester%3Dgs%26collection%3DTRD%26recid%3D0249747CI,0
conf/vldb/MankuM02,xl2uNGt2AlwJ,0
conf/vldb/GarofalakisG01,rVdHN89zgQIJ,0
journals/sigmod/BrunieK96,spI2g7jFHuYJ,1
journals/sigmod/MedeirosP94,chmPCuLihZoJ,1
conf/vldb/OlstonW00,BPbH1-vyQAIJ,0
conf/sigmod/ZouS96,htTH8PrZ0dYJ,0
conf/vldb/IwerksSS03,D1BtTQgUnhoJ,0
conf/sigmod/ChangC01,ITQ0-XmAqiAJ,0
journals/sigmod/Camps02,RyBszL0uXQoJ,0
journals/sigmod/MotroA03,NCBCdzpLkM0J,0
conf/sigmod/BohrerBBCFHKKMNRRSUUW97,nVlsV_kWdskJ,0
conf/vldb/Blecken00,X2PE6K7uezQJ,0
conf/sigmod/SagonasSW94a,h1zPIDDnNxEJ,0
conf/vldb/ZhouLZLZJT01,NUyYLtR8MqIJ,0
conf/sigmod/LometT03,url:http://portal.acm.org/ft_gateway.cfm%3Fid%3D641006%26type%3Dpdf%26dl%3DGUIDE%26dl%3DACM%26CFID%3D11111111%26CFTOKEN%3D2222222,0
journals/sigmod/TheodoridisN00,oHmE9-ogyEYJ,0
journals/tods/Lerner00,ETqxTcvf7K4J,1
conf/vldb/CowleyP00,TifLxsHL-0QJ,0
conf/sigmod/SeshadriP97,EUhrT2Kx5VAJ,0
journals/sigmod/CrestaniG02,Pt6E9aj9iOsJ,0
conf/sigmod/Golding95,li-bBJOpAngJ,0
conf/vldb/OzsoyogluAAOUO02,6d4iwc73RoAJ,0
conf/sigmod/JagadishJOT01,5T0ck6FxOf4J,0
conf/vldb/MengLYWCR98,EcpPzbn2EaIJ,1
journals/tods/BaralisW00,AY4SsaPul-AJ,0
conf/sigmod/KrollW94,5v39RziO-ZsJ,0
journals/vldb/OzsuPSILM95,XX7VcrTv0ZsJ,0
conf/vldb/LevyRO96,url:http://portal.acm.org/ft_gateway.cfm%3Fid%3D1101187%26type%3Dpdf,0
conf/vldb/TeisseirePC94,P1RmEHH3bzMJ,0
conf/vldb/WangZL03,MFMGos_dGx0J,0
conf/sigmod/RiedewaldAA02,AFKhL1I3L9AJ,1
conf/vldb/GeorgeH98,WGACQcKLm4AJ,0
conf/sigmod/Blakeley94,4psNMsnB0ZwJ,0
journals/sigmod/Franklin00,MVP7b1_0owkJ,0
conf/sigmod/AgrawalGGR98,rSTewQ1dQkYJ,1
conf/vldb/HvasshovdTBH95,LVitsyrkl9AJ,1
journals/sigmod/ChengP03,5uX_PLF7hNMJ,0
conf/vldb/HuebschHLLSS03,sOGjJLOSSjQJ,0
journals/vldb/RamamurthyDS03,v6QoWdFgBjwJ,0
conf/vldb/HvasshovdBT00,bc-wIgjSjKAJ,0
journals/sigmod/ShinM94,O5m6UXQ_Xv4J,0
conf/vldb/JagadishLRSS94,em_mB-ifc80J,1
conf/sigmod/AdiBEY01,9_HammghJIEJ,0
journals/sigmod/Gal99,FqWSEStXZSAJ,0
conf/sigmod/ZhangZPTL03,S3lELcdpzTkJ,1
journals/sigmod/BarbaraBFLS94,dgFX6qIJoX8J,1
conf/sigmod/LiefkeS00,0FohHTWs5toJ,0
conf/vldb/BargaP95,Rp6i1uA3RYQJ,1
journals/sigmod/FernandezFLS97,rXfqvMSq_XwJ,0
conf/vldb/CarneyCCCLSSTZ02,3M_0Kd8NNjgJ,0
journals/vldb/NybergBCGL95,dCUoeIb8p7IJ,0
journals/vldb/ScheuermannWZ98,WW2CXjCv-kIJ,0
conf/vldb/NetzCBF00,Kwz7Dz1vvVwJ,0
conf/vldb/ShatdalKN94,5FEmoD1TIdwJ,0
conf/sigmod/FaloutsosL95,GGmfi7ywI4gJ,1
journals/sigmod/LudwigG00,YWKrXdECxbwJ,0
journals/vldb/FiletoLPAM03,luknMSkcNQIJ,0
conf/vldb/Toivonen96,yd2dxAbjvTAJ,1
journals/tods/GhandeharizadehHJ96,vMVuIqz5BiwJ,1
conf/vldb/JensenL01,-SqKKXDQR7YJ,0
conf/sigmod/LiVCAHMWBCHIKSS99,NSQLFH6frO4J,0
conf/sigmod/Cattell94,QgR0DgMbdgIJ,1
journals/vldb/BerendtS00,y8hbdyUWgqoJ,0
conf/vldb/AgarwalADGNRS96,OMzQ1Ah1IVQJ,1
conf/vldb/CooperSFHS01,kj2HJGj6NTUJ,0
conf/vldb/IwerksSS03,dqmR4pZd9oQJ,0
conf/sigmod/HellersteinN96,tKewiQ5_kyIJ,1
conf/vldb/ChenRS95,UwMMe7J8fNAJ,0
journals/vldb/KornLKF00,E8oBxui02LYJ,0
conf/sigmod/Cohen98,5bjtbk4ZdZIJ,0
conf/sigmod/Sheth95,qNL7XVIU2hMJ,0
conf/vldb/Cluet03,3K1EgMzOat4J,0
conf/sigmod/SaltenisJLL00,wISxjPqlwZoJ,1
conf/sigmod/SinghTW94,JLOO-YHI6ssJ,0
conf/sigmod/MaddenSHR02,dLP8AfWQ7r0J,1
journals/sigmod/McClatcheyV97,Js-l8FmsCfAJ,0
journals/sigmod/Kumar03,1qTlL_eFMmUJ,0
conf/vldb/ChoG00,Kl3gijLY93sJ,0
conf/sigmod/ChenR94,H0q5dOHUuT0J,0
conf/vldb/ShuklaDNR96,UGpybZmxvtkJ,0
conf/sigmod/ChaudhuriMN98,niAPzsMp2igJ,1
journals/sigmod/DarwenD95,svujL3_mj0gJ,0
conf/sigmod/BohmA96,d1TzJ9lvv7sJ,0
conf/sigmod/Kleissner95,DB8lVC2D9fcJ,1
conf/vldb/Ganguly98,F18t2xTKFYoJ,0
conf/vldb/GarofalakisI97,url:http://portal.acm.org/ft_gateway.cfm%3Fid%3D1086268%26type%3Dpdf,0
conf/vldb/WildfogelY97,1NZfo_ZlXmoJ,0
conf/sigmod/BressanGFJHKLMPQSS97,oNh4J5jEhN8J,0
conf/sigmod/MistryRSR01,O8NVEMXnXk0J,0
journals/sigmod/JainH94,frH9vdY-P5cJ,0
journals/tods/WolfsonJH97,orOZmve_1EoJ,0
journals/sigmod/Aberer01,url:http://portal.acm.org/citation.cfm%3Fid%3D603867.603869%26coll%3DGUIDE%26dl%3DACM%26idx%3DJ689%26part%3Dperiodical%26WantType%3Dperiodical%26title%3DACM%2520SIGMOD%2520Record%26CFID%3D11111111%26CFTOKEN%3D2222222,1
conf/sigmod/ZouS96,3NpVKD6VSRUJ,0
journals/sigmod/LabrinidisM01,aXLcAfb2y5kJ,0
conf/vldb/KraftSRM03,Sqy1tqGEnxsJ,0
journals/vldb/FungKL03,z64xI0F_eZQJ,0
conf/vldb/DidriksenGD95,0TNJ5d1tfkEJ,1
conf/vldb/Hess96,cvAKQIliLzQJ,0
conf/sigmod/DoRD99,Fz0pSMF37kgJ,0
conf/sigmod/ImielinskiVB94,8EC1IBh8MZkJ,1
journals/sigmod/PitouraAPSV03,hn2MANNgz9sJ,1
conf/sigmod/ConsensM94,hvdQm1Pb9LkJ,0
conf/vldb/BaumgartnerFG01,I1xHtA3f3MsJ,1
journals/sigmod/Ozsu02,w-fJPl8ZHSQJ,0
journals/tods/YanG94,url:http://doi.wiley.com/10.1002/ace.127,0
journals/sigmod/Baeza-YatesN96,EqHdLZUSTUkJ,0
conf/vldb/HsuLOMTX02,url:http://portal.acm.org/ft_gateway.cfm%3Fid%3D1099718%26type%3Dpdf,0
conf/vldb/DattaRT99,pIMR6uv89SQJ,0
journals/tods/KarpSP03,yPkCYDfqWmAJ,0
conf/sigmod/Mylopoulos98,5eBjuTrKTwoJ,1
conf/sigmod/DeshpandeNGS03a,VQ41LtuXMrUJ,0
conf/vldb/OzsoyogluAAOUO02,2avWWPWiuVcJ,0
conf/sigmod/YanMHF01,SdqZz-Rnmk4J,0
conf/vldb/EicklerGK95,5_DgzoA3cUUJ,0
conf/vldb/PapakonstantinouAG96,Aiy1CuDyBNQJ,1
conf/sigmod/AggarwalPWYP99,G3dX_RTA26MJ,1
conf/sigmod/CareyDFHMNSSTTWZ94,vF-KpOq9TdIJ,1
journals/sigmod/PourabbasR00,url:http://www.csa.com/partners/viewrecord.php%3Frequester%3Dgs%26collection%3DTRD%26recid%3D0658355CI,0
conf/sigmod/Dyreson03,guNnMaqk1RcJ,0
conf/sigmod/BohannonDGKLNS03,mRwq9iDCsM4J,0
conf/vldb/WangHH00,6d4iwc73RoAJ,0
conf/vldb/YagoubFIV00a,SkgofVMsU4YJ,0
conf/vldb/WangZL03,4e72P3ent0EJ,0
journals/sigmod/Liu02a,poy1S5NG21AJ,0
conf/sigmod/AfratiLU01,o-PbckL0F_YJ,0
conf/vldb/BelussiF95,UeF1eZlf2qoJ,0
conf/vldb/Sarawagi99,Cu-aDNwNy5wJ,0
conf/vldb/AbiteboulACEMM99,url:http://portal.acm.org/ft_gateway.cfm%3Fid%3D1101243%26type%3Dpdf,0
journals/vldb/SivasankaranSTPR96,x2c_pMyVtCoJ,1
conf/vldb/DeutschT03,K-qxMzs8WsYJ,0
conf/sigmod/OoiTZGLLLNSWZ03,aZHnQrje3T8J,0
journals/sigmod/Alonso94b,VyG3DtMwR-wJ,0
conf/vldb/LimWPVP02,2-jnVu2TIPUJ,0
conf/vldb/CiacciaPZ97,Qa5ix8sNDSUJ,0
conf/vldb/LakshmiZ98,Vmu3h7jH_U8J,0
conf/vldb/Kiessling02,6Rn6hsdao-wJ,1
journals/vldb/HalkidiNVV03,4l2AKokjzgkJ,0
journals/sigmod/Eisenberg96,yzlys0OQkt8J,1
conf/sigmod/ViglasN02,zWe81lfCr44J,0
conf/sigmod/GibbonsM98,mmfRAx5bdjQJ,0
journals/sigmod/BernsteinBCDFGGHHJLMNPSU98,907LcNUlb8oJ,0
conf/vldb/YuPM03,0FCTEOSfK4EJ,0
conf/sigmod/FaloutsosRM94,GNRpnEcKA6wJ,0
journals/tods/GoldmanL94,url:http://www.ingentaconnect.com/content/els/09505849/2003/00000045/00000009/art00212,0
conf/sigmod/GoelI96,HGxLn1SaTXYJ,0
journals/sigmod/WeikumSR03,XagwI2rdvEUJ,0
conf/vldb/BargaP95,BBmA79ay6S4J,0
journals/sigmod/GruenwaldBDGSSV99,FaF43m9fziUJ,0
journals/sigmod/BichlerSZ98,R0-4SJFupLEJ,0
conf/sigmod/BrodskyK95,Ye9iUyg5mL0J,0
conf/vldb/LimWV03,DL2shZHoidoJ,0
journals/tods/GoldmanL94,bt-QQLsYwUYJ,0
conf/sigmod/Gray95,url:http://doi.wiley.com/10.1002/tl.117,0
conf/sigmod/WhiteD95,kgXRJZKRxZQJ,0
conf/vldb/ManolescuFKXO00,qzhUV7YXmQ4J,0
journals/sigmod/GolabO03,8lIwxMfoZN4J,0
journals/tods/BeneventanoBS03,LGXSWF6dIE4J,0
conf/vldb/PoosalaI97,QIG8th9DHbQJ,1
conf/sigmod/ParkKKLPC98,F8CacVSkztEJ,1
journals/sigmod/Winslett01,G4H0wLuSxaIJ,0
conf/vldb/RaoR99,_oTVh5WQeEsJ,0
conf/vldb/BouganimNPW03,url:http://doi.wiley.com/10.1002/tl.55,0
journals/sigmod/Critchlow01,wuQbvQAcACsJ,1
journals/vldb/TanGO00,url:http://www.springerlink.com/index/4N8LT3XHXGCR8DLW.pdf,1
conf/vldb/Sol01,-QTQPaAHiikJ,0
journals/vldb/RamamohanaraoH94,sdeJqBZi6v4J,0
journals/sigmod/Liu02b,plBitL4sxucJ,0
journals/vldb/C95c,bNQ8mcg91sIJ,0
journals/tods/AmmannJR97,ssML6ufaknoJ,0
conf/sigmod/Cotton02,9wxSfPaUz6QJ,0
conf/vldb/RothS97,HbyP8kT8KRoJ,1
conf/sigmod/LiVCAHMWBCHIKSS99,P25_yh3lBhoJ,1
conf/vldb/OhuraTPK02,xdC94ozTAukJ,0
conf/sigmod/GoyalHKMSZ97,uMwJ4Uv6EcIJ,0
conf/sigmod/Weininger02,CXVDlKneig8J,0
journals/tods/BozkayaO99,CEKbSWc_C6UJ,1
journals/tods/TaoSP03,COgCcuVUM1MJ,0
conf/vldb/OzdenGHNSDGGW01,ZzYmVTAjsnQJ,1
conf/sigmod/LiBCS00,4abl38Q9iH4J,1
conf/vldb/DyresonBJ99,gLRihOwWLV0J,0
conf/vldb/LudasaherGM00,BHskBNpbixsJ,0
conf/sigmod/LitwinS00,Q7NmRnihiG4J,0
conf/vldb/RothS97,xh4FaygNlGQJ,1
conf/sigmod/CarinoKKB01,O6gC24u3RKoJ,0
conf/sigmod/WangSCRZP97,chcojj8yN1sJ,1
journals/sigmod/BonnetBDL03,aovCRhocZUcJ,1
conf/vldb/AlsabtiRS97,nqOZsUydoQkJ,1
conf/sigmod/Meseck01,3kk6aH3k8X4J,0
conf/vldb/Bhashyam96,v9B5TV5vgBcJ,0
journals/sigmod/CaplinskasEV02,c1q9JNZa1n8J,0
conf/sigmod/ChenZCKR01,tQ8DYO1sqKwJ,0
conf/sigmod/RothAHCCFSTW96,QzW5By67KwcJ,1
journals/vldb/BraumandlCKK00,qP0jZsOBaCgJ,0
conf/vldb/TheodoratosS97,inPPL3lI3CcJ,1
conf/vldb/FaloutsosMS96,DSgvzmiKwzEJ,0
conf/sigmod/BabcockCD03,huBrp1BhlyUJ,0
journals/vldb/LiangOY00,etPJye7AS6YJ,0
conf/sigmod/DeHaanTCO03,57vL5W2VgZ4J,0
conf/vldb/GrovlenHT98,xjVz8hIW-8sJ,1
journals/sigmod/Domingo-FerrerH98,ajq2idLfpHMJ,1
journals/tods/ChaudhuriS99,17kVoAQEcJ4J,0
journals/sigmod/BilirisP96,mWuFkI1cdGYJ,0
conf/sigmod/Olson95,WHVGN_902WcJ,0
conf/vldb/Amer-YahiaCD98,EgCh_nq8eYwJ,0
journals/tods/JajodiaSSS01,XA8b8Q1eU_QJ,0
conf/sigmod/SalemBCL00,CBxKQg23dsIJ,0
journals/vldb/KellerB96,iMT9z5BG9i0J,0
conf/sigmod/AgrawalS00,gWJ6K80h3AYJ,0
journals/tods/CaldersNW02,PB_OZcUC2WsJ,0
conf/sigmod/Brown99,SRrwXW8SdioJ,0
journals/vldb/KashyapS96,url:http://portal.acm.org/citation.cfm%3Fid%3D592193.592263,0
journals/tods/KonopnickiS98,ddtO_cj4TeYJ,0
journals/sigmod/FernandezFLS97,9NlVdFCl2ysJ,1
journals/sigmod/ReichB98,ZqFPwDkLN7oJ,1
journals/sigmod/GrayG97,7_xaU4SatcYJ,0
conf/sigmod/LarsonG98,QmBz3hMOFh4J,1
conf/sigmod/IoannidisP95,_ssd1imBRb4J,0
conf/sigmod/GoldsteinL01,dxvwQEOjBJQJ,1
conf/sigmod/Tajima96,IZSzLlgi8tUJ,1
journals/sigmod/FernandezFLS97,LJKpMU1tIlcJ,1
conf/sigmod/GarofalakisG02,r4a_VlMfu38J,1
conf/sigmod/BuchmannDZH95,MoNBLfTlYg0J,1
conf/sigmod/Keim99,sz3xAQyla9AJ,0
conf/sigmod/LiVCAHMWBCHIKSS99,WSQzzj42AkEJ,1
conf/sigmod/GeneserethKD97,XIpz2iI5liIJ,0
conf/vldb/DiwanRSS96,0kcdJi1oYxUJ,0
journals/vldb/ManegoldBK00,ftVekb5yVxUJ,0
conf/vldb/ChaudhuriS96,31oH64SXpRcJ,1
conf/vldb/RamamurthyDS02,rzDKZJA6bRAJ,0
conf/sigmod/OlstonW02,kWGQt09OpOcJ,0
conf/vldb/VermeerA96,1_KHUT11HPwJ,0
journals/sigmod/Franklin97a,YHIysNvMeGUJ,0
conf/vldb/GrustKT03,BGTTTr1_B2gJ,0
journals/sigmod/SouzaS99,url:http://www.csa.com/partners/viewrecord.php%3Frequester%3Dgs%26collection%3DTRD%26recid%3DA7212137AH,0
journals/sigmod/LohmanGFS01,R84NdcgsF70J,0
journals/sigmod/McHughAGQW97,c_9dZ-uNv-EJ,1
journals/sigmod/BerzalM02,ap62mlaVeugJ,0
conf/sigmod/AltinelABFSZ99,lMj3Op07IpEJ,0
conf/sigmod/WangZS95,J-FDbOwlCAwJ,0
conf/vldb/Kuhn03,w3pvKnVtD9EJ,0
conf/vldb/ZhuS02,AipLK6BO8DIJ,0
journals/sigmod/RafanelliBT96,MfWZUBAVPFUJ,1
conf/sigmod/Amer-YahiaCLS01,WsCqveNDjjUJ,1
conf/sigmod/KornM00,Ii2AoNilfEcJ,0
conf/vldb/ShaferAM96,KKHMZAOsjgYJ,0
journals/sigmod/GottlobKP03a,odSOrOL8zA4J,0
conf/sigmod/GravanoCGP97,GQlLQKoCxGEJ,0
conf/sigmod/KriegelMPS01,JzCT0YlD1rUJ,0
conf/vldb/NetzCBF00,3FBmDiHMto0J,0
conf/vldb/PapakonstantinouAG96,gkbvvgj8kdUJ,1
conf/sigmod/LiYVGPUV98,oQtxPA_0PCYJ,1
conf/vldb/GotoK02,2Pc6rKYB8ykJ,1
conf/sigmod/RundensteinerWYD02,weI-0JS920sJ,0
conf/sigmod/BressanGOT00,x2ruNgsHYPoJ,0
conf/vldb/Ogawa96,zQDbTpO9kH4J,1
journals/sigmod/MeltonE01,619anaISuGEJ,1
journals/sigmod/SmithO99,-iis302p2MkJ,1
conf/vldb/YangKL97,4PRU_gg0gKEJ,0
journals/sigmod/SantucciT96,url:http://portal.acm.org/ft_gateway.cfm%3Fid%3D130297%26type%3Dpdf%26dl%3Dportal%26dl%3DACM%26CFID%3D11111111%26CFTOKEN%3D2222222,0
journals/vldb/AlbanoGO95,CImjuRYvCrMJ,0
conf/vldb/StillgerLMK01,rd0QhGMk1R0J,0
journals/sigmod/HalkidiBV02a,uTXMqufi8RwJ,0
conf/sigmod/AntonJLPZZ02,USbHuKM0naYJ,0
conf/vldb/MohanBWSZ00,gfDQgS8jzDQJ,0
conf/vldb/LuSL95,fmU5T2ppD5QJ,0
journals/sigmod/Kumar03,tNrTgdUnQi8J,0
conf/vldb/Baru96,url:http://doi.wiley.com/10.1002/ev.1283,0
conf/vldb/AgrawalCN00,4T216yZ-N5QJ,0
journals/vldb/Antoshenkov97,ngDF4FZmhsMJ,0
conf/vldb/HelalL00,hUP1Vks7Qc0J,0
journals/sigmod/Cetintemel01,0DlicKkp_cEJ,0
journals/vldb/SwamiS95,Hq7uOX0f1pcJ,0
journals/vldb/MehrotraKS97,h2ankWuDvGQJ,0
journals/sigmod/TaninBS96,tI2YHAaSJ7MJ,0
conf/sigmod/BohrerBBCFHKKMNRRSUUW97,xjcNO8sEJJQJ,0
journals/tods/AmmannJR97,JWhpaYtWRzUJ,0
journals/sigmod/MedskerCS95,url:http://portal.acm.org/citation.cfm%3Fid%3D171926.171946,0
conf/vldb/BaumannDFRW99,3thnPJRWx-wJ,0
conf/sigmod/Ivinskis95,67aoRflxE64J,0
conf/vldb/IdrisGC94,Xf7TnMxlGTkJ,1
journals/tods/LakshmananSS01,lmSpUwrzAHYJ,0
journals/sigmod/ChristoffelPSL98,QBzoqC5bxhEJ,0
journals/vldb/RamakrishnanSSS94,K9jUyjxRaCwJ,1
journals/vldb/PoulovassilisS96,KbTW6g8rEa0J,0
journals/sigmod/KarlapalemLS95,url:http://portal.acm.org/citation.cfm%3Fid%3D253262%26dl%3DGUIDE%26dl%3DACM%26type%3Dissue%26idx%3DJ689%26part%3Dperiodical%26WantType%3Dperiodical%26title%3DACM%2520SIGMOD%2520Record%26CFID%3D11111111%26CFTOKEN%3D2222222,0
journals/vldb/KemperK95,5CZ1gTCb5Z4J,1
conf/sigmod/DewanSHH94,uPx8w3k7NyQJ,0
journals/vldb/NgS98,GugnlR-FHQ0J,0
journals/sigmod/OoiST03,url:http://www.csa.com/partners/viewrecord.php%3Frequester%3Dgs%26collection%3DTRD%26recid%3D20021211001539MT%26recid%3DA8622971AH,0
journals/vldb/JagadishKNS00,qoCvap3xPIYJ,0
journals/sigmod/Jannink95,22yR9rN5xuQJ,1
conf/vldb/CiacciaPZ97,HQQsPfQN7q0J,1
conf/sigmod/Mohan94,5J9jFkcus9wJ,0
conf/sigmod/ChaudhuriN98a,JyEX0YVMP5oJ,1
conf/sigmod/SagonasSW94a,nDGblldnEGAJ,1
conf/sigmod/GuoSBS03,Ca1_aZvusXYJ,0
conf/vldb/Orenstein98,url:http://www.csa.com/partners/viewrecord.php%3Frequester%3Dgs%26collection%3DTRD%26recid%3D0177739SO,0
conf/sigmod/Chamberlin03,lixQz8QLiRYJ,0
conf/vldb/SadriZZA01,lP9WXp7Hbj4J,0
conf/sigmod/Cohen98,bDiNQAdf8nEJ,0
conf/sigmod/BohmA96,bDuu6x2n1tgJ,0
conf/vldb/Malaika96,NsUoNtFegSEJ,0
conf/sigmod/ArefBV95,url:http://portal.acm.org/citation.cfm%3Fid%3D509252.509276,0
conf/vldb/Blum99,oRenMyBNhUMJ,0
conf/vldb/Sacks-Davis96,GkINzG_IffAJ,1
conf/sigmod/LeeWMS01,6NI_YrVysEMJ,1
conf/sigmod/SarawagiTA98,v_irW5wFsQ8J,0
conf/vldb/GrovlenHT98,SDXBxc0lIeYJ,1
conf/sigmod/HullZ96,rI-T6ppfITQJ,1
journals/tods/MamoulisP01,Rg8V7NSK9tMJ,1
conf/sigmod/CherniackZ96,c9Humx2-EMgJ,1
journals/vldb/Guting94,2HXoDqKjpXYJ,1
journals/sigmod/WinslettMY03,8RMHonwarxwJ,0
conf/sigmod/BunemanKTT02,KpvPDkgXAlIJ,0
journals/tods/YanG94,katEMK2zdLsJ,0
conf/sigmod/BohrerBBCFHKKMNRRSUUW97,0Py3S7jOI9AJ,0
conf/vldb/LakshmananJN00,ANhrnKgxaqoJ,0
conf/vldb/RahmM95,url:http://portal.acm.org/citation.cfm%3Fid%3D339389,0
conf/vldb/LuL00,Ih5hY-NRmFgJ,1
conf/sigmod/CookWZ94,BYAEfUWtxgUJ,1
conf/sigmod/Team95,Lz8c1d6VEc0J,0
journals/sigmod/Winslett03c,T9r79KZIpr4J,0
journals/tods/YanG94,F1bohDXUiJ4J,0
conf/sigmod/LakshmananPZ03,ZWgXFNaM2SUJ,0
conf/vldb/GarofalakisRS99,RbBzMy1XNyQJ,0
conf/sigmod/SimmenSM96,FOIxoZF8nv8J,0
conf/vldb/NarayananS01,NtMz82d7LiAJ,0
conf/vldb/Wang95,7FUOWtSbiogJ,1
journals/tods/FukudaMMT01,LjdSSmAm7oMJ,0
journals/sigmod/KambhampatiK03,WIXpIQF_tXUJ,0
conf/sigmod/LiskovACDGGMMS96,0Mj8N23H1QEJ,1
conf/vldb/HjelsvoldM94,5Wuyp1aLBocJ,1
conf/vldb/KangC02,IqitL70nssgJ,0
conf/vldb/DongHLPW01,HZfl1JOqjXEJ,0
conf/vldb/Madnick95,6SODtRkziUcJ,0
conf/vldb/Schek00,08d5th2jiqcJ,0
conf/vldb/Sheth96,NJwFUrI3eQsJ,0
conf/sigmod/ColbyKLMR97,GDoFPiEzEhQJ,0
conf/sigmod/ZhangRL96,IVWPCLaGIPcJ,1
conf/vldb/JermaineDO99,e9eTHJDeDfMJ,0
journals/sigmod/Franklin98,jXxjB08qsTsJ,0
conf/vldb/Sarawagi99,JF0Dh8lsCv8J,0
journals/sigmod/SofferMC02,9JcMEqwMRiAJ,0
journals/vldb/KnorrNT00,SggrbO99AJgJ,1
journals/vldb/WhangKW94,AidbvODvV1kJ,0
journals/vldb/KrivokapicKG99,DzUxvDWM6SwJ,0
conf/vldb/ImielinskiB02,72qD_nn2VQMJ,0
conf/sigmod/Hope95,w3Aykr4vDVwJ,1
conf/vldb/Hallmark95,m9UM3zOU1gEJ,0
conf/vldb/JensenL01,yUDkYbmDTXIJ,1
journals/sigmod/MaximilienS02,url:http://portal.acm.org/ft_gateway.cfm%3Fid%3D637417%26type%3Dpdf%26coll%3DGUIDE%26dl%3DACM%26CFID%3D11111111%26CFTOKEN%3D2222222,1
conf/vldb/GardarinGT95,DAUHADa6RjQJ,1
journals/sigmod/Manola98,u1drdyW2Z_YJ,0
conf/sigmod/YanMHF01,w54gl9nDfcoJ,1
journals/sigmod/Ozsu02a,swJSRnYS_ksJ,0
conf/vldb/AgrawalKSX02,fKggW0pU6XcJ,0
conf/vldb/ClaussenKMP97,8kzAV8WZIaUJ,0
conf/vldb/TheodoratosS97,gMaCSx8biAoJ,0
conf/sigmod/GoyalHKMS96,iNjt67cMQg0J,0
journals/vldb/LawLG99,TOXrbhbbNJ4J,1
journals/vldb/Cobb97,PtMF3RkGI-8J,0
journals/sigmod/Aberer03a,url:http://portal.acm.org/ft_gateway.cfm%3Fid%3D641004%26type%3Dpdf%26dl%3DGUIDE%26dl%3DACM%26CFID%3D11111111%26CFTOKEN%3D2222222,1
conf/vldb/Schek00,yMjJam38N8sJ,1
conf/vldb/KornackerB95,TjG5memyVWIJ,1
journals/sigmod/LudwigG00,skrWzZpwK-QJ,0
journals/sigmod/Bhashyam96,OzYpX_t0I7YJ,0
conf/vldb/Mohan02a,9FsNXQD6xFMJ,0
conf/vldb/GarofalakisIO98,i7AX4VpJJbYJ,1
conf/vldb/OlstonW00,fzIAU5XQeo4J,1
journals/sigmod/MarchiLPT03,9vDVrlE03kcJ,0
conf/sigmod/FungSG02,Pkuc-6_JVJIJ,0
conf/vldb/DiaoLCT00,z61T1n0BrQMJ,0
conf/vldb/BaulierBKS98,url:http://www.csa.com/partners/viewrecord.php%3Frequester%3Dgs%26collection%3DTRD%26recid%3D2337826CI,0
journals/sigmod/DarwenD95,Xa_whOlvG7gJ,1
conf/vldb/Koch03,rhxIrsQkm5AJ,1
conf/sigmod/Bayardo98,t7cKx4raSM0J,1
journals/vldb/CasatiSG01,ZCUaOU3_Jw8J,0
journals/vldb/Atkinson00,XxnZ72KAkIsJ,0
journals/sigmod/Vassilakis00,fLBRnsGhmuUJ,0
conf/sigmod/ShatdalN95,acsMlin3nmYJ,0
journals/sigmod/KennedyMB96,pPClkD9JZ8YJ,0
conf/vldb/Keogh02,v_IxeUF_C-sJ,0
conf/sigmod/MinPC03,0-HCx89CgH4J,0
conf/sigmod/AgrawalCD02,cKlLDtxSJIcJ,0
journals/sigmod/MaelbranckeO95,suFSYirDq00J,0
conf/vldb/WhiteheadSM97,CiYPfP3-5_kJ,1
conf/vldb/LakshmananPH02,cVSxO8Nt76gJ,0
conf/vldb/GutierrezPST94,VUU_DceCRXAJ,1
conf/vldb/Mohan02,bXnzC8MN_joJ,0
conf/vldb/DesslochM97,J-ZXZlOOaugJ,0
journals/sigmod/Qian96a,_UMG0r4QygcJ,0
conf/sigmod/ChaudhuriDN01,url:http://adsabs.harvard.edu/abs/1980PhDT........49G,0
conf/sigmod/ChungMS02,vA_YTBbNegEJ,1
conf/sigmod/Perna95,url:http://portal.acm.org/citation.cfm%3Fid%3D171926.171948,0
conf/vldb/TsoisS03,mR0DCV49UdEJ,0
conf/sigmod/IvesFFLW99,0087thkugMUJ,1
conf/vldb/CeriM03,clNmwzm-5acJ,0
conf/vldb/LiCHH97,tGczct04q4cJ,0
journals/sigmod/GobleR02a,hlrCI-5jq9IJ,0
journals/sigmod/BerndtssonH96,8Dj_i69XP60J,1
conf/sigmod/KrollW94,jfpHzxXlUoMJ,0
conf/vldb/TanSHCR01,IIJYDuN8vC4J,0
conf/vldb/BernsteinD94,L1xeH5yC0fgJ,0
conf/sigmod/KornJF97,RnxozTZmeVkJ,0
conf/sigmod/ButtlerLPP01,taVBwBknVRwJ,0
journals/sigmod/Konig-RiesMMPPRSVW02,d92yXSvTExoJ,0
journals/tods/ChomickiTB01,fCNBJT2aoCYJ,0
journals/vldb/CombiP01,-9LMgcvErI4J,0
journals/sigmod/GriffinK98,boRQBBgUFbsJ,0
conf/vldb/PottingerL00,llb7DerHoGIJ,1
journals/vldb/GeorgakopoulosRL94,o5uwP_0Q1iAJ,0
conf/sigmod/AshleyFHLNP95,FnnILIjz08EJ,1
conf/vldb/AboulnagaAN01,clu4bwDIxmsJ,0
conf/sigmod/GardarinMP95,JDhUBcEpalAJ,0
journals/vldb/AtzeniM00,1RggnOMvJUkJ,0
conf/sigmod/Bussler01,FyDfC6SFFd8J,0
conf/sigmod/HouZ95,JJ6z2Nws0icJ,0
journals/vldb/PapadiasS94,kEte3P_QB60J,1
journals/tods/Snodgrass01,Dpq7j905UhMJ,0
conf/vldb/LiHKSPAC02,smlOZhkZmHIJ,0
journals/vldb/MecellaP01,DTLsSyyXh1oJ,0
conf/vldb/ChavdaW97,E9AsPVyCDlMJ,1
journals/tods/DeyS96,uZVc1wSi3y4J,1
conf/sigmod/Amer-YahiaCLS01,DFubU20j1OIJ,1
journals/vldb/Halevy01,NoN45RU6c9kJ,1
journals/sigmod/KempsterST99,_i4CNRP3wsQJ,0
conf/sigmod/HanPY00,hlrRtJigGbYJ,1
conf/vldb/AnciauxBBPV01,gPQK0cxAq3oJ,0
conf/sigmod/Jagadish94,EWhVgAPMLIcJ,0
conf/sigmod/GrossmanHQ95,aQDCcivxXbkJ,0
journals/vldb/DiazJ97,url:http://portal.acm.org/ft_gateway.cfm%3Fid%3D603872%26type%3Dpdf%26dl%3DGUIDE%26dl%3DACM%26CFID%3D11111111%26CFTOKEN%3D2222222,0
conf/vldb/YuSLJ02,qYGzjvmVjS8J,1
journals/sigmod/LeeC00,VTbD9VP8LkkJ,0
conf/vldb/AgrawalSX02,IscadjYlgrcJ,0
conf/vldb/DaynesC02,e3s4OFTeBqwJ,0
conf/vldb/BohannonFHRRS02,6C9MvHrqUg0J,0
conf/sigmod/ShklarSKT95,url:http://portal.acm.org/citation.cfm%3Fid%3D217279.215319%26dl%3Dportal%26dl%3DACM%26type%3Dseries%26idx%3DSERIES316%26part%3DProceedings%26WantType%3DProceedings%26title%3DInternational%2520Multimedia%2520Conference%26CFID%3D11111111%26CFTOKEN%3D2222222,0
conf/vldb/AbiteboulACEMM99,eFynrwKK_T0J,0
conf/vldb/ShivakumarGC98,3kCodpvf1ucJ,0
journals/sigmod/Hammer01,Nm4mm1zJfj8J,0
journals/sigmod/Gunther97,HWcZUdl_2FcJ,0
conf/sigmod/Ross00,url:http://journals.iucr.org/c/issues/1999/11/00/sk1317/sk1317.pdf,0
journals/vldb/RahmB01,5k5CykLFW-sJ,0
journals/sigmod/MusickC99,8QO4ZOK_VxEJ,0
conf/sigmod/WangWYY02,rPEz6c55zxwJ,0
conf/sigmod/ZhuSZ03,RSt38ljpta8J,0
conf/vldb/SilversteinBMU98,F5G180y4K1cJ,0
conf/vldb/ChienVZTZ02,rAblh_8q9BkJ,0
conf/sigmod/ReissK03,qrfBA723rYAJ,0
conf/sigmod/FaloutsosRM94,5fCkUaG8A-gJ,1
conf/sigmod/HanKK97,Qa5ix8sNDSUJ,0
conf/vldb/AggarwalHWY03,q9wsk12y_NYJ,0
journals/sigmod/DoanPSB97,SPmuD0fyRVwJ,0
conf/sigmod/SlivinskasJS01,oAVbM_vepr8J,1
journals/sigmod/CuiJO02,bDDz0i-ryyQJ,0
conf/vldb/SrivastavaDJL96,4bf1BkOuUNAJ,1
conf/sigmod/LiGS02,DZzqgw2TJ-MJ,1
journals/sigmod/AilamakiG03,YMQanNdiBSsJ,0
conf/vldb/Sarawagi95,4HL0dejrDzIJ,0
journals/vldb/AilamakiDH02,kac4dMAB06kJ,0
conf/sigmod/ShivakumarG97,4ioZ9JSSjVQJ,1
conf/vldb/Galindo-LegariaJWW03,l_Bgvh5Fkx4J,0
journals/sigmod/SouzaS99,lSJVvYYknn0J,1
conf/sigmod/DasGR03,9xdNHvTrSdUJ,0
conf/vldb/Sarawagi02,gncCiEhA3HUJ,0
conf/sigmod/JagadishJOT01,Jk0wF8HRMmMJ,0
journals/sigmod/Winslett02,mHCxTCivxgYJ,0
conf/sigmod/BrunoKS02,2VpRW4Tf08EJ,1
conf/sigmod/MerialdoAMMP00,KLo8LobGw1cJ,0
journals/sigmod/Wiegand03,921XoWkPCIkJ,0
conf/vldb/AnciauxBBPV01,PFEvlg2DiMkJ,1
journals/sigmod/Fong95,DBx7gkgoo00J,0
journals/tods/MokNE96,G1voU7ks9WIJ,0
journals/sigmod/CalvaneseGLV03,6v10yi_pP4MJ,0
journals/tods/BrunoCG02,WAAopgT3T-0J,0
journals/vldb/DanYC95,saK1QA5KCHEJ,0
conf/sigmod/Bonnet02,wp2dwwhA8vIJ,0
conf/vldb/YanA94,WG-3vX59MvIJ,1
journals/tods/Bohm00,SEhRXMKaWCwJ,0
conf/sigmod/PonnekantiK00,IddFq2o4ZsoJ,1
conf/vldb/KalusD95,uEQ6dd5x8K4J,0
conf/sigmod/FegarasSRM00,Gk7mTOJhrlgJ,0
conf/vldb/GoldmanW97,l5GboAkBH1AJ,1
journals/vldb/C94c,url:http://www.csa.com/partners/viewrecord.php%3Frequester%3Dgs%26collection%3DTRD%26recid%3DN9210453AH,0
conf/vldb/WienerN94,QaukuupUIhEJ,0
conf/vldb/Shenker03,Xv9EU0qBYtAJ,0
conf/sigmod/GatziuGD95,9v0URTFulIwJ,0
journals/tods/Chen95,Q2KasHS-2ZgJ,0
conf/vldb/OlstonW00,fsYfg9Vx7TwJ,0
conf/sigmod/MoleskyR95,url:http://portal.acm.org/ft_gateway.cfm%3Fid%3D1101319%26type%3Dpdf,0
conf/vldb/SevcikK96,GiHrMj3vbSAJ,1
journals/sigmod/Snodgrass97a,UZIfieOHEjMJ,0
journals/vldb/BunemanFS00,url:http://portal.acm.org/citation.cfm%3Fid%3D89482.89491,0
journals/sigmod/Aberer03d,80AzYE9xiIcJ,0
conf/sigmod/RafieiM97,WJDiW8pl0OcJ,0
conf/sigmod/FranklinZ98,PQ0VTLkEtdMJ,0
conf/sigmod/AdelbergD99,_MAsCZUfmjsJ,0
conf/sigmod/Agarwal96,-0OVJ6Jcs7MJ,0
conf/sigmod/Golding95,uJj9OgotYeEJ,1
journals/tods/LiC01,mAVX_7aRV5kJ,0
conf/vldb/MiklauS03,WGGz49N3PfwJ,0
conf/sigmod/Mohan96,url:http://portal.acm.org/ft_gateway.cfm%3Fid%3D1101384%26type%3Dpdf,0
conf/vldb/SkubiszewskiV97,erfmqxP7BkAJ,0
conf/sigmod/SionAP03,0VH_UfugPa0J,0
conf/sigmod/Jagadish94,eH69_dCm18wJ,1
conf/sigmod/Amer-YahiaFSX03,cF4jzvngOVgJ,0
conf/vldb/ChangG97,yFbrIh_qLuoJ,0
journals/tods/SrivastavaSRN95,url:http://www.csa.com/partners/viewrecord.php%3Frequester%3Dgs%26collection%3DTRD%26recid%3D0219026CI,1
journals/tods/SrivastavaSRN95,FLGAmU6FIIMJ,0
journals/vldb/FungKL03,Fd6svwGX8jwJ,0
conf/sigmod/TrisoliniLN99,ZnxNoNUh18EJ,0
conf/sigmod/Olson95,vXBhDUFQuWYJ,0
conf/sigmod/WangSSZZW00,L6vaZWbot-4J,0
journals/tods/WolfsonJH97,MYAjtPKO9yYJ,0
journals/sigmod/SofferMC02,bwQ_AgRkTNIJ,0
conf/vldb/Brin95,u58PWkojuuUJ,0
conf/sigmod/KanthAS98,XQQYbJiDGiEJ,0
conf/vldb/LitwinNS94,Nag68vKZFLgJ,1
conf/sigmod/KornackerMH97,w5tLFDyhdm8J,1
conf/vldb/Dyreson96,ab09EdFzCvIJ,0
conf/sigmod/HsuLG00,UvlTz3_wcCwJ,0
journals/sigmod/JukicV97,QtNsi26m-XEJ,0
journals/sigmod/Fagin02,YHl0k4Jax24J,0
journals/sigmod/KokkotosIPS95,L8Cy7C4A9csJ,0
conf/vldb/AmsalegFG95,U1JRW7EP4QgJ,0
conf/sigmod/ChoG00,7TNK4262ozwJ,1
conf/sigmod/ReinwaldP98,MTLqkNYfd70J,0
conf/vldb/Dasgupta96,5JH2njA_888J,0
journals/sigmod/Seshadri98,2OC5VHBEiL0J,0
conf/vldb/LiM01,url:http://portal.acm.org/citation.cfm%3Fid%3D1084805.1084829,0
journals/sigmod/RossNO03,ZMS0_R5uVnwJ,0
conf/vldb/SteenhagenABB94,n5yJ4y54WbwJ,1
journals/sigmod/ConradHHKRSS99,uG2P0V_2VVgJ,0
journals/tods/KemmeA00,jqqSmB7vAAAJ,0
conf/sigmod/TrisoliniLN99,vVKO1AYfbEAJ,0
journals/vldb/CasatiSG01,lctWtZ1v_KQJ,0
conf/vldb/AtzeniMM97,7Ivl47egSlUJ,1
conf/sigmod/Mohan96,bfLZp1c7E1cJ,1
conf/vldb/NicklasGS03,sjgMhpYRgVEJ,0
conf/vldb/RahmM95,v8DXBBqayLgJ,0
journals/sigmod/JensenCEGHJ94,ebvQpXWJZt0J,1
journals/sigmod/SilberschatzSU96,_ZsI_bVIJMwJ,1
conf/vldb/OzsuLON01,5VcKjo7jBOMJ,0
conf/sigmod/Team02,K2xCMgImpVkJ,0
conf/sigmod/AgrawalCFGHIIMMSS94,a9ci3p1oz3gJ,0
conf/sigmod/Ramakrishnan00,62dYhKYVkNYJ,0
conf/sigmod/SzalayGTKMRSv02,kKk4xIJfQ70J,1
conf/sigmod/Tajima96,url:http://www.csa.com/partners/viewrecord.php%3Frequester%3Dgs%26collection%3DTRD%26recid%3DN9210540AH,0
conf/sigmod/ChaudhuriGGM03,uSsvtrcPrRAJ,0
conf/sigmod/LoR94,kpEWXSv5FY8J,0
conf/vldb/TianD03,j9hgIvFhL2IJ,0
conf/sigmod/GodfreyGXZ01,VsE27pSKkXcJ,0
journals/sigmod/Snodgrass03c,url:http://www.csa.com/partners/viewrecord.php%3Frequester%3Dgs%26collection%3DTRD%26recid%3D20021212023588MT%26recid%3DA7642837AH,0
conf/vldb/KaushikBNS02,oHmE9-ogyEYJ,0
conf/sigmod/ReveszCKLLW00,51gKshu0CWcJ,0
conf/sigmod/ChenGMV02,IqV3EploPP4J,1
conf/vldb/Faloutsos02,63sUaS1_ALsJ,0
journals/sigmod/SnodgrassACFLLORRSV99,p5qJtrG6AooJ,0
conf/vldb/BrownG01,mj8wFDHG9aAJ,0
journals/tods/BaralisCP96,ESAY4haIm0QJ,0
conf/vldb/SteinbrunnPMK95,x98qKvpwKyYJ,0
conf/sigmod/Lomet00,mRwNY8Pj4oEJ,0
journals/vldb/SofferS98,3dSaz5YQ1XwJ,0
conf/vldb/ChawatheCY94,NiahIu-wQacJ,0
conf/vldb/ShuklaDNR96,url:http://portal.acm.org/citation.cfm%3Fid%3D171926.171939,0
conf/vldb/GyssensL97,phiUjzHpNO0J,0
journals/sigmod/BonnetBDL03,fxF3bGBMouAJ,0
conf/vldb/LempelM02,2UTrt45TMXcJ,0
journals/sigmod/LacroixB03,HuVqVxY9oyIJ,0
conf/vldb/DeenJNNW00,MUXTIMdJLjgJ,0
conf/sigmod/HanKS97,PQGV3iMDl6kJ,0
conf/sigmod/LabioYG99,Z5kfiPj7fGMJ,1
conf/sigmod/FaloutsosL95,lCbZe4pw_EIJ,0
conf/sigmod/RothAHCCFSTW96,PurSnqtdtCgJ,1
journals/tods/HjaltasonS99,8hErRT2TiUkJ,0
conf/vldb/RamamurthyDS02,url:http://portal.acm.org/citation.cfm%3Fid%3D974121.974130%26coll%3DGUIDE%26dl%3DACM%26type%3Dissue%26idx%3DJ689%26part%3Dperiodical%26WantType%3Dperiodical%26title%3DACM%2520SIGMOD%2520Record%26CFID%3D11111111%26CFTOKEN%3D2222222,0
conf/sigmod/Martin94,1nsqrdY3LYgJ,0
conf/sigmod/BrinMUT97,bjZ8SxYnrd0J,1
conf/sigmod/BrownCL96,6BMYLy1nuv0J,0
conf/vldb/ShengBDM02,16L7wDma0GsJ,0
conf/vldb/ZirintsisKM99,_UYteGcmBKIJ,1
conf/vldb/LempelM02,DT_l91imoL0J,0
conf/vldb/BrinkhoffK94,url:http://links.jstor.org/sici%3Fsici%3D0146-4949(196523)6%253A3%253C354%253AP1%253E2.0.CO%253B2-W,0
journals/sigmod/TheodoridisN00,JsCoR0IXgr8J,0
conf/sigmod/KuhnTS94,2OkIz_x8O_EJ,0
conf/vldb/KornackerB95,pFhk85qhZrgJ,1
journals/sigmod/Ozsu02,G7G3BG11grwJ,0
conf/vldb/PoulovassilisS94,Zz51ZQcOmTQJ,0
journals/sigmod/YuenCLL00,3aTU7NLX9FIJ,0
conf/vldb/VelegrakisMP03,6xqKn0aPkpMJ,0
conf/vldb/GarofalakisRS99,9aNUdPCEMmwJ,1
conf/vldb/LakshmananNWZJ02,U7_2J5tcKvYJ,0
conf/sigmod/Levine95,url:http://www.csa.com/partners/viewrecord.php%3Frequester%3Dgs%26collection%3DTRD%26recid%3DN9210555AH,0
journals/sigmod/MeltonMJKSZ01,yCSb05U8FHcJ,0
journals/tods/CliffordDIJS97,FIRcIUiTwyYJ,0
conf/vldb/MahnkeMS02,7Esq5yHI4xoJ,0
conf/sigmod/Chamberlin03,_F5D4QMbZ0sJ,1
conf/vldb/HellersteinNP95,ux8jY7a7ewYJ,0
conf/vldb/BunkerCCMMW01,OcZiFKMr-JgJ,0
journals/vldb/ChakrabartiDAR98,-DWZTIaj3x0J,0
journals/sigmod/HasselbringHHKRRS00,TriLgFt_ETgJ,0
conf/sigmod/Brown99,dQDdLeALDqkJ,0
conf/vldb/RamanH01,yXP5U1Du7vkJ,0
journals/sigmod/Liu02c,BXB96UFPHn8J,0
conf/sigmod/CrescenziMM02,HB6tuqdyBEgJ,0
conf/vldb/FangSGMU98,HFpxyLAucfMJ,1
conf/vldb/JagadishLS99,FLHi5haA7AQJ,1
journals/sigmod/FreemanG96,4-FwpSOweRAJ,0
journals/vldb/IoannidisNSS97,url:http://portal.acm.org/citation.cfm%3Fid%3D242786,0
journals/sigmod/Stonebraker02,SY_Yt0rBoBkJ,0
conf/vldb/OzdenBRS94,3m-KKBVF8KkJ,0
conf/vldb/MignetMAC01,VaDXNMtPZ4oJ,1
journals/vldb/PeckhamMD95,ceOiyG3bA-4J,0
journals/sigmod/GatziuKBF98,8AbhqDuUEd4J,0
conf/vldb/ChangG97,9DlxGO61yFQJ,0
conf/vldb/CabreraRH95,MPH54KjMNh8J,0
conf/vldb/BettiniJWW02,Aq_TE_cWEQkJ,1
conf/vldb/MargaritisFT01,apKmPFtUIDYJ,0
journals/sigmod/Wu02,pXkGmYlv93cJ,0
journals/sigmod/Ahlberg96,4bBje8qkHVgJ,1
conf/vldb/AksoyZF01,z6Z1hQYHTAMJ,1
conf/sigmod/GebhardtJJ97,NjvisO7v6qIJ,0
conf/vldb/Levy96,G7CJNSIBp10J,1
conf/sigmod/MaratheS99,t0ezeXGUuNAJ,0
conf/vldb/IshikawaSF98,--K4eygDie4J,0
conf/sigmod/RaoZML02,c2PgXbSSAFcJ,1
journals/tods/KorthS94,O81uxkxiXxcJ,0
journals/tods/FegarasM00,GYbbfanHhm8J,0
journals/sigmod/EisenbergM98a,url:http://portal.acm.org/ft_gateway.cfm%3Fid%3D601859%26type%3Dpdf%26dl%3DGUIDE%26dl%3DACM%26CFID%3D11111111%26CFTOKEN%3D2222222,0
conf/sigmod/ChandrasekaranCDFHHKMRS03,url:http://www.csa.com/partners/viewrecord.php%3Frequester%3Dgs%26collection%3DTRD%26recid%3DN9210497AH,0
conf/sigmod/WhiteCF98,036pARHt3CsJ,0
journals/tods/Suciu02,osqH1_SAORcJ,0
conf/sigmod/AltinelABFSZ99,ebmulQBhqZEJ,1
conf/vldb/GoldsteinR00,fJv_DYxZz9MJ,0
conf/sigmod/ColeG94,2ZIhjnCwqegJ,0
journals/sigmod/DunhamH95,7IppPI4rzE4J,0
conf/vldb/ChaudhuriN97,yNT7u8jzXR8J,0
conf/vldb/Ganguly98,a8cB2S6Td-sJ,1
conf/sigmod/QuassWGHLMNRRAUW96,_X2hkd6JcssJ,0
conf/vldb/ZirintsisKM99,9idZ13mWkbYJ,0
conf/sigmod/Tajima96,bW4OLaAXzpUJ,0
conf/sigmod/2002,iyliEUBEyhwJ,0
conf/sigmod/AtzeniT97,hqvgtMxcQggJ,0
journals/vldb/AntoshenkovZ96,iIL8_638Es4J,0
journals/tods/BaralisCP96,C67obwRH3ygJ,0
conf/vldb/MorimotoIM97,VijPg-0peiEJ,0
journals/sigmod/X95a,zG3bOR1rtDIJ,0
journals/vldb/JagadishACLNPPSWWY02,vQVMrRkJwSIJ,1
journals/sigmod/ShethM02,QMJlnNQkGdsJ,0
journals/tods/GuoSW96,-VFLQqfTX4QJ,0
journals/sigmod/Elderini02,_FNrQSD-huEJ,0
conf/sigmod/PoosalaIHS96,946ocniilwEJ,0
conf/vldb/Slutz98,E4Ek7erfdIwJ,0
conf/sigmod/PapakonstantinouPV02,2xwKDuA0DI8J,0
conf/vldb/Novaretti01,hhn0e5-Xs7gJ,0
conf/vldb/AgrawalKSX02,4S1hW5qdiEYJ,0
conf/vldb/ManolescuFK01,ckjlnFHOwd8J,1
journals/sigmod/FengJH01,n6zJMCKUX2MJ,0
conf/vldb/AtzeniMM97,25kJ4dWczjEJ,1
conf/vldb/KoschBBHHLRT01,_9D3LIABAnwJ,0
journals/sigmod/ShethM02,lLy00UoLuVYJ,0
conf/sigmod/ArefBV95,url:http://portal.acm.org/citation.cfm%3Fid%3D38713,0
conf/sigmod/CareyK97,JVr5x4Fco4YJ,0
journals/sigmod/ChaudhuriD97,6YgzNu3UQqMJ,1
journals/sigmod/SnodgrassHMOPRRWY98,aaus5UdZwQUJ,0
conf/sigmod/Lomet00,QBwwtvzP7UcJ,0
journals/vldb/SteinbrunnMK97,1Zly2bB59AoJ,0
conf/sigmod/FernandezMS01,Hlaw7FGUnR8J,0
conf/vldb/AbiteboulMRVW98,OqpwlRWdIMgJ,1
journals/sigmod/Aberer02b,Zsbhhy2agVEJ,0
conf/sigmod/Colliat03,rwQVitfg4eEJ,0
conf/sigmod/MoonWH02,tKPVyvxSJA8J,0
conf/vldb/NishioSTTL01,eMoFJNtrm2QJ,0
journals/tods/ChaudhuriS99,hk2lzbke6hQJ,1
conf/sigmod/HristidisKP01,Nd1TKj2G6rUJ,0
journals/vldb/BerchtoldKK97,url:http://doi.wiley.com/10.1002/ace.8102,0
conf/vldb/ChienTZ01,url:http://www.springerlink.com/index/Q4G405N136278G44.pdf,0
conf/sigmod/Rajaraman99,WDu_cWsxo4oJ,0
conf/vldb/LitwinNS94,grI0mYmNUKQJ,0
journals/tods/HjaltasonS99,raaL8oCaWLwJ,0
conf/vldb/WhiteheadSM97,50aU57yUHVAJ,0
conf/vldb/ChakravarthyKAK94,XNWb0UMsKxMJ,0
journals/sigmod/UrbanDG96,B7vw7Gg-2KoJ,0
conf/vldb/LaneEN00,EUNYWV7uBTwJ,1
journals/tods/Chomicki03,yhfwhXxLc_YJ,0
conf/sigmod/BargaL99,t0aZkChxDuwJ,0
journals/vldb/BohmAnY97,YRSKsAxrxXEJ,0
journals/sigmod/Segev95,4dN7MYB6om4J,0
conf/vldb/AshwinGG02,mObyCD3Jw0EJ,1
journals/vldb/DanYC95,xxp4Im8OG9AJ,0
journals/sigmod/Liu03c,1hDyFA_wLwQJ,0
conf/vldb/GuntzerBK00,EdQ4M7GEnzoJ,1
conf/vldb/EvangelidisLS95,0KGYKRRnlsAJ,0
journals/sigmod/RossHKRRSS01,KSMxj5b1XfsJ,0
conf/vldb/Sarawagi02,9lr3Bh9UpNoJ,0
conf/sigmod/KanthAS98,LckYdSB-fV4J,0
conf/sigmod/SlivinskasJS01,ttIHWO6-G0MJ,0
conf/sigmod/Kramer97,iBqN4rxG9O4J,0
conf/sigmod/BressanGFJHKLMPQSS97,tbsSvmwE8fQJ,0
conf/sigmod/FernandezMS01,9yn1lJyGJ0cJ,0
journals/vldb/SwamiS95,ZrVo8PLVsp0J,0
journals/sigmod/SommerGB02,jlMKF93-pQYJ,0
conf/sigmod/RamanH02,M_FbNFvBl60J,0
conf/vldb/RahmM95,eIcoHTImYK4J,0
journals/tods/Meo00,NQShGztSLaoJ,1
journals/tods/WijesekeraJPH03,YutDk6czrCAJ,0
conf/vldb/LockemannKKKN97,lPps3bcIzJ0J,0
conf/sigmod/SimmenSM96,R69wfe4OMVcJ,0
conf/sigmod/CranorGJSS02,3PUX08M9c-sJ,0
conf/vldb/HerlekarDRGS02,W_b-Eo5VaOgJ,0
journals/sigmod/Gallagher94,PVm9r7wHzDAJ,1
journals/sigmod/KiyokiKH94,yEl2iQuAvLUJ,0
conf/sigmod/Keim99,4IO9Kp8NZ_kJ,0
conf/sigmod/HaasH99,Xlvh9WrddIEJ,0
conf/vldb/LudasaherGM00,mbxQZUucE4YJ,0
conf/vldb/ViverosNR96,XSOPi5S-v0gJ,0
conf/sigmod/DasGR03,HgEmtGtk8ywJ,0
conf/sigmod/GotoK03,lvjN3-Gni8wJ,0
conf/sigmod/ColletC95,60MQnx6losgJ,0
conf/sigmod/Aggarwal03,IEm_TmkbDK4J,0
conf/sigmod/KanthRSB99,TriLgFt_ETgJ,0
conf/sigmod/PengC03,4Zlh-TEx9m4J,1
conf/vldb/May01,bJuudDqUVEEJ,0
conf/vldb/KahveciS01,bYV1jynEEO8J,1
conf/sigmod/BrodskyK95,RovnC1D7mTsJ,0
conf/vldb/HvasshovdTBH95,k6VCcOFJ3pUJ,0
journals/sigmod/AbiteboulH95,7yQ28_L2uioJ,0
conf/sigmod/GuhaRS98,Y8HMa1ZZE6sJ,1
conf/vldb/LockemannKKKN97,R15fMmHb1xYJ,0
journals/sigmod/RoddickABDEGHLMMMW00,2FpAPFdTm9YJ,0
conf/vldb/HelmerM97,XbLMcy8ERwoJ,0
conf/sigmod/ViglasN02,t60D0LWfgKAJ,0
conf/sigmod/Bosworth03,ZnVPkfczBnoJ,0
conf/sigmod/RundensteinerKRCJM96,nyHFfFtClVsJ,1
journals/vldb/Sarawagi01,Xx6kw0tCeQIJ,1
conf/sigmod/Weininger00,RDhgEwcXkBoJ,0
conf/sigmod/RaoZML02,B7JBbR9oKJ0J,0
conf/vldb/BaralisW94,oWVdOJS4pDQJ,0
conf/vldb/CareyHMW96,zbk3XblgiUQJ,0
conf/sigmod/Smith01,url:http://portal.acm.org/citation.cfm%3Fid%3D604264.604283%26coll%3DGUIDE%26dl%3DACM%26type%3Dissue%26idx%3DJ689%26part%3Dperiodical%26WantType%3Dperiodical%26title%3DACM%2520SIGMOD%2520Record%26CFID%3D11111111%26CFTOKEN%3D2222222,0
conf/vldb/WildfogelY97,tf9zHfLJrbcJ,0
journals/sigmod/RamirezSP94,V2WMOB42Gj0J,1
conf/vldb/LakshmananPH02,NvTO_tVUuroJ,0
journals/sigmod/BoucelmaCGJLL02,I9JXY0-R4GgJ,1
journals/vldb/GeorgakopoulosRL94,JS8V5NlmLcUJ,0
journals/vldb/PeckhamMD95,84mAZVIXtKsJ,0
conf/sigmod/ChenZCKR01,15Xnu2VYNAQJ,1
journals/vldb/FangGM96,MlOVufIzJ-4J,0
conf/vldb/HellersteinNP95,FfP-sLbiv4cJ,0
conf/sigmod/ChaudhuriKN03,ofbLHFPRuc0J,0
conf/vldb/LimWPVP02,HOmqQ9Na8wgJ,1
journals/vldb/NguSHL01,CLzMCLddqnsJ,0
conf/sigmod/AntonJLPZZ02,FqkCZWtmQM4J,0
conf/sigmod/KementsietsidisAM03,MWcAKgpN5QgJ,0
conf/sigmod/GuptaHR97,Y8OcI0fNMYEJ,0
journals/tods/ShashaLSV95,a8V7CYGLGyQJ,0
conf/vldb/AmsalegFG95,n85SwXicWVgJ,0
journals/sigmod/BoucelmaCGJLL02,ULw6BB-OPlAJ,0
conf/sigmod/MatiasVW98,BrgljsubdTcJ,0
conf/sigmod/Shivakumar03,url:http://ieeexplore.ieee.org/iel1/2206/1845/00050590.pdf%3Farnumber%3D50590,0
journals/sigmod/Richey95,wqCNvihL8LwJ,0
journals/sigmod/Liu01a,98umDgwqRHcJ,0
conf/vldb/ChristopheBPV00,qVs-MefO8BsJ,0
conf/sigmod/ChaudhuriDN01,url:http://www.csa.com/partners/viewrecord.php%3Frequester%3Dgs%26collection%3DTRD%26recid%3D0166362CI,0
conf/vldb/Celis96,2DUVsfL-NZUJ,0
conf/vldb/AnKR03,Z9dkL1yphh8J,1
conf/vldb/MalonM97,PDtnhhJXs8kJ,0
conf/sigmod/Hellerstein94,F1QbaHpPjvkJ,0
conf/sigmod/BohmA96,1n7AY641YyAJ,0
conf/sigmod/CatarciS94,mYFf63cZ4lUJ,0
journals/sigmod/HummerLW02,hDi8HKsDrV0J,0
conf/vldb/ZellerK02,exzdG9xwP-MJ,0
conf/sigmod/HillyerS96,NEHfbzw-NPkJ,0
conf/vldb/Banerjee00,OX8WT7ftfz0J,0
conf/vldb/FangSGMU98,E7yZtVJa2xAJ,1
journals/sigmod/Snodgrass03,amSBALWOE6cJ,0
conf/sigmod/GehrkeKS01,Km8wJdW4CB0J,0
conf/sigmod/BryanMCLG94,J0KAqqmg_skJ,0
conf/vldb/DiwanRSS96,AjQ8Bxi3Vz4J,0
conf/sigmod/SagonasSW94a,EloXFIOFsAEJ,0
journals/sigmod/Vassilakis00,uXPZAfc2I4QJ,0
conf/vldb/TatbulCZCS03,SXidUovPweEJ,0
journals/vldb/AtluriJY03,DxyKjur4q8wJ,0
conf/sigmod/Carey00,TiHiECxN2FYJ,0
journals/vldb/MecellaP01,_JwGwZUTAOEJ,1
conf/vldb/SadriZZA01,_wB29D5shOAJ,0
conf/sigmod/LeeKC99,url:http://portal.acm.org/citation.cfm%3Fid%3D154766.155400%26dl%3Dportal%26dl%3DACM%26type%3Dseries%26idx%3DSERIES003%26part%3DProceedings%26WantType%3DProceedings%26title%3DHistory%2520of%2520Programming%2520Languages%26CFID%3D11111111%26CFTOKEN%3D2222222,0
journals/sigmod/CaleroPR03,1eg7TO7VfhwJ,0
journals/vldb/BonifatiCP01,YCI9HkJhmKMJ,0
conf/sigmod/ChanI98,q1d68YPIbJsJ,0
conf/sigmod/WynblattN01,oYyc8WFMZXMJ,0
conf/vldb/LuL00,url:http://portal.acm.org/citation.cfm%3Fid%3D234286.1053420,0
conf/sigmod/HaasH01,sjtfGwsu4poJ,0
journals/sigmod/PalpanasPKG03,lUbtDtHpaKkJ,0
conf/sigmod/Edelstein95,em-7OmGUVegJ,0
journals/vldb/Baumann94,oUxBRmvQV6sJ,0
conf/vldb/Mattos03,Ih4Lj8MKQA0J,0
conf/sigmod/LometT03,Wrue2IkpGyEJ,0
journals/sigmod/ONeilG95,ZF4UVaOvyTIJ,1
journals/sigmod/Hellerstein03,5FSG85HbUygJ,1
conf/vldb/SavasereON95,ohjoG-bi4OgJ,1
conf/sigmod/LehnerSPC00,loPdfkJTu9IJ,0
conf/vldb/YanA94,kxIpDxLD46gJ,0
journals/sigmod/RamamrithamS97,bibMn8zFnksJ,0
journals/tods/LakshmananLRS97,-PsgeiuPJOEJ,0
conf/sigmod/GoldsteinL01,1YEPg0qeQ48J,0
conf/vldb/AgrawalCN00,3Wp_HjxMl34J,1
conf/sigmod/Kohler99,2hiFB-m8b-gJ,0
journals/vldb/LaurentLSV01,zszS7s24BSYJ,0
conf/vldb/Atal96,PaW8zjiNR9cJ,1
journals/sigmod/ChakravarthyAEFO03,7YMCTbsnjzMJ,0
conf/sigmod/ChaudhuriG96,IXGu2hxJcUsJ,0
conf/vldb/ConradGJM02,gIm89AXuE4oJ,1
conf/sigmod/ForlizziGNS00,Q3RMlO4NCNwJ,0
conf/vldb/GionisIM99,4mS85PvjuLUJ,0
conf/vldb/IoannidisP99,2nYLvtuHchIJ,0
conf/vldb/AggarwalY02,jNh5KYeFejkJ,0
conf/sigmod/ChenGK01,xVrugpchQkEJ,0
conf/vldb/LakshmananJN00,iQs_akTLPOIJ,0
conf/sigmod/BarclaySG00,UkGyMZnhiG8J,0
conf/sigmod/KeoghCMP01,_nOW6fmEcTEJ,1
conf/sigmod/ChaudhuriN98,ht_8Iq3SZ80J,0
conf/vldb/Greco98,o3lIibQM6AUJ,0
journals/sigmod/Snodgrass00a,_pUQfZq8trUJ,0
conf/vldb/AmmannJR95,x-H7BqZ0Hw8J,1
journals/sigmod/GeppertD94,1JmAdQc8Z-kJ,0
conf/vldb/DeutschPT99,OhHnKz25sWgJ,0
conf/vldb/BohannonLRSSS97,thTt2lg4_Z8J,1
conf/sigmod/LakshmananPZ03a,KXfo_2iT0HoJ,0
conf/sigmod/HaasH01,BrBZLtubGs8J,0
conf/vldb/TorloneA03,jXHxI8H8xL0J,0
conf/sigmod/WangTYGWP02,E688ACygfTEJ,0
conf/sigmod/ZhouLP99,url:http://www.csa.com/partners/viewrecord.php%3Frequester%3Dgs%26collection%3DTRD%26recid%3D155936WS%26recid%3D199301550070MD,0
conf/sigmod/WilschutFA95,XBxtfhCcYRkJ,0
conf/vldb/Nori00,HzW6MNbILHMJ,0
journals/sigmod/DogacDATKCD98,1j22QcsiBRIJ,0
conf/sigmod/Brewer98,vV1zrsc5nPwJ,0
journals/sigmod/ReichB98,8640Q2sYgbIJ,0
conf/vldb/WangYM97,CCDrF1vlkA8J,0
conf/vldb/LevyRO96,tnM6xANcT2QJ,0
conf/sigmod/BarclaySG00,tKeGALC3uFMJ,1
conf/vldb/BestavrosB95,gOYiHH09wJ4J,0
journals/tods/TaoP03,LTngaQHMbDQJ,0
conf/sigmod/DogacHKOONDMAKE96,JBOMmMSXQ2AJ,0
journals/sigmod/FrankGGJKLMNPSSSTW99,ZdH1etLPbGsJ,0
conf/vldb/SchmidtWKCMB02,SZLkVciImAIJ,1
conf/vldb/BhattacharjeePMLCH03,url:http://doi.wiley.com/10.1002/tl.189,0
journals/sigmod/HadzilacosT97,hty6lUIHv7kJ,0
journals/sigmod/Gunther97,kRa9VV9MO_wJ,0
conf/vldb/VorugantiOU99,YQomZsrbOQMJ,0
journals/sigmod/GottlobKP03a,sgzwg88X-9MJ,0
conf/sigmod/HammerGNYBV97,W0IbuSAyBcoJ,1
journals/vldb/BraumandlKKKKSS01,s5DQbT5TTM8J,0
journals/sigmod/Bohlen95,kQpBFN6TT3sJ,0
journals/sigmod/DogacDATKCD98,NiswbODuzhAJ,0
journals/vldb/DerrMP94,JgxX-Rlwcx0J,0
conf/vldb/GravanoG95,w7ohoqbphkAJ,1
conf/sigmod/AgrawalES03,HypA8oN4PqsJ,1
conf/sigmod/ShashaB02,EW4FTlR_hisJ,0
conf/sigmod/AgrawalASY97,RoLcocSxHA0J,0
journals/tods/CaldersNW02,mcakFfiZtukJ,0
journals/sigmod/DAndreaJ96,Ag9lUPo9M-QJ,0
journals/sigmod/Dogac98,YutDk6czrCAJ,0
conf/sigmod/BaruFGHJPW95,p0Wvdn9apRsJ,0
conf/vldb/BonczMK99,W0IbuSAyBcoJ,0
journals/vldb/KabraD99,kI8Jzzdk2qUJ,0
journals/sigmod/Dogac02,auWCMuodoCQJ,0
conf/vldb/BrownG01,aJoPVuDNDSsJ,1
conf/vldb/CandanALPH02,hj8PJ0HfbDkJ,0
journals/sigmod/BerraNT95,NmQYqznO5GEJ,0
journals/sigmod/FininJ02,rg8576nvnkUJ,1
journals/sigmod/HadzilacosT97,MsCwodvHhQIJ,0
conf/sigmod/LometT99,-wR7UrvXZ_oJ,0
conf/sigmod/UrhanFA98,LbHDTfakDPQJ,0
journals/sigmod/Camps02,JclQFC-1s18J,1
conf/vldb/RusinkiewiczKTWM95,url:http://portal.acm.org/ft_gateway.cfm%3Fid%3D310071%26type%3Dpdf%26dl%3DGUIDE%26dl%3DACM%26CFID%3D11111111%26CFTOKEN%3D2222222,0
conf/sigmod/Meseck01,bM9UReL5vU4J,0
conf/sigmod/LuoKMPWLN02,-Ozf63JHIUIJ,0
journals/vldb/LiR99,2PEyKNA96x4J,0
conf/vldb/SindoniTABFGMPPT01,nCOno-vA4PcJ,0
journals/sigmod/GruenwaldBDGSSV99,qhiLlROGAS0J,0
conf/sigmod/Rodriguez-Martinez00,XT9_rOSPsyoJ,0
journals/vldb/WhiteD95,IbbmClHzwh8J,0
conf/sigmod/MumickQM97,c_n0wQe1FhAJ,1
journals/sigmod/Kumar03,m7NqYpp7sX0J,0
journals/sigmod/BaaderJN97,xmnPdwmgpsMJ,0
conf/vldb/Suciu96,rMV2yNFwvggJ,0
journals/tods/BaekgaardM95,6UycFCZooDoJ,1
conf/vldb/XieH94,zeM_GTrhjwQJ,0
journals/sigmod/Etzion99,reLyX1psUiYJ,0
journals/sigmod/Gallagher94,i19JlLyXAJAJ,0
conf/sigmod/AdaliBSS98,rYC-j_j4Yv0J,1
journals/sigmod/SnodgrassGIMSU98,Awr5E5xmcpsJ,0
journals/vldb/SheikholeslamiCZ00,x4iZI55bnGkJ,0
conf/sigmod/ParkKKLPC98,url:http://www.csa.com/partners/viewrecord.php%3Frequester%3Dgs%26collection%3DTRD%26recid%3DN9210548AH,0
conf/sigmod/RoySSB00,OZHS88jHgDkJ,1
conf/sigmod/VanceM96,ZLUo-gCGx5EJ,0
journals/sigmod/Lee95,ozmSjoqqFtwJ,1
journals/tods/Jimenez-PerisPAK03,hYu2nw263UoJ,0
conf/sigmod/FlokstraKS94,MnmgXhzEFIsJ,0
journals/sigmod/DreyerDS94,Q1SaDAfpg38J,0
conf/vldb/AggarwalY02,5SSs-tdOQNYJ,0
conf/vldb/BaulierBGJGKKMMNNRSS98,PJ9SEHPFCxwJ,0
conf/sigmod/BohannonDGKLNS03,AWGtiQgXS7QJ,0
journals/vldb/LiangOY00,8a8y03f1oMEJ,0
conf/vldb/SheikholeslamiCZ98,3NgGEBA3hrsJ,0
journals/sigmod/SnodgrassACFLLORRSV99,bSRLP5_ErFMJ,0
conf/sigmod/LiVCAHMWBCHIKSS99,41S9MaTiJ8cJ,0
journals/vldb/RamamohanaraoH94,LwI9xS6rzjgJ,0
conf/vldb/MaratheS97,HcgXkUDB-wYJ,1
journals/vldb/PapadiasS94,UM0nh_l5epoJ,1
journals/sigmod/FreemanG96,RzHjAQK7XTsJ,1
conf/sigmod/LoR96,tuf6VY62aigJ,0
conf/sigmod/ZhangNBB94,lu-u52zs3lUJ,0
conf/vldb/MorimotoIM97,49kH1OzmsNsJ,0
conf/vldb/PapadiasT01,kOBt-5e7dgQJ,0
journals/tods/ChaudhuriS99,lzlTKXb6RMUJ,0
conf/sigmod/MoonWH02,qblLVJpwrB0J,0
journals/tods/FukudaMMT01,lP571q5eN4gJ,1
conf/sigmod/TheobaldW02,RKNGp2gmOTUJ,0
journals/vldb/Baumann94,2Yii02idzcUJ,1
conf/sigmod/FlorescuLMS99,St7W8mkRwrwJ,0
conf/sigmod/Cotton02,CWQuDi6C6hcJ,0
conf/vldb/ShatdalKN94,aQZKyJyL1VQJ,0
journals/tods/ShashaLSV95,YpT_bDZqIM4J,0
conf/vldb/Gawlick96,rmMxkjfz3iEJ,0
journals/vldb/ChakrabartiRS03,url:http://portal.acm.org/citation.cfm%3Fid%3D192593.197371%26dl%3DGUIDE%26dl%3DACM%26type%3Dseries%26idx%3D192593%26part%3DProceedings%26WantType%3DProceedings%26title%3DInternational%2520Multimedia%2520Conference%26CFID%3D11111111%26CFTOKEN%3D2222222,0
journals/vldb/SinghalS97,tKA-bfKUHx4J,0
conf/sigmod/Bussler01,RQieYlbbByEJ,0
conf/vldb/WienerN94,L0bC6yhkhzsJ,0
conf/sigmod/KementsietsidisAM03,K7MgORcRFNkJ,0
conf/vldb/MendelzonV00,901CVvZ72LoJ,0
conf/sigmod/CherniackZ96,uyAFf23SvhoJ,0
conf/vldb/GohOST99,u6SUM1C_ocwJ,0
conf/sigmod/KeoghCMP01,Cy8VDlIamc8J,1
conf/vldb/PantiSG00,fXV7MNaCSmAJ,0
conf/vldb/ShuklaDN98,1eCp1f8DhasJ,1
conf/vldb/BrodieC99,Yu4Tvuy_WiAJ,0
conf/sigmod/LabrinidisR00,zI9Je52o_NEJ,0
conf/vldb/AgrawalPWZ95,sEk1mryO-yQJ,0
conf/vldb/KounevB02,G4VLCbTdyt8J,0
journals/vldb/ChakrabartiGRS01,eb7vW_TiM1cJ,0
conf/sigmod/GrayHOS96,M5jLOXpuFacJ,1
conf/vldb/Bernstein94,_BzFnClkpgwJ,0
conf/sigmod/PeiMHZ00,EMK8ZjQyjvoJ,0
conf/sigmod/AdyaGLM95,-7qdnMFTkv4J,0
conf/sigmod/Mamoulis03,dcePShGN-agJ,0
conf/sigmod/GuptaS03,url:http://www.ingentaconnect.com/search/expand%3Fpub%3Dinfobike://els/13891286/2004/00000044/00000002/art00375%26unc%3D,0
conf/sigmod/Wu99,RrI6TuwE5UIJ,0
conf/sigmod/GuptaMR95,7ggq-jY7UEYJ,1
journals/vldb/Barbara-MillaG94,Hc9uWxJu840J,1
journals/sigmod/KuoM96,Vgf5xYZ-mbIJ,0
conf/sigmod/LuMSS95,nS4lt2rpZxIJ,0
conf/vldb/BelloDDFNSWZ98,tDg3pWUr0kAJ,0
conf/vldb/WangYM97,RiOvjzg_MJwJ,1
journals/sigmod/VetterliVS00,hnJULGy3qDIJ,0
journals/tods/CasatiCPP99,6F_cUJERo6sJ,1
conf/sigmod/ChoALS03,HLi8z7cAYFUJ,0
conf/sigmod/SagonasSW94a,BqsA0P52CtoJ,0
journals/tods/GuoSW96,muyWFdyqDHoJ,0
journals/sigmod/KambhampatiK03,fCs16juGChIJ,0
journals/sigmod/TomasicS97,zyaUL7lG81IJ,0
conf/vldb/HristidisGP03,rfLeAlPXN5QJ,0
conf/vldb/AmsalegFG95,8jTTpoQc2RkJ,0
conf/sigmod/ArefBV95,emKrffY3yrwJ,0
conf/vldb/ZurekS99,l4ujF_-Z2UEJ,0
conf/sigmod/BaruGLMPVC99,EtOTatwa1y4J,0
journals/sigmod/ChongFTSYKDJJ03,6rSLIepjnxoJ,0
journals/sigmod/ShinM94,IPrZj4YESuUJ,0
conf/vldb/AnSVKIG01,OvxcFtMxUVYJ,0
conf/vldb/Vaskevitch95,I6I7Ee7k44cJ,0
conf/sigmod/KoudasS03,Mr1qAVMgm3kJ,0
journals/tods/MokNE96,A5riieeT-lAJ,0
journals/sigmod/MeersmanS02,HvqkEKdpZQAJ,0
conf/vldb/OrensteinK95,z3P7Y2oY15cJ,0
journals/sigmod/TsotrasJS98,f3-E7x12K4gJ,1
conf/vldb/HvasshovdTBH95,7KESeQnHfHkJ,0
conf/sigmod/AdaliBSS98,69JsZwNpla0J,1
conf/vldb/DeutschPT99,E3m8KY_5n3AJ,0
journals/sigmod/dOnofrioP03,0762aCO9vtgJ,0
conf/vldb/BernsteinD94,url:http://www.csa.com/partners/viewrecord.php%3Frequester%3Dgs%26collection%3DTRD%26recid%3DA8622907AH,0
conf/sigmod/SchleimerWA03,url:http://www.springerlink.com/index/1G697MXTU3M9MPL4.pdf,0
conf/sigmod/BrinDG95,a1JaxG-HKuwJ,0
conf/vldb/GuptaM96,JfwovIzjg6QJ,0
conf/vldb/MiningGroup96,xU0oRjltPAMJ,0
journals/sigmod/CalvaneseGLV03,Nxd7R_-KmcMJ,0
conf/vldb/GalhardasFSSS01,rrSZOoViGqoJ,0
conf/sigmod/Shasha97,LrSPRwj6I1QJ,0
conf/sigmod/ChanI98,kLK62e-pDyAJ,0
conf/sigmod/BerchtoldK97,m6c5AroKA9gJ,0
conf/sigmod/GarofalakisG02,597vKGVM17UJ,0
journals/sigmod/JainH94,taphZimnV-gJ,1
conf/sigmod/IlyasRLGL03,tae6C6UKqawJ,0
journals/sigmod/Alonso94b,mXQtA2umZfEJ,0
journals/sigmod/SellisV95,Sf8hKjTRpgUJ,0
conf/vldb/Bhashyam96,zqBT5mU2bz0J,0
journals/sigmod/HalkidiBV02,url:http://doi.wiley.com/10.1002/ange.200390621,0
journals/vldb/Han98,pdia-rmpkQMJ,0
conf/vldb/MendelzonV00,llGIoKCzsiYJ,0
journals/sigmod/Aberer03d,bDJcfbalxoUJ,0
conf/sigmod/KornackerSH98,w_wvgS27TMYJ,0
conf/sigmod/HanWDPW02,oBpe7jg0YHYJ,0
conf/vldb/AbiteboulABBNM03,7O95KI0iiVsJ,0
journals/sigmod/BhargavaAP95,J15i81h0v9YJ,0
journals/tods/WolfsonJH97,biZUFL3RuZwJ,0
conf/sigmod/Blakeley94,i7dLYB6NnW0J,0
conf/vldb/BaulierBKS98,GaHlg02fa2UJ,0
journals/sigmod/GroskyFS94,Q7hIyE8dEQ8J,0
conf/vldb/NieKH03,KnGAS4WfqlQJ,0
conf/sigmod/SagonasSW94,ezmsDUMWUJEJ,1
conf/sigmod/BaruFGHJPW95,hIPphzH_dxYJ,0
conf/vldb/Mohan99,qbYx0jOHP38J,0
journals/tods/GutingBEJLSV00,url:http://portal.acm.org/ft_gateway.cfm%3Fid%3D1066222%26type%3Dpdf,0
journals/sigmod/Loeffen94,uaHIrl5IcQwJ,0
conf/vldb/LabioG96,s9VkN9OW6IQJ,0
conf/sigmod/ShouCTRH01,7ZPciSoauy4J,0
conf/sigmod/ZhangRL96,hk9P76dJfcAJ,1
conf/sigmod/BrinMS97,O8ZmutVg7GsJ,0
journals/sigmod/WeikumSR03,mk5fV99RDBkJ,0
journals/sigmod/Snodgrass00a,G0jD1_M5UkEJ,0
conf/vldb/ChaudhuriGS95,WYgQ_Mhdp9sJ,1
journals/tods/HjaltasonS99,Ha28Uxi1MGoJ,0
conf/vldb/Cluet03,8hpWpo11W0AJ,0
conf/vldb/PappasC00,url:http://portal.acm.org/citation.cfm%3Fid%3D645926.671850,1
journals/vldb/ChanGR03,UdLGTSwhMBQJ,0
conf/sigmod/Martin94,aEPGUksW8rQJ,0
journals/sigmod/Yang94,LJHSJ4_8i8EJ,0
journals/sigmod/AtzeniMM97,SSqU8_W13nIJ,1
conf/sigmod/DraperHW01,hDNq3Vxrrm4J,0
conf/vldb/AbiteboulBMMW02,0MJZbBBMixgJ,1
conf/vldb/CareyKSSS00,gZtFMFjW2n0J,1
journals/sigmod/Franklin98b,mWqn38gIr1kJ,0
conf/vldb/BelussiF95,PxrCtvV6QqUJ,0
conf/sigmod/YuMWL01,h95306-8rjEJ,1
conf/sigmod/ProcopiucJAM02,url:http://portal.acm.org/citation.cfm%3Fid%3D1058150.1058152,0
journals/vldb/BarbaraI95,F7azEOfg-Q0J,1
journals/sigmod/SlivinskasJS02,O6js44BVQOwJ,0
conf/sigmod/KiesslingHFE01,kRzP_vfNMNEJ,0
conf/vldb/RosenthalS94,K6eUocjHOwwJ,0
conf/vldb/SrinivasanDFCJYKTDB00,ljdQJDqEiawJ,0
journals/sigmod/Winslett01,mL60KFvVLfMJ,0
journals/sigmod/CheungF98,kk29NuN3wuMJ,0
journals/vldb/ApersCS02,t0ONNmQsqJQJ,0
journals/sigmod/MattosD94,FrQhV36WTTAJ,0
journals/vldb/RoySSSA98,5VcKjo7jBOMJ,1
conf/vldb/ChaudhuriS96,uRmyQBKcFAYJ,1
journals/sigmod/ClementLGMK97,PJ5ixJPktskJ,0
conf/sigmod/LahiriJJC98,RVZwNZAl4oYJ,0
journals/sigmod/Lomet98,w1GDbl474KsJ,0
conf/vldb/SeligmanBNSW95,p-fmX-xknxAJ,0
conf/vldb/NiermanJ02,TJyp_PuBAWoJ,0
conf/vldb/Blecken00,J8HqTSSYMw0J,0
journals/vldb/HarderST99,zlbh-b29P-UJ,0
conf/sigmod/AgrawalCN01,W-IoijBzR-EJ,0
journals/sigmod/BiancheriPP01,x0k2Onj7_O0J,0
conf/vldb/SundaraHCAS01,a2kxl4qfZk0J,0
conf/sigmod/Ramakrishnan00,tRRU_MkR7PUJ,0
journals/sigmod/HaritsaS96,tpRKY5_U2f8J,0
conf/sigmod/KabraD98,c9qUjswhxA0J,0
conf/vldb/HristidisP02,yS0RlTwDbrwJ,0
journals/sigmod/BarclayBGS94,w_t-C23Z7v4J,0
conf/vldb/AbiteboulMRVW98,zSvWnSVwLUYJ,1
journals/sigmod/OukselS99,XAhmSMRbInoJ,0
journals/sigmod/EisenbergM02,fg5EE6R7xYwJ,0
journals/tods/Ng01,SgUc7R0GR6QJ,0
journals/sigmod/ChristoffelPSL98,dmcRNdwoBy4J,0
conf/vldb/Bowker00,JrrfDdZGd3cJ,0
conf/vldb/MorimotoIM97,CZkreaBp75kJ,0
conf/sigmod/Ozsu99,url:http://portal.acm.org/ft_gateway.cfm%3Fid%3D1101226%26type%3Dpdf,0
conf/vldb/AgarwalADGNRS96,Cci9fTlN_v4J,0
conf/vldb/Moni96,Pl0KQaoV5TQJ,0
journals/sigmod/CuiJO02,Llr0ikQ8yIIJ,1
conf/sigmod/Hope95,l72gLxjjH1YJ,0
journals/vldb/BerchtoldKK97,VHo2go6vjYsJ,1
conf/sigmod/GarofalakisRRS99,sSDZbU4GG7gJ,0
conf/vldb/Sarawagi99,j37vUWPfiOYJ,0
conf/vldb/SchmidtWKCMB02,63QhLG57QssJ,0
journals/sigmod/YaoG02,0McW0Z3yCW8J,0
conf/sigmod/JosifovskiSHL02,OKmmktlU0m8J,0
conf/sigmod/Squire95,url:http://doi.wiley.com/10.1002/ace.177,0
conf/vldb/SarawagiS96,Sj6j97CkENAJ,0
journals/vldb/CliftonGB95,8nRvK2QsFsgJ,0
conf/sigmod/ZhaoDNS98,2WvaWvxoCNsJ,0
conf/vldb/Slutz98,Je6SzJajy8oJ,0
conf/vldb/Pound99,tMQsrE0GjlMJ,0
conf/vldb/Huyn97,6uNiGiGSyeYJ,0
conf/vldb/AgrawalLSS95,C0bXQSqGnF4J,1
conf/sigmod/AgrawalASY97,url:http://www.csa.com/partners/viewrecord.php%3Frequester%3Dgs%26collection%3DTRD%26recid%3D0583547CI,0
journals/sigmod/PapazoglouH99,O2usrBrjehYJ,0
conf/vldb/FaloutsosG96,z2xgaw3ocMQJ,0
journals/sigmod/BerraNT95,_1SlurMFZdoJ,0
conf/sigmod/MamoulisP99,url:http://ieeexplore.ieee.org/iel3/3990/11481/00547886.pdf%3Farnumber%3D547886,0
journals/sigmod/KeetonPH98,url:http://portal.acm.org/ft_gateway.cfm%3Fid%3D1101294%26type%3Dpdf,0
conf/sigmod/BargaL99,JXHzZIxiRfgJ,0
conf/vldb/AmielBDS94,xiJnQi1iaPEJ,0
journals/tods/Ross96,9V3CuSzjHioJ,0
journals/vldb/KrivokapicKG99,A8qZGxwlDiYJ,1
journals/sigmod/Gallagher94,5abbKCh_xzEJ,0
journals/tods/AndriesCPB01,Pd4mq54bBBAJ,0
conf/sigmod/FaginKS03,mLDV3K2RXrMJ,0
journals/sigmod/WangD03,RvTq1L40OrYJ,0
conf/vldb/SrikantA95,kAi6HssDySgJ,1
conf/sigmod/AgrawalCD02,0pB6bGyMRsgJ,0
conf/vldb/DattaDTVRF01,z_9YAWpPYYMJ,0
journals/sigmod/BernsteinBCDFGGHHJLMNPSU98,Syu5W-3uFFAJ,1
conf/sigmod/LometT99,K6eUocjHOwwJ,0
conf/sigmod/ImielinskiV95,dKMRgoNRQDgJ,1
conf/sigmod/AcharyaAFZ95,url:http://www.springerlink.com/index/16794813KJ1PQD08.pdf,0
journals/sigmod/LiefkeS00,Z34--jqcvRAJ,0
conf/vldb/ShiSZ03,_TbzRIkhkxkJ,0
conf/vldb/AshwinGG02,rRTFRedYS7AJ,0
journals/tods/CiacciaTZ96,CfujBHjOpPAJ,0
journals/vldb/CuiW03,8Kz1nHMd4DcJ,0
journals/sigmod/Naughton00,AOkQE1yw9BgJ,0
journals/tods/AikenHW95,RoZigoRqw9oJ,0
journals/tods/KossmannS00,weOgGxMsTKYJ,0
conf/sigmod/LivnyRBCDLMW97a,V-WvgiTIig8J,0
conf/sigmod/FernandezS96,KJDOeP_ZGfcJ,0
conf/sigmod/Greer99,eJkcuDqQnkgJ,0
conf/sigmod/IoannidisLANT97,abRCzV130REJ,0
conf/vldb/FangSGMU98,url:http://portal.acm.org/ft_gateway.cfm%3Fid%3D1083727%26type%3Dpdf,0
journals/sigmod/PoessF00,8uVj31N-qAsJ,0
journals/sigmod/LightstoneLZ02,6_0PRIasvsAJ,0
conf/vldb/Ioannidis03,6v9Dzi437qMJ,0
journals/sigmod/Hainaut03,vZBDZ52L7xcJ,0
journals/sigmod/MeltzerC98,77mq-gn4LiAJ,1
conf/sigmod/HaasH01,MH0RCZvsQ1cJ,0
journals/sigmod/DogacAOD95,WUaYlc5jF1wJ,0
conf/sigmod/BlakeleyD00,url:http://portal.acm.org/citation.cfm%3Fid%3D335191.335480%26coll%3DGUIDE%26dl%3DACM%26idx%3DJ689%26part%3Dperiodical%26WantType%3Dperiodical%26title%3DACM%2520SIGMOD%2520Record%26CFID%3D11111111%26CFTOKEN%3D2222222,1
conf/vldb/Spintzik95,lwbB467LzwEJ,0
journals/sigmod/ArpinarD00,nOB0yPGtDwsJ,0
journals/sigmod/WenLMZ03,gCbzy6m01RQJ,0
journals/vldb/MihailaRT02,HgZioaTNoicJ,0
journals/sigmod/ChenHKPW94,Im_izxoDG54J,0
journals/sigmod/Franklin98b,X1cZJBOrcyQJ,0
conf/sigmod/ChenR94,ZCypB1KOVh4J,0
conf/sigmod/DeHaanTCO03,url:http://portal.acm.org/ft_gateway.cfm%3Fid%3D1101229%26type%3Dpdf,0
journals/tods/BellNNS96,juQlvnYuPxwJ,0
conf/sigmod/ChaudhuriMN99,fNR8UyJP_34J,0
conf/vldb/KoudasS03,jqWSQmw8ScEJ,1
conf/sigmod/AndersonAF98,ogow-Rtc3fEJ,0
journals/vldb/BonczK99,dcePShGN-agJ,0
journals/vldb/FernandezFLS00,VFg-ZpmBLQAJ,0
journals/sigmod/Camps96,mDj9X3EN9ycJ,1
conf/vldb/HellersteinNP95,r9y9VlhCdAUJ,0
conf/sigmod/Weininger02,iXkSngvyu08J,1
conf/sigmod/SelfridgeSW96,4ucV5h3-YvMJ,1
conf/sigmod/ZhangMCMR02,rvZQMrCOQ1MJ,1
conf/vldb/AgarwalADGNRS96,pRIP3vfQtpEJ,1
journals/sigmod/PalpanasPKG03,XiEFqr4Q3DIJ,0
conf/sigmod/JagadishKS00,G8VwRghwte0J,0
conf/sigmod/LiuHBPT99,17FLGNKlk50J,0
conf/vldb/ZhouLZLZJT01,9RRwn6_CT14J,0
journals/sigmod/McHughAGQW97,9Ft0BSj3FqMJ,1
conf/vldb/ZirintsisKM99,E8yN9S5IUFMJ,0
journals/sigmod/BerraNT95,elWw0CZcTpUJ,0
conf/sigmod/ShklarSKT95,7RmPxKPmwGQJ,0
conf/vldb/LabioG96,B3unqvqyJrMJ,1
conf/sigmod/JaedickeM98,Py0wIlQRPCkJ,1
journals/sigmod/Winslett03,lxHJ0q0WWSsJ,0
journals/sigmod/WangD03,url:http://portal.acm.org/ft_gateway.cfm%3Fid%3D306681%26type%3Dpdf%26coll%3DGUIDE%26dl%3DACM%26CFID%3D11111111%26CFTOKEN%3D2222222,0
journals/sigmod/Wade96,AYtrcxExrbkJ,1
conf/vldb/ChoG00,bdNK6KINK7wJ,0
journals/sigmod/DomenigD99,qddGsTtepfAJ,0
conf/sigmod/Shyy95,x0k9DRcKYjQJ,0
conf/vldb/Spaccapietra94,OC5Ji_ETtgsJ,0
conf/vldb/IpeirotisG02,JmGdMWsJuK0J,1
conf/sigmod/PalmerF00,04vTVaEtIFcJ,0
conf/sigmod/RundensteinerKRCJM96,UEaXoXn3DicJ,1
journals/sigmod/RossFLOSSVW00,rbjSb94ysG8J,0
conf/vldb/BawaBA03,z6M6iQngnVMJ,0
conf/vldb/GionisIM99,A8rGBQif7MIJ,1
conf/vldb/Shmueli01,rEwEqoAns-gJ,1
conf/vldb/NicklasGS03,fznO-6vSTJUJ,0
journals/vldb/LeeW94,qK0HjWxMztMJ,0
conf/vldb/HaasKWY97,kMlRuaybCRoJ,0
conf/vldb/ChatziantoniouR96,ZIuJIeqBBU0J,0
conf/sigmod/AggarwalY01,dJ8BcuzbKgIJ,0
conf/sigmod/KaushikBNK02,GsYwmGPfprsJ,0
conf/vldb/ArionBCDMP03,UEO7Gcciq6IJ,0
conf/vldb/VeltriCV01,wN-4Rn5hFnwJ,1
journals/tods/LeveneL99,SDs-E3D9gpoJ,0
journals/sigmod/PhatakSSS96,SeO0XM_hXyIJ,0
conf/sigmod/HellersteinN96,R3wCZGqY0nYJ,0
conf/vldb/MeccaCM01,cRgrDdnT2CkJ,0
conf/vldb/GallersdorferN95,mEPticLXUScJ,0
conf/sigmod/ChenRW02,5fUQPbpk_iYJ,0
journals/vldb/NgC98,eTDBrdfpGNEJ,1
conf/sigmod/ReveszCKLLW00,dAzjpkhh8lUJ,0
journals/sigmod/BuchnerM98,url:http://portal.acm.org/ft_gateway.cfm%3Fid%3D306124%26type%3Dpdf%26dl%3DGUIDE%26dl%3DACM%26CFID%3D11111111%26CFTOKEN%3D2222222,1
conf/vldb/Pogue98,vepXrCjsg2AJ,0
conf/vldb/Graefe99,S8x6zjXc9oAJ,0
conf/sigmod/NgLHM99,gsNtlqU93iYJ,0
conf/sigmod/VanceM96,7DQb_CW4fjIJ,0
journals/sigmod/MaelbranckeO95,js4mWlUOF90J,0
conf/sigmod/BlakeleyP98,NLpdG2zlTiAJ,0
conf/vldb/FukudaMMT96,7cxT4euCQUsJ,0
journals/sigmod/MedskerCS95,I3mRuMui5o0J,0
journals/sigmod/DadamK97,Js-l8FmsCfAJ,0
journals/sigmod/PaepckeGRC00,gxudA3WRdyUJ,0
conf/sigmod/ChenZCKR01,zP1FytsbEAEJ,0
conf/vldb/VenkataramanZ98,7IhOFHRYplAJ,0
conf/vldb/HelmerWM98,-rrJE6N7Z4oJ,0
conf/sigmod/LiYVGPUV98,xLs_uumSG84J,1
conf/vldb/FukudaMMT96,AZzFfOPrCDMJ,0
journals/sigmod/Gardels97,uS-v_N8yu7MJ,0
conf/sigmod/BersonGMJ94,j8owltgypxUJ,0
conf/vldb/WangZL03,9aNUdPCEMmwJ,0
conf/sigmod/BunemanM95,WoOdXKw7uKcJ,0
journals/tods/TaoP03,mQeuLdJoQpsJ,0
conf/sigmod/BilirisDGJR94,JMx4cjNV3BsJ,0
conf/sigmod/CareyDNAGS97,Y1Z4i3_4l00J,1
conf/sigmod/AndersonBKW98,W18SD-jEHVcJ,0
journals/tods/ChakrabartiKMP02,rQMhNcaktvMJ,0
conf/vldb/DarFJST96,8lafnpE84ocJ,0
conf/sigmod/BrinDG95,JsKYXyM6IaEJ,1
conf/vldb/RothS97,GRLUYc-u9X8J,1
journals/sigmod/RossCGJBV99,url:http://portal.acm.org/ft_gateway.cfm%3Fid%3D1101273%26type%3Dpdf,0
conf/sigmod/IvesFFLW99,RXAPyrDQHbEJ,0
conf/vldb/SindoniTABFGMPPT01,yx1z8HatQaAJ,0
conf/vldb/IoannidisLGP96,6pk8U2aHRrQJ,0
journals/tods/YanG94,WnEj2fumCycJ,0
conf/sigmod/OhHP00,KgWTL6JKQD4J,0
conf/sigmod/NgLK98,UVXbn_l6IAUJ,0
conf/vldb/SrikantA95,2aNBg9hQ7wcJ,1
conf/vldb/PapadiasZMT03,bZhlctPg75AJ,0
conf/vldb/JohnsonM98,V4PVzPaBOBUJ,1
conf/sigmod/AltinelABFSZ99,LCmaogUdo_YJ,1
conf/vldb/SrikantA95,Ve-JH2yNN0kJ,1
journals/sigmod/Nascimento03,hTT08lzhMfsJ,0
conf/vldb/TsoisS03,u7rv6LAF8s8J,0
journals/sigmod/DomenigD99,K6DXuClXOP0J,0
conf/vldb/AksoyZF01,MdOUa-_bHQ4J,0
journals/vldb/SheikholeslamiCZ00,mZ1_a-BkYQsJ,0
conf/vldb/ManolescuFKXO00,uJpbvfvNrW8J,1
journals/sigmod/Ahlberg96,BeJcXCnfyhAJ,0
conf/vldb/Team00,Xas7--rqcF0J,0
journals/sigmod/DemersGRTY03,SikOQ5ObiPMJ,0
conf/sigmod/KimC03,BWV2Oys1VXsJ,1
conf/vldb/PoosalaI96,NTlGMs3lqNEJ,1
journals/vldb/Atkinson00,s3iz4NH3Yk0J,0
conf/vldb/AgrawalSX02,vHgwbn1z-m8J,0
conf/vldb/Mohan01,tAO-l_SkmSwJ,1
conf/sigmod/RiedewaldAA02,17kVoAQEcJ4J,0
conf/sigmod/HuangSW94,p0vZZGs-fwIJ,0
conf/sigmod/MistryRSR01,r62IMncHe0IJ,1
conf/sigmod/NgLK98,IQGSqOGOYpUJ,0
journals/vldb/Barbara-MillaG94,Cmq7lkkXNt4J,1
conf/vldb/WangZL99,S0joKxiOuiAJ,0
conf/sigmod/DattaDRTV01,UqsqBxPruRUJ,0
conf/vldb/CatozziR01,C2VEa-WmIt0J,0
journals/vldb/MaedcheMS03,hrnqGMr9dXQJ,0
conf/vldb/DavisonG94,42KZZ_CiLC0J,0
conf/sigmod/SagonasSW94a,j7NrNWaEGqYJ,0
conf/sigmod/CohenM03,bQv5hYB-JIEJ,1
conf/sigmod/LahiriJJC98,ux4xsCrvnLsJ,0
conf/vldb/StohrMR00,kXiH8hSNAbEJ,0
conf/sigmod/AcharyaAFZ95,y74PIIvb_GMJ,1
journals/sigmod/LacroixB03,CC1stA6AI2wJ,0
journals/vldb/ChuaCL03,ahdf-kb3BC4J,0
conf/sigmod/Tajima96,url:http://www.csa.com/partners/viewrecord.php%3Frequester%3Dgs%26collection%3DENV%26recid%3D8913254,0
conf/sigmod/ZouS96,D3dRxANND0wJ,0
conf/sigmod/RaoR98,iqZZMPppeKAJ,1
conf/vldb/BarjaPFWD94,_ouQpdHHLOMJ,0
conf/sigmod/GarofalakisGR02,VhxIKKG8oWYJ,0
conf/vldb/AlexandrovABBBCDFHJKKKLLMMMPNPPRRSSW02,X4511mRO76sJ,0
conf/vldb/ChoG00,0ofvccnIJ-0J,1
conf/sigmod/DogacHKOONDMAKE96,050GAMiUxUEJ,0
conf/vldb/GardarinGT96,SEUbworBOA8J,0
journals/sigmod/Ozsoyoglu99,yHk3breVkBEJ,0
conf/sigmod/Spiro98,prIAopXQJnkJ,0
journals/sigmod/Darwen96,zFf85YUlssQJ,0
journals/tods/MumickFPR96,SR42pJdVzOQJ,0
conf/sigmod/HaasH99,9mzzqZMXoaYJ,0
conf/sigmod/BraumandlKK99,1yPB90tZpsUJ,0
journals/sigmod/VenkatraoP95,vk0b_fa351sJ,0
journals/sigmod/BollKB98,QTJFwiGTEV4J,0
conf/sigmod/AbiteboulCM95,bnd0xJYh-HoJ,0
conf/vldb/WeberSNSS03,wjrZrNrZl4kJ,1
conf/sigmod/JagadishJOT01,80SUBkbBuPAJ,0
journals/tods/Alagic99,m3VLL5CWq3gJ,0
journals/sigmod/Ozsu01a,XY4YyEglOssJ,0
journals/sigmod/DemersGRTY03,hq3VlAqgK6UJ,0
conf/vldb/Rengarajan96,nBY5dLln5ooJ,0
journals/vldb/WhangKW94,1rjS8zszZ_4J,0
conf/vldb/Lesk94,dTval1yE6p8J,0
conf/sigmod/BratsbergT00,aSLCVnBpoT4J,0
conf/vldb/IyerW94,zcGO8gNGW4oJ,0
conf/sigmod/ZhangNDLL01,RkUnSP2Vkj0J,1
journals/vldb/IshakbeyogluO98,_9OLeZjLW3AJ,0
journals/tods/Subrahmanian94,rEG6f-bR_fQJ,0
journals/sigmod/BarbaraS97,lOAYeTf6OycJ,0
conf/sigmod/ONeilQ97,V_TejbE-Q6EJ,1
journals/sigmod/PissinouSEMOPSTD94,UHWPnbs8FFwJ,0
journals/tods/DiaoAFZF03,U4w7cbo9EJAJ,0
journals/sigmod/BunemanFSW01,RJSQMfSchTIJ,0
journals/sigmod/BoscMP01,iwo70ngJJXUJ,0
conf/sigmod/FaloutsosRM94,qaoTK_zX3awJ,1
journals/sigmod/Jarke95,S-dsVBvAn7YJ,0
conf/vldb/FlorescuLS98,1qTvkVIk2zwJ,0
journals/sigmod/ReichB98,z8tFyrW_5_0J,0
conf/vldb/DidriksenGD95,_BLDv3uP-GMJ,0
journals/vldb/NguSHL01,fDxFd0ezl1EJ,0
conf/sigmod/Cabrera03,5F8zDLScIK0J,0
journals/sigmod/BarbaraS97,0augooXyPa0J,0
conf/vldb/AgrawalK02,NDKJPUgy_K4J,1
conf/sigmod/ZaharioudakisC97,Y0i8nJRm5gsJ,0
journals/sigmod/BertinoEH03,2DIf85JqozwJ,0
journals/sigmod/Liu03c,url:http://portal.acm.org/ft_gateway.cfm%3Fid%3D1083721%26type%3Dpdf,0
conf/sigmod/LangS01,80SUBkbBuPAJ,0
conf/sigmod/Miller98,3UQCbr_15aYJ,0
conf/sigmod/Adelberg98,FM-bCbY1GjQJ,0
conf/sigmod/Keim99,NkC8BusDlqwJ,0
conf/sigmod/TatarinovIHW01,_mK2vCQL2kwJ,0
conf/vldb/BonifatiCDS01,lgSuFvL4PxMJ,0
conf/vldb/CarinoO98,q0LbTnnGsIsJ,1
conf/sigmod/AcharyaPR99,-k0cD5NwXnoJ,1
journals/sigmod/ConstantopoulosCP01,TPn9aRoeW28J,0
conf/sigmod/Zeller03,U8JNy2iWiwIJ,0
conf/vldb/GyssensL97,CQ81qHKWRjEJ,0
conf/sigmod/SagonasSW94,8SK2_JTR1NIJ,0
conf/vldb/SatheS01,XdropdGkrAkJ,0
conf/vldb/GottlobKP02,Pk09A5EmsOoJ,1
journals/tods/PetersO97,url:http://portal.acm.org/citation.cfm%3Fid%3D226931.226978%26dl%3Dportal%26dl%3DACM%26type%3Dseries%26idx%3DSERIES492%26part%3DProceedings%26WantType%3DProceedings%26title%3DInternational%2520Conference%2520on%2520Digital%2520Libraries%26CFID%3D11111111%26CFTOKEN%3D2222222,0
conf/vldb/MuntzR94,o9DfGI9zsloJ,1
journals/tods/TendickM94,dBP96_8BRksJ,0
journals/tods/CasatiCPP99,eD9q5emypy4J,1
conf/sigmod/AcharyaGPR99,Fw1sdzNmL2YJ,0
conf/vldb/CasatiS00,SO3FtuNhM-UJ,0
journals/sigmod/Snodgrass98,n210a6PbwowJ,0
conf/sigmod/AgrawalASY97,iZyEysmQko4J,0
conf/vldb/HalversonBKKRTVWND03,LcHJ0U9zNMMJ,0
journals/vldb/BerendtS00,gQWF8bYDvlYJ,0
conf/vldb/Suciu96a,ESoiwZeMxcEJ,0
conf/vldb/Graefe99,HRkHoky2mpkJ,0
journals/sigmod/EisenbergM99a,url:http://www.csa.com/partners/viewrecord.php%3Frequester%3Dgs%26collection%3DTRD%26recid%3D017302550021XAI,0
conf/sigmod/TsurUACMNR98,aym35wwVDlQJ,1
conf/sigmod/GebhardtJJ97,xxO-O3yxQIwJ,0
journals/vldb/MehrotraKS97,gMh5P7fD9BcJ,0
conf/sigmod/CareyDFHMNSSTTWZ94,dP-pHDZ7oawJ,1
conf/sigmod/KementsietsidisAM03,jCudeTapg5IJ,1
journals/sigmod/Qian95,dFFBobdfUmEJ,0
conf/vldb/ChoG00,cJhcOtvaF9AJ,0
conf/vldb/SkubiszewskiV97,ZBOvpXN_aa8J,0
conf/vldb/ChristopheBPV00,hNOti13KB_8J,1
conf/sigmod/GionisGK01,9kkeVDqP8zMJ,0
conf/sigmod/HernandezS95,Af_4cNCu3MwJ,0
conf/sigmod/BrinkhoffKSS94a,Ae1KTC8GsSoJ,0
conf/sigmod/LometT99,j-f7b78OvN8J,0
conf/vldb/KnorrN99,fnmqvPVRYBAJ,0
conf/vldb/IoannidisLGP96,kDWGwVa8dykJ,1
conf/vldb/BestavrosB95,W8CdypFrYdUJ,0
conf/vldb/Fox02,dRLybzxLjq0J,0
conf/sigmod/HanWDPW02,tcyoSdrkaRMJ,1
journals/tods/Bohm00,Dza1HRV8YnUJ,0
conf/sigmod/FaginKS03,Sko145Nl9roJ,0
conf/sigmod/Grust02,GB0JdwUJd3UJ,0
journals/vldb/BalkirO98,FAZWbrnvGLkJ,0
conf/sigmod/AgrawalGGR98,lZoBe4ggtOcJ,0
journals/sigmod/Qian94,CHoGnTEJZhUJ,0
conf/sigmod/FlorescuLMS99,hAuEDElSa2MJ,0
conf/vldb/BohannonGKNS02,yuJa8jQv_joJ,0
conf/sigmod/ForlizziGNS00,url:http://www.csa.com/partners/viewrecord.php%3Frequester%3Dgs%26collection%3DTRD%26recid%3DN9210461AH,0
conf/vldb/WaasCB01,RBjJHzI_ussJ,0
conf/vldb/DillKMRST01,A-o-7IMlHJUJ,0
journals/tods/HsuSY01,GAQbbOw3ICQJ,0
journals/tods/GibbonsMP02,HAG0kCjBu4EJ,0
journals/sigmod/RamamrithamSSTX96,ZoZd1mQst5EJ,0
journals/vldb/CombiP01,hwaSVa3yaT4J,0
journals/sigmod/Aberer02a,vd2MpBRSqh0J,0
conf/vldb/Baru96,Pju_BBb8KGsJ,0
conf/vldb/Dasgupta96,s8i8q_Pc4hMJ,0
conf/sigmod/BerchtoldK98,pKKu82IYP9EJ,1
journals/vldb/YangW03,1NZCORqTQzoJ,0
journals/vldb/ChandrasekaranF03,0hFtl2Gx-68J,0
journals/tods/ZobelMR98,Gof6GsCOvwYJ,0
journals/sigmod/DogacAOD95,yYYmDByv2yMJ,0
journals/sigmod/Cetintemel01,cAIvcFCeB6oJ,0
conf/sigmod/YangWYH02,xsaovu54vl4J,1
journals/sigmod/Aberer02,2iG-838OdUYJ,0
conf/sigmod/PoosalaIHS96,uveOdmVtqRMJ,1
conf/sigmod/Team99,acezjvNgGwYJ,0
conf/sigmod/ZhangNDLL01,ryaV3kTsJ2IJ,1
conf/sigmod/CarinoKKB01,0_oflu76z28J,0
conf/sigmod/RundensteinerKZWLLN99,5HlqSm9yQdAJ,0
conf/sigmod/HarinarayanRU96,cnjY261oL-4J,1
journals/sigmod/DreyerDS94,mZmqkcLLH28J,0
conf/sigmod/PangCL94,rPkYH6NBK6QJ,0
conf/sigmod/SimmenSM96,XVP8s4K0Bg4J,1
conf/sigmod/AdaliSS99,bhWLVCoDuNQJ,1
conf/sigmod/AbadiC02,f2Lea-RN8dsJ,1
journals/sigmod/MaximilienS02,yCgISTW1LU0J,0
conf/vldb/RizviH02,3ku_XOqYuawJ,1
conf/vldb/George98,zt97eBvC_80J,0
journals/vldb/BarbaraI95,1zEQitXYBGsJ,0
journals/sigmod/CarmelMS01,WFaGkobqvJYJ,0
conf/vldb/AltinelF00,SXHPvzZDrFMJ,1
conf/vldb/WildfogelY97,sreGx_YaIgoJ,0
conf/sigmod/DuSD95,ZhCenyFgEyoJ,0
conf/vldb/SrinivasanDFCJYKTDB00,RmyORCW6qn8J,1
journals/sigmod/SonDT96,3AMndgB5t74J,0
journals/sigmod/Hanson99,url:http://www.csa.com/partners/viewrecord.php%3Frequester%3Dgs%26collection%3DTRD%26recid%3D0250559CI,0
conf/sigmod/Blakeley96,33wk3D5oGAcJ,0
journals/vldb/MirbelPSTV00,BtZqid3fGTIJ,0
conf/vldb/BernsteinHJRW00,YvKC62tCWkQJ,1
conf/sigmod/SinghTW94,yK4VALoQjlgJ,0
conf/sigmod/HillyerS96,url:http://portal.acm.org/citation.cfm%3Fid%3D945721.945727%26coll%3DGUIDE%26dl%3DACM%26idx%3DJ689%26part%3Dperiodical%26WantType%3Dperiodical%26title%3DACM%2520SIGMOD%2520Record%26CFID%3D11111111%26CFTOKEN%3D2222222,0
journals/tods/Kim94,fDazv1Ll_CMJ,0
conf/vldb/EleftheriouBCDHLPPABDDDGJHLRSVW03,MFYt0ZgJ9LoJ,0
conf/vldb/BelussiF95,jqzECQCEOLYJ,0
conf/vldb/RamsakMFZEB00,VDLcWcM5fUoJ,0
journals/sigmod/LenzVJS03,url:http://www.springerlink.com/index/G08034312U27126V.pdf,0
conf/sigmod/BettiniWBJ95,Drq1slDkthQJ,0
conf/vldb/McHughW99,Odpcv8C3ih8J,0
journals/vldb/DiazJ97,eIQIzryIl24J,0
conf/sigmod/KornM00,VUMWNqQhTM0J,0
journals/vldb/BonifatiCP01,uNTT_Ze5C9oJ,0
journals/sigmod/CatarciC96,EQe1KEqt1TcJ,0
conf/vldb/AbrolLMMMRTWZ01,QLlxE5mJOisJ,0
conf/sigmod/CuiOTS03,bSgNI5Tn55sJ,0
journals/vldb/Cobb97,5gjL6J42Gx8J,0
conf/vldb/RastogiS98,GDlHdL-s4tIJ,1
conf/vldb/AcharyaGP99,vIEgGbipH4YJ,0
conf/vldb/WitkowskiBBFGSS03,x4Us1KGSeu8J,0
journals/tods/DattaVCK99,bZj9gl0_YUIJ,0
conf/sigmod/SchleimerWA03,VJIHPbki2uAJ,0
journals/sigmod/UlusoyB96,Dh_74pkThHQJ,0
journals/sigmod/GrayG97,QCX9hAvncUkJ,0
journals/vldb/HarderR96,UB1WySwTrqUJ,0
conf/vldb/AgrawalS94,fg4F0F4dIogJ,0
conf/sigmod/LabioWGG00,ia7GskBcEygJ,0
journals/sigmod/X94a,1N54u5w0lDIJ,0
conf/sigmod/Carey94,Lj8CI8ALd9UJ,1
conf/vldb/LinLYZ03,PSb93BiHH3cJ,0
journals/sigmod/Widom96a,6PZVkEuESKYJ,0
conf/sigmod/Sahuguet01,Hftb0dapCC4J,0
conf/vldb/YangLH03,IG6ny5f3oqkJ,0
journals/sigmod/Wong95,FdkHUCk1ocUJ,0
conf/sigmod/LiBKN03,C4SDBHpbEOgJ,0
conf/vldb/HammadFAE03,kFFCXKDq_B0J,0
conf/sigmod/AdaliCPS96,Obs0xre_sYYJ,0
conf/vldb/Levy96,qeN1wVAlPgUJ,0
conf/sigmod/MaddenFHH03,yLYlsNybX6AJ,0
journals/tods/SistlaWYS98,vyiGYpyqQw4J,0
journals/sigmod/PapazoglouH99,1wzOpDKiUqoJ,0
conf/sigmod/Ivinskis95,url:http://www.csa.com/partners/viewrecord.php%3Frequester%3Dgs%26collection%3DTRD%26recid%3DA8622941AH,0
conf/vldb/LiCHPALHAY01,Tz77UXauqjQJ,0
conf/sigmod/ChenJDTW00,4VJfUUBSZnUJ,0
journals/sigmod/AbererCH02,pRVaNHzGELQJ,0
journals/tods/FernandezKSMT02,url:http://www.csa.com/partners/viewrecord.php%3Frequester%3Dgs%26collection%3DTRD%26recid%3D0014628CI,0
journals/tods/RaschidL96,PdTfNWFCcxkJ,0
conf/vldb/ColletCS94,YtLyfiViG0YJ,0
journals/vldb/StonebrakerALPSSSY96,xomFMCDegw8J,1
conf/sigmod/AgrawalCFGHIIMMSS94,Mp0pcNDuTh0J,0
conf/vldb/NgY94,0v4L1d6SYgoJ,0
conf/vldb/GohOST99,DvXOlINW4YkJ,0
conf/vldb/RezendeS98,UKlKGSjyeNQJ,0
conf/sigmod/Ojjeh99,url:http://portal.acm.org/ft_gateway.cfm%3Fid%3D304245%26type%3Dpdf%26dl%3DGUIDE%26dl%3DACM%26CFID%3D11111111%26CFTOKEN%3D2222222,1
conf/sigmod/ColeG94,sNXjFvKOllEJ,0
conf/sigmod/GunopulosD01,g_69SbFpqzEJ,0
conf/sigmod/PiatkoYLS96,url:http://doi.wiley.com/10.1002/ace.149,0
journals/sigmod/Anisimov03,nFErsfdpYfwJ,0
conf/vldb/FernandezSCMS03,FjmyLJQ2TrYJ,1
conf/vldb/MankuM02,3XVySQsAUn8J,0
journals/sigmod/GottlobKP03,qYDs71SJcQ4J,0
conf/sigmod/YuMWL01,VMezJEFWXVEJ,0
conf/sigmod/ImielinskiVB94,RcmGrB81X-4J,1
journals/sigmod/YanG95,mYVTDaXJ4wYJ,0
conf/vldb/Vingralek02,tyKQGZXQXwoJ,0
conf/sigmod/MassariPSC95,O2FrN68p5PUJ,1
conf/sigmod/BratsbergT00,slPMQxLa5fIJ,0
conf/vldb/WuYCT95,lJhhxr0IutcJ,0
conf/sigmod/RajagopalanML98,HVP6eYl30IgJ,1
conf/vldb/DattaRT99,zuRTAu-qzsUJ,0
conf/sigmod/TatarinovIHW01,0dEQ9YTk3osJ,1
journals/tods/ScioreSR94,url:http://portal.acm.org/ft_gateway.cfm%3Fid%3D310062%26type%3Dpdf%26dl%3DGUIDE%26dl%3DACM%26CFID%3D11111111%26CFTOKEN%3D2222222,0
journals/sigmod/Rosenthal98,o-vuQTE0XCgJ,0
conf/sigmod/BozkayaO97,ukY2WbhcyZwJ,0
conf/vldb/MuntzR94,VemLkak2y_gJ,0
conf/vldb/WangC03,rr38XiHpnT4J,0
journals/sigmod/Franklin97a,url:http://portal.acm.org/citation.cfm%3Fid%3D800025%26dl%3DGUIDE%26dl%3DACM%26type%3Dproceeding%26idx%3DSERIES003%26part%3DProceedings%26WantType%3DProceedings%26title%3DHistory%2520of%2520Programming%2520Languages%26CFID%3D11111111%26CFTOKEN%3D2222222,0
conf/sigmod/NestorovAM98,5icRoG_Vmc0J,1
journals/sigmod/ChangGKRS98,hiRJVXjfZkkJ,0
conf/vldb/TaoPS02,A-OLnk5NCxwJ,0
journals/tods/MelnikG03,mkRooUYigoUJ,0
conf/sigmod/KornackerMH97,J8sGEkYqAFcJ,1
journals/vldb/ChangG01,lzauuL9KMTwJ,0
journals/sigmod/Widom96b,Zp5RqjyjgO8J,0
conf/sigmod/BohannonMR01,ii0S1xvEbTsJ,0
conf/sigmod/GuptaHR97,2qvvCHg4EHQJ,0
conf/vldb/BargaP95,-ubnvSg5wvQJ,0
conf/vldb/ChoALS02,Kc7Y8VjKsZcJ,0
journals/sigmod/Goethals02,R128Of6zyGgJ,0
conf/vldb/LahiriSCMC01,CB8A-22IEAgJ,0
conf/sigmod/BornhovdAKMPR03,VvZfyQsZuNUJ,0
journals/sigmod/FernandezFLS97,00jvdqdSpkcJ,0
conf/sigmod/BilirisDGJR94,uJwzWCE8AP0J,0
conf/sigmod/Doherty98,Vye8ZGnNq5MJ,0
conf/vldb/Hamilton99,url:http://portal.acm.org/ft_gateway.cfm%3Fid%3D306684%26type%3Dpdf%26dl%3DGUIDE%26dl%3DACM%26CFID%3D11111111%26CFTOKEN%3D2222222,0
journals/sigmod/KoubarakisTID03,Xm1G9UW86aEJ,0
journals/vldb/TorpJS00,Cg2y5sTQUqkJ,0
journals/vldb/AtzeniM00,zfbBfDbGojEJ,0
journals/sigmod/Liu02b,EreE9p9OaicJ,0
conf/vldb/ShaferAM96,86PofInlEQQJ,0
conf/sigmod/ChaudhuriN98,O5CPLpCj5fQJ,0
conf/vldb/YuSLJ02,m_LpPnXrU14J,0
journals/vldb/RamamohanaraoH94,Je21CkAenJ0J,0
journals/sigmod/Vassilakis00,Id1cvsQURBAJ,0
journals/tods/SrivastavaSRN95,KeWBUxRB01YJ,0
conf/sigmod/MumickQM97,QgR0DgMbdgIJ,0
journals/vldb/VerykiosME03,QyNfyYDySawJ,0
conf/sigmod/LeeWMS01,OFXL5KsJiWcJ,1
conf/sigmod/BrinDG95,bvcQt7zFoAoJ,0
conf/vldb/ZemankovaI94,bbdecz2VGtIJ,0
journals/sigmod/FreemanG96,ODB3sU9uuyQJ,0
conf/vldb/GuntzerBK00,37yVRfSpM6MJ,0
journals/tods/Subrahmanian94,MWxdDHB-vH8J,1
conf/vldb/VassalosP97,eOdyUMyFlNwJ,0
journals/sigmod/EisenbergM98a,NdmocXlpq9QJ,0
conf/vldb/TanEO01,8Rorle1Q7_YJ,0
conf/vldb/BaulierBKS98,p8Xjxeot--gJ,0
journals/sigmod/WinslettMY03,url:http://www.csa.com/partners/viewrecord.php%3Frequester%3Dgs%26collection%3DTRD%26recid%3D8204540536MD,0
journals/sigmod/BunemanLSTW94,Edx-HSsRu2gJ,0
conf/sigmod/BreitbartKRSS99,url:http://ieeexplore.ieee.org/iel5/98/19576/00904902.pdf%3Farnumber%3D904902,0
journals/vldb/Atkinson00,url:http://www.springerlink.com/index/CFM1025XF89JLNH8.pdf,1
journals/sigmod/AilamakiG03,AB3gUCdE2j8J,0
journals/vldb/ChanGR03,XxswD822Fc8J,0
conf/vldb/ZellerK02,suohWKDDX4IJ,0
conf/vldb/RantzauCHM02,NdmocXlpq9QJ,0
conf/vldb/LiCHPALHAY01,yLcOnaP14zoJ,0
conf/vldb/SatheS01,_zQEm0i4mooJ,0
conf/sigmod/ThomasDM95,dHLTXjNFLjQJ,0
conf/vldb/HoskingC99,aakxBbTYhu0J,0
conf/sigmod/CareyFZ94,dahaBAYvs5AJ,0
conf/sigmod/ShahC01,H7rQzPWfGU4J,0
conf/sigmod/OConnellISWABCCLPWW96,url:http://portal.acm.org/ft_gateway.cfm%3Fid%3D990302%26type%3Dpdf,0
journals/sigmod/Qian95b,UacENY22_esJ,0
journals/sigmod/Bernstein01,dsFfDAN1wBEJ,0
conf/vldb/FaloutsosJS97,HFAZO1frt8gJ,0
journals/sigmod/RamamrithamSSTX96,Xjjsl30SS3AJ,0
conf/vldb/ChaudhuriGS95,k4KYPK9F5JIJ,0
conf/vldb/Keogh02,LUJ9QThMyE4J,0
conf/sigmod/Bayardo98,fhTF0xc3Dh4J,0
conf/vldb/HvasshovdTBH95,url:http://www.csa.com/partners/viewrecord.php%3Frequester%3Dgs%26collection%3DTRD%26recid%3D560244CI,0
conf/vldb/GyssensL97,amxpJn__3XYJ,1
journals/sigmod/Snodgrass02a,url:http://portal.acm.org/ft_gateway.cfm%3Fid%3D202672%26type%3Dpdf%26dl%3DGUIDE%26dl%3DACM%26CFID%3D11111111%26CFTOKEN%3D2222222,0
conf/vldb/BaralisPT97,caCLH4tMgfgJ,0
conf/sigmod/PossSKL02,jiWKZwyvt7sJ,0
conf/vldb/AcharyaFZ96,qTCsXcCsI7UJ,1
conf/vldb/RossS97,ZKtMorlKcAkJ,0
journals/sigmod/MeltonE02,url:http://doi.wiley.com/10.1002/tl.120,0
conf/sigmod/AggarwalPWYP99,WyEzOaXfCkwJ,0
conf/vldb/CeriFP99,z03pSXePfHkJ,0
conf/vldb/LamKR02,nlq3SBpMnygJ,0
conf/sigmod/KrollW94,AMvcOVWQiNEJ,1
journals/sigmod/Qian96,oN29T6iDzLAJ,0
journals/tods/GutingBEJLSV00,uslMCdq5gUsJ,1
conf/vldb/KilgerM94,1LRgFqYSTq8J,0
journals/sigmod/RossNO03,MempvktkqogJ,0
conf/vldb/MorishimaKKT01,DYZlq4rntjwJ,0
journals/sigmod/KarlapalemLS95,gGspso3luCUJ,0
conf/vldb/NipplM98,aphxPCo8qkgJ,0
conf/sigmod/TsurUACMNR98,P8SQPINQRHQJ,0
conf/vldb/KarayannidisTSPMRFEB02,url:http://www.csa.com/partners/viewrecord.php%3Frequester%3Dgs%26collection%3DTRD%26recid%3D200111010684MT%26recid%3DA0032598AH,0
conf/vldb/WangYM97,t5wcMnkbsiUJ,1
conf/sigmod/WangJLY03,lmLjPf_m6jwJ,0
conf/vldb/ShethKMWDLPLS96,JyTArxFIMecJ,0
journals/tods/Bohm00,i5nEuutK3H4J,1
journals/tods/WolfsonJH97,1avO1fqtQ6QJ,0
conf/sigmod/Mohan99,1KfJB7z9aoUJ,0
conf/vldb/HaberIL95,UxvF-EIXbYYJ,0
journals/tods/GraefeC95,xTvQtb271lEJ,0
journals/sigmod/Dogac96,uUq2VeXlEa4J,0
journals/sigmod/KannanKIK03,AFVJsty6L_kJ,0
conf/vldb/TreschPL95,jQLxc4SjprkJ,0
journals/tods/Snodgrass01,w6Eo3OWl-1EJ,0
conf/vldb/Leymann01,eRh9hA637AMJ,1
journals/sigmod/Widom96a,cVVo6IeUE9MJ,0
conf/sigmod/DoanDH01,url:http://portal.acm.org/citation.cfm%3Fid%3D509252.509254,0
conf/vldb/RastogiS98,0BMuqiicbQsJ,0
journals/sigmod/JacobS99,xEfUG6Xv9iEJ,0
conf/vldb/KarayannidisTSPMRFEB02,FizgU-XmdXkJ,0
journals/vldb/AntoshenkovZ96,N8syKKPN6IoJ,1
conf/vldb/ChoG00,b7hu6cCHZFMJ,0
conf/vldb/EvangelidisLS95,sXa76m0wBGYJ,1
conf/vldb/FerrandinaMZ94,yQ2TMZ92GaIJ,1
journals/vldb/TorpJS00,74FA-cZ1oa4J,0
journals/sigmod/Manola98,YffnpRpb6xoJ,0
journals/sigmod/HalkidiBV02a,url:http://www.publish.csiro.au/%3Fact%3Dview_file%26file_id%3DCH9891345.pdf,0
conf/vldb/CarinoOBS99,nmEhI0tiWGAJ,0
conf/sigmod/Galindo-LegariaJ01,XJSdGKO2i28J,0
conf/sigmod/AdelbergGW97,tcTQNbXR29MJ,0
conf/sigmod/Faloutsos95,2-bOxd2r-VEJ,0
journals/tods/ShashaLSV95,5ObG2YpT6NkJ,0
conf/sigmod/ChenCPPSTM00,cu6ZHtownuMJ,0
conf/sigmod/JagadishJOT01,0conc5JGbvUJ,0
conf/vldb/BarjaPFWD94,qhl9_KGvjcUJ,1
journals/sigmod/Snodgrass98a,uGJ-5Y5LyUUJ,0
conf/sigmod/CrescenziMM02,Fw3I7N_5Mv4J,0
conf/sigmod/HanKK97,22MLYtR-mkcJ,0
conf/sigmod/LakshmananPZ03,F1aaWSFF8TcJ,1
conf/sigmod/WangSCRZP97,JX9loKZq_owJ,0
journals/tods/LitwinN96,l0W27c1C3NwJ,1
journals/vldb/Baumann94,url:http://ieeexplore.ieee.org/iel5/2193/3608/00129235.pdf%3Farnumber%3D129235,0
journals/sigmod/Ritter98,PT5n4PPdsmEJ,0
journals/sigmod/Qian96,J71GM5zkRoYJ,0
journals/vldb/KellerB96,XTnTJ3s9yr0J,1
journals/sigmod/RamamrithamSSTX96,V2aElxJINOMJ,0
journals/sigmod/Zhang95,FmKHpL60PJ8J,0
conf/vldb/MarianS03,R2a4OSFrt9QJ,0
journals/vldb/AbbadiSW01,kaoQUvY0oZYJ,0
conf/vldb/GuptaM96,KMiFsjvmlxwJ,0
conf/sigmod/ShenoyHSBBS00,ZJRIE5CMDZAJ,1
journals/sigmod/RossHKRRSS01,QwHi3DPKo_AJ,0
journals/vldb/RamakrishnanSSS94,rgA2DgNVPBUJ,1
conf/vldb/MorimotoFMTY98,d-inJBAeSwoJ,0
journals/sigmod/BohmR94,IbbmClHzwh8J,0
conf/vldb/DeRose99,-gf0sCQpEl8J,0
conf/sigmod/PapadopoulosM98,DscnVGbTwUMJ,0
conf/vldb/SrivastavaDJL96,Hs0P_0v5osYJ,0
conf/vldb/YuSLJ02,url:http://pubs.acs.org/cgi-bin/abstract.cgi/achre4/2005/38/i09/abs/ar040244e.html,0
journals/vldb/PacittiS00,ZmvL3_H6DqUJ,1
conf/sigmod/ChaudhuriGS03,KHD977giTEkJ,0
conf/sigmod/CookKWZ96,uvIQ0iYMSisJ,0
conf/vldb/LeeWMS02,HOJrFVvHfWQJ,0
conf/sigmod/KoudasS03,Gq-Pe6kwIcsJ,0
journals/sigmod/KokkotosIPS95,9tzxEUMOqrIJ,0
conf/vldb/SkubiszewskiV97,JpytfH81EQoJ,0
conf/vldb/StohrR01,QxU-bp6uCwMJ,0
conf/sigmod/GunopulosKTD00,QyeYWCUWKmUJ,0
conf/sigmod/HammerGNYBV97,pzPZuUoWej8J,1
journals/sigmod/Chamberlin03,s9hhR-EdDGgJ,0
conf/vldb/MedianoCD94,g0oeT1QWc9AJ,0
conf/sigmod/Agarwal96,url:http://portal.acm.org/citation.cfm%3Fid%3D171926.171984,0
conf/vldb/JosifovskiR99,HmrYdS0kn0MJ,0
conf/sigmod/WangSSZZW00,tABWQaFrI-YJ,0
conf/vldb/BenediktCFRZZ02,itFdlt39mL8J,0
conf/sigmod/Han96,pbRlODgODuIJ,0
conf/sigmod/CookWZ94,lV8GG70y2E8J,0
journals/vldb/ZezulaSAR98,dUyoEZHcDNQJ,0
conf/sigmod/KrishnamurthyBN99,nwiKwdvtrZAJ,0
journals/tods/StolboushkinT98,815zv6egv4YJ,0
conf/sigmod/BerensonBGMOO95,mmRkNawGf1AJ,0
conf/sigmod/Gerber95,E4QG34QxKK8J,0
conf/sigmod/UrhanFA98,B0-i4VtHbzEJ,0
conf/vldb/JiangWL03,s3bawcAka-EJ,1
conf/vldb/HelmerM97,bb5ZrPquzF0J,0
conf/sigmod/NybergBCGL94,isQok6Jxu2kJ,0
conf/vldb/GingrasL98,XKe1CxvXQ8gJ,0
conf/vldb/GoldmanSVG98,4qYPBQ1l07YJ,1
conf/vldb/CormodeKMS03,mtkDm03u8vgJ,0
journals/sigmod/RamamrithamS97,yEIHjCL5UykJ,0
journals/sigmod/Segev94b,MH8t7xVr5wAJ,0
conf/vldb/HellersteinNP95,iLRI5OqO94UJ,1
journals/sigmod/MarchiLPT03,9dgFU6XaLrwJ,1
journals/vldb/GeorgakopoulosRL94,G85JsnuAjzMJ,1
journals/sigmod/Fagin02,SnNDXQqQJokJ,0
conf/sigmod/BerensonBGMOO95,OQdoLHJoz88J,0
conf/sigmod/MerialdoAMMP00,LmIOyyA79j4J,0
journals/tods/FukudaMMT01,j55etJfmWdAJ,0
journals/vldb/Amer-YahiaCLS02,rifYfcmtPkMJ,0
journals/sigmod/Richey95,ZKaMIDjexYUJ,0
journals/sigmod/Roussopoulos98,v9R_g8WLWGAJ,0
journals/sigmod/DarwenD95,gW0ZEG2XnjwJ,0
conf/vldb/QianZXP03,yBAlHdW71WoJ,0
journals/sigmod/UlusoyB96,Q6FMTAJ1OoUJ,0
journals/sigmod/SnodgrassAABCDEGJKKKLLRSSS94a,biv7Nf9qwBYJ,1
conf/vldb/AgrawalCN00,I6wKiQczAocJ,0
conf/sigmod/WolfsonSXZC99,Vye8ZGnNq5MJ,0
conf/vldb/SeidlK97,5Ine3RRoUCcJ,1
conf/vldb/NatsevCSLV01,url:http://www.csa.com/partners/viewrecord.php%3Frequester%3Dgs%26collection%3DTRD%26recid%3DN9210519AH,0
journals/vldb/FerrariAABC02,url:http://portal.acm.org/citation.cfm%3Fid%3D984523.984525%26coll%3DGUIDE%26dl%3DACM%26idx%3DJ689%26part%3Dperiodical%26WantType%3Dperiodical%26title%3DACM%2520SIGMOD%2520Record%26CFID%3D11111111%26CFTOKEN%3D2222222,0
journals/sigmod/RiekertMW97,ZOUfWtEsewAJ,0
journals/sigmod/NestorovAM97,IXKf8Bx3K2IJ,0
conf/sigmod/LakshmananNHP99,bF9t6EpjL14J,0
conf/sigmod/PengC03,pjyLJQxtw8IJ,0
conf/vldb/Sacks-Davis96,aMk4gXnb8E4J,0
conf/vldb/HaasNSS95,x70Y3qaTL40J,1
conf/sigmod/ZhugeGHW95,KjM8fKqooDQJ,1
journals/sigmod/Eisenberg96,CQmJ-uIy6ooJ,0
journals/tods/CeriFPT95,e-eqlGNA4FgJ,0
journals/sigmod/SommerGB02,FyCozgfRi-gJ,0
conf/vldb/LiRS99,MJvvYH6aDQAJ,0
conf/vldb/TanSHCR01,DN_QW6lB0qUJ,0
conf/vldb/Dayal99,url:http://portal.acm.org/citation.cfm%3Fid%3D645925.671502,1
conf/sigmod/Al-KhalifaYJ03,v2lUuojatx0J,0
journals/tods/Chen95,NRjI1SPA-1UJ,0
journals/sigmod/Naughton00,_gfLJ9U6Td8J,0
conf/vldb/Orenstein98,VfWJDzGt9JYJ,1
journals/vldb/BalkirO98,MpQoXD39GXUJ,0
conf/vldb/Chakrabarti02,WpUNnO3FqeYJ,0
conf/sigmod/BabcockBDM03,RIDEvTXNpaAJ,1
journals/vldb/ShethTP03,OJId8EEtQRUJ,0
journals/sigmod/Seshadri98,XiP6RIfVyYsJ,0
journals/vldb/Cobb97,Hce10KL2Bj0J,0
conf/sigmod/ThaperGIK02,855tuDOhjl4J,1
conf/vldb/Wang95,hoR1Eyc3ISYJ,0
conf/sigmod/AdelbergGK95,W7zFY1EgYAEJ,0
conf/vldb/AshwinRSSS97,qofEFHm-0McJ,0
conf/vldb/AnSVKIG01,oTUtDBPRh7AJ,0
journals/sigmod/SlivinskasJS02,Pl51P9IXIzYJ,0
conf/sigmod/IoannidisL94,P547hLKkZpQJ,0
conf/vldb/KonigW99,fXNkNOzFBioJ,0
journals/sigmod/BerndtssonH96,url:http://portal.acm.org/ft_gateway.cfm%3Fid%3D381889%26type%3Dpdf%26dl%3DGUIDE%26dl%3DACM%26CFID%3D11111111%26CFTOKEN%3D2222222,1
conf/vldb/StaudtJ96,9XIMaNAO8YkJ,0
conf/vldb/JiangSLB00,2wRdgm_1ujwJ,0
journals/sigmod/DunhamH95,-hUVSdRv5UUJ,0
journals/vldb/AbiteboulCM98,rZcRXL6ueUMJ,1
conf/vldb/BrinkhoffK94,8yN8Mk6A9Z4J,0
conf/vldb/LlirbatST97,Dmqy1XrBD_cJ,0
conf/vldb/PossP03,WWaxLMIptTMJ,0
journals/sigmod/BiancheriPP01,GfetY7CUQHYJ,0
journals/vldb/NgS98,url:http://www.springerlink.com/index/85D6LYCWB48DWBKW.pdf,1
conf/vldb/SrikantA95,KIPDo6ym8BUJ,1
conf/vldb/CarinoJ98,4_1AqC84CSYJ,0
conf/sigmod/AdaliCPS96,WFZkrtCJO9kJ,0
conf/vldb/BernsteinPS99,DvXOlINW4YkJ,0
journals/tods/WolfsonJH97,url:http://portal.acm.org/ft_gateway.cfm%3Fid%3D1027626%26type%3Dpdf,0
conf/sigmod/DeutschFS99,fuitKuyY3l8J,1
conf/vldb/CuiW01,Zx61UACcDIgJ,0
journals/vldb/DoanMDDH03,HmE1BtE68dYJ,1
conf/sigmod/CranorJSS03,7fegm0jsd4IJ,0
conf/vldb/LiHKSPAC02,3m120p5MivMJ,0
journals/sigmod/Konig-RiesL97,-dkxzqjIiwIJ,0
conf/sigmod/BornhovdAKMPR03,EBWq0j3m3w0J,0
conf/vldb/ViglasNB03,ZOb31WhAjH8J,0
conf/vldb/Gibbons01,QmXDvF2q764J,0
journals/tods/ScioreSR94,fW9j2V5gnUMJ,1
conf/sigmod/Blakeley96,SGslVnyvdK4J,0
journals/sigmod/CeriKKLOSV00,iBBJqPz0n0EJ,0
journals/vldb/Ozsu03,xdEdQZwuZyEJ,0
conf/vldb/FlescaFM03,url:http://doi.wiley.com/10.1002/he.41,0
journals/sigmod/EnglertGH95,OS4_l9VMXxQJ,0
conf/sigmod/BerensonBGMOO95,-CQaLTpGJLQJ,1
journals/tods/LiuM96,Ml1rM9tQAtEJ,0
journals/sigmod/TomasicS97,MiboGHeAdggJ,0
journals/vldb/SakuraiYUK02,QYvH2uJ94toJ,0
journals/tods/Hellerstein98,MmEMmKrezaIJ,0
journals/sigmod/Bohlen95,WnwPjh0a0twJ,1
conf/sigmod/Team02,IZRv1IYbFgkJ,0
conf/vldb/VriesDBA99,hm6JO3Dd34sJ,0
conf/vldb/Sheth96,DpnxbFDsYs4J,0
journals/vldb/AbiteboulB95,_RMZmSBR_PUJ,1
journals/vldb/BernsteinIR03,MEQuU1E4vdoJ,0
journals/tods/GunopulosKMSTS03,9LUNd6TOCcQJ,0
conf/vldb/BeneventanoBCCGMMV00,h73uxQEBESwJ,1
conf/sigmod/SimmenSM96,wC6KksBlW5MJ,0
conf/vldb/DongHLPW01,eOTkoLDux4wJ,1
conf/vldb/Shenker03,dJvnLyNlwkIJ,0
conf/sigmod/YanMHF01,c3yObnVI65cJ,0
journals/vldb/IshakbeyogluO98,O9A-15rmzOsJ,1
conf/sigmod/RundensteinerCCSO00,2VDywjpBKAcJ,0
journals/sigmod/FreemanG96,amsyEwitCxMJ,0
conf/sigmod/HellersteinHW97,UosjxzLQgJQJ,0
conf/sigmod/HsuLG00,zVNlJbbb1G4J,0
conf/vldb/VeltriCV01,GhV9ZY35JcUJ,0
journals/sigmod/GerlhofKM96,2y9m1qzVu4EJ,0
journals/vldb/WidomS00,8baYnvD9OZAJ,0
journals/sigmod/BarbaraS97,fj25pC_2H5oJ,0
conf/vldb/MatiasVW00,qQ-snLbcFK0J,0
journals/sigmod/Cetintemel01,emIQ-rRAOuEJ,0
journals/sigmod/ArpinarD00,url:http://portal.acm.org/citation.cfm%3Fid%3D192593.197419,0
conf/sigmod/BrinDG95,6GTA5iEyRT4J,0
journals/vldb/CasatiSG01,0mYwKwkwviUJ,0
journals/sigmod/GobleR02,fXYgA5joel4J,0
journals/sigmod/BarbaraS97,PzHESRY84FQJ,0
journals/sigmod/SellisV95,Xw2rMILEJsYJ,0
conf/sigmod/TatarinovIHW01,05eNf0fxEwAJ,0
conf/sigmod/PengC03,XxMunDC-iLIJ,0
journals/vldb/StonebrakerALPSSSY96,eOCo0R63oRgJ,0
journals/sigmod/LeveneP02,Lg8yEjB8jmAJ,0
conf/sigmod/QunLO03,url:http://portal.acm.org/citation.cfm%3Fid%3D592196.592328%26dl%3Dportal%26dl%3DACM%26CFID%3D11111111%26CFTOKEN%3D2222222,0
journals/sigmod/SycaraKWL99,fD13INfrEFEJ,0
conf/vldb/ZengBNN01,3TivNLIErRkJ,1
journals/sigmod/SalgadoE03,ja_Rgosx8qIJ,0
conf/sigmod/JonssonFS98,Zr_ljdzuJPYJ,0
conf/vldb/AksoyZF01,fP9gGrUvOxgJ,0
conf/vldb/RothS97,DwwSuaisX5QJ,1
conf/sigmod/HanFHCC94,bJLqgUjkbNEJ,1
conf/vldb/Cabrera03,XqXtV_Zz7YAJ,0
journals/sigmod/Winslett03a,cJh4WzCY-1YJ,0
journals/sigmod/Winslett03a,vuNmAzuDx38J,0
conf/sigmod/LlirbatFS97,44h9mD16CycJ,0
journals/vldb/HarderST99,WvsHrLCXFXUJ,0
conf/vldb/BlokWZPAKJ01,noTo81QxmHQJ,0
conf/sigmod/GatziuGD95,VznwmyG2zH8J,0
conf/vldb/AgrawalCN00,qZCP3Igk6o0J,0
conf/sigmod/GrayHOS96,t2B4EAmKqnAJ,1
journals/sigmod/ChengP03,aKtOtj4CU3cJ,0
conf/vldb/ChaudhuriG99,q7-5lG_wIKkJ,0
conf/sigmod/ChaudhuriMN98,gpRA1qDpYF0J,0
conf/sigmod/GibbonsM98,91aBg-Agd0QJ,0
journals/sigmod/BunemanRU97,WagZTmNfVDsJ,0
conf/sigmod/LitwinS00,OfHCdCXN0S8J,1
conf/vldb/SeegerBBKSDS01,tsgQfUnm5dgJ,0
conf/sigmod/HernandezMHYHT01,VHUUDFMYiAYJ,0
conf/vldb/Baru96,A0_XgbCMxAQJ,0
journals/sigmod/MusickC99,UMfzjIX2sNgJ,0
conf/vldb/ChoenniV00,SEK0QkUwkjgJ,0
journals/sigmod/Darwen96,GJ_KdQwvGagJ,0
conf/sigmod/Jhingran00,AIwdGaol_goJ,0
conf/sigmod/IvesFFLW99,V4NASwqZ530J,1
conf/vldb/Johnson99,B3PwhNu8Y6IJ,1
journals/vldb/ChuaCL03,bdMijavFOc8J,0
conf/sigmod/ChangG99,10FYofnRROUJ,1
conf/sigmod/MohanN94,duO5gGyrMjYJ,0
conf/vldb/RoussopoulosK98,aCa2cIGq2mAJ,0
conf/sigmod/BreunigKKS01,K0WRdQaD0wsJ,0
conf/sigmod/GuptaHR97,4ivhNTbIE24J,0
conf/sigmod/MaddenSHR02,cSz1JL9NkrsJ,0
journals/sigmod/CherniakV03,o35sy6uQgokJ,0
journals/sigmod/Rosneblatt94,-olw3vTx--kJ,0
conf/sigmod/Doherty98,XtippERE4NQJ,0
journals/sigmod/YuenCLL00,JEgi6ihlrrsJ,0
conf/vldb/LeeL99,url:http://portal.acm.org/ft_gateway.cfm%3Fid%3D1101313%26type%3Dpdf,0
conf/sigmod/AggarwalY01,nXNF7GYYM2gJ,0
conf/sigmod/OlstonWL01,6ioboOxJvQIJ,0
conf/vldb/BouganimP02,knhLhpd5StMJ,0
journals/tods/Keen97,GPEkH-UohLYJ,0
journals/vldb/BarbaraI95,W6ROObWo3bIJ,0
conf/vldb/WangYM97,url:http://www.springerlink.com/index/H58452Q268H44281.pdf,0
journals/sigmod/Grefen02,iM00K8teHToJ,0
journals/sigmod/Abiteboul99,6aqTdMS3KlkJ,0
conf/sigmod/CareyK97,Ny4VEnhtkaAJ,0
conf/vldb/ManolescuFKXO00,R3hMzLKG_hMJ,0
conf/vldb/TaoPS02,3o-rUvRsdUwJ,0
conf/sigmod/LarsonG98,GelFwMLbHMgJ,0
conf/vldb/TeisseirePC94,VSm6-6HWi98J,0
journals/sigmod/RossFS02,HVDrh3iyPvgJ,0
conf/vldb/Mattos03,PUPZLOQFcpIJ,0
conf/sigmod/AtzeniT97,XaKiz5S-cqUJ,1
conf/sigmod/GrayHOS96,AXuK8qe2--QJ,0
conf/sigmod/RundensteinerCLCZNJLW99,ZcQYL0ADZycJ,0
journals/sigmod/Stirling03,cehAAlTq4s8J,0
conf/sigmod/RajagopalanML98,M2bWqRDDfkUJ,1
conf/sigmod/KimCK01,EYI-OULRIz8J,1
conf/vldb/IdrisGC94,b73xx0sNRA4J,0
conf/vldb/BelussiF95,7BDCL140Kx4J,1
journals/vldb/JagadishACLNPPSWWY02,zaDlTkyGASQJ,1
conf/vldb/GarofalakisG01,url:http://portal.acm.org/ft_gateway.cfm%3Fid%3D1101231%26type%3Dpdf,0
conf/vldb/Vingralek02,d7QPMJB3bMYJ,0
conf/sigmod/QuassW97,47O0keV7nZsJ,0
conf/vldb/KoudasMJ99,ACoK8hG2PswJ,0
conf/vldb/ChakrabartiDAR97,-2Ib1nqgXbcJ,1
conf/sigmod/BilirisFOP96,YXZ8kOo0wpEJ,0
conf/sigmod/BrinMS97,ZRNJiDrou-wJ,0
conf/vldb/SteinbrunnPMK95,zTb1yyz_0_0J,0
conf/vldb/CliftonFHKLS03,url:http://www.csa.com/partners/viewrecord.php%3Frequester%3Dgs%26collection%3DTRD%26recid%3D20021214039897MT%26recid%3DA7423788AH,0
conf/sigmod/Cotton02,WjBg8EJ4638J,0
conf/vldb/ChaudhuriG99,yniboichufIJ,1
journals/sigmod/LeeCL95,ddx2a5jVICIJ,0
journals/sigmod/BoulosO99,bcP8b1WUtoEJ,0
conf/vldb/CeriM03,t62L0ZgNK7oJ,0
journals/sigmod/WenLMZ03,-A1fHLLqqMoJ,0
conf/vldb/VassalosP97,9MlAuURfKhYJ,1
journals/sigmod/RosenthalS99,4j0CRFHjoQUJ,0
journals/tods/ZobelMR98,NOiamOrYSHkJ,0
conf/sigmod/LiCHH97,mNqvFihFg1AJ,1
conf/vldb/AdityaBCHNS02,siomqOfOT4EJ,0
journals/sigmod/RosenthalSMBTL95,HgnNz_pPbV8J,0
journals/vldb/BonifatiCP01,6TKMB5gO9EoJ,0
conf/sigmod/AbiteboulBCMM03,eD_8iTjRrMwJ,0
conf/vldb/MohanBWSZ00,zCY0pFken7wJ,1
conf/vldb/GoldmanW97,xK7GOJjKJzgJ,1
journals/sigmod/X94b,VAgav1ycM2kJ,0
conf/vldb/LakshmananPZ03,Fd6svwGX8jwJ,0
journals/sigmod/Konig-RiesMMPPRSVW02,q3STvfAaC1kJ,0
journals/sigmod/SonDT96,T5OwR8CgRNMJ,0
conf/sigmod/BarbaraI94,ZQwQSIPzxnEJ,0
conf/vldb/LeslieJBY95,k6GPQ9ztG6MJ,0
conf/sigmod/AgrawalES03,bkz0qLjEiToJ,0
journals/sigmod/RamirezSP94,iRpLtuSWMtgJ,0
conf/vldb/Uhl02,96zJTjt-kPAJ,0
conf/vldb/ZhouS03,NlDvk5J0WwEJ,1
conf/sigmod/DattaDRTV01,Gfnv_sV6OgsJ,0
journals/sigmod/MillerHHYHFP01,ZLKVnGTZxQUJ,0
journals/vldb/LinJF94,Jgw9Mch8GEsJ,0
conf/sigmod/GuptaS03,xW5kv5T_WTAJ,0
journals/sigmod/Ozsoyoglu00,cm4zkSYD4oUJ,0
journals/tods/StolboushkinT98,SMq1Qyc7ViUJ,0
journals/sigmod/GroskyFS94,W95Qb1iMH6gJ,0
conf/sigmod/BettiniWBJ95,c57d3rgd3IcJ,1
conf/sigmod/ChaudhuriN98a,Y-kXztd20YQJ,1
conf/sigmod/HuangSW94,vlkkxuGg6hkJ,0
conf/vldb/GarciaLL98,uuW9srtX7YMJ,0
journals/sigmod/Chang03,60ZSsaDOvkcJ,0
journals/sigmod/AdelbergKG96,0Acdlc-p_6kJ,0
conf/vldb/BasuFP00,Zvaz2Ew1xmsJ,0
conf/vldb/CareyKRLABFLOPQRSSUVWY01,_pAcjtd1nbEJ,1
conf/sigmod/CareyDNAGS97,OnIDF7rxIZUJ,0
conf/sigmod/GardarinMP95,jr97VH_TlLcJ,0
conf/vldb/BertinoBFS96,icq7-lEBur8J,0
conf/vldb/YangG01,gg7JP0-Rx1cJ,0
conf/sigmod/GraySSU03,LgJLCCC_OzkJ,0
conf/sigmod/GraySEBW94,SG9kpHg_arUJ,1
conf/vldb/BamfordAP99,lKzrNJFDho0J,0
conf/vldb/RisheYACLMVSV00,0WYMHga_bt4J,1
conf/sigmod/CruzALRZ97,4i6BEy0AWm0J,0
journals/tods/WinslettSQ94,lvZTVlP7s7oJ,1
conf/vldb/ShanmugasundaramKSFF01,9aRAMBk4o5IJ,0
conf/vldb/GravanoG97,yWnzay_AV44J,1
journals/sigmod/Lomet01,UxBG6ixeIRAJ,0
conf/vldb/LevySSZ94,MtScC-fTWCEJ,1
journals/sigmod/Finkelstein95,RZc_Txf36usJ,0
conf/sigmod/KeimK95,34xG3yx9iiwJ,1
conf/sigmod/HillyerS96,zonW-W8gJ3oJ,1
journals/sigmod/Liu01a,N7lCX2hmnogJ,0
journals/vldb/LometS97,9o9i5KxBGYQJ,0
conf/sigmod/WolfsonSXZC99,xyl1Fmq1E5YJ,0
conf/vldb/PereiraFLS00,url:http://portal.acm.org/ft_gateway.cfm%3Fid%3D1086286%26type%3Dpdf,0
conf/sigmod/Krishnamurthy03,UZip8fkL5WoJ,0
conf/vldb/KornSFSP96,xQU9GXs4k50J,1
conf/vldb/PardonA00,gj24G-g2htwJ,0
conf/vldb/LabioG96,Muh2aRCj6o8J,0
conf/vldb/SantiniG02,2mkaV7RXjl8J,0
conf/vldb/Koch03,byxMoLBFfWEJ,0
conf/sigmod/LiuPBHPT00,YpRVYVisg6YJ,0
conf/sigmod/Sheth95,eU-7sSXW5jEJ,1
conf/vldb/JonscherD94,PRwfAc5npdAJ,0
journals/vldb/LiangOY00,Ukm5ZvZKgIMJ,0
journals/vldb/MehtaD97,QuHzuTuabR0J,0
journals/sigmod/DoanPSB97,VFMThHP1z2IJ,0
conf/vldb/Mohan96,bLI5eWO9AAsJ,0
conf/sigmod/RadekeBBEKKN95,hqsdR_7Ern8J,0
conf/vldb/LuoNEW03,Om5xwaWc2NYJ,0
conf/vldb/KornMS02,ZvnDR3_DcxoJ,0
conf/vldb/Meier95,sHC_gaNJmS0J,0
conf/vldb/SeshadriLR97,ggV87TiwH04J,1
journals/vldb/EvangelidisS97,1j8wmvvLddcJ,0
conf/sigmod/AltinelABFSZ99,ShFgK7Iev-QJ,1
conf/vldb/LakshmananPH02,WXpDgBZ2i_UJ,0
conf/vldb/McKennaBHT96,0tZaTV3W05wJ,1
journals/tods/KossmannS00,XyQ6cXyNPN4J,1
journals/tods/ParsonsW00,Z5rWzHBxtEEJ,1
conf/sigmod/Jhingran00,uguuV9ATE1YJ,1
journals/sigmod/RossFLOSSVW00,zuZxTKQ34iEJ,0
journals/sigmod/PapianiWDN99,0t1fQcsyv-kJ,0
conf/sigmod/SzalayGKT00,4yvrgPBJUBYJ,1
conf/vldb/SantiniG02,wFz3Z1B79MkJ,0
conf/vldb/HeymannTKWRMF02,ux8y6EIQxd8J,0
journals/sigmod/SnodgrassAABCDEGJKKKLLRSSS94,EQw_tSWCxKMJ,0
conf/sigmod/ArasuG03,kfADlOEkwOkJ,1
conf/sigmod/BrunoKS02,USuAbBNDOyAJ,0
conf/sigmod/LlirbatFS97,SPk2eTADDWMJ,0
journals/sigmod/RosenthalHRS97,xxaqO_ipOg0J,0
journals/tods/Jimenez-PerisPAK03,url:http://links.jstor.org/sici%3Fsici%3D0146-4949(196423)5%253A3%253C222%253ATCOTSJ%253E2.0.CO%253B2-Z,0
conf/sigmod/SagonasSW94a,uAoWmK-jEGAJ,1
conf/vldb/BaulierBGJGKKMMNNRSS98,VQ41LtuXMrUJ,1
conf/vldb/Sacks-Davis96,2_Wpb_8EcZoJ,0
conf/vldb/KiesslingK02,3VHepuiTGHUJ,1
conf/vldb/ChandrasekaranF02,TkwiVhYOfYAJ,0
conf/sigmod/BunemanDHS96,ZTBiopwBpLgJ,1
conf/sigmod/NguyenS96,lEQ4uPFcizcJ,0
conf/vldb/HaasNSS95,hxmINi8RFQgJ,0
conf/sigmod/HinneburgKW02,voQWyBOpXPAJ,0
journals/vldb/AmielBDS96,3Bz_ZGhj0xkJ,0
conf/vldb/LamKR02,-953Ij-RwjcJ,0
conf/vldb/ChaudhuriN97,H_r325W8GXoJ,0
conf/vldb/RaghavanG01,aOIbz0QTtNAJ,0
journals/sigmod/BabuW01,KJ26gUP0PyIJ,1
conf/sigmod/HellersteinW02,mC4VCVw67PUJ,0
conf/sigmod/KarbhariRXD02,c1-iZBae_egJ,0
conf/vldb/ShengBDM02,xkLc0guJegsJ,0
conf/vldb/Ogawa96,ki5exXJIgPgJ,0
journals/tods/KossmannFDA00,TynoVHNJfB0J,0
conf/sigmod/WodtkeWWDM97,yChyZfgu2SwJ,0
conf/vldb/AlsabtiRS97,OQIYAqT2kQoJ,0
conf/vldb/Blecken00,url:http://www.csa.com/partners/viewrecord.php%3Frequester%3Dgs%26collection%3DTRD%26recid%3D7311331986MD%26recid%3D017310550113XAI,0
conf/sigmod/ChaudhuriN98,6-tZe7f-NJEJ,0
conf/vldb/MatiasVW00,s_ETi_2fp-oJ,0
journals/sigmod/EisenbergM02,Ub_85f4CEKMJ,0
conf/sigmod/CatarciS94,yaaZKZCP3soJ,1
conf/sigmod/MaheshwariL97,ZFIO1HfE5c0J,0
conf/vldb/HulgeriS03,KsY5cJPdeQoJ,0
conf/vldb/KeimH99,HFpT6NRDZr0J,0
journals/sigmod/Snodgrass00a,url:http://doi.wiley.com/10.1002/tl.91,0
conf/sigmod/Chakravarthy97,Pkuc-6_JVJIJ,0
conf/vldb/Jermaine03,JgktHv3ZRhwJ,0
journals/vldb/LiR99,MRUnBwZJBpsJ,0
conf/vldb/DiaoLCT00,e06AyG7LWuAJ,0
journals/sigmod/AshishK97,id1te58YJlUJ,0
journals/vldb/MihailaRT02,wozwtgRJaB8J,0
conf/vldb/WangYM97,w7aYR3jPtuAJ,0
conf/vldb/Vingralek02,url:http://portal.acm.org/citation.cfm%3Fid%3D117764.117771,0
journals/vldb/DeWittNSV96,liXAi94LYSIJ,0
conf/sigmod/BrinMUT97,VBB3teN9P6EJ,1
journals/tods/LakshmananLRS97,Qw4cKUJlOgIJ,0
conf/sigmod/ChenDLT00,zfx1q5_FOGkJ,0
conf/sigmod/SelfridgeSW96,OOlHRkxtoGwJ,0
conf/sigmod/Team95,X8YR9bw8RwAJ,0
conf/sigmod/AshleyFHLNP95,XzSqN32OqgMJ,0
journals/vldb/KraissW98,url:http://portal.acm.org/ft_gateway.cfm%3Fid%3D44208%26type%3Dpdf%26coll%3DGUIDE%26dl%3DGUIDE%26CFID%3D11111111%26CFTOKEN%3D2222222,0
conf/sigmod/VitterW99,1UFq52qqErUJ,1
conf/sigmod/LoR94,url:http://portal.acm.org/ft_gateway.cfm%3Fid%3D1065199%26type%3Dpdf,0
journals/vldb/ManegoldBK00,bPCHuDzkKY4J,1
conf/sigmod/RundensteinerKZWLLN99,QYvH2uJ94toJ,0
conf/sigmod/LivnyRBCDLMW97,pGi6Ex6gXwYJ,0
journals/vldb/ZezulaSAR98,jFU7CwD1LHQJ,0
conf/vldb/EleftheriouBCDHLPPABDDDGJHLRSVW03,P0eGT4SuI0gJ,0
conf/sigmod/AltinelLKMPLWB02,A1yw9jWpm8wJ,0
conf/sigmod/Spiro98,gMKqXuEjB_0J,0
conf/sigmod/RundensteinerCLCZNJLW99,SADcQZhMqgEJ,1
conf/sigmod/Fernandez94,lI_yxVw-IuAJ,0
journals/vldb/CandanLS00,EZAjm04QLiIJ,0
conf/vldb/AltinelBKMPR03,3zcS91_rBpAJ,0
journals/sigmod/Snodgrass03c,url:http://portal.acm.org/ft_gateway.cfm%3Fid%3D959062%26type%3Dpdf%26dl%3DGUIDE%26dl%3DACM%26CFID%3D11111111%26CFTOKEN%3D2222222,1
conf/sigmod/GarofalakisRRS99,d5BG9F7_LGMJ,0
conf/sigmod/GarofalakisRRS99,Iy_saDhcvLMJ,0
journals/sigmod/CaplinskasEV02,url:http://portal.acm.org/citation.cfm%3Fid%3D109080.109087,0
conf/vldb/DeWittKLPY94,gMaCSx8biAoJ,0
conf/vldb/AcharyaGP99,Kihg_nB0Z64J,0
journals/sigmod/Etzion99,vIzquNnYl-cJ,0
journals/tods/FraternaliT95,AH97X6QvKJ0J,1
journals/tods/BaralisCP96,CqG-CA9Kh3sJ,0
conf/sigmod/KrollW94,1PZgZISYTroJ,0
conf/sigmod/ChakrabartiDI98,qtVVVrzTLr4J,1
conf/sigmod/LakshmananPZ03a,JYXWn30Vhc4J,0
conf/sigmod/Carey94,uF93YOJqbcEJ,0
conf/sigmod/Arpaci-DusseauACHP97,6_FvrRYnxHYJ,1
conf/vldb/JagatheesanMPW03,d-z1iVzGxLUJ,0
conf/sigmod/BabcockBDM03,rnakKC_M9-kJ,1
conf/sigmod/Smith01,mA5QpPJ_BMEJ,0
conf/vldb/BliujuteJSS98,N2EwRaYHk7QJ,0
conf/vldb/ManegoldBK02,KB9ZbekVNzoJ,1
journals/sigmod/Rosenthal98,y8NnkjLnLsIJ,0
conf/sigmod/SimmenSM96,CcSbKP9gpuEJ,0
journals/sigmod/Aberer02c,url:http://portal.acm.org/ft_gateway.cfm%3Fid%3D1086271%26type%3Dpdf,0
conf/vldb/TanSHCR01,2cbB8em2uAIJ,0
conf/vldb/Vaskevitch95,s6Ax0WdZp6IJ,1
conf/vldb/LakshmananPH02,Df_av80Vas8J,0
conf/sigmod/HanWDPW02,iAR7iInUpykJ,0
conf/sigmod/MaheshwariL97,3IaFojiICIoJ,0
journals/tods/CliffordC94,wLG-N_iOaRIJ,1
conf/vldb/Kuhn03,mDBovmdncMQJ,0
conf/vldb/SeidlK97,Hwx0hynFyBkJ,0
conf/sigmod/BerensonBGMOO95,w9IzqrZAa74J,1
journals/sigmod/TaninBS96,GZDO12UwjdwJ,0
journals/sigmod/MusickM98,gt83e4uB09wJ,1
journals/vldb/CandanLS00,url:http://www.csa.com/partners/viewrecord.php%3Frequester%3Dgs%26collection%3DTRD%26recid%3D0739440CI%26recid%3D0739440EA,0
journals/vldb/WidomS00,ETIzBudbCuIJ,0
journals/sigmod/TheodoridisN00,cwFUMRFbTAwJ,0
conf/sigmod/Sheth95,bdLk5nUxhA4J,0
journals/vldb/StonebrakerALPSSSY96,ME0j9Dql4NkJ,0
conf/sigmod/GrayHOS96,pDjbDK0ZzsMJ,1
conf/vldb/OzdenGHNSDGGW01,MfetFJHgo6wJ,0
journals/sigmod/UlusoyB96,H_tzR6yoJLEJ,0
conf/sigmod/Blakeley94,O2vWQ-M022EJ,0
journals/vldb/BohmAnY97,xf-Xpo-WICsJ,0
conf/vldb/GarofalakisG02,GVc0_ASQhykJ,0
journals/tods/Jagadish95,oB-CWPkggH8J,0
conf/vldb/Deshpande00,W5UWWRAcTS0J,0
conf/vldb/BettiniJWW02,url:http://ieeexplore.ieee.org/xpl/abs_free.jsp%3FarNumber%3D994411,0
journals/sigmod/Liu01b,s73PZKYrvCYJ,0
journals/sigmod/KempsterST99,V6zZ3qeDxrEJ,0
journals/vldb/C95,c8X8ZYv7HeoJ,0
conf/sigmod/HanWDPW02,nwWpGh3Mx7MJ,1
conf/vldb/NinkHR99,url:http://portal.acm.org/ft_gateway.cfm%3Fid%3D1058154%26type%3Dpdf,0
journals/tods/GuoSW96,KoI8CRWkAYsJ,1
conf/sigmod/Ozsu99,v3SW9H6gSfkJ,0
conf/vldb/ChaudhuriG99,url:http://doi.wiley.com/10.1002/he.34.abs,0
conf/vldb/OzsuLON01,TJjvg-oIQQsJ,1
journals/sigmod/Loeffen94,gb-yIDOxaEkJ,1
journals/sigmod/Vianu03,Gc8p85hd_CkJ,0
conf/vldb/MalonM97,ogRpbFNQTSkJ,1
conf/vldb/KoudasS03,RcbTSCb_aCAJ,0
conf/sigmod/Grust02,FYfyf-SjQNIJ,1
journals/tods/Alagic99,szlqyCesMpgJ,0
conf/vldb/OuzzaniAB94,kZaX18AOqfQJ,1
conf/vldb/LeslieJBY95,hUoyTdstE7sJ,0
journals/vldb/AntoshenkovZ96,XkhGeQeWo48J,1
conf/sigmod/NgLHP98,rZg3gJlbTYIJ,0
conf/sigmod/GreenwaldK01,89l6j2Mbe2kJ,0
conf/sigmod/Miller98,qzVrSkgBsNMJ,0
conf/vldb/YanG95,9ZDr_zb4fNsJ,0
conf/vldb/SubietaKL95,p0Waj_7l2WYJ,0
conf/vldb/Campbell99,P8UoouwZkeMJ,0
conf/vldb/BlokWZPAKJ01,7-KYpwa4qEMJ,0
journals/sigmod/ACT-NET96,KEEXAw2iXH8J,0
conf/sigmod/YangM97,UiWvxN_y9SAJ,0
conf/vldb/RothOH99,kdxKq47tgowJ,0
conf/vldb/GehrkeRG98,wQHOEgcZCX8J,0
journals/sigmod/AdelbergKG96,t9rwX7-d8QcJ,0
conf/vldb/Bernstein94,D9_fgkvE9CoJ,0
conf/sigmod/ZhouWGGZWXYF03,mtSbKBLBXwQJ,0
conf/sigmod/LakshmananPZ03a,-BY6B21ln28J,0
journals/sigmod/VassiliadisS99,wpRhrCoJA8cJ,0
journals/sigmod/GrayG97,url:http://portal.acm.org/ft_gateway.cfm%3Fid%3D1101163%26type%3Dpdf,0
conf/vldb/HuntAI01,ub4fs3oNXxkJ,0
conf/vldb/OuzzaniAB94,AVcqL2lURnEJ,0
conf/sigmod/RiedewaldAA02,vGlTI41Zg6cJ,0
journals/sigmod/SmithO99,793tIMxuVZoJ,0
conf/sigmod/ChakrabartiDI98,8Z0jHKuy2J0J,0
conf/sigmod/ChooOLCGBPS96,cygLcfnLUqQJ,0
conf/vldb/LakshmananSS96,vLkj16dxBUgJ,0
journals/sigmod/GunopulosK01,f4WviFfTb_EJ,0
journals/vldb/BonczK99,6yvQx-yzKBYJ,0
conf/sigmod/HanPY00,LZAE3r3rxbsJ,0
journals/vldb/HansonCDERTX98,cNrDDxjv7mkJ,0
journals/vldb/WidomS00,url:http://portal.acm.org/ft_gateway.cfm%3Fid%3D1065211%26type%3Dpdf,0
journals/sigmod/BernsteinDK99,6jzHhhgEtMYJ,0
conf/vldb/JaedickeM99,l7KC1qG6OGEJ,0
conf/sigmod/GeneserethKD97,N_RfxNrZqpUJ,0
conf/vldb/DidriksenGD95,aU8MKDGl5QMJ,0
journals/sigmod/Snodgrass02b,xSKOmExpWy8J,0
conf/sigmod/CareyCNVDRSM99,-UqWk2nsrV4J,0
journals/sigmod/Jarke95,uDzR1J-FCdUJ,0
conf/sigmod/OoiTZGLLLNSWZ03,74PE75DkDzQJ,0
conf/sigmod/BohrerBBCFHKKMNRRSUUW97a,NiBdZXS0TCMJ,1
conf/vldb/Bernstein94,3FZY6ZfUqDoJ,0
journals/sigmod/Winslett03b,SggrbO99AJgJ,0
conf/vldb/LabioYCGW00,PsI2n6z5CBAJ,0
journals/sigmod/AshishK97,GiEo36f1syYJ,1
conf/vldb/CareyCNVDRSM99,uUQ4B-W6QJcJ,0
conf/vldb/DaynesC02,51jDHTpl3HUJ,0
journals/vldb/Cobb97,JrO_HZiJHaQJ,0
conf/vldb/Gentili01,gW_wUx0xWUoJ,0
conf/vldb/KnorrN98,mK6bmLwa2RgJ,0
conf/vldb/Gentili01,ADaUFAcFtMoJ,0
journals/vldb/Ozsu03,RRLtMwMOBe4J,0
conf/sigmod/KuhnTS94,XtippERE4NQJ,0
conf/vldb/TaoP02,url:http://www.ingentaconnect.com/content/bpl/area/2001/00000033/00000003/art00032,0
journals/vldb/GibsonKR00,3dSaz5YQ1XwJ,0
conf/sigmod/Hellerstein00,dKelS9Tp1MgJ,0
journals/vldb/BraumandlCKK00,JwJ2IeF5eIEJ,0
conf/vldb/Bernstein94,v_IxeUF_C-sJ,0
conf/sigmod/IoannidisLANT97,kDWGwVa8dykJ,1
conf/vldb/SeshadriLR96,ru3RJGNJFNkJ,0
conf/sigmod/ChangC01,BGagLieYacQJ,1
journals/vldb/PottingerH01,jwvbM7Wh4qsJ,0
conf/sigmod/SeidlK98,xhIs4JB8kJoJ,0
conf/vldb/AdityaBCHNS02,QBwwtvzP7UcJ,0
conf/sigmod/ColeG94,Lg8yEjB8jmAJ,1
conf/sigmod/LazaridisM01,IvMJ4bK708kJ,1
conf/vldb/ZhouLZLZJT01,24-7LbzHV28J,0
journals/vldb/FengYLH02,eCxegyTD3Q4J,0
conf/vldb/AndreiV01,BPOyGxoAd1gJ,0
journals/vldb/ShanmugasundaramSBCLPR01,QOf55i6m6bUJ,1
conf/vldb/FuC94,a-1xZK7jkHcJ,0
conf/vldb/MillerHH00,kfTc_TsqiP8J,1
journals/vldb/C94a,rICSj0ohX3YJ,0
conf/vldb/MeekPK03,Fe6BggeQbhwJ,0
conf/sigmod/ThomasDM95,TQ3GgAYstw0J,0
conf/vldb/KnorrN98,nn33DlRiX4kJ,0
conf/sigmod/Fegaras98,url:http://portal.acm.org/citation.cfm%3Fid%3D564691.564798%26dl%3DGUIDE%26dl%3DACM%26type%3Dseries%26idx%3D564691%26part%3DProceedings%26WantType%3DProceedings%26title%3DInternational%2520Conference%2520on%2520Management%2520of%2520Data%2520and%2520Symposium%2520on%2520Principles%2520of%2520Database%2520Systems%26CFID%3D11111111%26CFTOKEN%3D2222222,0
conf/sigmod/HammerGIPUW95,GK8ApDGfqz4J,0
conf/vldb/ManolescuFKXO00,wHGVkYYxHwMJ,0
journals/sigmod/NestorovAM97,mzkT1nTvUpYJ,0
journals/vldb/C94a,NpiJMh5DMsQJ,0
conf/sigmod/KanthAS98,E9MWD5nmNuQJ,0
conf/sigmod/ChenWZ98,url:http://portal.acm.org/ft_gateway.cfm%3Fid%3D1099684%26type%3Dpdf,0
conf/vldb/Hamilton99,_zPTedzhFhQJ,1
journals/sigmod/CaleroPR03,8XB9qGfnOGYJ,0
journals/vldb/LiangOY00,F-cfVgGRJD4J,0
conf/sigmod/Ramakrishnan00,Koo3549nY2kJ,0
conf/sigmod/BlottRS96,4aSEl4haaq4J,1
conf/sigmod/YangWYH02,8qW5iqUASeoJ,0
conf/vldb/GalanisWJD03,JvthmGX_uoQJ,1
conf/vldb/RothS97,eo2xdvfnpzsJ,1
journals/tods/KorthS94,eWVreKOw_QgJ,0
conf/vldb/LahiriSCMC01,yiijJQ-N6lUJ,0
conf/vldb/GalhardasFSSS01,nlOAkKW_ry8J,1
journals/sigmod/Snodgrass99a,pFf8Fr-LZCAJ,0
conf/sigmod/ChaudhuriMN98,WXRmc_EUmXoJ,0
conf/vldb/Moni96,vHmWsBwZWP0J,0
conf/vldb/SayalCDS02,0acvmJtaI8QJ,1
conf/sigmod/ChangBCLLS00,TL5mfdKmYeUJ,0
conf/sigmod/Ubell94,lphlTARDI9YJ,1
conf/vldb/HulgeriS03,6vpsXhO2lAcJ,0
journals/sigmod/Stirling03,_Eagia9CsTYJ,0
journals/tods/KonopnickiS98,CjfUi5GI-B4J,0
conf/vldb/SattlerGS03,8SMO1k1gabsJ,0
conf/vldb/AgrawalSX02,SNfcEzbO5Z8J,0
conf/vldb/CowleyP00,909hLNR8130J,0
journals/vldb/TsatalosSI96,url:http://www.ingentaconnect.com/search/expand%3Fpub%3Dinfobike://els/09505849/2004/00000046/00000002/art00113%26unc%3D,0
journals/sigmod/EisenbergM99,bclTh1vFOLgJ,0
conf/sigmod/PangCL94,9W14eoAE_egJ,0
conf/sigmod/Hammond99,Y3e-zYafQcIJ,0
conf/vldb/DoR02,bey6io4rYbgJ,1
journals/sigmod/EisenbergM98,x6RZk1zJFi8J,0
journals/tods/DattaVCK99,3BbftjVsIEIJ,1
journals/sigmod/NormanZT96,rPFgPOAANuQJ,1
conf/sigmod/BrunoC02,KAf2DUUVabIJ,1
conf/sigmod/BrinMUT97,77hnYp9ky9IJ,1
conf/vldb/SakuraiYKU01,LgEJIVwasPQJ,0
conf/sigmod/Sarawagi00,xQYKEHCggZQJ,0
journals/sigmod/LometBCLN98,gkF7dxs5NrQJ,0
journals/sigmod/Qian97,M_8zvbT1TsIJ,0
journals/sigmod/Winslett01a,isoGlC5uwesJ,0
conf/sigmod/ChawatheG97,O7Po9X_y-HkJ,0
journals/vldb/C95a,kL4JPdyjdakJ,0
journals/sigmod/Winslett02,n4eGxuG9z5YJ,0
conf/sigmod/CluetDSS98,i2rbviV_9VgJ,1
conf/vldb/AgrawalK02,qCvXLXmB6J8J,1
conf/vldb/Chawathe99,c5P1h7dHBVgJ,0
journals/sigmod/TomasicS97,ebDl-rUUejwJ,0
conf/vldb/HammadFAE03,Rjb06zlxbLIJ,0
conf/vldb/AgrawalSX01,5k-GwvznWRUJ,0
conf/sigmod/BargaL99,2Uz0ZliQHugJ,0
journals/sigmod/CarmelMS01,XrlacCNwhlcJ,0
conf/sigmod/SubramanianV98,skgcnG6QmnQJ,0
conf/vldb/SizovGT03,dV_lIIwxT-0J,0
journals/sigmod/KarlapalemLS95,B_m0Yp4aycUJ,1
conf/sigmod/SwamiS94,sKx1WjOLstMJ,0
conf/sigmod/Team95,irB2ANuz3OsJ,0
conf/vldb/Graefe99,m662aKGOVOAJ,0
conf/vldb/DesslochM97,eoxWL-adazAJ,0
conf/vldb/JagadishKMPSS98,CqN0lBzsmEoJ,0
conf/vldb/KemmeA00,i_6RwowAk_UJ,0
journals/tods/MumickFPR96,62kkD4OS98wJ,0
conf/vldb/NgC97,tor8dVx3htEJ,0
conf/sigmod/BaruFGHJPW95,MHxZ1bU2NwAJ,0
conf/sigmod/Whelan98,I_8zcU3xMDUJ,0
journals/sigmod/BergamaschiCV99,qAOzKQuUFqkJ,0
conf/vldb/PapadiasMD98,yoowUOcdnIsJ,0
journals/sigmod/GottlobKP03a,nlna-xElM08J,0
journals/sigmod/YauLMS99,qWXP6sgIeKsJ,0
conf/vldb/VeltriCV01,6967-52f39wJ,0
journals/tods/BunemanO96,63Kb3m95im8J,0
conf/vldb/RezendeH98,JyTArxFIMecJ,0
journals/sigmod/JaegerF95,oacFELqmw0cJ,1
conf/vldb/FuhDCMTLDRM99,nh2FuiC6fHgJ,1
journals/sigmod/GerlaX03,url:http://links.jstor.org/sici%3Fsici%3D0146-4949(196624%252F21)7%253A1%253C47%253AARL%253E2.0.CO%253B2-X,0
conf/vldb/FlorescuHKLRWCSA03,lyy5ylCE5WcJ,0
conf/vldb/WangYM97,sLIJb36X5skJ,0
journals/sigmod/BallMRZ02,ceZrqaJneWUJ,0
conf/sigmod/TatarinovVBSSZ02,Jk0wF8HRMmMJ,0
conf/sigmod/LahiriJJC98,0grYLT5ro14J,0
journals/sigmod/BoulosO99,MqC96sDnoRkJ,0
conf/vldb/BernsteinHJRW00,ytuegY0v2bAJ,0
conf/sigmod/AgrawalGGR98,5E5gcM0xPFAJ,1
journals/sigmod/HanBP01,euGotXgTTXMJ,0
conf/sigmod/ChangG99,BYkCvtDCxzcJ,1
conf/vldb/CareyK98,0Lf7CDIEAkoJ,0
journals/sigmod/NobleS95,xTZ0mdto31AJ,0
journals/sigmod/Liu02b,F7fj_uaOz8EJ,0
conf/vldb/Norvag99,dXhvSLqIBI0J,0
conf/vldb/ChenHWW02,KAgBi7YSFx8J,0
conf/sigmod/QunLO03,HzWFso5RC9MJ,0
conf/vldb/DeutschPT99,ROYIh4YrAyMJ,0
conf/sigmod/GebhardtJJ97,zbxsamf4QY8J,1
journals/vldb/C95b,url:http://www.springerlink.com/index/J267M1G774146066.pdf,1
journals/sigmod/SantucciT96,url:http://portal.acm.org/ft_gateway.cfm%3Fid%3D245898%26type%3Dpdf%26dl%3DGUIDE%26dl%3DACM%26CFID%3D11111111%26CFTOKEN%3D2222222,1
conf/vldb/ChirkovaHS01,6aAyds7-kz4J,0
conf/sigmod/KanthAS98,xdhgxBE3N14J,0
journals/sigmod/BohmR94,QoCDq85fGWAJ,0
conf/vldb/Wang95,kYYJq-JrCn0J,1
journals/sigmod/KimballS95,url:http://www.csa.com/partners/viewrecord.php%3Frequester%3Dgs%26collection%3DTRD%26recid%3DN9210498AH,0
journals/sigmod/Date03,u_KNLj37TMMJ,0
conf/sigmod/Jhingran00,3PG5WZfIThEJ,0
journals/sigmod/CampbellEM03,BqjSUdNelhAJ,0
conf/sigmod/BlottRS96,ZnbELiAcSJEJ,0
journals/sigmod/JainH94,XxpgDRqhAvIJ,0
conf/sigmod/AmbiteABKMMMPT98,L7XmLpQLXBIJ,1
conf/vldb/KumaranH03,r8fWKfXfbOEJ,0
conf/sigmod/BaruGLMPVC99,uKDRi3A_elgJ,0
conf/sigmod/HillyerS96,-I3tMtHlNj8J,0
journals/sigmod/Etzion99,url:http://doi.wiley.com/10.1002/anie.197809472,0
journals/sigmod/BurtonM98,71LQyij5s_IJ,0
journals/sigmod/JenningsNF98,dMoVPk_tGYIJ,0
conf/vldb/DingGS00,JxQZ0YrY-DAJ,1
journals/sigmod/NgH95,wDXYAAk4S88J,0
conf/sigmod/2003,ie9hhRD7fVQJ,0
conf/vldb/Huyn97,oIKHGixNFDkJ,0
conf/sigmod/AdyaGLM95,0ZQnv8tOzBwJ,0
conf/vldb/KoschBBHHLRT01,xvNBOkc3UkcJ,1
journals/sigmod/MeltonMJKS02,Y1jmdBib910J,0
conf/vldb/Sterling98,y78VZ7zE-WAJ,0
journals/sigmod/Bohlen95,OE9R26sjxoUJ,1
conf/vldb/CiliaHB02,qUnGBXSvjPsJ,0
conf/vldb/KumarKA97,WHKBAzUX-_sJ,0
journals/tods/JajodiaSSS01,_dv8BybBmXkJ,0
journals/vldb/HuangDT99,AbMTc3HBTfUJ,0
journals/sigmod/WinslettMY03,Sz6X2XHjpEgJ,0
journals/sigmod/Snodgrass02a,e1D-EQFeaPoJ,0
conf/sigmod/CareyDNAGS97,xc1E6MOfP80J,1
journals/vldb/HuangDT99,L3X_NyIlMgoJ,0
journals/vldb/PucheralBVB01,K9Qbh3haBCMJ,1
conf/vldb/BonczMK99,HGo-3LYtAooJ,0
journals/sigmod/Weikum02,url:http://portal.acm.org/citation.cfm%3Fid%3D601858.601867%26dl%3DGUIDE%26dl%3DACM%26idx%3DJ689%26part%3Dperiodical%26WantType%3Dperiodical%26title%3DACM%2520SIGMOD%2520Record%26CFID%3D11111111%26CFTOKEN%3D2222222,1
conf/sigmod/BerensonBGMOO95,CuNBKuE8AH4J,0
journals/sigmod/GottlobKP03a,k36Jn8oZqwAJ,0
conf/sigmod/DeshpandeNGS03,T_bv64VEorgJ,0
conf/vldb/CowleyP00,scg5F1reod0J,1
conf/sigmod/BouguettayaBH99,ISrK4x5_BsoJ,0
journals/vldb/GruserRZZ00,9-DhBe6t16IJ,0
journals/sigmod/Snodgrass94,dnkNb86izIQJ,0
conf/sigmod/Bonnet02,Pu1KpNrzYGUJ,0
conf/sigmod/SaltenisJLL00,cQ8MdSdzqgMJ,0
journals/tods/Meo00,huamIpv90_YJ,0
conf/vldb/AbiteboulMRVW98,J6O4Y0rWqCUJ,0
journals/sigmod/CoxEH96,pqzGz7zfpDgJ,1
conf/vldb/ChenL03,UCBbyE2Vo4YJ,0
journals/sigmod/FengJH01,-olw3vTx--kJ,0
conf/vldb/AltinelF00,cHK1gH97NBsJ,0
journals/sigmod/SantucciT96,fEql-lNCTxIJ,0
conf/sigmod/Hope95,_rSdhfEE2VsJ,0
conf/vldb/Slutz98,Ub8WpbDUaVoJ,0
conf/vldb/ChristodoulakisTZ97,QPczsSVhgdQJ,0
journals/vldb/NguSHL01,djYvVVRYNTwJ,1
conf/vldb/CarinoO98,kM--pAS4XcEJ,0
conf/vldb/BaralisPT97,tuGrmSkM_PkJ,1
conf/vldb/MengLLA03,uTsQsPkZiQQJ,0
journals/sigmod/Franklin97a,9oMu4chajN8J,0
conf/sigmod/Doherty98,1blbGQk5ZpUJ,0
conf/sigmod/BilirisDGJR94,01iwVR6RAU8J,0
journals/sigmod/PoessF00,hOMfgCI8ZLwJ,0
conf/sigmod/DattaDTVSR02,orxvLy4vVEQJ,1
journals/tods/CiacciaTZ96,GwXfa7A-hR0J,0
conf/sigmod/GarofalakisG02,mmXixqbpPtIJ,0
journals/tods/Snodgrass01,FtSI-9E9I30J,0
conf/vldb/BohlenSS96,U7Mx0347ZcAJ,0
conf/vldb/MengLLA03,_dOpWA3QWOEJ,1
conf/sigmod/BaulierBGGHJKKMMNNRSSSWW99,Tlo_sGzjNc4J,0
journals/sigmod/AshishK97,6EhkviH1onoJ,0
conf/vldb/RohmBSS02,3Hd5eHmgdpkJ,0
conf/vldb/AboulnagaAN01,PZ0maUdpmXsJ,0
conf/sigmod/WodtkeWWDM97,Pd6Wsv6Eu74J,0
conf/vldb/GrustKT03,Uja7HdSNpRsJ,0
conf/vldb/AgrawalPWZ95,LitNePng-ckJ,1
conf/sigmod/WattezCBFF00,6p65CIV_4PcJ,0
conf/vldb/JonscherD94,ejQ9kBpYmBoJ,0
conf/sigmod/CherniackZ98,f7mI_nlMDTYJ,0
journals/vldb/TorpJS00,6D0O8fs8hw8J,0
conf/sigmod/Kulkarni94,eN_4FTimCKYJ,1
conf/vldb/PoosalaI96,uS2p93Q_0YcJ,0
conf/vldb/Moerkotte98,xmtanKne2eUJ,0
journals/sigmod/HasselbringHHKRRS00,JW49QfQtuTMJ,1
conf/sigmod/DoRD99,Rviij1nqEcoJ,1
journals/sigmod/BernsteinDK99,url:http://doi.wiley.com/10.1002/ev.1346,0
conf/vldb/SchindlerAG03,hshhy8lzrR8J,0
conf/sigmod/QuassW97,NNlpQ65D5q8J,0
conf/vldb/AilamakiDHW99,-mTrpy_n8PYJ,1
conf/sigmod/FlorescuLMS99,SXa51YMUkbcJ,0
conf/sigmod/LehnerSPC00,UC5rxrJ0lo4J,0
conf/vldb/HardingLM03,_CDdVfjBwf0J,0
conf/sigmod/GibbsBT94,nRz5j_WLfCkJ,0
conf/vldb/LitwinNS94,Z6ueGJTG7MUJ,0
journals/tods/ChomickiTB01,EAfB7YYRHKoJ,0
conf/sigmod/DattaDRTV01,SsTgZELIO2sJ,0
journals/sigmod/KantM00,Xe5p8D_XCVgJ,0
conf/sigmod/MumickP94,BaMc29XZSvsJ,0
conf/sigmod/AshleyFHLNP95,DWDcHqDL-mEJ,0
conf/sigmod/PopaDST00,pZsYhBvSbYAJ,0
journals/sigmod/MeltonE02,d4zdxth2kU0J,0
conf/vldb/Novaretti01,url:http://adsabs.harvard.edu/abs/1978PhDT........22E,0
conf/vldb/WeikumMHZ02,iLxI15ZFSGEJ,0
conf/vldb/LaudBCSR02,4sRgCLIWKncJ,0
journals/sigmod/DemersGRTY03,QObLZuX-xBMJ,1
journals/sigmod/SnodgrassAABCDEGJKKKLLRSSS94,psdMY-oUz4cJ,1
conf/sigmod/ChooOLCGBPS96,O-TrhFwhKM8J,1
conf/sigmod/CasatiS01,0yqHcm6yB9IJ,0
conf/sigmod/DuSD95,YL1K_N6Jn-4J,0
journals/sigmod/CeriKKLOSV00,url:http://portal.acm.org/ft_gateway.cfm%3Fid%3D310062%26type%3Dpdf%26dl%3DGUIDE%26dl%3DACM%26CFID%3D11111111%26CFTOKEN%3D2222222,0
conf/sigmod/BaulierBGGHJKKMMNNRSSSWW99,lGyhpsPV6ogJ,0
conf/vldb/RoussopoulosK98,M9JZb1Nk0z0J,0
conf/sigmod/JagadishLS99,o22gaVHCrKgJ,0
journals/sigmod/SycaraKWL99,3ciCCTAAgTcJ,0
conf/vldb/BonczRK98,bI10LuV9QfEJ,0
conf/vldb/Mattos96,ZRmUC-fhmFEJ,0
journals/tods/YanG99,bA1WiqmSMBUJ,0
conf/vldb/DarFJST96,ipzy_yOCxbwJ,0
conf/vldb/MorimotoIM97,7Y47DSW0SEwJ,0
conf/sigmod/CranorJSS03,3il-2zDIFvYJ,0
conf/vldb/Adler01,ZSf3kn4Tec4J,0
journals/vldb/HuntAI02,1z3C1xrdkqIJ,0
journals/vldb/C95b,ke_rrumK1xQJ,0
conf/vldb/HuangJR97,i5mKqKyCsdUJ,0
journals/sigmod/Franklin99,XzjsFJIM0WUJ,0
conf/sigmod/Smith01,5wh3Y-mBqJQJ,1
conf/sigmod/FaloutsosSTT00,NBY-ujlJVwMJ,0
journals/tods/BrightHP94,bMAJsoZZdb0J,0
conf/sigmod/Hellerstein94,r4adn1YKOFIJ,1
journals/tods/BaralisW00,ik8bwtK-9GEJ,0
conf/vldb/Cuppens96,H21E4g1FfBoJ,0
conf/vldb/FankhauserGLMT98,jGFfS5lAyLQJ,1
journals/sigmod/EisenbergM98,WPHbE_W7e9oJ,0
conf/vldb/GionisIM99,a1_mvYBrjyAJ,1
journals/tods/FegarasM00,eCQjRu0EiagJ,1
conf/sigmod/RamanH02,TN_8Sj5Xq48J,0
conf/vldb/PanRAMOHAMV02,bHcsajFC-z0J,0
conf/sigmod/Team95b,6czAWapXkZYJ,0
conf/vldb/RamanRH99,hpGsDXcoDjIJ,0
journals/sigmod/Franklin99b,PhuNH5dwSAcJ,0
conf/sigmod/ChungMS02,YrHcYfNlU_kJ,0
conf/sigmod/CasatiS01,7H9j9z0x_3UJ,1
journals/tods/SrivastavaSRN95,jGCMIFrz3FYJ,0
conf/sigmod/BressanGFJHKLMPQSS97,SbtNhRSX0DMJ,0
journals/tods/DekhtyarRS01,5HstPUbtZ1QJ,1
conf/vldb/Ramanan03,0Cq_O6t3e7MJ,0
conf/vldb/DarFJST96,sRhjAJHtl-sJ,1
journals/sigmod/SnodgrassAABCDEGJKKKLLRSSS94,vUONDuuNNCQJ,1
conf/sigmod/LiuHBPT99,93o6TmYCL9IJ,0
journals/vldb/Cobb97,UfXjGlJlXrMJ,0
conf/sigmod/LuWYBLY02,b3J7jf7RuysJ,0
conf/sigmod/BonnetBCCCHKMMOSS99,AwNzNONJt7MJ,0
conf/vldb/AgrawalLSS95,WjD01QHCjvcJ,0
conf/sigmod/Blakeley96,xZxFCI120eUJ,1
conf/sigmod/HammerGNYBV97,ahrxo47nJtMJ,1
conf/vldb/CareyKRLABFLOPQRSSUVWY01,url:http://www.extenza-eps.com/WOI/doi/abs/10.5555/bilc.2005.1.St_Lucia.297,0
journals/vldb/BarbaraI95,UI4WYndJlyIJ,1
conf/vldb/GravanoG95,OdaRU442nm0J,0
journals/vldb/RamamurthyDS03,soARtk36AVIJ,0
conf/vldb/KonigW99,xefTVuozj1IJ,0
conf/vldb/IoannidisP99,lQ9CLs4TLMIJ,0
journals/sigmod/BurtonM98,url:http://ieeexplore.ieee.org/iel5/69/28407/01269663.pdf%3Farnumber%3D1269663,0
conf/sigmod/PolyzotisG02,z6ehgYebw1YJ,0
journals/tods/ChaudhuriS99,31oH64SXpRcJ,1
journals/sigmod/Hammer02,url:http://portal.acm.org/ft_gateway.cfm%3Fid%3D584455%26type%3Dpdf%26dl%3DGUIDE%26dl%3DACM%26CFID%3D11111111%26CFTOKEN%3D2222222,1
conf/vldb/YangLH03,GALTGYzGH4IJ,0
conf/vldb/KoudasS03,qfSBYwOYbcsJ,0
journals/sigmod/Qian95b,url:http://portal.acm.org/ft_gateway.cfm%3Fid%3D219772%26type%3Dpdf%26dl%3DGUIDE%26dl%3DACM%26CFID%3D11111111%26CFTOKEN%3D2222222,1
conf/vldb/SizovGT03,TY5wlujai9IJ,0
journals/sigmod/CheungF98,Kokzbx2riKwJ,0
journals/tods/DeyS96,EzTzZEUGJpwJ,0
conf/vldb/NishioSTTL01,G0ueWPjAgDYJ,0
conf/vldb/DarFJST96,gCbM07OEUhkJ,0
journals/tods/Chen95a,xLRbR3rkF1MJ,0
conf/vldb/LakshmiZ98,F3PUyQu1skYJ,0
conf/vldb/PottingerL00,nqjMbnjKfKAJ,0
conf/vldb/SrikantA95,rnfILQoQrBYJ,1
journals/tods/FukudaMMT01,ghJ6vaZTmvQJ,0
conf/sigmod/PaparizosACJLNPSWWY03,eGwQZInnLIsJ,0
conf/vldb/MorimotoIM97,hasxHS9swbYJ,0
conf/vldb/CatozziR01,x_mqIy3GCmAJ,1
journals/tods/BaralisCP96,zTDB5YOS6jIJ,0
journals/sigmod/Dogac96,WCzTNsqP5FUJ,0
conf/sigmod/DeutschFS99,twQNwr-jFmoJ,1
conf/sigmod/AgrawalGGR98,_LE5T2vKPUcJ,1
conf/vldb/ChawatheCY94,FDRkd5fn9ioJ,0
conf/sigmod/HellersteinA00,mg3Ywa-McfMJ,0
journals/sigmod/KlasS94,Hk8rg5WjLssJ,0
journals/sigmod/Widom96b,EEd_PQBWohwJ,0
journals/sigmod/KeetonPH98,3s3W9CUW46wJ,0
conf/vldb/PottingerB03,Q6pHDaV3sG4J,1
journals/sigmod/Snodgrass00b,y2FiOUe7xs8J,0
journals/sigmod/BernsteinDK99,ne7WhiSL9QYJ,1
conf/vldb/CarneyCZRCS03,MsITCEjzWWAJ,0
conf/sigmod/ZaharioudakisC97,8ZBIYWy6Hg4J,0
conf/sigmod/BouguettayaBH99,rXQqQqtAEioJ,0
conf/sigmod/LlirbatFS97,hJiwQ2CQRBkJ,1
conf/sigmod/BouguettayaBH99,wD5Mjtt634wJ,0
journals/vldb/DoanMDDH03,mIThiEBAAHwJ,0
conf/vldb/KaushikBNS02,NXy82hiTR9QJ,0
conf/sigmod/ShouCTRH01,mkEuwJ0LAq8J,0
conf/vldb/MurthyB03,W3l3pQ62_YMJ,0
journals/sigmod/Huyn01,KNYDz76C_HsJ,1
conf/vldb/ShatdalKN94,Gk8ARVPGPhYJ,0
journals/vldb/HjaltasonS02,gTjF13diW4kJ,0
conf/vldb/BrownS95,ROrrqFOnFrsJ,0
journals/vldb/AbadiCCCCLSTZ03,8Pf7s6IEx4wJ,0
conf/vldb/GalhardasFSSS01,XtFcz806WQEJ,1
journals/sigmod/KannanKIK03,Urteaexg15EJ,0
journals/sigmod/Qian95,JXBZ3PMAP-YJ,0
conf/vldb/BaralisPT97,NJNbo5nhHFYJ,0
conf/sigmod/HristidisKP01,WXzUNMRqOr4J,0
journals/sigmod/Date03,TkekH9zWdW0J,0
conf/sigmod/BarclaySG00,9T5o3L5dCZQJ,0
conf/vldb/WangYM97,xW3AafG2xKgJ,1
conf/vldb/OhuraTPK02,dU8DrlyId0sJ,0
conf/vldb/GrumbachRS00,uB3kUn7pTsoJ,0
conf/vldb/LingLL00,2ZbRCjgAG_kJ,0
conf/vldb/ChirkovaHS01,x-QdTszm6l4J,0
conf/sigmod/ChenGK01,IZfxeBHcUHgJ,0
conf/sigmod/ChenR94,CeQCT0Dqc08J,0
conf/sigmod/BuchmannDZH95,cmK8RMJ8DvMJ,0
conf/sigmod/LuMSS95,v4Z62fgFjk8J,0
journals/sigmod/SalgadoE03,uecPMcj6YD8J,0
journals/sigmod/BonnetBDL03,epSpSfaKdL4J,0
conf/vldb/BrownG01,lHS20twyYZAJ,0
journals/sigmod/Aberer01,fbb0FlWp7msJ,0
conf/sigmod/Shivakumar03,C0MztcewNe0J,0
conf/sigmod/AbiteboulCM95,LBysb5DHGSMJ,0
journals/vldb/OzsuC98,rfaun_UMpfQJ,0
conf/sigmod/DasuJMS02,zTF5z0v_nh0J,1
journals/sigmod/ZobelMR96,_es1TWAliJYJ,0
journals/sigmod/X94a,NlavkcGIC2IJ,0
conf/vldb/MuntzR94,k2q5ybtGnlIJ,0
conf/sigmod/GriffinL95,NTrKw_XMQLkJ,0
journals/tods/BertinoBFS98,3nLn2ONotNYJ,0
journals/vldb/KrivokapicKG99,ySvR6VO3Xq4J,0
journals/sigmod/Hoffner03,Qv7KYn9x-SQJ,0
conf/sigmod/Tajima96,ohbpsLp-5XwJ,0
journals/sigmod/Wiegand03,WsM47ZORdJEJ,0
conf/vldb/ChaudhuriGS95,4vG81bi8_IsJ,0
conf/vldb/KnorrN98,ebvQpXWJZt0J,0
conf/sigmod/WangCMSSZ94,a6IS-I8F9xUJ,0
conf/vldb/SrikantA95,DLymXxpy2qYJ,1
conf/sigmod/RaoBG96,1adtXXPxsagJ,0
journals/sigmod/BestavrosLS96,hp6UkFxUZJkJ,0
conf/vldb/SteenhagenABB94,Z3GUdeVh_4sJ,1
journals/tods/OliverS94,VsE27pSKkXcJ,0
conf/vldb/KoudasS03,7vWRkE6WeBkJ,0
journals/vldb/WidomS00,aGMmhP3i75cJ,0
conf/vldb/ChirkovaHS01,NdmocXlpq9QJ,1
journals/vldb/BeckerGOSW96,jbenmH3akjwJ,0
conf/vldb/CochranePM96,XU8gYz78ackJ,0
conf/sigmod/ChaudhuriMN98,eJRGBSZwMS8J,0
conf/sigmod/BumbulisB02,YNrAjcj-tIIJ,0
journals/vldb/MehtaD97,LcHJ0U9zNMMJ,0
journals/sigmod/Aberer03d,zWpjZ2Ta2bsJ,0
conf/sigmod/Faloutsos95,2yrC2_wMaJoJ,0
conf/vldb/JagadishKNS99,i_Y_iwhLIN8J,0
conf/sigmod/AgrawalS00,2-Zagy7soT4J,0
conf/sigmod/KanthRSB99,bsBq3yNv_MEJ,0
conf/sigmod/QuassW97,RFd0c3lXk1AJ,1
conf/vldb/AboulnagaAN01,zpRsXJJrUvEJ,0
conf/vldb/Gupta96,s0oAsKPYzEwJ,0
conf/vldb/RothS97,4zhibciR4QoJ,1
conf/sigmod/DogacAEOADAOS94,T6IWqfFIGy0J,0
journals/sigmod/Aberer01a,Ljj1bn1S15sJ,0
conf/vldb/DuttaDMRT00,76oGsap87-YJ,0
conf/vldb/Dayal99,bhaU6AXALeoJ,0
conf/sigmod/BaulierBGGHJKKMMNNRSSSWW99,sjaApeGAy9gJ,0
conf/sigmod/OriaOILY00,jPX6hLF1gFcJ,0
conf/sigmod/AgichteinGV01,R-rXe3JrgFkJ,0
conf/sigmod/OoiTZGLLLNSWZ03,71IfTUGyuhsJ,0
conf/vldb/Mina98,6T7KyM71UOcJ,0
journals/sigmod/BarbaraBFLS94,4v14-G1tUAQJ,0
journals/tods/ZaharioudakisCF97,vnlZllnefJYJ,0
journals/vldb/DoanMDDH03,vzKiDzUEQmQJ,0
journals/tods/SchuldtABS02,gT0ietFXq2gJ,0
conf/vldb/ZellerK02,gJ4sEJ0x8b4J,0
journals/sigmod/WolfsonSDNR95,uuvhH2asKmEJ,0
conf/vldb/MiloZ98,hvdME1Egw6AJ,0
journals/vldb/ScheuermannWZ98,yL9jfbtWxKIJ,0
conf/vldb/IlyasAE02,pRxbsPTVgAAJ,0
journals/tods/ChenHM95,pO6SFdVGt5QJ,1
conf/sigmod/NguyenS96,ezfhNeaoxbQJ,0
journals/sigmod/FengJH01,Eeou3sNJ6tcJ,0
journals/sigmod/Gal99,E681MybAgn0J,0
conf/sigmod/WangWYY02,url:http://portal.acm.org/ft_gateway.cfm%3Fid%3D1086233%26type%3Dpdf,0
conf/sigmod/Agarwal96,ALk7huiKjWAJ,1
conf/vldb/ChangG00,UijKTiAG2WkJ,0
conf/sigmod/GangulyGMS96,PQbi3PaRh84J,0
conf/vldb/YuSLJ02,Pdhfb0V9jM8J,1
conf/sigmod/CranorGJSS02,qIKrqifB9y8J,0
conf/sigmod/ChaudhuriD97,lhERpZrvV64J,0
journals/sigmod/Stirling03,-zcXkmCqXLAJ,0
conf/sigmod/GreenwaldK01,kqfgC1JkHU4J,0
conf/vldb/NiermanJ02,xg1P6roCjbgJ,0
journals/sigmod/HansonN99,MRfEjJe2PzoJ,0
conf/sigmod/Ross00,url:http://portal.acm.org/ft_gateway.cfm%3Fid%3D1027600%26type%3Dpdf,0
conf/vldb/Shaw98,sZZVwXivu-kJ,1
conf/sigmod/Greer99,url:http://portal.acm.org/ft_gateway.cfm%3Fid%3D336587%26type%3Dpdf%26dl%3DGUIDE%26dl%3DACM%26CFID%3D11111111%26CFTOKEN%3D2222222,0
conf/sigmod/ShuklaD00,Vvw-YIpQ6ZcJ,0
conf/sigmod/ZhugeGHW95,lGImVUYqErMJ,0
conf/sigmod/Levine95,url:http://portal.acm.org/ft_gateway.cfm%3Fid%3D223878%26type%3Dpdf%26dl%3DGUIDE%26dl%3DACM%26CFID%3D11111111%26CFTOKEN%3D2222222,1
conf/vldb/WangZL99,NtJYKDwWNcMJ,0
conf/vldb/ConradGJM02,MVK5WsDengUJ,0
conf/vldb/Schoning03,dwEmq61yedkJ,0
journals/sigmod/WinslettMY03,jMGNEm3RJnUJ,0
journals/sigmod/RossNO03,KpJ2nAgzE6oJ,0
journals/sigmod/RossAKSSY00,M-3MGd3wPcsJ,0
conf/sigmod/SengarH03,h2w6bNbjTQYJ,0
conf/sigmod/ColeG94,rfYWjdXi7uQJ,0
journals/sigmod/Hanna95,0JQpHhxWlxoJ,0
conf/vldb/WangZL99,url:http://portal.acm.org/ft_gateway.cfm%3Fid%3D1061324%26type%3Dpdf,0
conf/vldb/GarofalakisRS99,w2yOl1N3m_wJ,0
conf/sigmod/DarR94,wK1kqfXd60gJ,0
conf/sigmod/ShenoyHSBBS00,rIqIRaIVpMMJ,0
conf/sigmod/IoannidisP95,bv21uJEzUwAJ,1
journals/sigmod/Snodgrass00a,jxtNOOQURvIJ,0
conf/sigmod/ChenZCKR01,RHoy5iOHsJwJ,1
conf/vldb/ManegoldBK00,ceftCT1LvvEJ,0
conf/vldb/LudasaherGM00,ChB8yWGc5SUJ,0
conf/vldb/JiangWL03,AaKiSc1klw8J,0
conf/sigmod/SaltenisJLL00,IhGTfd5ygQUJ,0
conf/vldb/GyssensL97,CfujBHjOpPAJ,1
conf/sigmod/HarinarayanRU96,ofxLw3VrJB8J,1
conf/sigmod/AnkerstBKS99,hEemQ37_mPcJ,1
conf/vldb/LahiriSCMC01,MbzMAsLHlfEJ,1
journals/vldb/ScheuermannWZ98,ZMS0_R5uVnwJ,0
conf/sigmod/AggarwalY00,OV5GSHDaYNMJ,1
journals/vldb/DerrMP94,-Dz0EBfHMTAJ,0
conf/sigmod/BerchtoldBK98,YhrUaW49hfsJ,0
journals/sigmod/Gallagher94,059Bmo-rvCcJ,0
conf/sigmod/GravanoGT94,sk7DIwcSZrwJ,1
journals/tods/ShashaLSV95,HG9Z7Wf5ZIgJ,0
conf/sigmod/Seshadri99,cQYMcaJ2yKAJ,0
conf/sigmod/GarofalakisGRSS00,f9JfEpe5a24J,0
conf/vldb/CareyD96,uKGmcc4xUG4J,0
journals/sigmod/RoantreeS02,yt7ARSTjaY0J,0
conf/sigmod/NgLHP98,OVsyr37zZxkJ,1
conf/sigmod/AcharyaFZ97,AcRJ85u9Nt4J,0
conf/vldb/JagadishLS99,3J3BP68BMLIJ,0
conf/sigmod/YerneniLGU99,oMO4Z94rIngJ,0
journals/tods/LakshmananLN03,g8e0xiRUkIwJ,1
conf/vldb/YanG95,DAUHADa6RjQJ,0
journals/sigmod/RoantreeS02,apWDiZ_ccQEJ,0
conf/sigmod/Shasha97,u5CbIAzhONkJ,0
conf/sigmod/BargaL99,url:http://www.rsc.org/ej/CC/2003/b209724a.pdf,0
journals/sigmod/JajodiaBBKMSW97,m0oIipPiZD0J,0
conf/sigmod/GarofalakisI96,url:http://www.springerlink.com/index/RL754360P552T76L.pdf,0
conf/sigmod/CasatiS01,NSg0fe72YZMJ,0
journals/sigmod/TsotrasJS98,KcM90hZYOM4J,0
conf/vldb/Schnase00,OK6Z9UZQIOIJ,0
journals/tods/FraternaliT95,nwlLTp3RRWEJ,0
journals/sigmod/Wade96,fyR1xRt4W1kJ,0
conf/sigmod/BunemanM95,ap62mlaVeugJ,0
conf/vldb/SkubiszewskiV97,PW6NoDiVVlUJ,0
journals/tods/LiuM96,moMP8RcSDhgJ,1
journals/tods/Ng01,2hR8JeWpQKAJ,0
conf/sigmod/KornackerMH97,LEwjvFVyy98J,0
journals/sigmod/ONeilG95,onoNCSnvv3YJ,0
journals/vldb/IoannidisNSS97,if5vzPT-qIAJ,1
conf/sigmod/VitterW99,X6yWsGmUZAwJ,0
conf/vldb/FuhDCMTLDRM99,MNshA_mErrUJ,0
journals/sigmod/OrlandicLS02,qegvGp8SWyMJ,0
conf/sigmod/ZaharioudakisC97,U0o8vPY7L4kJ,1
journals/vldb/AgrawalHK03,Gw13PXoFi7UJ,0
conf/sigmod/GillmannWSWW00,jI8kwAeBv0QJ,0
conf/vldb/SrivastavaDJL96,twkTuOF00H4J,0
conf/sigmod/AgrawalK03,eAqBtZn5JuoJ,0
conf/sigmod/RamanH02,Oh2u3cZ3zJ0J,1
conf/vldb/GoodmanRS94,vYF8ANUBCCMJ,0
conf/vldb/CochranePM96,ia19bpfEToEJ,0
conf/vldb/BaralisW94,SuUbXXfRBgcJ,0
conf/vldb/VassalosP97,5lAuk2wflccJ,0
conf/vldb/VeltriCV01,PwOtA-_k0VgJ,0
conf/sigmod/MassariPSC95,VefrIRnp95EJ,0
conf/vldb/KornSFSP96,XRtCyfosWhMJ,1
conf/sigmod/Galindo-LegariaJ01,Ls3mn3GSAcwJ,0
conf/sigmod/CookKWZ96,5MTgNlhnyTgJ,1
conf/sigmod/BerchtoldBBKK97,z-njHrU_EaYJ,0
conf/sigmod/GrayHOS96,iKmQWoUYl-0J,1
conf/vldb/GibsonKR98,W5dU8MF_iT0J,0
journals/sigmod/Snodgrass00,c4OCkxv7qF8J,0
conf/vldb/GilbertKMS02,00aH6TbN60UJ,0
conf/vldb/BaumannFRW97,4PlfIGTOvMAJ,0
journals/sigmod/GerlaX03,url:http://portal.acm.org/citation.cfm%3Fid%3D16894%26dl%3DGUIDE%26dl%3DGUIDE%26type%3Dproceeding%26idx%3D16894%26part%3DProceedings%26WantType%3DProceedings%26title%3DInternational%2520Conference%2520on%2520Management%2520of%2520Data%2520and%2520Symposium%2520on%2520Principles%2520of%2520Database%2520Systems%26CFID%3D11111111%26CFTOKEN%3D2222222,0
journals/sigmod/TheodoridisN00,ZykQ-d9IeP0J,0
journals/sigmod/Qian96,mVtZJzMpPKYJ,0
conf/sigmod/DeolaseeKPRS01,sNcXC7S0xCIJ,0
conf/sigmod/LiefkeS00,vnc0Ml_3BFsJ,1
conf/vldb/DillKMRST01,url:http://www.csa.com/partners/viewrecord.php%3Frequester%3Dgs%26collection%3DTRD%26recid%3DN9210548AH,0
journals/vldb/JagadishACLNPPSWWY02,lURUgKLK9kAJ,1
conf/sigmod/LometT03,50MmeMGPCrAJ,0
journals/tods/BozkayaO99,url:http://doi.wiley.com/10.1002/ev.1464,0
conf/vldb/GardarinST96,RB2VKRwnXywJ,1
conf/sigmod/SaltenisJLL00,Klh7nU-G4-IJ,1
conf/vldb/WitkowskiBBFGSS03,url:http://www.ingentaconnect.com/search/expand%3Fpub%3Dinfobike://els/08830355/2001/00000035/00000004/art00037%26unc%3D,0
conf/sigmod/TsurUACMNR98,url:http://portal.acm.org/ft_gateway.cfm%3Fid%3D1086235%26type%3Dpdf,0
conf/vldb/AdiBEY00,W2UXiwB8On8J,1
conf/sigmod/Ahn94,eub0smLOPOIJ,0
conf/vldb/MiningGroup96,RsY2U5MjMMsJ,0
conf/sigmod/AbadiCCCCEGHMRSSTXYZ03,iV_lGY0dxBgJ,0
conf/vldb/ZellerK02,UIWreKZndVQJ,1
conf/sigmod/AdaliCPS96,url:http://links.jstor.org/sici%3Fsici%3D0146-4949(196321%252F22)4%253A2%253C216%253AJ%2522AW%2522A%253E2.0.CO%253B2-0,0
conf/sigmod/KeimK95,6-5RlUz4rLAJ,0
conf/sigmod/HillyerS96,RI8Q4CbdOOIJ,0
conf/vldb/JagadishLS99,BzSaoY8sV1IJ,0
journals/sigmod/Snodgrass01,0MuKhgC3MGUJ,0
journals/sigmod/Snodgrass03b,F8CXWrRYc-EJ,0
conf/sigmod/MoleskyR95,t2c9uQ9Z9SEJ,0
conf/sigmod/SimmenSM96,9QOCoTIXz9kJ,0
conf/vldb/BertinoBFS96,aHxXoPEaK_AJ,0
conf/vldb/Orenstein98,pJ6RYfffFg8J,0
conf/vldb/Orenstein98,url:http://adsabs.harvard.edu/abs/1978PhDT.........7F,0
journals/sigmod/Liu02b,CyzIFxmvc1cJ,0
journals/sigmod/Aberer03a,UTY3UMaHgkEJ,0
journals/sigmod/Rosneblatt94,TU0on5OQw3MJ,0
conf/vldb/HaasKWY97,yIRQRtTEzSAJ,1
conf/vldb/HelmerWM98,hAuEDElSa2MJ,0
conf/sigmod/Grust02,-3LAxRNpDJIJ,1
journals/vldb/C94,raHw2OrbEUIJ,0
journals/sigmod/Gal99,2LT6II012_MJ,0
journals/vldb/Sciore94,url:http://www.csa.com/partners/viewrecord.php%3Frequester%3Dgs%26collection%3DTRD%26recid%3D20021214040858MT%26recid%3DA7340040AH,0
conf/vldb/KornSFSP96,7zVBbUC9apYJ,0
conf/vldb/Adler01,2kT-4UEdh5MJ,0
conf/sigmod/StoltePAG03,xVAkKwImwUQJ,0
conf/vldb/KahveciS01,cRcH80h76hsJ,0
journals/sigmod/ShanmugasundaramSKKVNT01,url:http://doi.wiley.com/10.1002/tl.177,0
conf/sigmod/Ubell94,url:http://doi.wiley.com/10.1002/he.71,0
conf/sigmod/ShenNSHS03,uEbdEtnaCXMJ,0
conf/sigmod/RamaswamyRS00,VJIHPbki2uAJ,1
journals/vldb/MaedcheMS03,qKJ1c8D-95wJ,1
conf/vldb/HaasKU99,XUoOmnwXaAcJ,0
conf/sigmod/LabioYG99,VHUUDFMYiAYJ,0
conf/vldb/HasanM95,CChF39NPe1MJ,0
conf/vldb/RamaswamyMS98,tYNrEGYyyRYJ,0
conf/vldb/GaasterlandL94,7GpYSr7yaWAJ,0
journals/vldb/PoulovassilisS96,RPIjOZY1n9gJ,0
journals/sigmod/AlonsoCIM95,5DOJvkb8764J,0
journals/vldb/C94b,q6FtaNqq1NQJ,0
journals/sigmod/Geller02,TAYEQU1FFz8J,0
conf/vldb/Hamilton99,2f99_9w6qPkJ,0
conf/vldb/HvasshovdTBH95,2fSbGuewZWkJ,0
conf/sigmod/YuMWL01,X3pjISS_wtcJ,1
journals/sigmod/Barbara01,FAT2lzKnoIAJ,0
conf/vldb/Chawathe99,2xQ04ZnKC0gJ,0
conf/vldb/KangC02,-B63Sv4uuEEJ,0
journals/tods/WolfsonJH97,LJSH1W-QDn8J,0
conf/sigmod/ZhugeGHW95,U-mOyJdYzqIJ,1
conf/sigmod/BouguettayaBH99,m0OqSjY8xJYJ,0
conf/sigmod/HillyerS96,rBK2dybvZFAJ,0
conf/sigmod/BuchmannDZH95,G0o9cOcxmAIJ,0
journals/tods/Wijsen99,_D3JPE9NgNgJ,1
journals/sigmod/Date03,y4ZZN4xhKnUJ,1
conf/vldb/MurthyB03,Tb42MTqkMHkJ,0
journals/vldb/ZezulaSAR98,6EozLV0zxIQJ,0
journals/sigmod/TatarinovIMHSDDKMM03,N5Q44RmuVNUJ,0
journals/tods/LakshmananLN03,BN0oA3zd5KcJ,0
conf/vldb/JaedickeM99,XR50nxmrvFcJ,1
conf/vldb/DuttaDMRT00,EQr8PmcgO2IJ,0
conf/sigmod/SistlaW95,gLjn4f4f63wJ,1
conf/vldb/Mina98,4PwVUJuZEQsJ,0
journals/sigmod/KramerNKRLKLZ97,W6T8UnS2cFUJ,0
journals/tods/AmmannJR97,3Sofq_1edbcJ,0
conf/vldb/SayalCDS02,umxzKfKQVvAJ,0
journals/tods/AikenHW95,url:http://portal.acm.org/ft_gateway.cfm%3Fid%3D319775%26type%3Dpdf%26coll%3DGUIDE%26dl%3DACM%26CFID%3D11111111%26CFTOKEN%3D2222222,0
conf/vldb/AndreiV01,YKy8Tz43mzMJ,0
conf/sigmod/ChristophidesCM96,P4ILr9sHz5EJ,0
conf/vldb/RahmM95,Av7A_KWbfxoJ,0
conf/vldb/KarayannidisTSPMRFEB02,w64ouFtJJq4J,0
conf/sigmod/PoosalaIHS96,lMlFez_Iq2gJ,1
conf/vldb/HelalL00,Sou9aNw0XkQJ,0
journals/sigmod/Kumar03,VuNnpxJwvQkJ,1
journals/vldb/BenzakenD95,EX3RDgkDSQwJ,0
conf/sigmod/DogacHKOONDMAKE96,UAO4T_2ylPkJ,1
journals/sigmod/BerndtssonH96,7FW8csRGQnUJ,0
conf/sigmod/EmbleyJN99,Ov5Ymv_HQg8J,0
conf/vldb/LevyMS94,0ZnUXU2tdAcJ,0
journals/sigmod/BurtonM98,gCsPS_1fwmYJ,1
conf/vldb/HageJPST03,HoHveok9bJUJ,0
journals/sigmod/AilamakiFFSV03,FJgqsdBgCX0J,0
conf/sigmod/Fernandez94,PmrthJYk66cJ,1
journals/sigmod/MotroA03,VTMLXfkNIdwJ,0
conf/sigmod/GillmannWW02,ajH-Xfd0ZxsJ,0
journals/sigmod/JensenCEGHJ94,yK4VALoQjlgJ,1
conf/sigmod/FegarasM95,LSWVPfB8TC4J,1
journals/vldb/CatarciSC97,8cN5yOLUcfUJ,0
conf/vldb/LitwinNS94,VSm6-6HWi98J,0
conf/vldb/RosenthalS94,-5RW5BfLfy8J,0
conf/sigmod/MinPC03,X2sk3f5h6JEJ,0
conf/sigmod/AcharyaGPR99a,czJmrc_4tZ4J,1
conf/vldb/ShengBDM02,6GxdJ4jZUokJ,1
conf/vldb/MankuM02,sEwpr2jGK1sJ,0
conf/vldb/Nori02,XFb0sU7DvK0J,0
journals/sigmod/PapazoglouH99,si5p_fn5e0AJ,0
journals/vldb/RahmB01,nXi88wdaXIkJ,1
conf/vldb/X00a,HlP8_Dr7NLAJ,0
conf/sigmod/Shasha97,Zscbc2KAtegJ,0
conf/vldb/HuntAI01,0GT_dHqK5roJ,1
journals/vldb/BraumandlKKKKSS01,dURGvGhlWbsJ,1
conf/sigmod/ChangBCLLS00,VcD2EDNjrS4J,0
conf/vldb/Bowker00,BwhpWmBnOVwJ,0
conf/vldb/AcharyaFZ96,WaB2f5pCG1EJ,0
journals/sigmod/Wu02,R_asJ_ENMMcJ,0
journals/sigmod/ACT-NET96,b9ey7z1gs2IJ,0
journals/sigmod/McClatcheyV97,R3P9r0AQxjsJ,0
journals/vldb/TurkerG01,9Wz6aQykkUoJ,0
journals/sigmod/ShethMKA01,Gl3SbYUXecAJ,0
conf/sigmod/ZhouWGGZWXYF03,0NRhtYiek9EJ,0
journals/sigmod/Chaudhri98,p51bfIlb1-QJ,0
conf/sigmod/KalnisP01,dgDmYPKnencJ,0
journals/tods/BaekgaardM95,cSH0yhDfziQJ,0
conf/vldb/HaasB03,52x78w6qgcwJ,1
conf/sigmod/LiuPTBBZBHY98,YJeF9MXktnoJ,0
conf/sigmod/FreedmanD95,neuE3-ULQh4J,0
journals/tods/DekhtyarRS01,rQM-oB4Eqh4J,0
journals/sigmod/BilirisP96,8lw-VwbrvxAJ,0
journals/sigmod/BernsteinDK99,url:http://doi.wiley.com/10.1002/he.64,0
conf/vldb/MorimotoIM97,UGFFHqZrAFsJ,0
journals/sigmod/FreemanG96,mFYtlJu__iMJ,0
conf/sigmod/UrhanFA98,9c4ZL1iLjIIJ,0
conf/vldb/MiklauS03,V2aWRnrN244J,0
journals/tods/Snodgrass01,YERfAnxw2RcJ,0
conf/sigmod/ZhangNBB94,jO1plGb5m2UJ,0
conf/sigmod/BerensonBGMOO95,-lYgZoLNtioJ,1
journals/sigmod/EnglertGH95,Nb-E5IXv5HcJ,0
journals/vldb/DattaDVRN01,icK75z3VuGIJ,1
conf/sigmod/ChaudhuriN98,99oqRZGWAYMJ,1
conf/sigmod/Hammond99,VtouCC6j9LIJ,0
journals/vldb/KellerB96,url:http://www.csa.com/partners/viewrecord.php%3Frequester%3Dgs%26collection%3DTRD%26recid%3DN9210401AH,0
journals/sigmod/LeeC00,9rbkZGL9yQwJ,0
conf/vldb/BettiniJWW02,MgrUKM0Tn1wJ,0
conf/vldb/OConnellWG01,url:http://portal.acm.org/citation.cfm%3Fid%3D645927.672185,1
journals/sigmod/HalkidiBV02,2W1eXG_hpTMJ,0
conf/vldb/GantiLR00,ns1XMePzZXwJ,0
conf/sigmod/BrinDG95,url:http://portal.acm.org/ft_gateway.cfm%3Fid%3D1086276%26type%3Dpdf,0
conf/vldb/MadhavanBR01,c88mqxuwxrYJ,0
conf/sigmod/FernandezMS01,MqNpXatMDnAJ,0
conf/vldb/Sripada02,08hpWyqMTqAJ,0
conf/sigmod/FaloutsosRM94,NqewK_dmRawJ,1
conf/sigmod/ZaianeHLCC98,kJxgpsjSLggJ,0
conf/vldb/BlottK02,url:http://doi.ieeecomputersociety.org/10.1109/TKDE.2004.63,0
conf/vldb/CareyCNVDRSM99,JpMllVmmnkAJ,1
conf/sigmod/HernandezS95,OOCG6ppo_tcJ,0
conf/vldb/LeeWMS02,BXWdUXDVj1sJ,0
journals/sigmod/KannanKIK03,Asi-zTpzZysJ,0
conf/vldb/AgrawalS94,_OkLd2dxvv4J,0
conf/sigmod/Gerber95,AgPGgkek7wAJ,0
conf/vldb/Brodie00,xr-03hdwCPgJ,0
conf/vldb/AbiteboulAAACHHMMMMSTV99,h94AfjFSxOAJ,0
journals/vldb/NanopoulosM02,PrkSaK7aAFYJ,0
conf/vldb/SeegerBBKSDS01,qfD_kxYt-dsJ,0
journals/vldb/HalkidiNVV03,mXsyk3UdXqYJ,0
conf/sigmod/Gal00,3ocxqlS2jgQJ,0
conf/sigmod/GarofalakisRRS99,-BqvaGP47GUJ,0
conf/sigmod/MoleskyR95,u03oQbB0y-oJ,1
journals/tods/TaoP03,gUlI0f071mcJ,0
journals/vldb/SheikholeslamiCZ00,laR_TyhtfCIJ,0
conf/vldb/MadhavanBR01,suT0gxDlS_IJ,0
conf/vldb/CeriM03,hFPNVe44A04J,1
conf/sigmod/DeHaanTCO03,DYc6X34Z2ykJ,0
conf/vldb/GutierrezPST94,0jjlzyj_NlQJ,0
conf/vldb/KounevB02,KWGdGnY0djMJ,0
journals/sigmod/DongS00,c_OjBgD2lhUJ,0
conf/vldb/AnanthakrishnaCG02,ztOkGEA-AFsJ,0
conf/sigmod/Rajaraman99,url:http://www.csa.com/partners/viewrecord.php%3Frequester%3Dgs%26collection%3DTRD%26recid%3D0791278CI,0
journals/vldb/ShanmugasundaramSBCLPR01,_bdp5T8SSuoJ,1
conf/sigmod/AgrawalGGR98,2_wSKkY-OyEJ,0
conf/sigmod/ArasuBBDIRW03,3HttWcaA4_gJ,0
journals/vldb/NanopoulosM02,BonTWCLUI3oJ,0
conf/vldb/YagoubFIV00,qQb2-TuiALoJ,0
conf/sigmod/DeligiannakisR03,zMgbS5u_GwYJ,1
conf/sigmod/BerchtoldBK98,hk2lzbke6hQJ,0
conf/vldb/Bar-YossefBCFW00,kmHSap6GSfgJ,0
conf/sigmod/Kramer97,syfsRKKBctcJ,0
conf/vldb/RosenthalS94,NFUWsBXtCncJ,1
conf/vldb/Dayal99,url:http://portal.acm.org/citation.cfm%3Fid%3D902519,0
conf/sigmod/ChenCPPSTM00,G_vKTsC4EaAJ,1
conf/vldb/Huyn97,kdeKnSxWNLoJ,0
journals/tods/ChomickiTB01,qZppq83SJEYJ,0
journals/tods/BaralisW00,ezSEPSWNoWEJ,0
conf/vldb/LeeL96,Hx83yPONAkkJ,0
journals/sigmod/Cruz00,C_L-XexXwQ0J,0
conf/sigmod/Fegaras98,UjcuBBQi2FcJ,0
conf/vldb/WangYM97,hcYKj7CHbWYJ,1
conf/sigmod/Team02,vTBg9v9n1M0J,0
conf/sigmod/CareyFZ94,EN1nFWJxnoIJ,1
conf/sigmod/2000,WN20amCWUNwJ,0
conf/sigmod/ChenGMV02,uXuZ2c6ZJoAJ,0
journals/sigmod/SonDT96,gDq8627jb-wJ,0
conf/sigmod/MatiasVW98,fEkoAxFl1hoJ,0
conf/sigmod/HellersteinN96,vfKkt9bkahQJ,0
journals/tods/KotidisR01,04utamFvle4J,1
conf/vldb/KalusD95,_5RMtZAShbsJ,0
journals/vldb/HjaltasonS02,Z24x2fvsNQgJ,1
conf/sigmod/ZhangZPTL03,YPTKaBptS0oJ,0
journals/sigmod/UlusoyB96,k0gkwPfgKOsJ,0
conf/sigmod/KeoghCMP01,QTzuiNlMnR4J,1
conf/sigmod/Gerber95,Dr-RPqt3POUJ,0
conf/vldb/TsoisS03,HVCQ2SUwI7oJ,0
conf/sigmod/MohanN94,F6Pk9t_0szcJ,0
conf/sigmod/BohmA96,hFwCoX_vcS0J,0
conf/sigmod/YangWYH02,OR9s94onWRMJ,0
conf/sigmod/GravanoCGP97,hs8rOlHD4K4J,1
conf/vldb/Uhl02,X1Ok9YnFCI8J,0
conf/vldb/GarofalakisG01,uWytjtIpOuIJ,0
conf/sigmod/GeneserethKD97,fDBQLf-PdAcJ,0
conf/vldb/ChoN02,4tTQJrG4pn8J,1
conf/sigmod/Agarwal96,Ca-BABwlsQAJ,1
conf/sigmod/Mohan94,eEgZjs33xm8J,0
conf/vldb/Keogh02,rKIsQpbRiM0J,1
conf/vldb/Mohan02,g8_XXbzky6kJ,0
conf/vldb/BerckenS01,fhbW320LsusJ,1
conf/sigmod/ShuklaD00,tjt1DDhGngUJ,0
conf/vldb/LakshmananSS96,AVyGNVp-ENcJ,1
conf/vldb/MaedaT01,SRHvoUtqyH0J,0
conf/sigmod/DasuJMS02,sD-_Q3RgSr4J,0
journals/sigmod/ChangASS98,VyYX5h5NDEUJ,0
conf/sigmod/LibkinMW96,url:http://www.ingentaconnect.com/search/expand%3Fpub%3Dinfobike://els/13891286/1999/00000031/00000007/art00292%26unc%3D,0
conf/vldb/KonopnickiS95,fAZ2KwztkLoJ,1
conf/vldb/ChaudhuriS96,Cy14N5F1UPsJ,0
journals/sigmod/Winslett01,F-v-VG2RBQoJ,0
conf/sigmod/GuhaRS98,ILDKDWTgNHwJ,0
conf/sigmod/BilirisP94,apixiIJ84l8J,0
journals/vldb/AguileraCMVV02,4OUQOD2i52sJ,1
conf/sigmod/RiedelFGN00,ospJVA6AD1sJ,1
journals/sigmod/KimballS95,E6Z68tQL1BsJ,1
conf/sigmod/ONeilQ97,6twtfqrudGcJ,1
conf/sigmod/Rodriguez-Martinez00,kZGBGT2imlcJ,0
journals/sigmod/LightstoneLZ02,DFWdpeJlLcIJ,0
conf/vldb/Banerjee00,aT9tMSi18uwJ,0
conf/sigmod/Mylopoulos98,X5N075lVgBMJ,0
conf/sigmod/HanWDPW02,wEmfmxzc-JYJ,0
conf/sigmod/BrinkhoffKSS94,IINRwK8hovkJ,1
journals/sigmod/AilamakiFFSV03,TdCenJ0mmR4J,0
conf/vldb/CowleyP00,1fl5Hay2408J,0
journals/sigmod/RamDD99,url:http://portal.acm.org/ft_gateway.cfm%3Fid%3D507366%26type%3Dpdf%26dl%3DGUIDE%26dl%3DACM%26CFID%3D11111111%26CFTOKEN%3D2222222,0
journals/sigmod/Grohe02,Zr1oPHmXCa4J,0
conf/vldb/ShashaB02,8Pf7s6IEx4wJ,0
journals/tods/Chen95a,J5qeFDG3MWIJ,0
conf/sigmod/ZhangNBB94,qOgXuRc7f4QJ,1
conf/vldb/WildfogelY97,3kHL6RxBtiYJ,0
journals/sigmod/YeungHL94,Z8DGZCWs1koJ,0
conf/vldb/SteinbrunnPMK95,EPtaqugcCyMJ,1
conf/vldb/Ganguly98,t3JTOHn8PpgJ,0
conf/vldb/RamsakMFZEB00,u2T3MhgoWJQJ,0
conf/vldb/ArgePRSV98,KFJTxb-Xmn0J,0
journals/vldb/AnGSVKI02,G2kL-P2LbAEJ,0
journals/sigmod/RossFLOSSVW00,yKY2Uwa0CWQJ,0
conf/vldb/ChaudhuriGN03,Ey3pduKiWNoJ,0
journals/sigmod/Aberer02,jSnE39oatjoJ,0
journals/sigmod/Stonebraker94,ff7sTIvMfyYJ,0
conf/sigmod/FaloutsosRM94,s-BT0x6h2qUJ,1
conf/sigmod/FlorescuLMS99,yZImriWA4woJ,0
journals/vldb/ApersCS02,pJieySlsIgEJ,0
journals/sigmod/NascimentoM99,imbCO80aEKUJ,0
conf/sigmod/LometW98,VGyOaKo9oesJ,0
journals/sigmod/ChakravarthyAEFO03,url:http://portal.acm.org/citation.cfm%3Fid%3D641006,1
journals/sigmod/David03,url:http://links.jstor.org/sici%3Fsici%3D0146-4949(196721)8%253A2%253C310%253ASBONW%253E2.0.CO%253B2-E,0
conf/vldb/Chawathe99,bUKQBIcy88gJ,0
journals/sigmod/MotroA03,RF8nVHjl4PsJ,0
journals/sigmod/CeriKKLOSV00,oNAfiIzsGMgJ,0
conf/vldb/DarEGP98,url:http://adsabs.harvard.edu/abs/1990mit..reptQ....H,0
journals/sigmod/CatarciC96,IWEa-GPfwXEJ,0
journals/sigmod/EisenbergM02,8CkWEgz6GMsJ,0
journals/sigmod/GlavitschSW94,hWplbG_c0LEJ,1
journals/vldb/HaasCLS97,dm6djwOTR1wJ,0
conf/vldb/ChaudhuriGS95,77Sb5mlyASgJ,1
journals/vldb/Guting94,url:http://portal.acm.org/ft_gateway.cfm%3Fid%3D1083697%26type%3Dpdf,0
conf/vldb/AggarwalHWY03,szlqyCesMpgJ,1
journals/sigmod/Snodgrass99,XkhGeQeWo48J,0
journals/vldb/MylopoulosCPST96,F5liQDe9lB8J,1
journals/sigmod/Snodgrass03a,95cbQhqA4X8J,0
journals/sigmod/ChenHKPW94,LnNr-PBVJLYJ,0
conf/sigmod/DreyerDS95,gO1Ib3YFlFoJ,0
conf/vldb/ArionBCDMP03,CzpCERFYBikJ,1
conf/sigmod/PeiMHZ00,d2C287WVoMUJ,0
journals/vldb/DattaDVRN01,q0Ovw6QUk3MJ,1
journals/sigmod/DomenigD99,14cgU3tAHtgJ,0
journals/sigmod/ConradEHRSSSV97,SBnqbyQF3SoJ,1
journals/vldb/LeeSC01,W6ROObWo3bIJ,0
conf/vldb/SeligmanBNSW95,T6a86CQCuHoJ,1
journals/sigmod/KeetonPH98,6MtRlhEClPEJ,1
conf/sigmod/MamoulisP99,hIPphzH_dxYJ,0
conf/vldb/BaulierBGJGKKMMNNRSS98,v8PaKd-M2-AJ,0
conf/sigmod/PolyzotisG02,B842Mqt_XFIJ,0
journals/vldb/CliftonGB95,vimpO534Ux4J,0
conf/vldb/GarofalakisOS97,url:http://www.csa.com/partners/viewrecord.php%3Frequester%3Dgs%26collection%3DTRD%26recid%3DN9210579AH,0
journals/sigmod/HanBP01,2kiNfwTpqp4J,0
conf/sigmod/LiuPTBBZBHY98,3tRtdT5VfDkJ,1
conf/vldb/TianD03,EoCAdA6C-VcJ,0
conf/vldb/BohannonGKNS02,0RjiGtBOeP8J,0
journals/vldb/AguileraCMVV02,AYQiLKcG_O8J,0
conf/vldb/McKennaBHT96,mH3NT_XDOnIJ,0
conf/vldb/GolabO03,tizOtMF2Wp4J,0
conf/vldb/DattaDTVRF01,UDSTduZiL7QJ,0
journals/sigmod/Libkin99a,A4CC2fGmamwJ,0
conf/sigmod/HoAMS97,rUNHnYf8TtEJ,1
journals/sigmod/Qian95b,EUj67_3E0D0J,0
conf/sigmod/BarclaySG00,zGRQ_2im_9MJ,0
journals/vldb/AbiteboulB95,64Hy_aniAVsJ,0
conf/vldb/WangSG03,url:http://adsabs.harvard.edu/abs/1976InfPh..16...55K,0
conf/sigmod/Hidber99,Rn-E82gM1RQJ,1
conf/vldb/ShashaB02,url:http://portal.acm.org/citation.cfm%3Fid%3D564691.564798%26dl%3DGUIDE%26dl%3DACM%26type%3Dseries%26idx%3D564691%26part%3DProceedings%26WantType%3DProceedings%26title%3DInternational%2520Conference%2520on%2520Management%2520of%2520Data%2520and%2520Symposium%2520on%2520Principles%2520of%2520Database%2520Systems%26CFID%3D11111111%26CFTOKEN%3D2222222,1
conf/sigmod/DavulcuFKR99,TJB2I4YYDgkJ,0
conf/sigmod/AgrawalCD02,WJLry4D5LAUJ,0
conf/sigmod/AggarwalY00,LHP3s0uyn6IJ,0
conf/sigmod/HaasH99,bsfsN1NtuOMJ,1
conf/vldb/SantiniG02,zNGRA4qOAJEJ,0
conf/sigmod/ViglasN02,4QupwyuXHi8J,1
conf/vldb/SeshadriLR97,WdkrytGr3BgJ,0
conf/vldb/SetzerZ94,2KW1InF4FC0J,0
conf/vldb/BouganimFV96,mUuOkTviLAEJ,0
conf/vldb/YiF00,4i6BEy0AWm0J,0
conf/vldb/CochinwalaB94,x9bmOZxOlE8J,0
journals/vldb/AslanM99,iGJ2j3ezwNIJ,0
conf/vldb/HvasshovdTBH95,H30OMYJZh-8J,0
conf/sigmod/DarEGP98,2-RRMXD1MhsJ,0
conf/vldb/AbrolLMMMRTWZ01,m5WfOISagboJ,0
conf/vldb/Wang95,qJvA3wpASUgJ,0
conf/sigmod/ChoiC02,aNPWBY6QQGEJ,0
conf/vldb/HellersteinNP95,C3JluL-pSioJ,0
conf/sigmod/RaoR00,FbdzTuWXGr8J,0
conf/sigmod/ZhangNBB94,IxaZhRRdWX4J,0
conf/sigmod/FabretJLPRS01,url:http://www.csa.com/partners/viewrecord.php%3Frequester%3Dgs%26collection%3DTRD%26recid%3D8902720088MD%26recid%3D8901G2C0012EC,0
conf/vldb/Gentili01,odURm1yQ7xcJ,0
conf/sigmod/Cattell94,EnjnfJEJKBUJ,0
journals/vldb/ManegoldBK00,A5qgqEDykVwJ,0
journals/tods/RaschidL96,-oHrAAzvCKYJ,0
conf/vldb/BohannonFHRRS02,RpBLR1NYTsgJ,0
conf/vldb/PedersenJD99,jtvzSCa0LkMJ,0
conf/sigmod/BunemanKTT02,CZXie-l3SzcJ,0
journals/sigmod/CaplinskasEV02,url:http://portal.acm.org/ft_gateway.cfm%3Fid%3D507367%26type%3Dpdf%26dl%3DGUIDE%26dl%3DACM%26CFID%3D11111111%26CFTOKEN%3D2222222,1
journals/vldb/AtkinsonM95,rFdqdXVhLooJ,1
conf/vldb/LiRS99,Bf44yXvb6EAJ,1
conf/sigmod/LeeKOTM00,91ATvWKWqR8J,0
journals/vldb/JagadishACLNPPSWWY02,NuEIi_JwtEEJ,0
journals/vldb/BonifatiCP01,jMq7Tj6boIgJ,0
conf/vldb/StohrMR00,QXKSgwpKxTMJ,0
conf/vldb/BaumgartnerFG01a,splDXzhama4J,0
journals/tods/CaldersNW02,DSl0gT8EgR0J,1
conf/sigmod/FukudaMMT96a,fSKep047pbgJ,1
conf/vldb/HaasNSS95,h5O-wyFedMoJ,0
journals/vldb/TenienteO95,AhacU8AzwSUJ,0
conf/sigmod/FabretJLPRS01,hiAb_9RGvQUJ,0
conf/vldb/CarneyCZRCS03,BpJP_2y3Aq0J,0
journals/vldb/MaratheS02,W2QbMi6nHFYJ,0
conf/sigmod/Freeston95,H4jqslIC-TsJ,0
journals/sigmod/Franklin00a,xdaZy9HAzc0J,0
journals/sigmod/AndlerHEMBE96,1NIxQc2VhzkJ,0
journals/sigmod/MillerHHYHFP01,url:http://portal.acm.org/ft_gateway.cfm%3Fid%3D373713%26type%3Dpdf%26dl%3DGUIDE%26dl%3DACM%26CFID%3D11111111%26CFTOKEN%3D2222222,1
conf/vldb/LevyMS94,8AHaTrvwsJoJ,1
conf/sigmod/Mohan99,uQi5Hv2Aot0J,0
conf/sigmod/ZhaoDNS98,6AK0GF7jAtsJ,1
conf/sigmod/ZhouWGGZWXYF03,nMjUH6-NGzEJ,0
conf/sigmod/ForlizziGNS00,qb-jf_sQ_5kJ,0
conf/vldb/BrownS95,i9LvisJHUgcJ,0
conf/vldb/SrinivasaK03,gAmSzeXAcyQJ,0
conf/sigmod/BohannonDGKLNS03,url:http://doi.wiley.com/10.1002/he.10607,0
journals/sigmod/Chen94,7w05tSBkqmcJ,0
conf/sigmod/ZhangMCMR02,e-4NqKBJergJ,0
conf/sigmod/BrodskySCE99,JdwWIABomPsJ,0
conf/vldb/YiF00,qiWTbx2aP6EJ,0
conf/vldb/ColletCS94,url:http://portal.acm.org/ft_gateway.cfm%3Fid%3D1101940%26type%3Dpdf,0
conf/vldb/WienerN94,url:http://www.blackwell-synergy.com/links/doi/10.1111/j.1467-8306.1972.tb00847.x/abs/,0
journals/sigmod/KuokFW98,LqcSQT8NlVwJ,1
conf/sigmod/LakhamrajuRSS00,yub30hYmaycJ,0
journals/sigmod/LeeCL95,lUxhApN9NpwJ,0
conf/vldb/YuAA03,hIaUvf7JQzgJ,0
conf/sigmod/2000,yFFvKkaEqoQJ,0
conf/vldb/PapadiasTS03,TIYvY5QS0h8J,0
conf/vldb/LimWV03,url:http://www.ingentaconnect.com/search/expand%3Fpub%3Dinfobike://els/13891286/2001/00000036/00000001/art00149%26unc%3D,0
journals/tods/CeriFPT95,dCUoeIb8p7IJ,0
journals/sigmod/Snodgrass97a,bwXZHnUfy0cJ,0
journals/vldb/AgrawalAJL95,ZIysE9P8XwIJ,0
conf/sigmod/AvnurHLORRRW98,W2H98wuOZ8EJ,0
conf/vldb/SripadaW94,6bBePBswGikJ,0
conf/sigmod/NatsevRS99,waa2ZXHfD0wJ,0
journals/vldb/RahmB01,b9ikqvr7Bb4J,1
journals/vldb/LiangOY00,4JBCp5CxRxgJ,0
journals/sigmod/Ozsu01a,url:http://www.csa.com/partners/viewrecord.php%3Frequester%3Dgs%26collection%3DTRD%26recid%3D20021211035204MT%26recid%3DA7536966AH,0
conf/vldb/DeWittKLPY94,xcwQARsnK4gJ,1
journals/vldb/KemperK95,ZOlmT7f6IrwJ,0
journals/sigmod/Winslett03b,q5EW7VArFEoJ,0
journals/sigmod/RossCGJBV99,RxuNn_5y8KgJ,0
journals/sigmod/WinslettCDHZZ02,0mCtzujcOBwJ,0
conf/sigmod/ChenGM01,r5LXZrvJvvwJ,0
conf/vldb/SchieferKBLF98,mHwgd04tVfoJ,0
conf/sigmod/GoldmanW00,48uWE13ssxQJ,0
conf/vldb/StaudtJ96,rifM5wunlZQJ,0
conf/vldb/AgarwalADGNRS96,LGdcyXo6ph0J,0
conf/vldb/ShanmugasundaramSBCLPR00,Gb1N0yoPzKAJ,0
conf/sigmod/AbiteboulBCMM03,AxpQwgyRyLgJ,1
journals/sigmod/Kim99,4VEdKl_NDY8J,0
conf/vldb/OoiYTJ01,b-UPj2S4n70J,0
journals/sigmod/DongS00,X7_R6vgEzEgJ,0
conf/vldb/RiedelGF98,ERSJDM4MG0QJ,0
conf/sigmod/TomasicGS94,kRHYZELNeoIJ,1
journals/sigmod/CheungF98,ig7B9agTOMAJ,1
conf/vldb/GrovlenHT98,ct0Xt4mxuwgJ,0
conf/sigmod/Hope95,ubJ57pbu2KwJ,0
conf/sigmod/CuiOTS03,wnxgB587mZIJ,0
conf/sigmod/AdelbergD99,qnOu6vq8_YMJ,0
conf/sigmod/ParkCY95,-VGXHx94MXgJ,1
conf/sigmod/HinneburgK99,qQ5KwtquWT8J,0
conf/sigmod/Aulakh98,mvu1KqaTilsJ,0
conf/sigmod/IoannidisL94,wckfQhU2mPIJ,0
conf/vldb/BertinoBFS96,fSJNb-h5iuEJ,0
conf/sigmod/BohlenBD99,V-WgKdvSr2UJ,0
conf/vldb/HasanM95,utVFYHDsKM0J,0
conf/vldb/GoldsteinR00,idfox84uNHUJ,0
conf/vldb/RamakrishnanGRSWZ95,s1jyKv0sbFMJ,0
journals/sigmod/Jannink95,FeGqNj-D1zsJ,0
conf/vldb/ShegalovWBL02,kF0v214JF1QJ,0
conf/sigmod/HellersteinHW97,7dcgPQxHuCMJ,1
conf/vldb/DoR02,yWnzay_AV44J,0
journals/sigmod/SegevJS95,hzt9T_tZtK4J,0
conf/sigmod/2002,7-b5YXuGJS0J,0
journals/vldb/ShyyASL96,1J2ubL0l2UMJ,1
conf/vldb/ZhangL98,pU1FqMb2S9YJ,0
conf/sigmod/DreyerDS95,D9ZsFWnhf98J,0
conf/sigmod/IlyasRLGL03,qU_IX5KFwIoJ,0
conf/sigmod/KangN03,bBZqvG5_YSMJ,0
conf/sigmod/BreunigKKS01,LxyVmHubIfUJ,1
journals/sigmod/BhargavaAP95,ALJ4TObSDlIJ,1
journals/vldb/AbadiCCCCLSTZ03,WrttPeyheAUJ,0
conf/vldb/HjelsvoldM94,Ia6gRNjeKeoJ,0
conf/vldb/StohrR01,jn3pvb3hRzwJ,1
conf/vldb/CarneyCZRCS03,QdjJIvE2hmQJ,0
journals/sigmod/BoulosO99,kX7Epb_k0kIJ,0
conf/vldb/ManolescuFK01,7YK9bg_IXmIJ,0
conf/sigmod/Gal00,heHHzcb18ToJ,0
conf/sigmod/AdaliSS99,Dh9nd0jPp3sJ,0
journals/sigmod/TsotrasJS98,iTR3hHaFvUoJ,0
journals/sigmod/BerzalM02,XpIwzIHP7p8J,0
journals/tods/BeneventanoBS03,iV8wHls2iJcJ,0
journals/vldb/FengYLH02,r6Gz3vflV-MJ,0
conf/vldb/Novaretti01,-Hj9egalPJIJ,0
conf/sigmod/MogiK96,hcOdBd6dAZsJ,0
journals/sigmod/MedeirosP94,YiTTR8l2MQ4J,0
journals/sigmod/MaximilienS02,glN2_fiPYwsJ,0
journals/sigmod/Mani03,0FohHTWs5toJ,0
journals/vldb/Navarro02,DEm1Nx3NjrEJ,0
journals/vldb/FahlR97,TL5Js-A_72EJ,0
journals/vldb/FengYLH02,qQWiTb2fo1MJ,0
journals/sigmod/MillerHHYHFP01,q_MyUzye5SoJ,1
journals/vldb/ChirkovaHS02,XeX8jhKZOAQJ,0
conf/vldb/OoiYTJ01,EstArMhc4NgJ,0
journals/sigmod/Cingil02,NsIsEf3pjqUJ,0
journals/vldb/KieslingSSD94,bvFRYOianJUJ,1
conf/sigmod/CareyCNVDRSM99,N8syKKPN6IoJ,0
conf/sigmod/KornackerMH97,C-1mfHDnnisJ,0
conf/vldb/TsoisS03,url:http://portal.acm.org/citation.cfm%3Fid%3D276305.276377%26dl%3DGUIDE%26dl%3DGUIDE%26idx%3D276305%26part%3Dperiodical%26WantType%3Dperiodical%26title%3DACM%2520SIGMOD%2520Record%26CFID%3D11111111%26CFTOKEN%3D2222222,0
conf/vldb/KumaranH03,ZWHcnA2llzkJ,0
conf/sigmod/AggarwalPWYP99,jpDsVTomn0oJ,0
conf/vldb/AnandBH94,gWlQx3eo0Y0J,0
conf/vldb/LiuLBHTS03,TkEc7V8oyy4J,0
conf/sigmod/Blakeley94,2f7-ISogcpcJ,0
journals/vldb/NgC98,5QXQ4dbXINoJ,0
conf/vldb/SripadaW94,qSkczAhu758J,0
conf/sigmod/RoySSB00,BJBeZ446Yc0J,1
conf/vldb/GolabO03,Ssf6wTBPNdkJ,0
conf/vldb/MillerHH00,W2cZPWAT7vIJ,0
conf/sigmod/CatarciS01,PbJDN_R6AA4J,0
conf/sigmod/KalnisNOPT02,Jg1HX9xf6WAJ,0
conf/sigmod/ChristophidesCM96,GpGg0czXSQcJ,1
conf/vldb/Sripada02,9moxyi03Z_IJ,0
conf/vldb/ImielinskiB02,url:http://www.csa.com/partners/viewrecord.php%3Frequester%3Dgs%26collection%3DTRD%26recid%3DN9210366AH,0
journals/sigmod/PoessF00,3dKSLq4xbrYJ,0
journals/sigmod/Anisimov03,7Eq4fSElXCkJ,0
conf/vldb/AgrawalS94,NqCAzXHkewMJ,0
journals/tods/Revesz98,wK30w01F6MsJ,0
conf/vldb/BassiliadesV95,htSfT55tL3QJ,0
journals/sigmod/McClatcheyV97,ySXVpJhxsm4J,0
journals/sigmod/Finkelstein95,dF7vuL1yX2EJ,0
conf/vldb/AnciauxBBPV01,url:http://adsabs.harvard.edu/abs/1983PhDT........22M,0
journals/sigmod/SouzaS99,jaBQWidSinMJ,0
conf/sigmod/CatarciS01,G8iDRkwfaqQJ,0
conf/sigmod/DeutschFS99,De_3PkxkhzIJ,1
conf/vldb/SilversteinBMU98,g0uPnArRXUYJ,0
conf/vldb/TheodoratosS97,ftDDtQM--M0J,0
conf/sigmod/Martin94,lZ40SGmXWSsJ,0
conf/sigmod/FlokstraKS94,_uAjDh22Y_EJ,1
journals/sigmod/ElmagarmidJF95,url:http://portal.acm.org/ft_gateway.cfm%3Fid%3D1101271%26type%3Dpdf,0
conf/sigmod/RoussopoulosKS99,seUt0mxqWiYJ,0
conf/vldb/OzsuVU98,url:http://portal.acm.org/citation.cfm%3Fid%3D881153,0
journals/tods/ChenHM95,eRwprxW9Kk8J,0
journals/vldb/FerrariAABC02,EsSRui40spgJ,0
conf/vldb/CooperSFHS01,url:http://portal.acm.org/citation.cfm%3Fid%3D509252.509276,0
conf/vldb/GrumbachRS00,a4EJfrVxaz8J,0
conf/sigmod/BabcockCD03,mbhZ3gSR3NMJ,1
conf/vldb/BasuFP00,_57gMI01MjYJ,0
conf/vldb/LuSL95,z7zkXK4G6YcJ,1
journals/sigmod/CeriKKLOSV00,nLbW09uNfmsJ,1
conf/vldb/BohannonLRSSS97,IROKbaAxI6QJ,1
conf/vldb/XinHLW03,url:http://portal.acm.org/citation.cfm%3Fcoll%3DGUIDE%26dl%3DGUIDE%26id%3D543638,0
journals/sigmod/WeikumSR03,cSdKSbVyKh8J,0
conf/vldb/JagadishNSSK97,1t2TkBUkEjMJ,0
conf/vldb/HanF95,889ULwUj6XUJ,1
conf/vldb/ImielinskiB02,vtSRcMeJp70J,0
conf/vldb/YangG01,rrHUOuKLn1gJ,0
conf/sigmod/LoR96,u8FilNdKVAkJ,0
conf/sigmod/DeolaseeKPRS01,WzTqw70W9Q4J,0
conf/sigmod/YanMHF01,adm7QWgi-BAJ,1
conf/vldb/CareyD96,ulDUAu6vLr4J,1
conf/vldb/KumarKA97,pZoTILl_-RYJ,0
conf/vldb/DeckerK03,rPbtf7tKNwEJ,0
journals/sigmod/Gal99,Vcvdez-TbS4J,0
conf/sigmod/FaloutsosRM94,mjZt-4TvwBUJ,0
conf/vldb/LuOT94,ygnxScuwW64J,0
journals/sigmod/CarmelMS01,boIQ4KqpWjYJ,0
journals/sigmod/RosenthalS99,AaKiSc1klw8J,1
conf/sigmod/ChenGM01,IuyDb53VoG0J,1
conf/sigmod/Amer-YahiaFSX03,I8A2bHMOegAJ,0
conf/sigmod/ChenGK01,1fl5Hay2408J,0
conf/sigmod/OlstonJW03,Z34--jqcvRAJ,0
conf/sigmod/RundensteinerCCSO00,LW-BqIjqAwkJ,0
journals/sigmod/Stacey95,rdXUggm5kg0J,1
conf/vldb/GoldmanW97,EM5uAeHdNEIJ,1
conf/sigmod/Melling94,UXKlY8GDxx0J,0
conf/vldb/VieiraM03,sUtdmV9XsIcJ,1
conf/sigmod/Cotton02,BsLB7EI7oawJ,0
conf/sigmod/AcharyaGPR99,-pVUk-m11BMJ,0
journals/tods/BaralisW00,4RrNbX-RjpsJ,1
conf/vldb/PetrovicBJ03,8UcZ54OpVvoJ,0
journals/vldb/BeckerGOSW96,zRJHTrcFYb4J,0
journals/sigmod/CaplinskasEV02,iLlGaiC6DdoJ,0
journals/tods/FraternaliT95,aj07jG8qudIJ,0
journals/sigmod/Hammer03,url:http://portal.acm.org/ft_gateway.cfm%3Fid%3D1085328%26type%3Dpdf,0
journals/vldb/AtkinsonM95,9lw0lGUrWFUJ,0
journals/sigmod/McHughAGQW97,a8ISDVK6loEJ,0
conf/sigmod/BohmBKK01,EEU1kB_d3tsJ,0
journals/tods/GunopulosKMSTS03,Tp1dh6EC-6sJ,0
conf/vldb/MahnkeMS02,fweSsBEOAwoJ,0
conf/sigmod/KriegelMPS01,ZgOZCXQTOmEJ,0
conf/vldb/SayalCDS02,ji2emPz2tb4J,0
journals/tods/Snodgrass01,VaH1_E8Ntq8J,0
conf/vldb/RantzauCHM02,qY9YbKdqYH8J,0
journals/sigmod/BichlerSZ98,fQNdA5cjapAJ,1
conf/vldb/NathDKGKS03,u65yHyN20TIJ,0
journals/sigmod/BunemanRU97,DYZlq4rntjwJ,0
conf/vldb/MeoPC96,I33UMOX3V_4J,0
conf/vldb/GionisIM99,tdrfGWFlodcJ,0
conf/sigmod/LeeWMS01,FhtaHaSDo-AJ,0
conf/sigmod/ParkCY95,v9preswS6YUJ,1
conf/sigmod/RoussopoulosKS99,PNQqYq127YcJ,0
journals/sigmod/JainH94,k0OJfKKoodMJ,0
conf/sigmod/DattaDTVSR02,0B8UjvvO_mAJ,0
journals/sigmod/PhatakSSS96,url:http://portal.acm.org/ft_gateway.cfm%3Fid%3D381897%26type%3Dpdf%26dl%3Dportal%26dl%3DACM%26CFID%3D11111111%26CFTOKEN%3D2222222,1
conf/vldb/KochBG03,url:http://adsabs.harvard.edu/abs/1991Ge%26Ae..31...34G,0
conf/vldb/JagadishLRSS94,-OlUSsWB24sJ,0
conf/sigmod/ShuklaD00,yvOJOJoNfIIJ,0
conf/vldb/Nori02,iP5RQt6wfXoJ,0
conf/sigmod/ShashaB02,eY0LstkGNKQJ,0
conf/sigmod/DeshpandeGR01,L-VDHNIoHC4J,0
journals/sigmod/Darwen96,HRjwQZxg9ZsJ,0
conf/sigmod/OriaOILY00,xdUDA920uhMJ,1
conf/sigmod/ZhangRL96,2Jbif2RR0HMJ,0
journals/tods/SalemGS94,C6ocuCch1RYJ,0
journals/tods/MayL02,Ws1Tz-pDljkJ,0
conf/vldb/JoshiBLL98,upESRwy-bksJ,0
conf/vldb/NishioSTTL01,7tk0CtaChMkJ,0
conf/vldb/MaedaT01,dipeGpTdsoQJ,1
journals/tods/KossmannS00,SpP3JPk2yLcJ,0
conf/vldb/FlescaFM03,WrPdVlumZL4J,0
conf/sigmod/LabrinidisR00,DKUouEkK_b4J,1
conf/vldb/Spaccapietra94,url:http://portal.acm.org/ft_gateway.cfm%3Fid%3D1099609%26type%3Dpdf,0
journals/sigmod/Snodgrass02b,ypIwIw0dXTEJ,0
conf/sigmod/LiCHH97,yPhwXwb_iasJ,0
conf/sigmod/AdelbergGK95,LCPNRZQgJd4J,0
conf/vldb/ChenL03,WaSgR87oMpcJ,1
journals/sigmod/GobleR02a,NY26JCMO6RsJ,0
conf/vldb/ChaudhuriS01,url:http://portal.acm.org/ft_gateway.cfm%3Fid%3D306124%26type%3Dpdf%26dl%3DGUIDE%26dl%3DACM%26CFID%3D11111111%26CFTOKEN%3D2222222,0
conf/sigmod/RinfretOO01,hszYv719hbAJ,0
journals/sigmod/MillerHHYHFP01,0ckpOQsv-vAJ,1
journals/sigmod/Aberer01a,4yp1EneQhT8J,0
conf/vldb/ChakrabartiSD98,_mQXTGALkxMJ,0
conf/vldb/IoannidisLGP96,rmmUq4DoVisJ,0
conf/vldb/SkubiszewskiV97,HCXbvGwK9LkJ,0
journals/sigmod/RosenthalHRS97,nftrQlNzVo0J,0
journals/sigmod/SnodgrassAABCDEGJKKKLLRSSS94,xukb8z_g63sJ,0
journals/vldb/FerrariAABC02,NieCtfLnCmcJ,0
conf/sigmod/DeHaanTCO03,CD_xefdItVkJ,1
conf/sigmod/AfratiLU01,fdAecZyxb4kJ,0
conf/sigmod/FreireHRRS02,lxqDOuSjdDIJ,0
conf/sigmod/PopaDST00,CKcNYBq2BP0J,0
conf/vldb/ShanmugasundaramSBCLPR00,MSw9OnOdcVEJ,1
journals/tods/GutingBEJLSV00,tf9zHfLJrbcJ,0
journals/vldb/PapazogluK97,O-TrhFwhKM8J,0
journals/sigmod/Ioannidis96,LV6lOpI0U7QJ,0
conf/vldb/FlodinR95,APeW8vP_8xkJ,0
journals/sigmod/Hanna95,EKqpEdn3kDMJ,1
conf/sigmod/KimCK01,7UxVYLbB0zAJ,0
conf/vldb/CeriCW00,uzzvzMMyRBYJ,0
conf/sigmod/ChakrabartiM99,uQQqKkK6A9wJ,0
conf/sigmod/AgrawalCD02,Ho9C_KaM9hgJ,0
conf/vldb/GarofalakisIO98,NM_eVruQon0J,0
conf/vldb/BrinkhoffK94,3fCNsAXb9RAJ,0
conf/sigmod/AltinelLKMPLWB02,Gv55cHYy8IMJ,0
journals/sigmod/ButtlerCCFHLPRX02,JScvAMYcsmoJ,1
journals/sigmod/Winslett03c,4J0P-JPly7kJ,0
conf/vldb/AgrawalLSS95,Z8IUKN3FmVMJ,0
journals/vldb/AmielBDS96,-pVLCj_PchAJ,0
journals/sigmod/AnyanwuS02,LoDGuFLlvsAJ,1
conf/sigmod/OzdenRSS96,3-NCQNplrRUJ,0
conf/vldb/RaoR99,xMTVEaLdc84J,0
conf/vldb/MurthyB03,3XxWCM-02wsJ,0
conf/vldb/LockemannKKKN97,12KHEKng9ncJ,0
conf/vldb/YuSLJ02,z1l5uAXZVvwJ,0
conf/vldb/BunkerCCMMW01,bKfF2TdyKDwJ,1
conf/vldb/LakshmananSS96,0VHtbuWJCQUJ,1
conf/vldb/MillerHH00,ke1Er5_6e7QJ,0
journals/sigmod/Widom94,12-enTVSWHMJ,0
conf/sigmod/Brown99,V5SugcoqkucJ,0
conf/sigmod/BabcockBDM03,url:http://portal.acm.org/citation.cfm%3Fid%3D1068513.1069532,0
conf/vldb/Shmueli01,onSDe7TiF40J,0
conf/sigmod/LitwinS00,bO9RbkuIhEEJ,0
journals/sigmod/Qian95b,G8tad9mA2MMJ,0
conf/sigmod/GravanoGT94,ai3aZn2GQQEJ,0
journals/tods/SchuldtABS02,xr-03hdwCPgJ,0
conf/vldb/RothS97,eXceb1SMqE4J,0
conf/vldb/BohmMSW01,NDSTYcEsRRoJ,0
conf/vldb/LongS03,Mi3xMGRCchMJ,0
conf/vldb/WienerN95,BrBZLtubGs8J,0
conf/vldb/GalhardasFSSS01,BqUd8Us4g40J,0
conf/vldb/HageJPST03,140d7pHKMRkJ,0
journals/sigmod/BusslerFM02,f9bb1LsVLegJ,0
conf/sigmod/SlivinskasJS01,VtCTqej5JSQJ,0
conf/vldb/Amer-YahiaFSX03,30i2w66KFhQJ,0
conf/sigmod/DoanDH01,9rnT6AgafkoJ,0
journals/tods/CasatiCPP99,e8HjgrUfYt4J,0
journals/vldb/C95a,0ccGphx7ntIJ,0
conf/vldb/CareyHMW96,98KAeZnGGk8J,0
conf/sigmod/ArasuBBDIRW03,7D59wPTtkdcJ,1
journals/sigmod/ChaudhuriD97,jsapF3OoWXcJ,1
conf/sigmod/ZhangNDLL01,6QFQOGRuzXAJ,0
conf/vldb/ShahabiFKF00,ln1yHhG7gdgJ,1
conf/vldb/MiningGroup96,url:http://doi.wiley.com/10.1002/he.121,0
conf/sigmod/WilschutFA95,3anOtvJjJBgJ,0
conf/sigmod/AgrawalW00,eGyQmKnVmJwJ,0
journals/sigmod/Grefen02,5xL6VfAjB_sJ,0
journals/sigmod/BusslerFM02,pbT8WE9lY2cJ,0
journals/vldb/ApersCS02,xFVXGpI7zkIJ,0
conf/vldb/BernsteinD94,SA7JYkWdo1QJ,0
conf/vldb/TreschPL95,AxXp8BNzkMMJ,0
conf/vldb/Shaw98,shulbmqp8VcJ,0
conf/sigmod/OlstonWACELSS98,DCwUPe-lwqUJ,0
conf/vldb/Tygar98,p1Ox9-k6evkJ,0
conf/vldb/KnorrN99,CkgjIf-Y1-YJ,0
conf/vldb/ZhangL98,uMUGlh1yua0J,0
journals/sigmod/ChangASS98,CPzROuDNZqgJ,1
conf/vldb/PedersenJD99,J5RPASrl248J,0
conf/vldb/ChenDZ03,EvMyW16u6RIJ,0
conf/vldb/KochBG03,xCbXlJHLR48J,1
conf/vldb/OzdenGHNSDGGW01,rohO-BzlSbUJ,0
conf/sigmod/TheobaldW02,CPBWyZ1F4XYJ,0
conf/sigmod/FlokstraKS94,or70iTjFMyIJ,0
journals/sigmod/PapazoglouH99,H8TTwedLtYsJ,0
conf/vldb/WangHH00,1ER7_nwfTnEJ,0
conf/vldb/DeWittKLPY94,AR8Phh8yvNEJ,1
conf/vldb/HankinsP03,zUCdYQgYsRwJ,0
journals/sigmod/Ozsu02a,pKzV9ycLygEJ,0
journals/vldb/TenienteO95,kOFZ1tLO28AJ,0
conf/vldb/ArgePRSV98,pN3mKTVf34QJ,0
conf/vldb/CarinoJ98,PckudUEA88oJ,0
conf/sigmod/RaoR00,fsqVg6S3uAcJ,0
conf/sigmod/Chaudhuri97,pG2g_dK5RWEJ,0
journals/tods/LiuHD98,GKWyjdAXR7sJ,0
conf/sigmod/Galindo-Legaria94,nzMqxVgefgQJ,0
journals/vldb/GrefenVA01,VKDhNI5dc5oJ,0
journals/tods/KotidisR01,j1pECkYIh74J,0
journals/sigmod/Stonebraker02,NbDF9UBuTsEJ,0
conf/sigmod/BrunoC02,h08uPLagV2EJ,0
conf/vldb/ArunJ98,CTxwdZyDSREJ,0
journals/vldb/SuHHHLWLPLL01,NNPQHezwGuAJ,0
conf/sigmod/Weininger00,vyR5q3CYDy8J,0
conf/sigmod/GuptaS03,vBYtmDEYeK0J,0
conf/sigmod/Dietterich94,url:http://portal.acm.org/ft_gateway.cfm%3Fid%3D1066211%26type%3Dpdf,0
journals/sigmod/DemersGRTY03,bv3RM2hEW1EJ,0
conf/vldb/GyssensL97,GD_gIzwLzqsJ,0
journals/sigmod/Ozsu01a,HAG0kCjBu4EJ,0
journals/sigmod/Kim99,url:http://portal.acm.org/ft_gateway.cfm%3Fid%3D1099682%26type%3Dpdf,0
conf/vldb/WangYM97,McorMeCrkHgJ,0
journals/sigmod/Snodgrass03a,3fT-PXZBZoUJ,0
conf/vldb/HaasNSS95,EfczBs13YHIJ,1
conf/sigmod/ZaharioudakisC97,iW-se1ojmjIJ,0
conf/vldb/BerckenS96,HzlUMbpnXwQJ,0
journals/vldb/DanYC95,dbtg7__m99cJ,0
conf/vldb/GuptaHQ95,VCSbj6MwKlgJ,1
conf/sigmod/BuchmannDZH95,QzpePwRoku8J,1
journals/sigmod/Winslett03b,NpMzHYIc5e4J,0
conf/vldb/CormodeKMS03,Bsu9ZGK87yEJ,0
conf/sigmod/BreunigKNS00,NyFMJ3hMrEUJ,0
journals/sigmod/ElmagarmidJF95,url:http://portal.acm.org/citation.cfm%3Fid%3D233269%26dl%3DGUIDE%26dl%3DGUIDE%26type%3Dproceeding%26idx%3D233269%26part%3DProceedings%26WantType%3DProceedings%26title%3DInternational%2520Conference%2520on%2520Management%2520of%2520Data%2520and%2520Symposium%2520on%2520Principles%2520of%2520Database%2520Systems%26CFID%3D11111111%26CFTOKEN%3D2222222,0
conf/sigmod/LiC95,yJPi5nBJmVYJ,1
journals/tods/SalemGS94,GZ5kMoyuFQkJ,0
journals/sigmod/Franklin97b,url:http://portal.acm.org/citation.cfm%3Fid%3D1101149.1101205,0
conf/vldb/FlorescuLSY99,txeSI_gaZloJ,0
journals/sigmod/CuiJO02,3Q1wPCXehBMJ,0
journals/sigmod/CiliaB02,w91icO7E4noJ,0
conf/sigmod/IoannidisLANT97,v4j2mHO7l3UJ,0
journals/vldb/MylopoulosCPST96,Xddfib2f7lEJ,0
journals/sigmod/Wiegand02,QF-VMqd11V0J,0
conf/sigmod/HanPDW01,meCsC0tGWIMJ,0
conf/sigmod/ReissK03,L1m30vG-d5sJ,1
conf/vldb/GoodmanRS94,IVMt_9vozE8J,0
conf/vldb/GallersdorferN95,KMNM_JBADGUJ,0
journals/vldb/PacittiS00,vHZqeBwfYL4J,1
journals/sigmod/Segev95,iIJUHxOpVB8J,0
conf/sigmod/HellersteinN96,RR-I8bc7kXEJ,0
conf/sigmod/CareyK97,G2RzED0JGvoJ,1
journals/sigmod/HalkidiBV02a,tbgILVGMZosJ,0
conf/sigmod/HammerGIPUW95,dz8AVsMIX-UJ,0
journals/sigmod/JukicV97,url:http://portal.acm.org/citation.cfm%3Fid%3D592093.592120,0
journals/sigmod/Cingil02,J-QTjcIb7igJ,0
conf/vldb/WeikumMHZ02,vAQLXpOe-5EJ,0
journals/tods/Snodgrass01a,afOUhBx0hfoJ,0
conf/sigmod/GuhaRS98,81MDU6ycKvgJ,0
conf/vldb/PoosalaI96,xRKjd2A2gekJ,0
conf/vldb/DeenJNNW00,jpJMa9UNggoJ,1
conf/vldb/LakshmiZ98,kLCbZLKa12MJ,0
conf/sigmod/DeolaseeKPRS01,em-bhyOB9D8J,0
conf/vldb/Wadler01,E-Tyhb_tcEoJ,0
conf/sigmod/DanielsDDEHJJLSSS94,1tTJXxuoSuIJ,0
conf/vldb/Blecken00,JuHCX4cvtyYJ,0
journals/sigmod/AbererCDDHPS03,5M1rXxWiqn8J,0
journals/vldb/GrefenVA01,_LE5T2vKPUcJ,0
conf/vldb/AshwinGG02,SQkRmMDEHP4J,0
journals/vldb/HuangDT99,4Ga0Ts2_rp0J,0
conf/vldb/MartinC94,XgE69i8zpw0J,0
conf/vldb/AgrawalPWZ95,XqQvZa3Y3aMJ,0
journals/vldb/LaurentLSV01,VbrmWtuZHRwJ,0
conf/vldb/PfoserJT00,J1tjkClJSa4J,0
conf/sigmod/SrikantA96,wVbMknDFKIsJ,0
conf/vldb/BouganimCDDGS99,MlBh2ujsXXIJ,0
conf/sigmod/BlakeleyP98,zU2ASf6-j08J,0
journals/sigmod/BoulosO99,76asF6YPTr8J,0
conf/vldb/PedersenJD00,glv6fGwtflIJ,0
conf/sigmod/DohertyHR96,AUmbKDpid_IJ,0
conf/sigmod/RamakrishnanD98,8ZD1Gd4k7Y4J,0
conf/vldb/AilamakiDHW99,1MfqkRzuMq0J,0
conf/vldb/ChenL03,l7RntQdNelkJ,0
journals/sigmod/Franklin99a,j1iEdaDjbYsJ,0
journals/vldb/ShethTP03,-j7bzyIKuX0J,0
conf/sigmod/RajagopalanML98,jApl4pY3vBMJ,0
conf/vldb/JensenL01,hsGzDqTXW-IJ,0
journals/vldb/BeckerGOSW96,BNQ07kOYONgJ,1
journals/sigmod/MalaikaEM03,R9Nvy_JS4N4J,0
conf/sigmod/BarbaraI94,1NP1ijGhOvgJ,0
conf/vldb/SadriZZA01,TncYF02BdOsJ,0
journals/sigmod/RossNO03,OnEl5fZGeDYJ,0
journals/sigmod/SnodgrassHMOPRRWY98,tCGDtRSBeT0J,0
conf/sigmod/HsiaoN00,oHJaZrizZesJ,0
conf/vldb/LevyMS94,url:http://pubs.acs.org/cgi-bin/abstract.cgi/achre4/2005/38/i09/abs/ar0500012.html,0
conf/vldb/WitkowskiBBFGSS03,Oc1beOAqky0J,0
journals/vldb/ShyyASL96,1-bffnwqlTYJ,0
journals/tods/OliverS94,790N-opJ5OcJ,0
journals/sigmod/YauLMS99,UQn14Xs211oJ,0
conf/vldb/JagadishKMPSS98,V9U41irvqS0J,0
journals/sigmod/BernsteinHP00,MgphE2z3NqYJ,0
journals/sigmod/DoanPSB97,__jk6Grs-x4J,0
conf/vldb/JagadishKMPSS98,9slASVrmy-YJ,0
conf/sigmod/RajagopalanML98,3OuiSD9XKs4J,0
conf/vldb/ShaferA97,e4QoZJVqM7IJ,0
journals/sigmod/Ouksel03,Cw5SSWeVJ54J,0
conf/vldb/ChenL03,zURaw-I--NYJ,0
journals/tods/DiaoAFZF03,yFK0dPZmqDkJ,0
conf/vldb/OhuraTPK02,jxXrqbATdHEJ,0
conf/vldb/KiesslingK02,4XP24_IFvPsJ,1
conf/sigmod/YerneniLGU99,Ghr7pV4pvFIJ,0
conf/vldb/BohlenSS96,DiT_sp3IdvMJ,0
conf/vldb/BawaBA03,3DOBGaHN7l0J,0
conf/sigmod/Hidber99,pFd02mIhmvIJ,0
conf/vldb/Hess96,g4ZcjyZ35GsJ,0
journals/vldb/TempletonHMB95,Zb7HbM6iFEoJ,0
conf/vldb/AgrawalKSX02,aT9tMSi18uwJ,0
conf/vldb/ShahDR03,rExMc2seZ1oJ,0
conf/vldb/GinisHKMT97,opjRDqo2lGQJ,0
conf/sigmod/RaoR98,oZTcAakiReYJ,0
journals/vldb/LeeSC01,3HEKJlBiuMgJ,0
journals/sigmod/KennedyMB96,pYgHLsCZgIgJ,0
journals/vldb/RamakrishnanSSS94,cvklnh9dG7gJ,0
conf/vldb/Toivonen96,lgCzXE4LjkIJ,0
conf/sigmod/LiuPBHPT00,q_o5zij9nCEJ,1
journals/sigmod/Aggarwal01,OE8gpNwz8MkJ,1
journals/sigmod/McHughAGQW97,0BM8ZT8DXi8J,0
journals/sigmod/KoksalAD98,ufVkeTmrxKAJ,0
journals/sigmod/Snodgrass03a,i6KmypFd39AJ,0
conf/sigmod/HoAMS97,LWXzOXyOy24J,1
conf/vldb/Atal96,UpGtZE4QJt4J,0
conf/sigmod/BozkayaO97,L9HFMK1DTDAJ,0
conf/vldb/Mina98,p0Waj_7l2WYJ,0
conf/vldb/QianZXP03,url:http://links.jstor.org/sici%3Fsici%3D0146-4949(196623)7%253A3%253C258%253ATPMA%253E2.0.CO%253B2-A,0
conf/sigmod/ChenGM01,eezVksY3W5YJ,0
journals/sigmod/RoantreeMH99,JJK6WGPyubgJ,1
conf/vldb/KornMZ03,SJ-uErR3pv8J,0
conf/sigmod/BabcockO03,wKse61wcwiYJ,0
conf/sigmod/RajagopalanML98,9gA5sNmRjqIJ,0
journals/sigmod/HuangKL02,nxJjb5FljBEJ,0
conf/sigmod/HellersteinHW97,qQqzCVU1wusJ,0
journals/sigmod/MukhopadhyayGS03,XAJGIPwFz7YJ,0
journals/sigmod/KuoM96,Xf1UiVNA2JkJ,0
conf/vldb/PapadimitriouBF03,pAvCmcv_-lMJ,1
conf/sigmod/GoldsteinL01,ZYoB9I5xRS0J,0
journals/sigmod/KlasS94,Opow89YK6a8J,1
journals/sigmod/Franklin97,4pSBeysRA_EJ,0
journals/sigmod/Geller02,url:http://portal.acm.org/ft_gateway.cfm%3Fid%3D507355%26type%3Dpdf%26dl%3DGUIDE%26dl%3DACM%26CFID%3D11111111%26CFTOKEN%3D2222222,1
conf/vldb/CatozziR01,url:http://doi.wiley.com/10.1002/ace.122,0
journals/vldb/FangGM96,h7LIBh6_jkgJ,0
conf/sigmod/Chakrabarti99,url:http://ieeexplore.ieee.org/iel3/3990/11481/00547806.pdf%3Farnumber%3D547806,0
conf/vldb/PapadiasZMT03,yEPh53LEhOUJ,0
conf/vldb/CarneyCCCLSSTZ02,url:http://ieeexplore.ieee.org/iel3/3990/11481/00547914.pdf%3Farnumber%3D547914,0
conf/sigmod/LangS01,ClLPYZjKDL4J,0
journals/vldb/ChuIT94,VTzHAEDjJUAJ,0
journals/tods/GunopulosKMSTS03,Km9CzIjaWJkJ,0
conf/vldb/IyerW94,R14MlOu73T0J,0
conf/vldb/XieH94,e7t9qlDR-7kJ,0
conf/vldb/ChenRS95,bRwGHsdQdiwJ,0
conf/vldb/OzsoyogluAAOUO02,_l81JfEvM2kJ,0
journals/sigmod/Widom96,JforH3yWVa8J,0
conf/sigmod/Olson95,euS2lK8KSrkJ,0
journals/sigmod/CaplinskasEV02,okFXHgvpv2YJ,0
conf/sigmod/ChenWZ98,NuwRNfDPpTcJ,1
conf/sigmod/ViglasN02,T659k92_IhYJ,0
conf/sigmod/ShuklaD00,qYe_TfRgWvAJ,0
conf/sigmod/IoannidisLANT97,qrfBA723rYAJ,0
journals/tods/KorthS94,dV6g5Os5DXsJ,0
conf/vldb/NetzCBF00,QRm-uvBiBogJ,0
journals/sigmod/Baeza-YatesN96,cvchvz9-m_oJ,1
conf/sigmod/Kramer97,oXiCtqK6qLsJ,0
journals/sigmod/Hellerstein03,pHHvswIOFfAJ,1
conf/sigmod/BerensonBGMOO95,url:http://adsabs.harvard.edu/abs/1976PhDT.........7J,0
journals/vldb/DoanMDDH03,GuMfFJGYg3wJ,0
conf/vldb/AcharyaGP99,h6CEUinBqsUJ,0
journals/sigmod/Dogac96,LTX04KJtPF8J,0
conf/sigmod/GoyalHKMSZ97,XLkdRNZJ2xEJ,0
conf/sigmod/TomasicABKNR97,O-xSz2Yf-jUJ,0
conf/vldb/TsoisS03,NAx5HL27MJgJ,0
conf/sigmod/ConsensM94,FsCK4Pvptg4J,0
conf/sigmod/CatarciS94,pryJrhEGI2sJ,1
conf/sigmod/Vaskevitch94,QlxvLzPUG6gJ,0
journals/sigmod/Badia02,rah3eNuNeewJ,0
conf/vldb/AgrawalS94,2W1rUlb_sMUJ,0
conf/sigmod/MeccaAMMS98,url:http://www.springerlink.com/index/H422G0686421661T.pdf,0
conf/vldb/MeekPK03,Xud-KgE4stEJ,0
conf/sigmod/Team95,GnUrnc3yH38J,0
conf/vldb/WuFSP00,7kfuBsC5iigJ,0
conf/vldb/DaynesC02,s4yoKYnXNY8J,0
journals/sigmod/CoxEH96,34T5IWe0aToJ,0
conf/vldb/Gibbons01,k81_8sqBbK8J,0
conf/vldb/Vaskevitch95,iUoN062y_d8J,0
conf/sigmod/ImielinskiVB94,CuoOi5jJXxQJ,1
journals/tods/DiaoAFZF03,BOCTB-vZ6jsJ,0
journals/sigmod/LenzVJS03,url:http://portal.acm.org/ft_gateway.cfm%3Fid%3D959083%26type%3Dpdf,1
conf/sigmod/SrikantA96,9t4Mce85HT4J,1
conf/vldb/MeekPK03,oZRX6KasVTgJ,0
journals/vldb/FangGM96,ei6gwaGz6QUJ,0
conf/sigmod/ChenCPPSTM00,W4SdZbLvsAcJ,0
conf/vldb/CeriFP99,CpA5QWyIRr4J,1
conf/vldb/KornSFSP96,QjbxSG6_-WIJ,1
journals/sigmod/ConradEHRSSSV97,KLSXEt7GkckJ,0
conf/sigmod/IoannidisP95,sWYyRgihL24J,0
conf/vldb/KornMZ03,url:http://portal.acm.org/citation.cfm%3Fid%3D318898.318997,0
conf/vldb/DiligentiCLGG00,-5pcLipFxDgJ,0
conf/vldb/DeutschT03,BnM4bTYXkjEJ,0
conf/vldb/SarawagiS96,mzkT1nTvUpYJ,1
conf/vldb/KeimH99,hJHkGSgbgRMJ,0
conf/vldb/LaudBCSR02,27gGO8i3q8sJ,0
conf/vldb/LaudBCSR02,zX1WRvWfJVYJ,0
journals/sigmod/FrankGGJKLMNPSSSTW99,8Dh2Kx1mGTIJ,0
conf/vldb/AshwinGG02,jqqSmB7vAAAJ,0
conf/vldb/ColletCS94,DYp_oU6znPkJ,0
conf/vldb/LeeL96,aiy-Hm-bz30J,0
conf/sigmod/RaoR00,q2F2htxNUCwJ,0
journals/sigmod/Han98,lwZ7EjZwrZ0J,1
journals/sigmod/Cetintemel01,vZuvXH5l1kUJ,0
conf/sigmod/RundensteinerCLCZNJLW99,ZCsZL4aVy08J,0
conf/sigmod/ForlizziGNS00,ziH7ThTOetMJ,0
journals/sigmod/Colliat96,PXf2IRLtHNUJ,0
conf/sigmod/ZuzartePMCLW03,CXih3vmijaoJ,0
conf/sigmod/LiYVGPUV98,bq7OBgf_CbAJ,0
conf/vldb/Sarawagi00,rWW4et9oLPAJ,0
conf/vldb/PottingerB03,DIWgFfcG1aIJ,0
conf/vldb/MiloZ98,UF-Z2VPtU6sJ,1
conf/sigmod/CruzALRZ97,fEsJHPBLdigJ,0
journals/sigmod/Aberer03d,rf_Qf9t3jnAJ,0
conf/sigmod/Bayardo98,P3WtAa-1nmYJ,0
conf/vldb/ChaudhuriGN03,nZusgwXjy7gJ,0
conf/sigmod/Stonebraker03,wIxDsSgXcMUJ,0
conf/sigmod/CuiOTS03,GJda3tcFaGIJ,0
conf/vldb/VelegrakisMP03,uJZC3kx4ECoJ,0
conf/vldb/HanF95,GeMycbLXZUkJ,1
conf/vldb/BernsteinHJRW00,ihd7Bv2UhSUJ,0
conf/vldb/FaloutsosG96,1T0QEMsUItoJ,1
conf/sigmod/RiedelFGN00,url:http://portal.acm.org/citation.cfm%3Fid%3D339388%26dl%3DACM%26coll%3Dportal%26CFID%3D11111111%26CFTOKEN%3D2222222,0
conf/sigmod/HjaltasonS98,7aZsKvWZL3MJ,0
conf/vldb/LiC94,lu7zjT6p1ycJ,0
conf/vldb/SeshadriLR97,ad-TVNZBg8YJ,1
conf/sigmod/Ivinskis95,url:http://portal.acm.org/citation.cfm%3Fid%3D983038.983039%26coll%3DGUIDE%26dl%3DACM%26idx%3DJ689%26part%3Dperiodical%26WantType%3Dperiodical%26title%3DACM%2520SIGMOD%2520Record%26CFID%3D11111111%26CFTOKEN%3D2222222,0
conf/sigmod/MinPC03,OVOdt8_hmUQJ,0
journals/sigmod/ChaudhuriD97,PiSKQ2TBfisJ,1
conf/sigmod/NybergBCGL94,fXziEl_Htv8J,1
conf/vldb/BliujuteJSS98,lnHsHRuRfoYJ,0
conf/vldb/Dasgupta96,url:http://portal.acm.org/citation.cfm%3Fid%3D105467.105474,0
journals/vldb/RamamohanaraoH94,UiWvxN_y9SAJ,1
conf/vldb/HelmerNM03,fp-tq5EMR5oJ,0
journals/tods/IoannidisR95,5ziID0k2zsUJ,0
journals/sigmod/Alonso95,k8bn5yxqOIQJ,0
conf/vldb/SayalCDS02,GFCznyVaj5UJ,0
journals/sigmod/VelACM01,DxgCifNnxUYJ,0
conf/vldb/BrownMCL94,fDK0WWladv8J,0
journals/sigmod/Zhang95,8f0YPrw1eOwJ,0
conf/sigmod/ChangG99,vjxJ_rBwdMkJ,1
conf/sigmod/GionisGK01,0uNuGPI_VHsJ,0
journals/tods/MuralidharS99,_SuxRa2iwhwJ,0
conf/sigmod/TatarinovVBSSZ02,gYWmOPwa7mwJ,1
conf/sigmod/GibbonsM98,96jLNbE2mvEJ,0
conf/vldb/GarofalakisG02,Knzz_bkGA00J,0
journals/tods/Kuo96,PEyhwP2OoB4J,0
conf/vldb/RantzauCHM02,SR1KF1fjoDAJ,0
conf/sigmod/WynblattN01,rUNHnYf8TtEJ,0
conf/sigmod/RafieiM97,5lFmSD-p-jEJ,0
conf/sigmod/Melling94,d8QWbtGr7SwJ,0
conf/vldb/HelmerWM98,df8tr4byaBMJ,0
journals/vldb/ZezulaSAR98,u0zrjkEEjKYJ,0
conf/sigmod/BergstraesserBPS99,En5mLcpg2VIJ,0
conf/vldb/MartinC94,OjOPOgqJGW0J,0
conf/sigmod/Team99,DphRY0uPqi8J,1
conf/vldb/SrinivasanDFCJYKTDB00,bwuXiPzZdTMJ,0
journals/vldb/RamamohanaraoH94,url:http://portal.acm.org/citation.cfm%3Fid%3D565117.565142%26dl%3DGUIDE%26dl%3DACM%26type%3Dissue%26idx%3DJ689%26part%3Dperiodical%26WantType%3Dperiodical%26title%3DACM%2520SIGMOD%2520Record%26CFID%3D11111111%26CFTOKEN%3D2222222,0
conf/sigmod/RoussopoulosKV95,y8Sm4Sh4hokJ,1
conf/sigmod/Mohan94,Ft1YZIFfu0cJ,1
conf/sigmod/IoannidisP95,Zo191JEI13sJ,0
conf/vldb/HinneburgAK00,FyK5Kj74oZ8J,0
journals/vldb/GarofalakisOS98,wukcRcGT2LEJ,0
conf/sigmod/Kennamer98,I0rYiR1aUHYJ,0
conf/vldb/GhoshPSH02,Le37t_inT2gJ,0
conf/vldb/BernsteinPS99,6xXVJ6-SR3gJ,0
conf/vldb/MedianoCD94,VM_HMbCUlnQJ,0
conf/sigmod/HoAMS97,4RpUGCwvpkMJ,0
conf/sigmod/KotidisR98,v-Th0lO-dnEJ,0
conf/vldb/BaumannDFRW99,bqm9F-LGbJMJ,0
conf/vldb/RaoR99,UCrHvovuxikJ,0
conf/sigmod/ProcopiucJAM02,her5b6Yz_HYJ,0
conf/sigmod/LahiriG01,u5ForuTsW-YJ,0
journals/vldb/AnGSVKI02,9HPkiwdiFecJ,0
conf/sigmod/BohrerBBCFHKKMNRRSUUW97,oulaZpEWkMQJ,1
conf/sigmod/HsuLG00,AvYMafGTVLEJ,1
conf/sigmod/GehrkeKS01,f6JFkfhawW8J,1
journals/sigmod/Snodgrass00c,fByiX_GsuhEJ,0
journals/sigmod/Seshadri98,url:http://portal.acm.org/citation.cfm%3Fid%3D983055.983056%26coll%3DGUIDE%26dl%3DACM%26idx%3DJ689%26part%3Dperiodical%26WantType%3Dperiodical%26title%3DACM%2520SIGMOD%2520Record%26CFID%3D11111111%26CFTOKEN%3D2222222,0
conf/sigmod/OzdenRSS96,wAxG0PXojsUJ,0
conf/vldb/BerchtoldKK96,G__T5t9i4ZwJ,1
conf/sigmod/BilirisFOP96,7x_V7eOrVUsJ,0
conf/vldb/Brodie03,P2heD7dWP38J,0
conf/sigmod/AgrawalES03,1y0jrK86eeMJ,0
conf/sigmod/RaoBG96,VRDIo9Ydh6UJ,0
conf/sigmod/GehrkeKS01,KHIU_XuALRMJ,0
journals/sigmod/DAndreaJ96,-XugBF7u07EJ,1
conf/sigmod/RundensteinerKZWLLN99,Ys4__xQf4CsJ,0
conf/sigmod/AbiteboulCM95,DakOA4Ew-poJ,1
journals/sigmod/BrunieK96,ezOCKM9rY9sJ,0
conf/sigmod/Kennamer98,gIKwrx708HMJ,0
journals/vldb/OoiTCH98,VevtZKOEsFIJ,0
conf/sigmod/ChenGMV02,bJhCiGMDcZ4J,0
journals/sigmod/CabreraLM01,b201QeqnlNkJ,1
conf/sigmod/Dullmann99,5bp8rSFAkzEJ,1
conf/sigmod/SimmenSM96,D6eE0iW5DFsJ,0
conf/vldb/PanRAMOHAMV02,Lie3X6F5jH4J,0
journals/sigmod/Widom96b,Z5bPVGNAhFwJ,0
journals/sigmod/FlorescuLM98,CENHRvPY-OQJ,0
journals/sigmod/Grohe02,TxHlxL2LeYkJ,0
conf/sigmod/Weininger00,ZympjYazs6QJ,0
conf/vldb/AmmannJR95,aEhVgTfCykUJ,0
conf/vldb/SellisRF97,mH39F5848ckJ,0
journals/vldb/FiletoLPAM03,jMQ_SiixnSEJ,1
journals/tods/HsuSY01,lcifTGIiUlQJ,0
conf/vldb/LeeWMS02,c-MP8R47zVIJ,1
conf/sigmod/AggarwalY01,sJ-WnDZ6PxoJ,0
conf/vldb/SumiyaYTSI95,url:http://www.csa.com/partners/viewrecord.php%3Frequester%3Dgs%26collection%3DTRD%26recid%3D0140490CI,0
conf/sigmod/2002,YSliyJD9mSIJ,0
journals/sigmod/JensenCEGHJ94,zunA9Y25rbgJ,0
conf/vldb/ChenCFGJMTW99,359PjJkfNhQJ,0
conf/vldb/SakuraiYKU01,TD63XjMtUR8J,0
conf/sigmod/FernandezFKLS98,vVYs-3fNuZAJ,1
conf/vldb/SundaraHCAS01,wzh7yCyizVkJ,0
conf/sigmod/Moore95,ltADueOKUzQJ,0
conf/vldb/SrikantA95,nPkMLSiC3JQJ,1
conf/vldb/OzsuVU98,r61_Ez1cMOcJ,0
conf/sigmod/GravanoCGP97,ccSYV2e8ZRgJ,0
journals/sigmod/BertinoEH03,k08Dgh6ZacYJ,0
journals/sigmod/ChangASS98,DKS-X323EGMJ,0
conf/vldb/GravanoIJKMS01,_2hj6snS3foJ,0
conf/sigmod/Golding95,H_M5jxQQI0UJ,0
conf/sigmod/KementsietsidisAM03,bTMkizKhEosJ,0
conf/sigmod/AtzeniT97,o_cofb-9l6IJ,0
journals/sigmod/AbererCDDHPS03,url:http://www.csa.com/partners/viewrecord.php%3Frequester%3Dgs%26collection%3DTRD%26recid%3D0804630CI,0
conf/vldb/BrownCC94,rclktuAAJMoJ,0
conf/sigmod/LuoEHN02,g4HUcNSOLesJ,0
journals/sigmod/ONeilG95,lUh5k5oT-WQJ,0
conf/vldb/ChakrabartiSD98,XBxtfhCcYRkJ,0
conf/vldb/LakshmiZ98,xNxjYOHH9ZoJ,0
conf/vldb/JohnsonS94,4qgArKD6LA4J,0
conf/vldb/ChenDZ03,8TiEuTR1nGoJ,0
conf/sigmod/CasatiS01,qljig-4aHLUJ,0
journals/sigmod/Hainaut03,H_rLSLj8U1YJ,0
conf/sigmod/ChristophidesACS94,voUO6t_or8UJ,0
journals/vldb/AbadiCCCCLSTZ03,pr2gaQY6uAAJ,0
journals/sigmod/Kuijpers02,SsTgZELIO2sJ,0
conf/vldb/HasanM95,zf0qnljcTxwJ,0
conf/vldb/ArionBCDMP03,PcadhxjbWhcJ,0
journals/vldb/AgrawalHK03,_Ml_9m0fsKwJ,0
conf/sigmod/NguyenACP01,3xZOXvJT8JsJ,0
conf/sigmod/BaruFGHJPW95,P9hmhnTF9FAJ,0
journals/tods/MuralidharS99,3nY6tGwUFlcJ,0
conf/sigmod/AggarwalY00,YlH-4hUGt2gJ,0
journals/vldb/HelmerM03,Tm0EVQX4i0YJ,0
conf/vldb/LakshmiZ98,3XwLBVHUBvAJ,1
conf/vldb/GravanoG97,lfq_iao2AHIJ,0
conf/vldb/MatthesS94,qsq-RQaL5L8J,0
conf/vldb/ChienVZTZ02,7gDXEIuMUIIJ,1
conf/vldb/Mattos96,wV_vZ1W5MSoJ,0
conf/vldb/AgarwalADGNRS96,ukB-G2_1m5AJ,0
conf/vldb/WienerN94,EMK8ZjQyjvoJ,0
journals/sigmod/Fong97,1i0UEvI8HV0J,0
conf/vldb/Galindo-LegariaJWW03,tKewiQ5_kyIJ,0
conf/sigmod/GuhaRS98,WOz4at12OJkJ,0
conf/sigmod/ClossmanSHKPB98,63gVuKEubzQJ,0
journals/sigmod/MusickM98,Iam2LCrEQC4J,0
journals/sigmod/Ozsu03,lF8GYjXsB4UJ,0
conf/sigmod/HeC03,GBKwjRwoLSkJ,0
conf/vldb/Raghavan96,6jnh41OdJZMJ,0
conf/vldb/DillKMRST01,u64n4yMnma4J,0
conf/vldb/JagadishNSSK97,Ba_SKiKHk0oJ,0
journals/sigmod/Stirling03,dMAZaGV16r8J,0
conf/vldb/CochinwalaB94,0rkN_oehxD4J,0
conf/sigmod/GarofalakisG02,6EaC2CmjsmAJ,1
conf/vldb/HristidisGP03,ydUfQegLPX0J,0
journals/sigmod/BargaL02,HAhACmI6Z2wJ,0
journals/vldb/FengYLH02,0Nz6tihBVm4J,0
conf/vldb/GarofalakisI97,E1QFOpacC60J,0
conf/vldb/AcharyaFZ96,u7yilRaXJrcJ,0
journals/vldb/MuckP97,J0QHWazwpncJ,0
conf/sigmod/WitkowskiBBDFGSS03,ygCe1xRFuKgJ,1
conf/sigmod/LiYVGPUV98,8a9NXXE4xiwJ,1
conf/vldb/LaneEN00,0O3JgOoSdIUJ,1
journals/sigmod/BoulosO99,uNibqOXQZ_EJ,0
journals/sigmod/AbererCDDHPS03,HCjwB7vV2HEJ,0
conf/vldb/SeegerBBKSDS01,ONSmQ_468FgJ,0
journals/sigmod/Baeza-YatesN96,pZjVMITtmcwJ,0
conf/sigmod/DarEGP98,XMX29F-EgrIJ,0
conf/sigmod/DoanDH01,t2JZTC9_SX4J,0
conf/vldb/SakuraiYKU01,OEv-imRd3D8J,0
conf/sigmod/AgrawalK03,eILN_YRMWDkJ,0
conf/sigmod/WattezCBFF00,1SA9LhktHsUJ,1
conf/vldb/HelalL00,rgjvOIzWA8UJ,0
conf/vldb/YuV00,XVdVCkyaGCUJ,0
conf/sigmod/NaumanS98,njuthCBUMPAJ,0
conf/sigmod/GraySEBW94,SRHvoUtqyH0J,0
conf/vldb/WangC03,mi4ZjIkzWPAJ,0
conf/sigmod/ChristophidesCS00,35NMD2cIprEJ,0
conf/sigmod/AdelbergGK95,XAJWHLEieWsJ,0
conf/vldb/AnanthakrishnaCG02,url:http://portal.acm.org/citation.cfm%3Fid%3D319684,0
journals/sigmod/ChaudhuriD97,Px4JslMPzwcJ,0
conf/vldb/ShethKMWDLPLS96,tKPVyvxSJA8J,1
conf/sigmod/IoannidisP95,1RGGZf_o4W8J,0
conf/sigmod/BohmA96,uFvSacyw4eIJ,0
conf/vldb/CeriFP99,85DKCQJrYPUJ,0
conf/sigmod/DeligiannakisR03,CMNhuOzf5jAJ,0
conf/vldb/ChakrabartiSST00,url:http://portal.acm.org/ft_gateway.cfm%3Fid%3D1101292%26type%3Dpdf,0
journals/tods/LakshmananSS01,hAxBIHgm-GAJ,0
conf/sigmod/ZaianeHLCC98,VCc6IQulRJ4J,1
conf/sigmod/NaumanS98,qCnvlNwYp6cJ,0
conf/vldb/TeisseirePC94,kyUXzFPXzwIJ,0
conf/vldb/BonczRK98,ts5vu2eNQgYJ,1
conf/vldb/SeifertS02,4-4KVRS7-Y0J,1
conf/sigmod/ShenoyHSBBS00,Z2CAABdqG5UJ,1
journals/sigmod/FlorescuLM98,RTzd_N7w6WcJ,0
journals/vldb/ShyyASL96,zMG9paDOtJwJ,0
journals/tods/WijesekeraJPH03,oui-frSWZCAJ,1
conf/vldb/Korth95,zctGLtEC2VIJ,0
conf/sigmod/LeflerSW96,TKyySUinrgQJ,0
journals/tods/MelnikG03,iyliEUBEyhwJ,1
conf/sigmod/LivnyRBCDLMW97,pOAxVy1_2zUJ,0
conf/sigmod/FaloutsosL95,url:http://portal.acm.org/citation.cfm%3Fid%3D226931.226984%26dl%3Dportal%26dl%3DACM%26type%3Dseries%26idx%3DSERIES492%26part%3DProceedings%26WantType%3DProceedings%26title%3DInternational%2520Conference%2520on%2520Digital%2520Libraries%26CFID%3D11111111%26CFTOKEN%3D2222222,0
journals/vldb/KashyapS96,yWyvTMAVVzwJ,1
journals/sigmod/Widom95a,NlqLAhnbPgwJ,0
conf/vldb/LimWV03,HEHDVY37j8kJ,0
journals/tods/Chomicki03,AoXFMny-wOUJ,0
conf/vldb/FrohnLU94,Zr1oPHmXCa4J,0
journals/sigmod/SpynsMJ02,XXTspMKJyUQJ,0
journals/sigmod/Jonsson03,acHof67jRp0J,0
journals/sigmod/Stonebraker02,0HMk-YUh4i8J,1
journals/sigmod/Zhang95,vZ-YEOg1B2wJ,0
journals/sigmod/GroskyFS94,UGUXUD_Ctk4J,0
conf/vldb/KemperK94,v5H6nVWa-CkJ,0
journals/sigmod/GobleR02,vGEQ1Ja7EEsJ,0
conf/sigmod/RiedewaldAA02,nQvBo5KHITYJ,1
conf/vldb/HelmerM97,vInYFLVq0uIJ,1
journals/tods/KrishnakumarB94,izQrFQyTMs4J,0
conf/sigmod/Galindo-LegariaJ01,MAG86J6pnC0J,0
journals/sigmod/WenLMZ03,gBVNSFeS4P8J,0
journals/sigmod/WenLMZ03,rZ-utPDxLmoJ,0
conf/vldb/NicklasGS03,zApMW7wX5-AJ,1
conf/sigmod/2003,tKi0eiRaTlEJ,0
journals/sigmod/HalkidiBV02,zEGII7oBnVwJ,0
journals/tods/RosenthalR94,G4PfwgnnQ7IJ,0
journals/sigmod/SommerGB02,H_v6sdHDc2kJ,0
conf/sigmod/JajodiaSSB97,6juhbX7usRYJ,0
conf/vldb/ZhangL98,ZjHAEBJYahAJ,1
journals/sigmod/Liu03c,OcDmEcVhfEQJ,0
journals/tods/DyresonS98,dvlv3BMgYrIJ,1
conf/vldb/AgrawalSX02,a1CLM5GoVtYJ,1
journals/sigmod/Ozsu02,O5dkXaulYZIJ,0
conf/vldb/Moerkotte98,c8g65Frw9u8J,0
conf/sigmod/Galindo-Legaria94,grqcYwYFMwIJ,0
conf/sigmod/LiC95,2oMbVvoXspYJ,0
conf/vldb/AgrawalKSX02,XK-KPRa2qjcJ,1
journals/sigmod/NgH95,L9UCldUEnxQJ,0
conf/sigmod/GuptaMR95,2GUwicKtWTUJ,1
conf/sigmod/ShuklaD00,_yDVedVj_yQJ,0
conf/sigmod/OConnellISWABCCLPWW96,UmhAnmAoHxwJ,0
conf/vldb/BaulierBKS98,q-td2YANr18J,0
journals/vldb/PucheralBVB01,hNOti13KB_8J,1
conf/sigmod/Gettys95,LD0mi2WuVMgJ,0
conf/sigmod/GodfreySE98,VHPeOund_J0J,0
conf/sigmod/FreedmanD95,2bao_dZfCuQJ,1
journals/sigmod/Qian94,kj3MVmGGCyEJ,0
conf/sigmod/Al-KhalifaYJ03,o3fkxpcCBskJ,0
conf/sigmod/2000,69nY_nZJE68J,0
conf/vldb/GravanoG95,TM3NnP6bE1gJ,0
conf/vldb/BouganimP02,lqtsfea63DMJ,0
conf/vldb/Duranti01,url:http://adsabs.harvard.edu/abs/1984rame.conf..172A,0
conf/vldb/MurthyB03,kHi1YOTBmlkJ,1
conf/sigmod/JonkerS95,sQ-noLU2QA0J,0
conf/vldb/PapadiasT01,I3ZDfrschkIJ,0
conf/sigmod/AbadiC02,Zwp9kDL8OugJ,0
conf/sigmod/DavulcuFKR99,6FoQ3O3in1cJ,0
conf/vldb/CarneyCZRCS03,6GypEAUDJykJ,0
conf/sigmod/OConnellISWABCCLPWW96,O-TrhFwhKM8J,1
conf/vldb/ChangG97,p0Wvdn9apRsJ,0
conf/sigmod/ShuklaD00,yGz8BLxbPPcJ,1
conf/vldb/AggarwalHWY03,yFMUnqONfGwJ,1
journals/tods/ChaudhuriS99,gWN94b9nfLsJ,0
journals/sigmod/AtkinsonDJPS96,SCNFphsD100J,0
conf/sigmod/TheodoulidisAACKS94,amxpJn__3XYJ,0
conf/vldb/HelalL00,9g9hNq0twPMJ,0
conf/vldb/ChatziantoniouR96,46FVYbhr0WoJ,1
conf/sigmod/Jagadish94,evoslMjHs3EJ,0
journals/sigmod/Qian97,3NeCZeyI6lEJ,0
conf/sigmod/RamaswamyK95,NjEKpZOm48kJ,0
conf/vldb/BernsteinPS99,1tCKHeR85gIJ,0
conf/vldb/HristidisGP03,neK-xIXsY4UJ,0
conf/vldb/TriantafillouP97,k13xD0uym1oJ,0
journals/sigmod/KuoM96,xrptbQJ-GYUJ,0
journals/sigmod/Konig-RiesMMPPRSVW02,GwEwJ-IcBBYJ,0
conf/vldb/BaumgartnerFG01a,POIZH_1ba80J,0
conf/vldb/May01,Fb4oYRM9N4EJ,1
conf/vldb/JermaineDO99,ff7sTIvMfyYJ,0
journals/tods/MelnikG03,rPGTj5ljWkcJ,0
conf/sigmod/SaltenisJLL00,cOKselhBx8EJ,0
conf/sigmod/GoelI96,sxLrc8XOTcgJ,0
journals/sigmod/TheodoridisN00,QW88_7WCSS0J,0
conf/sigmod/FranklinJK96,iDBvvrHwj7YJ,1
conf/vldb/DiaoLCT00,E688ACygfTEJ,0
conf/vldb/KeimH99,6ijIQqs6yk4J,0
conf/vldb/JiangSLB00,url:http://portal.acm.org/citation.cfm%3Fid%3D234286.1057842,0
journals/sigmod/Liu03,TkN47KAvoVsJ,0
journals/sigmod/BarbaraCJW01,LVBEcB4uc0AJ,0
conf/vldb/JohnsonS94,url:http://portal.acm.org/ft_gateway.cfm%3Fid%3D1066258%26type%3Dpdf,0
journals/sigmod/BiancheriPP01,1ZkeBqSLAkcJ,0
conf/vldb/CareyK98,lkiIBWV1wHQJ,0
conf/vldb/HsuLOMTX02,q6sq3TqyqfEJ,0
journals/vldb/ShyyASL96,cZ5JZQyhb1MJ,1
conf/sigmod/LometT99,JDJCuZ5XekUJ,0
conf/vldb/Mattos03,tZpeMfkDl8cJ,0
conf/vldb/LernerS03,Xs8A5V9n3okJ,1
conf/sigmod/ChangH02,1YMxfhO3J6YJ,0
conf/sigmod/AnnamalaiCD00,0Hd2o8tehbEJ,0
conf/sigmod/KalnisNOPT02,Wt3sbf2mdhcJ,0
conf/vldb/HardingLM03,T4HF2QLGKTkJ,0
conf/vldb/SistlaYH94,m34gK6xEONkJ,0
conf/sigmod/AcharyaFZ97,qdCTR7WpuFUJ,1
journals/sigmod/Suciu97,c-MP8R47zVIJ,0
journals/sigmod/Franklin00a,YSQbMPHnheoJ,0
conf/sigmod/DarEGP98,VycCvoY017AJ,0
conf/vldb/LernerS03,GsTq8-R1uaMJ,1
journals/sigmod/JaegerF95,FugzPyO_ctgJ,0
journals/tods/IoannidisR95,Ax0oCqU8X04J,0
conf/sigmod/SwamiS94,DBPQai0tf1QJ,0
conf/vldb/JarkeKL00,48uWE13ssxQJ,0
conf/sigmod/BohrerBBCFHKKMNRRSUUW97,lZ8d83jcpU8J,0
journals/vldb/ChirkovaHS02,WofKrfYKW1IJ,0
conf/sigmod/BrunoC02,N3KF8HfD0Q8J,0
conf/vldb/ShuklaDN98,cwlzSBbT2vAJ,0
conf/vldb/NinkHR99,rrud5k5DUuoJ,0
journals/vldb/HjaltasonS02,4EubY5COwC4J,0
conf/vldb/ChakrabartiGRS00,5qC9UlROJFwJ,0
journals/sigmod/KuoM96,nBWPr5jPLt8J,0
conf/vldb/KangC02,ZAhm4LqZfmcJ,0
conf/sigmod/SeshadriP97,url:http://www.springerlink.com/index/H2413503P5248666.pdf,0
journals/vldb/CliftonGB95,Jkd_d3BII3QJ,0
conf/vldb/DiaoLCT00,3VNbVYiMrBYJ,0
journals/vldb/GutingS95,A4lUwOD7AeYJ,1
conf/vldb/BelloDDFNSWZ98,zrMFWOX1h2MJ,1
journals/sigmod/Chang03,yolbQQsdTZAJ,0
journals/sigmod/Snodgrass97,e8OIK3dEo6EJ,0
conf/sigmod/PoosalaIHS96,gfRbQIzfux4J,1
conf/vldb/FerrandinaMZ94,_MBzpOvEvpUJ,0
journals/sigmod/Bertram94,93aR_airsVMJ,0
conf/sigmod/Whelan98,8Q3o7Y_RYCAJ,0
journals/vldb/ChanGR03,ztk501c10_cJ,0
conf/vldb/OzsuLON01,Qu8bCmhn3yMJ,0
journals/sigmod/LenzVJS03,wp18Rv-agkQJ,0
conf/sigmod/PoosalaIHS96,HKPOQm4QcQcJ,1
conf/sigmod/Sahuguet01,SUlysURyxCUJ,0
conf/sigmod/Hidber99,HkBKH9ZUJEcJ,1
journals/vldb/GruserRZZ00,2bzCwlKLslsJ,0
conf/vldb/MeccaCM01,eynVF0FSPjkJ,1
journals/sigmod/Lomet01,Oqc3DR3mFyYJ,0
conf/sigmod/ChangG99,6ojJ1u4eyOwJ,0
journals/vldb/KieslingSSD94,pTvXp4XSAnAJ,0
conf/vldb/SeidlK97,HAG0kCjBu4EJ,1
conf/vldb/CasatiDGS01,hqz0_ldbdfIJ,0
conf/sigmod/AgrawalGGR98,HmzwzACRfWsJ,0
conf/sigmod/Galindo-LegariaJ01,VKpCK5JoHRsJ,0
journals/sigmod/Aberer03c,Qyuahxs81nMJ,0
conf/vldb/RamasamyPNK00,url:http://www.csa.com/partners/viewrecord.php%3Frequester%3Dgs%26collection%3DTRD%26recid%3D0250559CI,0
conf/sigmod/OlstonWACELSS98,8v9DYuNnzn0J,0
conf/sigmod/DasGR03,L9dW7LT7mx8J,0
conf/vldb/GehrkeRG98,G8JSWUAO2lMJ,1
conf/sigmod/AtzeniT97,5XnKbFuTEW0J,0
conf/sigmod/AgrawalES03,gjbnWdKeZm0J,0
journals/sigmod/YanG95,LNK9xSoxBvcJ,0
journals/sigmod/Snodgrass99a,hrdZDk2BS20J,0
conf/sigmod/LibkinMW96,url:http://www.springerlink.com/index/N144055406516232.pdf,0
conf/vldb/DiligentiCLGG00,KBRWIPkGQCYJ,0
conf/sigmod/WangPFY03,y5zNcYc9dqsJ,1
journals/sigmod/CatarciC96,BqhHjTiFwzQJ,0
conf/vldb/JagatheesanMPW03,brn7Z_IVHMoJ,0
conf/vldb/DarmontS99,vr00Sl3jUTEJ,0
journals/sigmod/GobleR02,JbjklV9sqTEJ,0
conf/sigmod/CareyK97,b_lpj8wu7BEJ,1
conf/vldb/ShaferA97,Ubzm0WWFPfwJ,0
conf/vldb/AilamakiDHW99,xVAkKwImwUQJ,0
journals/tods/Hellerstein98,dtYwk-vb8DUJ,1
conf/vldb/Adler01,qC-pV0arGi8J,0
journals/sigmod/Hellerstein03,smlOZhkZmHIJ,0
conf/sigmod/ChenCPPSTM00,56SxOhFyUrgJ,0
conf/vldb/HanF95,6FK4jyanxq4J,1
conf/vldb/BargaP95,clqEOLT55pUJ,1
conf/vldb/RamsakMFZEB00,4fN0QEu0KeAJ,1
conf/vldb/GoyalHSS95,pVXCbz5bZWkJ,0
journals/sigmod/PhatakSSS96,HtYTQ-fN8ccJ,0
journals/vldb/DanYC95,8EqLarkGNhwJ,0
conf/vldb/CarinoO98,ficuvb1Q0aUJ,0
conf/sigmod/DuSD95,5IbdTvfNg04J,0
journals/sigmod/Hammer01,url:http://portal.acm.org/ft_gateway.cfm%3Fid%3D601859%26type%3Dpdf%26dl%3DGUIDE%26dl%3DACM%26CFID%3D11111111%26CFTOKEN%3D2222222,1
conf/vldb/VorugantiOU99,yi0fC_dpTUkJ,1
conf/sigmod/BrodskySCE99,n5SsAbtjBpAJ,0
conf/vldb/HelmerNM03,C-M5DwS55kcJ,0
conf/vldb/LudascherMP02,U2D6P6juLQ4J,0
conf/sigmod/ZhuSZ03,url:http://www.csa.com/partners/viewrecord.php%3Frequester%3Dgs%26collection%3DTRD%26recid%3D200111000456MT%26recid%3DA0032612AH,0
journals/sigmod/Stonebraker02,nxDrT01kHfsJ,0
conf/sigmod/FegarasSRM00,_TsHsqV0EOUJ,0
conf/vldb/Selinger02,wr5pRI-iGqsJ,0
conf/sigmod/WangTYGWP02,HAOeYFmL-4AJ,0
conf/sigmod/PhanN02,F_elU7v6rXEJ,0
conf/sigmod/FaloutsosL95,vbvO-dB6wiIJ,1
conf/sigmod/LacroixSC98,VVQpyo1W_g8J,0
journals/sigmod/ChangASS98,8qN9SdWsJYYJ,0
journals/vldb/WhangKW94,nPXjp8H5wVgJ,0
conf/sigmod/AgrawalW00,3lY4Tguu8NMJ,0
conf/vldb/Dayal99,url:http://portal.acm.org/citation.cfm%3Fid%3D38714%26dl%3DGUIDE%26dl%3DACM%26type%3Dissue%26idx%3DJ689%26part%3Dperiodical%26WantType%3Dperiodical%26title%3DACM%2520SIGMOD%2520Record%26CFID%3D11111111%26CFTOKEN%3D2222222,0
conf/vldb/MeoPC96,_jeGsG2xolAJ,1
journals/sigmod/Ozsu02a,url:http://pubs.acs.org/cgi-bin/abstract.cgi/achre4/2005/38/i03/abs/ar0402457.html,0
journals/sigmod/KarlapalemLS95,jksAN1GfbR8J,0
conf/sigmod/GrayHOS96,OLt5pqtQf3YJ,1
conf/vldb/YangG01,-k68yiKJmQ8J,0
journals/sigmod/KappelR98,DZ_aRsY5CmEJ,0
conf/sigmod/GrayHOS96,-I3tMtHlNj8J,0
journals/vldb/MuckP97,pDZhu54mzewJ,0
conf/vldb/RothS97,tRoiaChnyqEJ,1
conf/vldb/KiesslingK02,d5T54NeKom4J,0
journals/vldb/C94,qJvA3wpASUgJ,0
conf/vldb/Schoning98,HvqkEKdpZQAJ,0
journals/sigmod/Rosneblatt94,gGspso3luCUJ,0
conf/sigmod/LiYVGPUV98,4zDGoqCAWOoJ,1
conf/vldb/ShethKMWDLPLS96,n4DGhQlosLoJ,0
journals/sigmod/FlorescuLM98,rGNdajM-asAJ,1
conf/sigmod/PadmanabhanBMCH03,wI75uFSs0bwJ,1
conf/sigmod/ShashaB02a,cVfv-7AjWfQJ,0
conf/sigmod/CrescenziMM02,i7O3ZVi9K40J,0
conf/sigmod/AgrawalK03,zYyB-UslfKEJ,0
conf/sigmod/LibkinMW96,url:http://portal.acm.org/citation.cfm%3Fid%3D335465,0
conf/vldb/DillKMRST01,eRh9hA637AMJ,0
conf/sigmod/BohmBKK01,kg0UicKszK8J,0
conf/sigmod/IpeirotisGS01,uNbSMacgADoJ,0
conf/sigmod/MaheshwariL97,FbylTHYETQIJ,0
conf/sigmod/French95,url:http://portal.acm.org/citation.cfm%3Fid%3D89482.89487,0
conf/vldb/AboulnagaAN01,url:http://doi.wiley.com/10.1002/he.112,0
conf/vldb/RezendeH98,s3hQmSzLIfoJ,0
journals/sigmod/LometBCLN98,_B_yQxbdyXcJ,0
conf/sigmod/BabcockBDM03,8AOURKrGeG4J,0
conf/sigmod/Chong98,c5kMAyZ5XRUJ,0
conf/sigmod/HanPLJ01,oWLSOI6xZ_gJ,0
conf/vldb/HjelsvoldM94,BTnKgB26ygAJ,0
conf/sigmod/WoelkBJOTU95,v6QoWdFgBjwJ,1
journals/tods/LiuHD98,aYjE-ILUHaoJ,1
journals/sigmod/Halevy03,JggEq6UhXBcJ,0
conf/vldb/BerckenS96,EAZ5Gz22bIUJ,0
journals/sigmod/Bhashyam96,url:http://portal.acm.org/ft_gateway.cfm%3Fid%3D245908%26type%3Dpdf%26dl%3DGUIDE%26dl%3DACM%26CFID%3D11111111%26CFTOKEN%3D2222222,1
conf/vldb/RaoR99,tv4rTR2Z-I8J,1
conf/sigmod/GillmannWSWW00,XRq-OLdjzccJ,0
conf/sigmod/KabraD98,V9XUvirmVEEJ,1
journals/sigmod/Lee95,u1TfzpL6GkAJ,0
conf/vldb/SeshadriLR97,MC7lRbeNCUkJ,0
conf/vldb/KornackerB95,_1N4nkD4AMIJ,1
conf/sigmod/BilirisDGJR94,F1jTS6bSj4gJ,0
conf/vldb/OrensteinK95,rtQFGSxutzkJ,0
journals/sigmod/Grohe02,tNG28HMyZRIJ,0
conf/sigmod/ZouS96,8hKLiZyKMLoJ,0
conf/vldb/Kotidis01,ZzsXx-hJkeUJ,0
conf/vldb/KriegelPS00,JtxQl6FRabwJ,0
conf/sigmod/BumbulisB02,9K6eZydvEwsJ,0
journals/sigmod/ShethM02,B_axrPz8j5EJ,1
journals/sigmod/Hammer02a,k4uc3UQ9hR0J,0
conf/vldb/ChakrabartiDAR97,_dQ-9qeRBxYJ,0
journals/sigmod/Neven02,zG3bOR1rtDIJ,0
journals/vldb/TanGO00,2pV5bch8V9kJ,0
conf/vldb/NinkHR99,hJ7mtcLJfWIJ,0
conf/sigmod/ChenJDTW00,8i1ulDTkSU4J,0
conf/vldb/PolyzotisG02,UdvxmjRPkSUJ,0
journals/sigmod/Labrinidis01,40Mh__7XofkJ,0
journals/vldb/HjaltasonS02,FH41DtWf_jAJ,1
journals/vldb/AlbanoGO95,vrD2aAK6G-wJ,1
conf/vldb/WuFSP00,XojbAfbtdvcJ,1
conf/vldb/BlokWZPAKJ01,jxPqWIuxhvwJ,1
conf/sigmod/KemperKM98,5BK4tIRJ3wwJ,1
journals/sigmod/Widom95a,S6PWjHRFORYJ,0
conf/vldb/ShashaB02,DEl2TsijDYEJ,1
conf/vldb/Jermaine03,S38ugVwOqkUJ,0
conf/sigmod/BressanGOT00,Sd1VkphGUxwJ,0
journals/sigmod/Ozsu01a,-WXfhcfK_bUJ,0
journals/tods/DyresonS98,QMaKj5tjyosJ,0
conf/sigmod/HristidisKP01,SUZ7-NcNdMwJ,0
conf/sigmod/RodriguezR00,dVDzCb6fuJ0J,1
journals/sigmod/Aberer02,1l_YWeiCutIJ,0
conf/sigmod/FaloutsosL95,g1Dv4Zs2pUQJ,0
conf/sigmod/GarofalakisRRS99,z7J4u1sJ52cJ,1
conf/vldb/KamelF94,Gr7nw0PAH1sJ,1
conf/vldb/MeccaCM01,ub8tcTMS6B8J,0
conf/vldb/MengLLA03,url:http://doi.wiley.com/10.1002/tl.25,0
conf/vldb/AgrawalLSS95,iJc7iMSuwowJ,1
conf/sigmod/JagadishLS99,_Q3WkJ7zfjwJ,0
conf/vldb/Moerkotte98,rrZf69wX4wwJ,0
conf/vldb/LabioYCGW00,-UILVcP4CZ8J,1
journals/vldb/PapazogluK97,buyNNgjt8m8J,0
conf/sigmod/OlstonW02,X0L2nv-6cNgJ,0
conf/sigmod/FranklinJK96,0e3bs1VFPvAJ,1
journals/sigmod/GolabO03,VsqlfmhgAO8J,0
journals/sigmod/X94b,l0-CnlwSZ0EJ,0
conf/vldb/FegarasE01,pinPEM3Rvm0J,1
conf/vldb/NatsevCSLV01,e6dXyX0MKEIJ,1
journals/sigmod/NestorovAM97,eW1MGLQVCVUJ,0
journals/sigmod/GuptaHR97,bpenyPP9bewJ,0
conf/sigmod/NazeriBO01,pdsVunAdcvoJ,0
journals/sigmod/EisenbergM98a,wm2pbJarxT0J,0
journals/tods/CliffordDIJS97,F2IqQB4Unv4J,0
conf/vldb/WangHH00,K-mOMUTYlnkJ,0
conf/vldb/XieH94,0GzcaxNWuPYJ,0
journals/sigmod/ClementLGMK97,J7Y20fYLGbcJ,1
conf/sigmod/SagonasSW94,St8wEA8ZcLkJ,0
conf/vldb/Norvag99,9j9T84uxUbYJ,0
conf/sigmod/ReveszCKLLW00,lA0mVNQ90pgJ,0
journals/sigmod/DarwenD95,wpklwKiP_D8J,0
conf/vldb/KumarKA97,MUS7fAUjEmcJ,0
conf/vldb/CareyKRLABFLOPQRSSUVWY01,mdY84AIJ-Q8J,0
conf/sigmod/AcharyaAFZ95,cHxtmO9talkJ,1
journals/tods/Chomicki03,pHuL-9kHWH0J,1
conf/vldb/GuptaM96,I0Kfdt6sh0gJ,1
conf/vldb/NathDKGKS03,fKRUdiKH2moJ,0
conf/vldb/MiklauS03,wHwpikxBIC8J,0
journals/tods/FraternaliT95,VWd7jhLXfV0J,0
journals/sigmod/ClementiniF00,C8uSt9hyMQAJ,0
conf/sigmod/Atkinson95,DamuVSZX1t0J,0
conf/sigmod/JagadishKS00,Z89oJ6otHJ0J,0
conf/vldb/GinisHKMT97,url:http://www.ingentaconnect.com/search/expand%3Fpub%3Dinfobike://pep/jae/2003/00000217/00000012/art00007%26unc%3D,0
conf/sigmod/YuMWL01,O2oY3acWLzIJ,0
journals/vldb/C95c,url:http://portal.acm.org/ft_gateway.cfm%3Fid%3D1083759%26type%3Dpdf,0
conf/vldb/CormodeDIM02,OhhO92vu2joJ,0
conf/sigmod/RundensteinerWYD02,P3WtAa-1nmYJ,0
conf/vldb/LamKR02,kb5z_XS5ydgJ,0
conf/sigmod/AgichteinG03,url:http://portal.acm.org/citation.cfm%3Fid%3D872851,1
conf/vldb/EicklerKK97,PCFJuVxYxtwJ,1
conf/vldb/PottingerL00,url:http://ieeexplore.ieee.org/iel3/3990/11481/00547817.pdf%3Farnumber%3D547817,0
conf/sigmod/HaasH01,v7aFoDlj-k8J,0
conf/vldb/PardonA00,9vWP2bats24J,0
conf/vldb/JagadishLRSS94,YdgdoWFuCvoJ,0
conf/sigmod/JosifovskiSHL02,0Ax9sw6wVXkJ,0
conf/vldb/PapadiasTS03,u9S4Ama4FOoJ,0
conf/sigmod/AbiteboulBCMM03,Rjb06zlxbLIJ,1
conf/sigmod/HsuLG00,U0nAO7a_PhUJ,0
journals/sigmod/CarmelMS01,ssg6jrXbOUoJ,0
journals/vldb/BarbaraI95,7N0H3ra1FFsJ,1
journals/sigmod/RamirezSP94,WhGyGmt06lUJ,0
journals/sigmod/KaradimitriouT97,4tTQJrG4pn8J,0
conf/sigmod/BaruFGHJPW95,8jlaubBnZcwJ,0
journals/sigmod/AdelbergKG96,K_aeropX21UJ,0
conf/sigmod/Chamberlin03,lEqiau26hxoJ,1
conf/vldb/DagevilleZ02,TaONifmFA7MJ,0
conf/sigmod/CareyMN97,nM9bJESsWNoJ,1
conf/sigmod/BenediktCFFR03,2S1bQB2m9AwJ,0
conf/vldb/Brin95,LSKzZfclccAJ,0
journals/sigmod/RossHKRRSS01,WvsHrLCXFXUJ,0
conf/vldb/RamsakMFZEB00,Mf9ImxHXHGIJ,0
conf/sigmod/SunAA03,QT9wyF1JNgIJ,0
conf/vldb/Moni96,GfRmtB2qhgYJ,0
conf/sigmod/WolfsonSXZC99,4n3d9sH99XsJ,1
conf/sigmod/MissikoffT94,o_QeGSGi-cAJ,0
conf/vldb/BaumannFRW97,5l2xUevEqhQJ,0
conf/sigmod/GionisGK01,lOSEXtBQ0ikJ,0
journals/tods/Jimenez-PerisPAK03,yj7oLWfPR4gJ,1
journals/sigmod/CeriKKLOSV00,wCvjgB90JJsJ,0
conf/sigmod/Shasha97,EVgntp5AFGUJ,0
conf/sigmod/GotoK03,ZC_cCwub6_4J,0
journals/vldb/AtkinsonM95,hZdJbrGrGosJ,0
journals/vldb/PucheralBVB01,hrsc329vaaMJ,0
conf/sigmod/DasuJMS02,5sZ3_NVV7RoJ,0
conf/sigmod/RafieiM97,pmunC79MqbwJ,0
conf/vldb/Wadler01,iQ21Cop1_f4J,0
conf/sigmod/WynblattN01,j_JI52ov_kYJ,0
conf/vldb/ChaudhuriG99,WgjuW10M7uUJ,0
conf/sigmod/Al-KhalifaYJ03,yyzLitpedOIJ,0
conf/vldb/CiliaHB02,njGoKkNCXLsJ,0
conf/vldb/NaumannLF99,HR4-PdOpy50J,0
journals/vldb/ChenHY97,IWZsSVPC6HMJ,1
conf/sigmod/AndersonAF98,cjlj_isODDYJ,0
conf/vldb/SahuguetA99,1u7ga8IPws0J,0
journals/sigmod/BiancheriPP01,Ks58ST_fUKAJ,0
conf/sigmod/ShivakumarG97,url:http://portal.acm.org/ft_gateway.cfm%3Fid%3D1101915%26type%3Dpdf,0
conf/sigmod/GingrasLSPS97,D0EVu0EZM-UJ,1
conf/vldb/BasuFP00,PZYAVBg_0msJ,0
conf/sigmod/DoppelhammerHKK97,TLxO8PrWU9kJ,0
conf/vldb/FerrandinaMZFM95,UYQpDoh0wo0J,0
conf/vldb/YanA94,tdIXA7F585wJ,0
journals/vldb/PucheralBVB01,DmU8t5s07UIJ,0
journals/sigmod/AshishK97,E_Q5YBG_4C4J,0
conf/vldb/YuPM03,3q5Rhhc8PQEJ,0
conf/sigmod/ChooOLCGBPS96,WrrEnOJswS4J,1
journals/sigmod/AtzeniM98,8cN5yOLUcfUJ,0
conf/vldb/LinLYZ03,iCJ5yjG1MnUJ,0
conf/vldb/BergerBSW03,F5XlV3tkhv0J,0
conf/sigmod/GarofalakisG02,wWIUT0PVHF4J,0
journals/tods/DeySB99,JPJKm3NP1w0J,0
journals/sigmod/Winslett03,qbPZbhREglkJ,0
conf/vldb/MendelzonV00,UcGsSXA6tFIJ,0
conf/vldb/BunkerCCMMW01,J5yhM7SymZcJ,0
conf/vldb/DeutschT03,y1-GUeStBZgJ,0
journals/tods/Jimenez-PerisPAK03,gloqI8YTlMwJ,0
conf/vldb/PetrovicBJ03,8yhbBSPKZEoJ,0
conf/sigmod/Galindo-LegariaJ01,V6CmNS2__nUJ,0
conf/vldb/Brodie03,deEJ1JsF8RwJ,1
conf/vldb/BohannonGKNS02,qr3FptaKV6IJ,0
conf/sigmod/RadekeBBEKKN95,msqo85B1FjEJ,0
conf/sigmod/LeeKC99,8mzQPoFU1uAJ,0
conf/vldb/MalonM97,EHBnShpsn5cJ,0
conf/vldb/CormodeDIM02,LU7BfMnARgYJ,1
conf/sigmod/Ullman03,RamN3G_cPTYJ,0
journals/vldb/DoanMDDH03,MTkT8SJRCFMJ,0
conf/vldb/Bernstein94,vHqHy11CsbIJ,0
conf/sigmod/SagonasSW94,6dnjEnRfGegJ,0
conf/sigmod/CruzJ99,znHH1qwSRTcJ,0
conf/vldb/GaasterlandL94,2pySPwXCpZQJ,0
journals/sigmod/MedeirosP94,tnHDLJxMoQcJ,1
conf/vldb/FlorescuLS98,YRYcC0nvuM4J,0
conf/sigmod/Pirahesh94,ezmVhsH5NHEJ,0
journals/vldb/AbbadiSW01,48PsUESH70wJ,0
journals/sigmod/ShethGJRSWW96,T9-70zWEQL8J,0
journals/vldb/IoannidisNSS97,Astp2rYOaFUJ,0
journals/sigmod/SnodgrassHMOPRRWY98,jCzNRv6E26QJ,0
conf/sigmod/GangulyGMS96,c7H-fKgIVQgJ,0
journals/sigmod/AbererCH02,YUtQ8KXNntYJ,1
conf/vldb/EvangelidisLS95,hR9tpdTkYkcJ,1
conf/sigmod/MoonWH02,2Y2aw_XRafsJ,0
journals/sigmod/SnodgrassAABCDEGJKKKLLRSSS94a,url:http://adsabs.harvard.edu/abs/1976scom.nasa..123M,0
journals/sigmod/TianDCZ02,nBWPr5jPLt8J,0
journals/sigmod/RossGR03,9fdcz0arvgoJ,0
conf/vldb/MorimotoFMTY98,90-udj3tjjAJ,0
conf/sigmod/MaddenSHR02,IxYJDGiAe48J,0
journals/sigmod/Abiteboul99,x3wm5TY4qtUJ,0
journals/sigmod/Snodgrass98a,mChDR-84fQwJ,0
conf/vldb/HelmerWM98,Qx0IyZ4v8M4J,0
conf/sigmod/PatelD96,Y9z2OdhzSGQJ,1
conf/vldb/SindoniTABFGMPPT01,mDh2eYJdqAAJ,0
conf/vldb/Meier95,lp1fwn61_6YJ,0
conf/vldb/RosenthalS94,K6l0_zCAj8YJ,0
conf/sigmod/Pirahesh94,VG96hL8afvgJ,1
conf/vldb/SrinivasaK03,vgc-wjeVMzwJ,0
conf/sigmod/OhHP00,o8cVWUElfUsJ,1
conf/sigmod/LometW98,vbvO-dB6wiIJ,0
conf/sigmod/RafieiM97,url:http://www.csa.com/partners/viewrecord.php%3Frequester%3Dgs%26collection%3DTRD%26recid%3D0294143CI,1
conf/sigmod/KatayamaS97,CKjGbc5DhHcJ,0
journals/sigmod/Hammer00,Xpwg7tdMRjMJ,0
journals/sigmod/KokkotosIPS95,MqUE1cdFbFYJ,0
conf/sigmod/BabcockCD03,OLt5pqtQf3YJ,0
journals/vldb/ChuIT94,FZgeOXMzCiAJ,0
conf/sigmod/LuWYBLY02,IpCrwAAOSzcJ,0
conf/sigmod/Whelan98,Z9VhfoCchlwJ,0
conf/vldb/AgrawalKSX02,8BrPFdyOzpwJ,0
conf/sigmod/Rodriguez-Martinez00,HVBfqCENVOIJ,0
journals/vldb/ChakrabartiGRS01,3mVAyjsRXiwJ,1
conf/vldb/Bhashyam96,sCpLAZN7GPsJ,0
conf/sigmod/ChooOLCGBPS96,WP15GimUTYkJ,0
conf/sigmod/GreenwaldK01,FgnqtxGDsnwJ,0
conf/sigmod/Toyama98,c8c3Asw0vPgJ,0
conf/vldb/BraumandlCK98,rH5VOr1x-a8J,1
conf/vldb/ZirintsisKM99,H2_NWzJ35LMJ,0
conf/sigmod/CallanCD99,eWVreKOw_QgJ,1
conf/sigmod/BaulierBGGHJKKMMNNRSSSWW99,wgRWDYY7q_8J,1
journals/sigmod/DarwenD95,DVnOcHunv7MJ,1
journals/vldb/WhangKW94,MbttNQL-VRoJ,0
journals/vldb/ChidlovskiiB00,Ae1KTC8GsSoJ,0
conf/vldb/ChaudhuriS01,9OFJbtSyr9sJ,0
conf/sigmod/ChawatheRGW96,url:http://portal.acm.org/citation.cfm%3Fid%3D1041410.1041428,0
conf/vldb/AbiteboulACEMM99,OYOTbj4m7JYJ,1
journals/sigmod/StolfoLCFE01,abi92bI5Il0J,0
conf/sigmod/HanPDW01,XyYCahzDAh8J,1
conf/sigmod/KimCK01,95UOWrLCmBkJ,0
conf/vldb/LuOT94,uuvhH2asKmEJ,0
conf/vldb/CatozziR95,FTkTwaE6MQ4J,0
conf/sigmod/BersonGMJ94,wsG_Q2jbgCAJ,1
conf/vldb/Banerjee00,YF7PiRZbp-EJ,0
conf/vldb/TanGO99,u3cwgexqwnEJ,0
conf/vldb/YangG01,0Chz95gOxHMJ,1
journals/tods/KonopnickiS98,sRvhD-iAuBcJ,0
journals/vldb/CatarciSC97,VSeZS3Lbd24J,0
journals/sigmod/Widom96,cTh4ilmVvuoJ,0
conf/sigmod/LiuHBPT99,PKQ1dCQIwi0J,1
journals/sigmod/Wong95,url:http://portal.acm.org/ft_gateway.cfm%3Fid%3D1007606%26type%3Dpdf,0
conf/vldb/NinkHR99,Vcz0hav6sfIJ,0
conf/sigmod/KrishnamurthyBN99,OBqsYpSCbegJ,0
conf/vldb/Nori00,uexPs_0wnSAJ,0
journals/sigmod/TianDCZ02,eeCoB5sDWK4J,1
conf/sigmod/Kramer97,FZRPzy583jAJ,1
conf/sigmod/DanS95,ZLYsIub53eoJ,0
conf/vldb/ShanmugasundaramGTZDN99,dycZ24ft99wJ,1
conf/vldb/DeutschT03,o5dSRIunsUUJ,0
journals/sigmod/RiekertMW97,Qo_uR11IJl8J,0
journals/sigmod/QuixSJ02,url:http://www.csa.com/partners/viewrecord.php%3Frequester%3Dgs%26collection%3DENV%26recid%3D8603848,0
journals/tods/AikenHW95,cHpmOFVpTi8J,1
conf/vldb/SadriZZA01,Jr-Qq2hLPu4J,0
conf/sigmod/FernandezFKLS97,ydThUoExAygJ,0
conf/vldb/TengCY03,2vzhAz4Yll4J,0
journals/tods/CeriFPT94,tyaWVyKPyw0J,1
journals/tods/WolfsonJH97,lcqKNOEczxsJ,1
conf/vldb/Gibbons01,pB_mhQJvReEJ,0
journals/sigmod/Fong95,afcPEOJC2w8J,0
conf/sigmod/OrdonezC00,zaHFUt4bKmkJ,0
conf/vldb/MurthyB03,YYZR30jP_g8J,0
conf/sigmod/BerckenDS00,OVpXtbejwzoJ,0
journals/tods/CeriFPT94,s4ZO9GCqGtIJ,0
conf/vldb/XieH94,0CMKqfPU1_0J,0
conf/vldb/SavasereON95,c4m40zywvWsJ,1
conf/sigmod/BunemanDHS96,R128Of6zyGgJ,1
conf/vldb/YangKL97,qN1APPIGZMMJ,1
conf/sigmod/BabuGR01,7Lb4CD2Fr1QJ,0
conf/sigmod/ZhaoDN97,6czAWapXkZYJ,0
journals/sigmod/Wong95,7F9iCGggYVgJ,1
journals/sigmod/ButtlerCCFHLPRX02,BT_DIcNaByYJ,0
conf/vldb/NgH94,9S2apUr1vPMJ,1
journals/vldb/WangW01,j6v2b9hN-R4J,0
journals/tods/CaldersNW02,Iidmbv3fCJAJ,0
conf/vldb/LakshmananSS99,InJyYTfzN50J,0
journals/vldb/ChakrabartiRS03,7ZsM_DsIZPIJ,0
conf/vldb/Malaika96,lqq_jEullWwJ,0
conf/sigmod/KrishnanVI96,0Evk9w3DEuQJ,0
conf/sigmod/BryanMCLG94,gwI75zrBtsoJ,0
journals/sigmod/Ouksel03,mD2GljL2hxYJ,0
journals/vldb/BenzakenD95,RqZM0s9vAGQJ,0
conf/sigmod/Ross00,qx2fGjtdSbgJ,0
journals/vldb/YangW03,-ZAKITqaNZUJ,0
conf/vldb/Ramaswamy00,url:http://links.jstor.org/sici%3Fsici%3D0146-4949(196523)6%253A3%253C354%253AP1%253E2.0.CO%253B2-W,0
journals/sigmod/Chamberlin03,JPG-_9ZfGjoJ,0
conf/vldb/AmsalegFG95,jUtYqmuucf0J,0
conf/sigmod/IvesLPST00,1HAB-tuw7N4J,0
conf/sigmod/BarbaraI94,E-f_5v896JcJ,0
conf/sigmod/AltinelLKMPLWB02,yz3_6GNXqIAJ,0
journals/sigmod/Snodgrass03c,gfcMPcj4lCQJ,0
conf/vldb/BlokWZPAKJ01,zjNzW7mkizMJ,0
conf/vldb/DesslochM97,4dbCEDwsluQJ,0
conf/sigmod/JosifovskiSHL02,ejusbRxtuPgJ,0
journals/sigmod/Bertram94,url:http://portal.acm.org/ft_gateway.cfm%3Fid%3D126485%26type%3Dpdf%26coll%3DGUIDE%26dl%3DACM%26CFID%3D11111111%26CFTOKEN%3D2222222,0
journals/vldb/DeyBS96,q8IL-AZTmcgJ,1
conf/sigmod/BressanGOT00,1ZjyHvV0cHYJ,0
conf/sigmod/Kleissner95,eekT8cZsLewJ,0
conf/sigmod/GorelikWD94,X2URoOMjJv4J,1
journals/sigmod/ForteHWDCVHFS99,j4MxoQ9Dd-kJ,0
conf/sigmod/Rajaraman99,-LRzTMJvt9UJ,0
journals/sigmod/Widom96,xGK3seG0Mn4J,0
conf/sigmod/KeoghCMP01,jV5tzPxCsvIJ,1
journals/vldb/TorpJS00,QLeM_AZtEDUJ,0
conf/sigmod/PhanN02,LKrgD-nNnZ8J,0
journals/sigmod/MaelbranckeO95,z7lNer4JfD4J,0
journals/vldb/SteinbrunnMK97,FM-bCbY1GjQJ,0
conf/vldb/KiesslingK02,nbCXAO5IFcsJ,0
journals/tods/CasatiCPP99,bWa_AKkBbn8J,1
conf/sigmod/French95,IddFq2o4ZsoJ,0
conf/sigmod/KriegelMPS01,fyIXUigL7f4J,0
journals/sigmod/Winslett03,BGagLieYacQJ,0
conf/sigmod/AggarwalY01,Wfj6dEIZYzAJ,0
journals/sigmod/KoksalAD98,2vfsC9OZoUYJ,0
conf/sigmod/FreireHRRS02,-Ozf63JHIUIJ,0
conf/vldb/WeikumMHZ02,VEDf7vb98i8J,0
conf/vldb/WienerN94,r3sCE4vukG0J,0
conf/vldb/SistlaYLL95,ndpqwnLwAWUJ,0
journals/sigmod/Etzion99,6i1j1XOmPOMJ,0
journals/tods/HjaltasonS99,RHJjRlVhi78J,1
journals/vldb/HarrisR96,28JvkLF3120J,0
conf/sigmod/LarsonG03,ay3HpanI4QUJ,0
conf/vldb/MadhavanBR01,ToK56hJPQvUJ,0
conf/sigmod/Ivinskis95,ZxRvTpo8ioIJ,0
journals/vldb/OoiHLT96,ozGS2ZAfD-MJ,0
conf/sigmod/Moore95,oWrVbdbhHUgJ,0
conf/vldb/YangKL97,njMtLCOhsLEJ,0
conf/vldb/WeberSB98,km3WVXUGhhsJ,1
conf/sigmod/DogacTPPLKTK02,-HHpwF62J50J,0
journals/sigmod/AilamakiFFSV03,rMV2yNFwvggJ,1
journals/tods/DyresonS98,7arvzxTqC9MJ,0
conf/vldb/LaudBCSR02,db7sYlHqogAJ,0
conf/sigmod/ChristophidesCM96,aF8sxzA0cxIJ,0
conf/sigmod/GangulyGR03,E0my9pww0csJ,0
conf/vldb/ChenHWW02,bQcu2MlVcPQJ,0
conf/sigmod/WilschutFA95,-jJ6-oO1rIEJ,0
conf/vldb/SchindlerAG03,--gNGCMSwBIJ,0
conf/sigmod/Pirahesh94,_8-bcmIsoJ0J,0
conf/sigmod/GuptaHR97,D-woVvSGh4cJ,0
conf/sigmod/IoannidisP95,m_fl_JunfroJ,0
conf/vldb/Cluet03,Q3dJZew4DLwJ,0
conf/sigmod/ConsensM94,MZqMXLhtCXUJ,0
conf/sigmod/AgrawalASY97,RRRqyvxoH7EJ,0
conf/vldb/ChakrabartiSST00,bclTh1vFOLgJ,0
conf/vldb/KornLKF98,qftxnxcjCBkJ,0
journals/sigmod/Stirling03,url:http://portal.acm.org/ft_gateway.cfm%3Fid%3D776997%26type%3Dpdf%26dl%3DGUIDE%26dl%3DACM%26CFID%3D11111111%26CFTOKEN%3D2222222,1
journals/sigmod/Stonebraker02,S4BwSJVM3OEJ,0
conf/vldb/KoudasGGSV03,EjUsL62clH0J,0
conf/vldb/GuptaHQ95,CtRFDjCGDg8J,1
conf/sigmod/BunemanDHS96,VSeZS3Lbd24J,0
conf/sigmod/JonssonFS98,t6-LjSlCUmcJ,1
journals/sigmod/BunemanRU97,BX8MQPuFurwJ,0
conf/sigmod/AdaliSS99,7OvO0Y3IU8gJ,1
journals/tods/BohlenJS00,AUoy7iKv8_4J,0
conf/sigmod/MogiK96,iXwf_9DZHEsJ,0
conf/sigmod/LuoKMPWLN02,_MBzpOvEvpUJ,0
journals/sigmod/Aberer03b,28QR854lvvUJ,0
conf/sigmod/Carey94,2r6t9GEZb28J,0
conf/sigmod/Mohan96,M4G18MfKn2oJ,1
conf/vldb/AksoyZF01,X309dJKSgu8J,0
journals/sigmod/CrestaniG02,YqytpX-8K-UJ,0
conf/sigmod/AvnurHLORRRW98,neJ6TzHxAjQJ,0
conf/sigmod/Epstein95,Z9rLcqMb4ikJ,0
journals/sigmod/McClatcheyV97,81L35Gk4oiUJ,0
conf/vldb/AtzeniMM97,GOMaqU-ZlTIJ,1
conf/sigmod/AdelbergD99,denME85YhRQJ,0
conf/sigmod/Mohan96,7kQBKN1LeYQJ,0
conf/sigmod/Aggarwal02,wPkB_-E4pQYJ,0
conf/sigmod/CeriFP98,iUGa3pKj-20J,1
conf/sigmod/WynblattN01,TaBnIzl130QJ,0
conf/vldb/LabioG96,nbaQOTfAYbEJ,0
conf/vldb/CochinwalaB94,CbaK7EusYRYJ,0
conf/sigmod/MaddenSHR02,HTAP9c7dQagJ,1
conf/sigmod/LometW98,q3oDajmflT4J,0
conf/sigmod/AggarwalWY99,JeNC1Dydf1UJ,0
journals/sigmod/Aberer03d,url:http://portal.acm.org/ft_gateway.cfm%3Fid%3D959078%26type%3Dpdf%26dl%3DGUIDE%26dl%3DACM%26CFID%3D11111111%26CFTOKEN%3D2222222,1
conf/vldb/Bhashyam96,ewoQO00BuFoJ,0
conf/vldb/PanRAMOHAMV02,fEER9CgldSMJ,0
conf/sigmod/ClossmanSHKPB98,Q0Jr0CGWn5MJ,1
conf/sigmod/LehnerSPC00,qCnCrP2lzZUJ,0
conf/vldb/Lesk94,xuS0KkNJvTAJ,0
conf/sigmod/BrinMUT97,Zo1YGNw_U84J,0
conf/sigmod/RamakrishnanD98,dcUFM3OfmXwJ,0
conf/sigmod/LiS98,M-1XZSWRMoMJ,0
conf/sigmod/Atkinson95,Rf3dx64jCFQJ,0
conf/sigmod/NgWY01,dUyoEZHcDNQJ,0
journals/tods/GuoSW96,V8Ls_TYs6mgJ,1
conf/vldb/NaumannLF99,gvua8jbnHPkJ,1
conf/sigmod/AdaliSS99,Cbwq3JSxrSAJ,1
journals/vldb/TanGO00,Cs4K1ZOWRtAJ,0
conf/sigmod/VingralekBW94,oeE4NCH3g48J,0
conf/vldb/KornSFSP96,I8YNDqO9pg8J,1
journals/vldb/GibsonKR00,mmsMzV_jYDoJ,0
conf/vldb/Vaskevitch95,385D99J4CkgJ,0
conf/vldb/AgrawalLSS95,xT7Dv_AThAEJ,1
journals/vldb/CatarciSC97,BnboJrrgD90J,0
conf/sigmod/Olson95,Y05RdRNQWhYJ,0
conf/sigmod/DavisonG95,pwpmrHLw1U8J,0
conf/vldb/GantiLR00,GujeQ6awUnsJ,0
conf/vldb/ZemankovaI94,Y1ZxtWV-qeUJ,1
journals/sigmod/MeltonMJKS02,cvBAdEvcTSkJ,1
conf/vldb/WangC03,Ku7NoPNRhu0J,0
conf/vldb/DattaDTVRF01,FBD8Ic-AzdYJ,0
conf/vldb/OoiYTJ01,e-Ukz-8iF0cJ,0
journals/vldb/BalkirO98,or5FwPXKAYoJ,0
conf/sigmod/SzalayGKT00,oPgy1SYoptgJ,1
conf/vldb/AgrawalSX01,4klvu7zuqRwJ,0
conf/vldb/FangSGMU98,HU8vVma9C7EJ,0
conf/sigmod/Keim99,-UpQkB1uPLMJ,0
conf/vldb/Amer-YahiaFSX03,4G48gHVGqWEJ,0
conf/sigmod/Weininger02,jgcyhQb7pIQJ,0
conf/sigmod/NaumanS98,url:http://portal.acm.org/ft_gateway.cfm%3Fid%3D276369%26type%3Dpdf%26dl%3DGUIDE%26dl%3DACM%26CFID%3D11111111%26CFTOKEN%3D2222222,1
conf/sigmod/ZhangZPTL03,bb5hjWtoKKEJ,0
conf/vldb/LakshmiZ98,_FLm5avYLxgJ,0
conf/vldb/EicklerKK97,dgwfD8ScuQEJ,0
conf/vldb/Leymann01,JAryEPXGW8QJ,0
conf/vldb/AgrawalSX02,pO8PMBXwilIJ,0
conf/vldb/SreenathS94,sUcJBJwvKTUJ,1
journals/tods/ScioreSR94,fB2xVdlMTtwJ,1
conf/vldb/JagadishNSSK97,GQx8_e0IMgYJ,0
conf/vldb/BonczRK98,url:http://doi.wiley.com/10.1002/tl.160,0
journals/tods/BozkayaO99,L0jSsvDY8bYJ,0
conf/vldb/BaumgartnerFG01,jCzNRv6E26QJ,0
conf/vldb/YangG01,W_35UkRxtf4J,1
journals/tods/CeriFPT94,url:http://links.jstor.org/sici%3Fsici%3D0146-4949(196223)3%253A3%253C5%253AHRAHN%2522%253E2.0.CO%253B2-F,0
journals/sigmod/SonDT96,LXBD37k5_ZIJ,0
conf/sigmod/BohannonDGKLNS03,_Q3Qe8MywasJ,0
journals/sigmod/JukicV97,Fg0Y-u39c7oJ,0
conf/vldb/NieKH03,ct0Xt4mxuwgJ,0
journals/sigmod/Jarke95,pnOIR5u1UbkJ,0
conf/sigmod/Cohen98,94TPENxpz28J,0
journals/tods/MumickFPR96,0Mj8N23H1QEJ,0
conf/vldb/CiacciaPZ97,lxnXk7bm-kUJ,0
journals/sigmod/CaleroPR03,MRvk0bCj22MJ,0
journals/sigmod/MusickM98,url:http://links.jstor.org/sici%3Fsici%3D0146-4949(196722)8%253A3%253C377%253ASII%253E2.0.CO%253B2-0,0
conf/vldb/JagadishKMPSS98,8-MFrFxxF2kJ,0
journals/sigmod/KuanL99,_WBYqE_aBRQJ,0
conf/sigmod/AcharyaFZ97,umGxlKvzLoUJ,1
journals/vldb/KashyapS96,kkNUO3JDMikJ,0
conf/sigmod/BorkarDS01,EkXUyN5LyV4J,0
journals/sigmod/DogacDKOONEHAKKM95,oAO74aolStoJ,1
conf/sigmod/FreireHRRS02,Pg-vbrBME1cJ,1
journals/sigmod/YanG95,VijPg-0peiEJ,0
conf/sigmod/HernandezMHYHT01,QGkDzGhiTgIJ,0
conf/sigmod/Moore95,SJtOp-OHpHkJ,0
conf/sigmod/SagonasSW94a,PZsM5HQ7YNcJ,0
journals/sigmod/BarbaraCJW01,m6-9eI57qGwJ,0
conf/vldb/KemmeA00,pG1fdVHhK0UJ,0
conf/vldb/ShuklaDNR96,s7S2J-qGkrkJ,0
conf/sigmod/Pirahesh94,2FqmfPMlmOwJ,0
conf/sigmod/GotoK03,DuUiqgJcjCsJ,0
conf/sigmod/NguyenACP01,gglQHo-8tl8J,0
conf/vldb/BouganimFV96,C-M5DwS55kcJ,0
conf/vldb/RamanH01,wF_GdZPkCnQJ,0
conf/vldb/WildfogelY97,___8oqVReVMJ,0
conf/vldb/KnorrN98,ctYFRlzvrMMJ,0
journals/vldb/GeorgakopoulosRL94,G5pMFbUSLEEJ,0
journals/sigmod/Stonebraker94,Iml9AWMj0tUJ,0
conf/sigmod/GuptaS03,6ditJPVnXAQJ,1
conf/vldb/PedersenJD99,7VQ2dxjcJl4J,0
journals/sigmod/EisenbergM02,iBRTlpuiu50J,0
conf/sigmod/HanPDW01,url:http://portal.acm.org/ft_gateway.cfm%3Fid%3D1101221%26type%3Dpdf,0
conf/sigmod/Brewer98,kNkgI6G579gJ,0
conf/vldb/RaghavanG03,5MTgNlhnyTgJ,0
conf/sigmod/GrayHOS96,GFJeoxHwEnkJ,1
conf/sigmod/FernandezMS01,P_NoAl7410IJ,0
conf/sigmod/HammerGNYBV97,t9nmZzSMVAAJ,1
conf/sigmod/LibkinMW96,D3DGp2Ow8BEJ,0
conf/vldb/AtzeniMM97,SD_PrS659UgJ,0
journals/sigmod/Ozsoyoglu99,dVDzCb6fuJ0J,0
conf/sigmod/EmbleyJN99,zXvnv4O293wJ,0
conf/sigmod/LiBCS00,CWzoPJjb50cJ,0
journals/vldb/ChakrabartiDAR98,JMx4cjNV3BsJ,0
conf/vldb/WangSG03,l7lWK-7Nok8J,0
conf/sigmod/WangCMSSZ94,EW4FTlR_hisJ,0
conf/vldb/HoelS94,oRPpNvDTU4sJ,0
conf/sigmod/Edelstein95,PIOmHxajIbYJ,0
conf/vldb/ChungCLL01,h-6ZbQB7NVUJ,0
conf/vldb/Shaw98,z6ehgYebw1YJ,0
conf/vldb/KiesslingK02,_55rQ6Rc80sJ,0
conf/vldb/IwerksSS03,ZxHWzpPUOT0J,0
journals/sigmod/Ozsu03,E1y68t3dxJMJ,0
conf/vldb/MiningGroup96,09MvncA-tvIJ,0
conf/vldb/Guting94,ykx565n8SRkJ,1
conf/vldb/RezendeH98,njuthCBUMPAJ,1
conf/sigmod/AdelbergGW97,PNePTOilzb0J,0
conf/sigmod/HernandezMHYHT01,mMBaBUVatqoJ,0
journals/sigmod/Snodgrass98b,zbviUtiPqxkJ,0
journals/sigmod/Qian96,url:http://www.springerlink.com/index/K311T8245228264J.pdf,0
conf/sigmod/FaloutsosL95,HlhXdvHzlvwJ,0
conf/sigmod/UrhanFA98,dRE5P-Xgsm0J,0
journals/sigmod/ShethM02,url:http://portal.acm.org/citation.cfm%3Fid%3D1085028.1085033,0
conf/vldb/Brin95,dXegp-RmzXEJ,1
conf/sigmod/Spiro98,RASm_GaEXgEJ,0
journals/tods/GuoSW96,8buJYrCGlz8J,0
journals/sigmod/OConnellW03,O-Sjln0QYqQJ,0
journals/sigmod/DAndreaJ96,ZFtAmPKKRBQJ,0
conf/sigmod/TsueiPK97,UQZig2p_G-sJ,0
conf/vldb/AmbiteKKMST01,Wt3sbf2mdhcJ,0
conf/sigmod/CohenM03,g1Dv4Zs2pUQJ,0
conf/vldb/HeMYW03,tHmSBpaXaZMJ,0
journals/sigmod/EisenbergM00,feGMuGEJtpsJ,0
conf/sigmod/Moore95,H6XGSfr9v6MJ,0
journals/vldb/WhiteD95,qeHXdJ2x7eMJ,1
conf/vldb/TreschPL95,1rPUqMFsS3AJ,1
conf/vldb/WangZL03,-Fyi7OT5CLoJ,0
journals/sigmod/BaaderJN97,aGjP7YM1lwQJ,0
conf/sigmod/Vaskevitch94,SUFRSuGEHowJ,0
conf/sigmod/AcharyaFZ97,FDPwbRQbfIAJ,1
journals/sigmod/Segev94,xbAjwpKIz3IJ,0
conf/sigmod/ChangC01,slIyBWbksS0J,0
conf/vldb/PottingerL00,eXceb1SMqE4J,1
conf/vldb/SakuraiYKU01,EeTtbmdFG94J,0
journals/sigmod/ChengP03,j8Mx_oMSfjcJ,0
conf/vldb/CherniackZ98,tR2dDfl72msJ,0
journals/sigmod/OukselS99,YeVWiZOxB9IJ,1
journals/sigmod/BernsteinHP00,oHXkI3GgweIJ,1
journals/sigmod/BurtonM98,Yo-WwToqJukJ,0
journals/tods/Meo00,x9VjYasWgdYJ,0
conf/vldb/AnciauxBP03,gYELZxhiJx8J,1
conf/vldb/AndreiV01,-IaXJNRxKVEJ,0
conf/vldb/Huyn97,9OYLimeDdj0J,1
journals/sigmod/TsotrasJS98,_2oz5poi5asJ,0
journals/sigmod/WenLMZ03,luw5euo-eqsJ,0
conf/sigmod/MankuRL99,uNlZDcqRCsoJ,0
journals/sigmod/Ozsoyoglu99,eeLZAG_gD5AJ,0
conf/sigmod/LometW98,ku7QXJPNWlMJ,0
conf/sigmod/KatayamaS97,QUNzZEruN-8J,0
conf/vldb/LakshmananPH02,ZVvus_5BKQMJ,0
conf/vldb/HaberIL95,url:http://adsabs.harvard.edu/abs/1991mit..reptQ....C,0
conf/sigmod/ZhangRL96,kBlynBey41QJ,1
conf/sigmod/ShenNSHS03,CyYgBeO1ukEJ,0
conf/vldb/ManolescuFKXO00,uWqGLwi8VOgJ,1
conf/vldb/Sol01,Ch9YgH73V64J,0
conf/vldb/TanSHCR01,kB_TSuBM5aMJ,0
journals/vldb/BonifatiCP01,5nVl8WCMn_kJ,0
conf/vldb/PanRAMOHAMV02,HNnj3ND9hVwJ,0
conf/sigmod/ChandrasekaranCDFHHKMRS03,MNuT46WJZaQJ,1
journals/vldb/AbiteboulB95,zVe6bL5nfb8J,0
conf/sigmod/ChaudhuriGGM03,WYUk5RqZPOoJ,0
journals/sigmod/KokkotosIPS95,-IvY8_ki_psJ,1
journals/sigmod/Palpanas00,DLtzm8aCzt4J,0
conf/vldb/SakuraiYKU01,ItcL7R4GC_EJ,0
journals/tods/YanG94,BCj3A3ZbbR0J,0
journals/sigmod/GatziuKBF98,YERfAnxw2RcJ,1
conf/sigmod/Kohler99,Fx37i3vwx24J,0
journals/sigmod/LeeCL95,url:http://www.springerlink.com/index/MP14U61N19U75602.pdf,0
conf/vldb/ShanmugasundaramGTZDN99,MsrO8DmXgo4J,0
conf/vldb/Kiessling02,LoehpyTE2boJ,0
journals/vldb/AbbadiSW01,4g5dhlT9ERAJ,0
conf/vldb/BalminPP00,url:http://portal.acm.org/citation.cfm%3Fid%3D217279.215323%26dl%3DGUIDE%26dl%3DACM%26type%3Dseries%26idx%3D217279%26part%3DProceedings%26WantType%3DProceedings%26title%3DInternational%2520Multimedia%2520Conference%26CFID%3D11111111%26CFTOKEN%3D2222222,0
conf/sigmod/Shyy95,s3-tN7tGFQAJ,0
conf/sigmod/CranorJSS03,fSrlCOg3Rm4J,0
conf/vldb/LinR98,oJSrmDPDrXcJ,0
journals/vldb/MirbelPSTV00,QWPhH6g8V3YJ,0
conf/vldb/AbiteboulABBNM03,yN9RlZgTOoQJ,0
conf/sigmod/FranklinJK96,7POVNz32rC4J,1
journals/sigmod/Kuijpers02,wiyYL_L8_ekJ,0
journals/sigmod/GuptaHR97,O9gFh020z2UJ,0
conf/sigmod/FernandezMS01,1b_XBu139n0J,0
conf/vldb/LiCHPALHAY01,347oyb_b7DAJ,0
journals/sigmod/VassiliadisS99,c_kkE1dO4g8J,0
conf/sigmod/Ubell94,lPxeU6-K_9EJ,1
journals/sigmod/LawderK01,N-AVzem6gvkJ,0
journals/sigmod/DunhamH95,_EKdQIiT4nYJ,0
journals/vldb/ChidlovskiiB00,B3unqvqyJrMJ,0
conf/sigmod/Hellerstein94,z4dxyQu0jDQJ,0
journals/sigmod/Scholl01,-uH45U-PImkJ,0
conf/sigmod/HjaltasonS98,Ad5NAPgWIIUJ,0
conf/vldb/KemperK94,TRp1tlsR5ioJ,0
conf/vldb/MeoPC96,NmeWVrPPLnsJ,0
journals/sigmod/MedeirosP94,Fos2_Gf1PpoJ,0
conf/vldb/KoudasGGSV03,d8BBxc5Ato8J,1
conf/vldb/RastogiS98,F3eNASH0ptgJ,0
conf/sigmod/HarinarayanRU96,ESZwkhGzOboJ,1
journals/vldb/BerendtS00,26vRFCd9qCcJ,0
journals/sigmod/Snodgrass94,ESf4KHsUAaIJ,0
conf/sigmod/ImielinskiV95,BpZjLfob1eIJ,0
journals/sigmod/David03,zDIEhAowZIMJ,0
journals/sigmod/CaleroPR03,7d9GpBgxxogJ,0
journals/vldb/FerrariAABC02,nh2FuiC6fHgJ,0
conf/vldb/KeimH99,cxJXffJUdbsJ,0
conf/vldb/BunemanDHOW95,TlUjNkHJMaYJ,0
conf/sigmod/TatarinovIHW01,-FOJZJj6NLEJ,1
journals/sigmod/HalkidiBV02a,SFs0XOMPphIJ,1
conf/vldb/YanL95,9B2oMksKaMMJ,1
conf/vldb/Jacobs97,WGZUOBzxhh8J,0
conf/vldb/RisheYACLMVSV00,JGuPo8c_vZkJ,1
journals/tods/BrunoCG02,oxc-6rqkST0J,0
conf/vldb/KaushikBNS02,Vo0SqS-rk90J,0
journals/vldb/Barbara-MillaG94,md3DWyujCrQJ,1
conf/sigmod/BerensonBGMOO95,nKP9Hgh3RzYJ,0
journals/sigmod/MalaikaEM03,Bw0BeUCcPJcJ,0
journals/sigmod/RamDD99,jVizo8xvVl8J,0
conf/vldb/HalversonBKKRTVWND03,VgIu-E-QtwkJ,0
journals/sigmod/BernsteinHP00,nbU-wr3ivUIJ,0
journals/vldb/RahmB01,707RPzHAB8YJ,1
conf/sigmod/Bierman03,vQcfluHWCeAJ,1
journals/sigmod/Wu02,7WlqLx5jgyoJ,0
conf/vldb/GarofalakisG02,Hz7TBeGZRz8J,1
conf/sigmod/Cotton02,s5WKC854QaEJ,0
journals/vldb/WhangKW94,vqwFI9DE9jgJ,0
journals/sigmod/Gaffney96,Bh_dUfOZ_HAJ,0
journals/sigmod/AilamakiFFSV03,url:http://ieeexplore.ieee.org/iel2/717/971/00026105.pdf%3Farnumber%3D26105,0
conf/vldb/LakshmananPZ03,zbzO-4fuIwUJ,1
conf/sigmod/JagatheesanR03,3WoLchGajbcJ,0
journals/vldb/LawLG99,sUGhLAkig4QJ,0
journals/sigmod/SouzaS99,tOWD6oxsmcwJ,0
conf/sigmod/RaoZML02,I-p1_4VpHS4J,0
conf/vldb/AlexandrovABBBCDFHJKKKLLMMMPNPPRRSSW02,xoP5ESgvDXYJ,0
journals/sigmod/HellersteinHM03,AhreKqZBuI8J,0
conf/vldb/KoudasMJ99,4aSEl4haaq4J,0
conf/vldb/Campbell99,u1SxuudQlusJ,0
conf/sigmod/MatiasVW98,STbX8P356eIJ,0
conf/sigmod/ViglasN02,2aeb_pBP7lcJ,1
journals/sigmod/Grohe02,10ocxsIRzxEJ,0
conf/sigmod/TatarinovVBSSZ02,r-0Pf3JmTvAJ,0
journals/sigmod/Widom94,YUtQ8KXNntYJ,0
conf/sigmod/NybergBCGL94,url:http://ieeexplore.ieee.org/iel1/2206/325/00006486.pdf%3Farnumber%3D6486,0
conf/sigmod/HanFHCC94,m_B-e17DfDoJ,0
journals/sigmod/EisenbergM99,ciavnyh4U8UJ,1
conf/vldb/BelussiF95,A-Fi-3YSz0IJ,1
conf/vldb/HasanM95,-aml_OMAQNgJ,1
conf/sigmod/Sahuguet01,OGTBYJnqdSwJ,0
journals/vldb/FangGM96,MGJvo0h9OwQJ,0
conf/vldb/BalminPP00,jYEose7hJH8J,0
journals/tods/BertinoBFS98,SbMFRkMcIK8J,0
conf/vldb/JiangSLB00,NIBFgUikX7MJ,0
journals/sigmod/Rosneblatt94,K__-TIAt-cQJ,0
journals/tods/ChakrabartiKMP02,rOZQFjUv3AUJ,0
conf/sigmod/RundensteinerCLCZNJLW99,5S4XQqHUA70J,0
journals/sigmod/Giorgini03,MFwYuyU7eKsJ,0
journals/vldb/AbiteboulCM98,tiWcm2Cdch4J,0
conf/vldb/JagadishLRSS94,VmFporLQAX4J,0
journals/sigmod/NascimentoSP03,fKIVlVaRE7sJ,0
conf/sigmod/KeoghCMP01,cU1U5D0yFyEJ,0
conf/vldb/MarianS03,SC_OvHDNZiUJ,0
conf/vldb/ChaudhuriW00,OuM0E0BhEXIJ,1
conf/vldb/MahnkeMS02,6vOK45QXv2QJ,0
journals/sigmod/HummerLW02,W1IcM8IUwAEJ,1
conf/sigmod/RamakrishnanD98,5FHNNF5sAWUJ,0
conf/sigmod/Meseck01,url:http://portal.acm.org/citation.cfm%3Fid%3D234286.1057813,0
conf/vldb/KraissW97,url:http://adsabs.harvard.edu/abs/1978PhDT........22E,0
journals/vldb/TenienteO95,jUtvDmaZqSkJ,0
journals/sigmod/RossHLW01,v3p9jgRnHMQJ,0
journals/sigmod/Widom95,aIP3PhWPproJ,0
journals/sigmod/NormanZT96,ZkIFzM0I5sMJ,0
conf/vldb/KoudasS03,QEtIaoplS1IJ,0
conf/vldb/SavasereON95,1WArdj4NhEoJ,1
conf/vldb/ChristopheBPV00,yWlST49J6RUJ,0
journals/vldb/MedjahedBBNE03,YQLBU-vwjncJ,0
conf/sigmod/SchusterW01,h7bjA7yoDwQJ,0
conf/sigmod/ZhangNBB94,K2InUJbVWvoJ,0
conf/sigmod/AcharyaAFZ95,ZdWKBKSoMUQJ,1
journals/sigmod/ShinM94,eW3sswNykJoJ,0
journals/vldb/FernandezFLS00,jUvSsbnILiUJ,0
conf/vldb/GuntzerBK00,url:http://portal.acm.org/citation.cfm%3Fid%3D592206.592545,0
journals/vldb/ScheuermannWZ98,DjApjAVfGVsJ,0
journals/vldb/CuiW03,jsN2B_zMU1EJ,0
journals/sigmod/Aberer01a,61cw9DcC6qsJ,0
conf/sigmod/DeutschFS99,pBTSyxiQA04J,0
journals/vldb/RamamrithamC96,gXxlcfhSzIoJ,0
conf/vldb/NgH94,IsFvyp0O8n4J,0
conf/vldb/Gentili01,kXiH8hSNAbEJ,0
conf/sigmod/TsurUACMNR98,Css8RIPajcoJ,1
conf/sigmod/Team95a,ag6DMikqcwcJ,0
journals/vldb/HelmerM03,lsuCHsgVM5AJ,0
journals/vldb/RamakrishnanSSS94,lH_n19yVmWgJ,1
conf/vldb/ZimbraoS98,url:http://www.springerlink.com/index/W113644365177430.pdf,0
conf/sigmod/Lassettre98,G4jbQlNKLFUJ,0
journals/vldb/HalkidiNVV03,J0hrpRuvSgMJ,1
conf/vldb/KumarKA97,8bLd-1l1at4J,1
conf/sigmod/Maguire01,YtLaojrlF38J,0
journals/sigmod/Chang03,gTDhY2NCYGAJ,0
conf/sigmod/GibbonsM98,4EgMtIywBRUJ,1
conf/sigmod/Ellison95,xu6gy3etRk0J,0
conf/vldb/Kleewein96,Ao7Ttf_XPyAJ,0
conf/sigmod/GibbsBT94,cRvuoTzIXRYJ,1
conf/sigmod/Galindo-LegariaJ01,4ITMQiR3H70J,0
conf/sigmod/NgWY01,TShyzmLNvtoJ,1
conf/sigmod/RundensteinerKZWLLN99,v80FFBUTW_0J,0
conf/vldb/KoudasS03,pZntYGJiH7UJ,0
conf/sigmod/AbiteboulBCMM03,jSAtXghimR0J,0
journals/tods/OliverS94,jcyz3RR1KEEJ,0
conf/vldb/Sol01,bvbeoD4iwogJ,0
conf/vldb/HaasNSS95,LASitNQOKkoJ,0
conf/sigmod/BergstraesserBPS99,DCUu4jysue0J,0
journals/sigmod/DarwenD95,EXwe9r79qxEJ,1
journals/sigmod/Liu01,_s0fKoUqny0J,0
conf/vldb/PoosalaI97,PgzcABl76dQJ,0
conf/vldb/LaudBCSR02,RRct-k2xhrEJ,0
conf/vldb/SayalCDS02,x-9k9420BRwJ,0
conf/vldb/ChengGKLLQS99,p4Q8x9UmngkJ,1
journals/sigmod/FowlerPNB99,VgTAaMMYkvAJ,1
conf/vldb/DeutschPT99,78K87pmL0GQJ,0
conf/sigmod/SchleimerWA03,uJx2bj66-1IJ,0
conf/sigmod/BrunoC02,zlzbzGALJAIJ,0
conf/sigmod/BohrerBBCFHKKMNRRSUUW97a,vQPQXPTTOOEJ,0
conf/vldb/KnorrN98,lYAZTDURTT8J,0
conf/vldb/YangLH03,DKI-EV_lAa4J,0
journals/sigmod/Darwen96,_8XZXXRQTAIJ,0
conf/vldb/SizovGT03,Vjga5yC23KIJ,0
conf/vldb/HankinsP03,5nczv90YPEIJ,0
conf/sigmod/SalemBCL00,FElMcikK2GUJ,1
conf/sigmod/BilirisFOP96,gkF7dxs5NrQJ,0
journals/sigmod/PitouraAPSV03,l9AvbZrWm6gJ,0
conf/sigmod/GravanoGT94,nAJnhh70_0kJ,1
journals/tods/CliffordDIJS97,aKPlDMXvHT8J,1
conf/sigmod/Moore95,KozcZBpyZgQJ,0
journals/sigmod/Grefen02,rWjzVd4YwwQJ,0
conf/vldb/HvasshovdTBH95,_83yTuPv-NAJ,1
journals/sigmod/BusslerFM02,MkHxLPaNdqoJ,1
conf/vldb/Sarawagi95,clTiaBzhP1IJ,0
conf/vldb/HanF95,qNLsbj_Fu5EJ,1
conf/vldb/ChakrabartiSST00,xYApP2tZROYJ,0
journals/sigmod/GrayG97,ruMkEFagTIUJ,1
conf/vldb/Sarawagi02,5w5LdhxJ6QsJ,0
journals/sigmod/LeeCL95,cw33Q8gA6IsJ,0
journals/sigmod/Libkin99,BGbBNwCe5qMJ,0
conf/sigmod/ChristophidesACS94,url:http://portal.acm.org/ft_gateway.cfm%3Fid%3D988601%26type%3Dpdf,0
conf/sigmod/KotidisR99,323DOAMQyUkJ,1
conf/sigmod/KimC03,LP5Mrc0OOpkJ,0
conf/vldb/ChanFFGR02,_ROCNqI9z1wJ,0
conf/vldb/BarjaPFWD94,_vevqbTvrFcJ,0
conf/sigmod/CareyK97,fCZRrUzYV9EJ,0
conf/vldb/CochinwalaB94,p7gjcBZrqa0J,0
conf/vldb/AgrawalS94,VwFLRQytbu4J,1
conf/vldb/GarciaLL98,5MO7a6e0-GQJ,1
conf/sigmod/ImielinskiV95,JZ7lTZkqxEUJ,0
conf/vldb/BliujuteJSS98,IDUUQqPl1ksJ,0
conf/vldb/NgY94,uF0V_ZmCg4UJ,0
journals/tods/Bohm00,MdwCZg0RBHYJ,0
conf/vldb/ChungCLL01,OgHDEJo1RgQJ,0
conf/vldb/Mohan99,O-xSz2Yf-jUJ,0
conf/vldb/SheikholeslamiCZ98,C2VEa-WmIt0J,1
conf/sigmod/OlstonWL01,bqXuatvXIpEJ,0
conf/sigmod/GarofalakisRRS99,rm1zlNg-SMsJ,0
conf/sigmod/GrossmanHQ95,Ni7lXwQh72MJ,0
journals/vldb/MaratheS02,K4lcIgAz6I4J,0
journals/vldb/BeckerGOSW96,Y3nejQSVKnUJ,0
conf/sigmod/Brewer98,k4UNrsGeUuAJ,1
journals/vldb/RamamohanaraoH94,6Cp0ZQtd0lEJ,0
conf/sigmod/BlakeleyP98,Aiy5AAloC-QJ,0
conf/sigmod/LiefkeS00,SvVh9QQcgDwJ,1
journals/sigmod/BernsteinBCDFGGHHJLMNPSU98,ni6q3Ow1X1AJ,0
journals/sigmod/BonifatiC00,hBGcwElxNoQJ,1
conf/sigmod/Hope95,4o_MuAukS9cJ,0
conf/sigmod/CatarciS94,8MTFFsrD80cJ,0
journals/sigmod/PoessF00,jTH_6G5743EJ,0
journals/vldb/CliftonGB95,GM-yOXZH5rIJ,0
journals/tods/FraternaliT95,WlFe2Mlk2-kJ,0
journals/vldb/BerchtoldKK97,trUc38GfEkIJ,0
journals/sigmod/CeriKKLOSV00,4GTJhrF6WG0J,0
journals/tods/DekhtyarRS01,lJda1vElCAMJ,0
conf/vldb/JonscherD94,OSyB__1T0qcJ,0
conf/vldb/Mohan02a,lmAlQKAbmWYJ,0
journals/sigmod/WuY00,BSlaDX5r0HQJ,0
conf/vldb/HalversonBKKRTVWND03,69QXWskXtFYJ,0
conf/vldb/YangLH03,8B_KaIGXm1UJ,0
conf/sigmod/TatarinovIHW01,jfkafZcMjgIJ,1
conf/sigmod/AcharyaGPR99,mOngiXbKrNkJ,1
journals/sigmod/AdelbergKG96,VEbGn92r1V4J,0
conf/sigmod/Bussler02,Xyj4TP42JgcJ,0
conf/sigmod/HernandezMHYHT01,wMa4fMryrt0J,1
journals/sigmod/FernandezFLS97,mHcLGxog-7kJ,0
conf/sigmod/WhiteCF98,37OTg1ws0-AJ,0
journals/vldb/PapazogluK97a,ETIzBudbCuIJ,0
conf/vldb/Toivonen96,BCulIJ--MXwJ,0
conf/sigmod/VanceM96,-tCYCLPZLvYJ,1
journals/tods/WinslettSQ94,K6DXuClXOP0J,0
conf/vldb/XieH94,cHWAzKustmkJ,0
conf/sigmod/WolfsonSXZC99,3LSKofKlSz0J,0
journals/vldb/KabraD99,UAxAXYysL-UJ,1
journals/sigmod/Snodgrass00b,QE9V2jhlheoJ,0
conf/vldb/ViverosNR96,zffGNgEV1kEJ,0
conf/vldb/MaedaT01,IDA89ERzUUsJ,0
journals/sigmod/Fankhauser01,-2JURbcl_AwJ,0
journals/tods/BaralisW00,lBpNXnetyswJ,0
conf/vldb/Tygar98,pUhsq-R7fMcJ,0
conf/vldb/LakshmananSS99,DPzWVBnoYcQJ,0
journals/vldb/RafieiM02,kZFfJieudW4J,1
conf/sigmod/SeshadriLR94,G4N8qaBAG4kJ,1
conf/vldb/RoussopoulosK98,j9eo8n5HQLsJ,0
conf/sigmod/Cabrera03,a2-CPLseJxQJ,0
conf/sigmod/GreenwaldK01,baOIF8L2NAQJ,0
journals/vldb/RamamohanaraoH94,bFNUZoN0LhsJ,1
journals/tods/AikenHW95,46M3R-D2pvQJ,0
conf/sigmod/Dullmann99,c0Jjo0tzbRkJ,0
journals/sigmod/Ozsu03,NFGJNH4-xtMJ,0
conf/sigmod/HanPY00,2xwKDuA0DI8J,1
journals/sigmod/YauLMS99,vWwVQvcIrbEJ,1
conf/vldb/JagadishMN99,yh6y4XWemYUJ,0
conf/vldb/GingrasL98,kRa9VV9MO_wJ,0
conf/vldb/ChatziantoniouR96,PCijV8ggdNcJ,0
conf/vldb/MillinerBP95,kYl-9cV8gloJ,1
conf/sigmod/ShuklaD00,xM3LB0-jFl0J,0
conf/vldb/NieKH03,9javzlSee8oJ,1
journals/tods/WinslettSQ94,fvEoWh62kYQJ,0
journals/sigmod/GalianoM03,HqAWyuB11loJ,0
conf/sigmod/HacigumusILM02,NjEKpZOm48kJ,0
conf/vldb/VassalosP97,_Va8sQkrP2kJ,1
conf/vldb/CochranePM96,13mNqofiD2oJ,0
conf/vldb/AbiteboulBBCCDMMP03,ZE4LdRC2cncJ,0
conf/vldb/VelegrakisMP03,VLOGPMjpyZ0J,0
journals/sigmod/Snodgrass98c,HVgGsiOzA20J,0
conf/sigmod/JaedickeM98,jpSC_gYuDqAJ,0
conf/vldb/VermeerA96,bLHYVPnzov0J,0
conf/sigmod/AcharyaGPR99a,3dtKHLIo3cIJ,0
journals/sigmod/FrankGGJKLMNPSSSTW99,jN8ws_LDhNUJ,0
conf/sigmod/ShivakumarG97,RcXPIW6UQ-cJ,0
conf/vldb/RoussopoulosK98,BYdV_qDfnCcJ,0
journals/sigmod/WeikumSR03,nyHFfFtClVsJ,0
journals/sigmod/DreyerDS94,url:http://www.csa.com/partners/viewrecord.php%3Frequester%3Dgs%26collection%3DTRD%26recid%3D0002014CI,0
conf/sigmod/BohmA96,5vmteoQyF0AJ,0
conf/vldb/BargaP95,url:http://ieeexplore.ieee.org/iel5/9436/29944/01369035.pdf%3Farnumber%3D1369035,0
conf/sigmod/GuptaHR97,yrnhcMqsUVoJ,0
conf/vldb/LimWV03,url:http://doi.wiley.com/10.1002/ace.113,0
conf/vldb/MiloZ98,Mu7C4zD0AhMJ,0
conf/vldb/AbiteboulABBNM03,qxxsHP8uTAUJ,0
journals/tods/MamoulisP01,FAlh_Uh2FqAJ,0
conf/sigmod/GravanoGT94,VyfDMKs4SBcJ,0
conf/vldb/CareyK98,MCuFKbwcWIIJ,1
journals/sigmod/TheodoridisN00,NegSmYlF-awJ,1
journals/vldb/ChidlovskiiB00,hHTU4dEuab8J,0
conf/sigmod/MeccaAMMS98,url:http://www.springerlink.com/index/M240K6G7HPTT0377.pdf,0
conf/sigmod/Gibson95,url:http://links.jstor.org/sici%3Fsici%3D0146-4949(196424%252F21)5%253A1%253C5%253ATWATA%253E2.0.CO%253B2-P,0
conf/vldb/AgrawalK02,w0ZGY7F_PDUJ,0
conf/vldb/KangC02,XQviQEJe3ygJ,0
journals/sigmod/Ozsu01a,oRqTfwIi3FEJ,0
conf/vldb/MohanBWSZ00,-0jDi-1IoTYJ,0
conf/sigmod/ShenoyHSBBS00,jI5SfzUu_sQJ,0
journals/sigmod/Wu02,Wa6KhaTlVfAJ,0
conf/sigmod/MattosM95,url:http://portal.acm.org/ft_gateway.cfm%3Fid%3D1101233%26type%3Dpdf,0
journals/vldb/EyalM01,H1IdpEpwj-IJ,0
journals/sigmod/Franklin98a,A0xatPQfomsJ,0
conf/vldb/Jermaine03,5nVl8WCMn_kJ,0
conf/vldb/AgrawalSX01,bpWvAVOZLbwJ,1
journals/sigmod/Widom96,url:http://www.springerlink.com/index/PT6552PW010Q0547.pdf,0
journals/vldb/SuHHHLWLPLL01,e3WRTWFUu2oJ,0
journals/tods/ChakrabartiKMP02,nGvA3K7XhEEJ,0
journals/sigmod/BernsteinDK99,MsK0xHsckUIJ,1
conf/sigmod/FaloutsosL95,43b8e16YZlEJ,1
journals/sigmod/ConradHHKRSS99,4JFSBHOxbpYJ,0
journals/vldb/LometS97,5EjrRrS54fsJ,1
journals/sigmod/JacobS99,9cOXHKNje2IJ,0
conf/vldb/ViverosNR96,lsY_rXfEDDIJ,1
conf/sigmod/AdyaGLM95,bfcbZlt6vngJ,1
journals/sigmod/RosenthalHRS97,url:http://portal.acm.org/ft_gateway.cfm%3Fid%3D248612%26type%3Dpdf%26dl%3DGUIDE%26dl%3DACM%26CFID%3D11111111%26CFTOKEN%3D2222222,1
conf/vldb/BrinkhoffK94,iZnVYeTnUbgJ,1
journals/sigmod/Palpanas00,wqWcfwbLjIYJ,1
conf/vldb/WuFSP00,EzyG5o-2q0QJ,0
conf/sigmod/BreunigKNS00,4ZBs-U7sOk0J,1
journals/tods/WinslettSQ94,hK5EOo-Z7JMJ,0
conf/vldb/NieKH03,SPBOP5WxLk0J,0
conf/vldb/CarneyCZRCS03,aMTRiNYvY-0J,0
journals/sigmod/Aberer02c,bynxeGB5wswJ,0
journals/sigmod/DongS00,xFaxjoSVrp4J,0
conf/sigmod/Keim99,WnEj2fumCycJ,0
conf/vldb/GoldmanW97,Wo7In8pIWJ4J,0
journals/vldb/JagadishACLNPPSWWY02,T1c1QfSdUVQJ,1
journals/sigmod/PaepckeGRC00,ZoMjwB0ps2kJ,0
conf/sigmod/AltinelLKMPLWB02,ootpvBJVTaYJ,0
conf/vldb/AgrawalLSS95,MFwlcMH_jtwJ,0
conf/vldb/BouganimP02,z47v3RNwj3gJ,0
conf/vldb/CarneyCZRCS03,y5h2qhOGUSgJ,1
conf/vldb/YangKL97,dS24ayd5F64J,0
journals/tods/BellNNS96,HLYD3vxbk-YJ,0
conf/sigmod/HungYK96,tcTQNbXR29MJ,0
conf/sigmod/IoannidisLANT97,CEeCP7VTnlUJ,0
journals/sigmod/Yang94,4weDySmWmswJ,0
journals/sigmod/Han98,qmIdBy8oNgEJ,1
journals/sigmod/Kumar03,pMJCOmp4AAkJ,0
conf/vldb/LiCHH97,CPGwszsi3JcJ,0
conf/vldb/AgrawalCN00,GssM0sOdsjgJ,0
conf/sigmod/BaruGLMPVC99,JYHcz-HpKjEJ,1
journals/vldb/PapazogluK97,B2tN4PR9sFMJ,0
conf/vldb/CareyCNVDRSM99,9OtGdtkdUBkJ,0
journals/tods/DekhtyarRS01,9U0LKc8qS2kJ,1
conf/sigmod/SrikantA96,1K7au7yX7IoJ,0
conf/sigmod/ChakrabartiM99,NgBdA6hAvL0J,0
conf/vldb/LudasaherGM00,H4hHa7dQdSAJ,1
conf/vldb/King02,Em3qp7RGalkJ,0
conf/sigmod/AgrawalCD02,iABZEL2Zoz8J,1
journals/vldb/Sarawagi01,MV1B2tnGrDMJ,0
conf/vldb/RamakrishnanR96,k3dCmZBgUnQJ,0
conf/vldb/PoosalaI97,negC_a7QQnMJ,1
conf/vldb/BertinoBFS96,BeJcXCnfyhAJ,0
conf/sigmod/GriffinH97,IibLu3a0kvkJ,0
conf/sigmod/Mamoulis03,url:http://www.csa.com/partners/viewrecord.php%3Frequester%3Dgs%26collection%3DTRD%26recid%3DN7531009AH,0
journals/sigmod/DogacAOD95,qwmFIA1HUrIJ,0
conf/vldb/BouganimP02,IU1cjdPVT6cJ,0
journals/sigmod/HadzilacosT97,DizdLdHjnCEJ,0
journals/sigmod/Snodgrass01a,xiJnQi1iaPEJ,0
conf/vldb/Sondag01,K-Z4In4KMTQJ,0
conf/vldb/ChenJLP03,HwklKJAU6w8J,0
conf/vldb/KamelF94,b9ey7z1gs2IJ,1
conf/sigmod/OlstonWACELSS98,UTYa5uf9zSIJ,1
conf/sigmod/BabuGR01,s7Ao9Hlp694J,0
conf/sigmod/GuhaRS98,WHHfHdG_ougJ,1
conf/sigmod/KeoghCMP01,8VHpkBlDckYJ,0
conf/vldb/DoR02,url:http://portal.acm.org/ft_gateway.cfm%3Fid%3D1027693%26type%3Dpdf,0
conf/vldb/AltinelBKMPR03,1PMCDFuCLJsJ,0
conf/sigmod/ChakrabartiDI98,y88lIE5sgrwJ,1
journals/sigmod/Snodgrass00,jgcyhQb7pIQJ,0
conf/sigmod/AgrawalES03,Kk3xQSRTkwkJ,0
conf/sigmod/DewanSHH94,zasoZxJVclMJ,0
journals/sigmod/CiliaB02,If7mTb094DgJ,0
conf/sigmod/KrollW94,87pqURHhJoMJ,0
conf/sigmod/AdaliCPS96,DsrG_0MLQz0J,0
conf/vldb/HvasshovdTBH95,TBngMnEUgaUJ,0
journals/sigmod/KimballS95,7FXPa8AvxwkJ,0
conf/vldb/LuoN01,HydEilFO6OMJ,0
journals/tods/MehrotraRKS98,gKdxwCWE4ssJ,0
conf/vldb/VieiraM03,url:http://portal.acm.org/citation.cfm%3Fid%3D48338.48342,0
journals/vldb/C94,_f0_hOfD3wwJ,0
journals/tods/YanG94,QNk5e-NlkXsJ,0
conf/sigmod/FernandezFKLS97,cqlnSEkt12EJ,0
conf/sigmod/DeshpandeNGS03,K-mOMUTYlnkJ,0
journals/sigmod/GobleR02a,_0ScDV2HRCkJ,0
conf/sigmod/MissikoffT94,IW-MPMuQnOsJ,0
conf/vldb/NetzCBF00,dUgyzs6sdmAJ,0
conf/sigmod/GrumbachRS98,ET-24yWYTB4J,0
conf/sigmod/MatiasVW98,Gm0JBYFex_MJ,0
journals/sigmod/UlusoyB96,url:http://portal.acm.org/ft_gateway.cfm%3Fid%3D202670%26type%3Dpdf%26dl%3DGUIDE%26dl%3DACM%26CFID%3D11111111%26CFTOKEN%3D2222222,0
conf/vldb/KeidlSSK02,frMuulqm7vIJ,0
conf/vldb/Spintzik95,QcD01ZjsNcIJ,1
conf/sigmod/ChaudhuriMN98,3fEogSGG3wQJ,1
conf/sigmod/CookWZ94,E4BJGMS1iVYJ,0
conf/sigmod/LeeKOTM00,nzTXrlSyTuIJ,0
conf/sigmod/Atkinson95,url:http://portal.acm.org/citation.cfm%3Fid%3D223874,1
journals/sigmod/Keim96,_Ky8wyq5Xe8J,0
conf/vldb/AgrawalPWZ95,hO_7MgcawQ4J,1
journals/tods/LeveneL99,eQow4BjXl1AJ,0
conf/vldb/LiPHCAAT03,8npcZw-QcOYJ,0
journals/sigmod/TianDCZ02,YairHaUfNg0J,0
conf/sigmod/GunopulosD01,qpmY_A4J6HkJ,0
conf/sigmod/OlstonJW03,fW0CpIqoV7QJ,1
journals/sigmod/GottlobKP03a,OjVBDh7ZgiUJ,0
journals/sigmod/BunemanRU97,jCzNRv6E26QJ,0
conf/sigmod/FaloutsosRM94,bL4szse-iCQJ,1
conf/sigmod/ColbyGLMT96,qZppq83SJEYJ,1
journals/sigmod/GruenwaldBDGSSV99,kpnZ5k5qdnAJ,0
conf/sigmod/ShklarSKT95,Qmv924JVxcgJ,0
conf/vldb/SakuraiYUK00,UeGSuGmQRq0J,0
conf/sigmod/LibkinMW96,1bwvLOyre7IJ,0
journals/sigmod/VelACM01,BpVCZeh_VTwJ,0
conf/sigmod/Tajima96,bViLh5-jVsAJ,0
conf/sigmod/BrownCL96,CAMP-DQexD8J,0
journals/vldb/KrivokapicKG99,9YwFrtrNlaIJ,1
conf/vldb/Sterling98,mjk-za-RVpgJ,0
conf/vldb/LohmanL02,gQcrqumgp9sJ,0
conf/vldb/WitkowskiBBFGSS03,k60F6622RlwJ,0
conf/vldb/GolabO03,w17spSGfEXYJ,0
conf/sigmod/Nori00,RaArqO8x4IMJ,0
conf/vldb/LiuJ02,oNAfiIzsGMgJ,0
conf/sigmod/ForlizziGNS00,f9MPbT0jUGsJ,0
conf/sigmod/WitkowskiBBDFGSS03,oUKYK-hOWy0J,0
conf/sigmod/ChaudhuriDN01,qjjO8x9kQ2MJ,0
conf/vldb/FrohnLU94,Iv5ZAcQCL0cJ,0
conf/sigmod/ZouS96,DYFIQvOg7rgJ,1
conf/vldb/AltinelBKMPR03,Pxt5MidTNLoJ,0
journals/vldb/KrivokapicKG99,GfWoFPDqjD8J,0
conf/sigmod/AchyutuniON96,m7LnhdgPYI8J,0
journals/sigmod/Cardelli01,UYAoi4DYOXUJ,1
conf/sigmod/ChanI99,AsG-4_bY8L0J,0
conf/sigmod/BrinMS97,6sRWyw06gJIJ,1
journals/sigmod/Eisenberg96,j2qhvCR-tJMJ,0
journals/tods/Galindo-LegariaR97,VvWwfhHWMbAJ,0
conf/vldb/GardarinGT96,N41_xH_8gHUJ,0
conf/sigmod/SalemBCL00,sD8XeYzLRxEJ,0
conf/sigmod/Bosworth03,CLD080j61G8J,0
conf/sigmod/LivnyRBCDLMW97,cCH7Yc2BbRYJ,0
conf/vldb/TsurAADKW01,PvNI0yqRqtQJ,1
conf/vldb/CabreraRH95,-kEbmkusXI8J,0
conf/sigmod/ColbyKLMR97,d9IkGGT_9mQJ,0
journals/sigmod/DreyerDS94,7x-bLCYFC4YJ,0
journals/sigmod/GriffinK98,Qvl2bcDAyqEJ,1
conf/vldb/Amer-YahiaFSX03,P9LC3I5ngVEJ,0
conf/sigmod/ParkCY95,A3XtQdi1j5UJ,1
journals/vldb/RamanRH00,sg4AkUiRIVgJ,0
journals/vldb/NgC98,VSQ0v1UlIvoJ,0
journals/tods/EiterGM97,FOzFH8rl3wUJ,0
conf/vldb/GingrasL98,z7ksSgqwdr0J,0
journals/sigmod/ClementiniF00,ky9PftlkgtEJ,0
conf/vldb/GottlobKP02,fnIXflrczOEJ,1
conf/vldb/MatthesS94,KRLEL-N4Ce8J,1
conf/vldb/Sarawagi99,j3NIm0w0xA8J,0
conf/sigmod/BargaL99,3RoWg9vHZ90J,0
conf/sigmod/BabyCY01,MJvvYH6aDQAJ,0
conf/vldb/YanG95,vUkkFB7zks8J,0
journals/sigmod/MarchiLPT03,b4TNR5KYWNcJ,0
journals/sigmod/Jannink95,BFwyRubv2zQJ,0
conf/sigmod/WitkowskiBBDFGSS03,L94UNiKLA7YJ,0
journals/sigmod/Zhang95,f86VsMJZ9gAJ,1
conf/sigmod/ShenNSHS03,url:http://portal.acm.org/citation.cfm%3Fid%3D604275,0
journals/vldb/RafieiM02,p_k5eurvY5QJ,0
conf/vldb/BernsteinHJRW00,0KiQzAIFlJkJ,1
conf/vldb/GaasterlandL94,hvdME1Egw6AJ,0
conf/sigmod/CallanCD99,roXzlpLXDukJ,0
conf/vldb/ShatdalKN94,qTKKwDHiwBQJ,0
conf/sigmod/YanMHF01,d81TtIzRKwgJ,0
conf/sigmod/ChawatheG97,WNJDIyYiCHEJ,0
journals/sigmod/GerlhofKM96,gaxlKph_t3IJ,0
journals/tods/GraefeC95,Y_5IFGPU9ycJ,0
conf/sigmod/LiuPTBBZBHY98,UKcVwrnNOBQJ,0
journals/sigmod/ChristoffelPSL98,yC3NWP247K8J,1
journals/tods/DyresonS98,eCmNQqRZpPEJ,0
journals/tods/Galindo-LegariaR97,RD8EX9zY6UwJ,0
journals/tods/PolyzoisG94,zKxkpsTkK-sJ,0
conf/sigmod/ParkCY95,pN4pq6qELakJ,1
conf/sigmod/RamaswamyRS00,VLmkXqlgD_QJ,0
conf/sigmod/BlottRS96,l2bdMpPJvqAJ,0
conf/vldb/ManegoldBK02,url:http://www.csa.com/partners/viewrecord.php%3Frequester%3Dgs%26collection%3DTRD%26recid%3DA8622926AH,0
journals/vldb/HaasCLS97,5XWWxb87_74J,0
conf/sigmod/SunAA03,url:http://pubs.acs.org/cgi-bin/abstract.cgi/achre4/2005/38/i02/abs/ar040106p.html,0
journals/vldb/C94b,POmEs9cXkXcJ,0
journals/sigmod/GruenwaldBDGSSV99,wKS6pVjKW74J,0
journals/vldb/AbiteboulB95,tcJ1e9WkwUMJ,0
conf/vldb/RothS97,gqmghICRXy0J,0
conf/vldb/KoudasGGSV03,url:http://portal.acm.org/ft_gateway.cfm%3Fid%3D1066277%26type%3Dpdf,0
conf/sigmod/AnkerstBKS99,BprqTNL2KPIJ,0
conf/sigmod/CatarciS94,be8BjzSDEFgJ,0
journals/sigmod/Barbara01,5L0Z9xXrgB8J,0
conf/vldb/TatbulCZCS03,re3a7mKWCTgJ,0
journals/sigmod/JukicV97,FCM6Hqe3ChkJ,0
journals/vldb/Sciore94,6TenHqAYCQAJ,0
conf/vldb/JagadishKMPSS98,bymQ_6SSse4J,0
conf/sigmod/BersonGM95,qEl7ZsZgAzQJ,0
conf/vldb/FlorescuLSY99,HlyiIm9cUA4J,0
journals/vldb/NgC98,pNKD5ijhlAsJ,0
journals/sigmod/LawderK01,2ttuR59ijYYJ,0
conf/sigmod/CranorJSS03,agIpWra_BEYJ,0
journals/sigmod/Snodgrass98a,6q39PhU2VFYJ,0
journals/tods/ChenHM95,MwqEpsCM5OQJ,0
conf/vldb/VriesDBA99,Z3E4DB3k-QYJ,0
conf/sigmod/LometT99,64T0ZQzCFgQJ,0
journals/tods/GravanoGT99,-tN2u9XehpYJ,0
conf/sigmod/Spiro98,ylY5os6nnjYJ,0
journals/vldb/SuHHHLWLPLL01,I1nJg59d69IJ,0
journals/sigmod/LometBCLN98,url:http://portal.acm.org/ft_gateway.cfm%3Fid%3D290608%26type%3Dpdf%26dl%3DGUIDE%26dl%3DACM%26CFID%3D11111111%26CFTOKEN%3D2222222,1
conf/vldb/ChaudhuriGS95,aBLP_rLMmuEJ,0
conf/vldb/Garcia-MolinaLY98,X-jmxnecLOEJ,1
journals/sigmod/FreemanG96,l2mzsafCNWwJ,0
conf/vldb/JiangWL03,n3DMdfviaSUJ,0
conf/vldb/DiaoF03,NOYlW_42hzQJ,0
conf/vldb/PirotteZMY94,XJPQMWtjlpMJ,0
conf/vldb/AbiteboulABBNM03,9rJeZSGswxYJ,0
conf/vldb/RahmM95,zfo_CgioVG8J,0
conf/sigmod/OhHP00,T91d5LI-xIwJ,1
journals/sigmod/Geller02,oYdM0O0J_CEJ,0
conf/sigmod/DraperHW01,Fh1QPZpWHUMJ,0
journals/vldb/BenzakenD95,rF3edU2oNcEJ,1
journals/vldb/BalkirO98,pSf0S8boiZ0J,1
conf/sigmod/Chan98,LbVRMb7P_50J,0
conf/vldb/GarofalakisIO98,5vAPrrO8Xh0J,0
journals/tods/CasatiCPP99,A_ptCQ0yVQ0J,0
conf/sigmod/WodtkeWWDM97,yXiRu4XZIBAJ,0
conf/vldb/ShanmugasundaramGTZDN99,mduVymV8jNYJ,1
journals/sigmod/JukicV97,kLnJCd1otuUJ,0
journals/sigmod/Halevy03,Eh5NlbJ8OCMJ,0
journals/sigmod/AilamakiG03,url:http://portal.acm.org/ft_gateway.cfm%3Fid%3D777004%26type%3Dpdf%26dl%3DGUIDE%26dl%3DACM%26CFID%3D11111111%26CFTOKEN%3D2222222,1
conf/vldb/ChaudhuriS94,FNqBp7hox0kJ,1
conf/sigmod/FukudaMMT96,bfNvVozWhM8J,0
conf/sigmod/MiloAABN03,8k15fjvuP_cJ,0
journals/sigmod/OrlandicLS02,WuP5QcxFr2EJ,0
journals/vldb/TurkerG01,url:http://doi.wiley.com/10.1002/ace.7503,0
conf/sigmod/KalnisNOPT02,alM-rPH2TPwJ,0
conf/sigmod/AltinelLKMPLWB02,pbRlODgODuIJ,0
journals/sigmod/ChakravarthyAEFO03,Wanl7pPcOU8J,0
conf/vldb/SakuraiYKU01,JWd2kGTgMA0J,0
conf/sigmod/GaoW02,rDRdlwdHGb0J,0
conf/vldb/AcharyaGP99,-7tsGpHin24J,1
conf/vldb/Koch03,qZGrI7_ec18J,0
conf/vldb/ManegoldBK00,hf4qTFvqSQsJ,0
conf/vldb/BonczMK99,6GAoBRINv7kJ,1
conf/vldb/MargaritisFT01,wBBlj0IQ7bMJ,0
journals/sigmod/RoantreeMH99,7-Suml1GqBQJ,1
conf/sigmod/GuoSBS03,fi3YzJQWgY8J,0
conf/sigmod/Kramer97,NRmYfnGIv8cJ,0
conf/sigmod/Ozsu99,FZXFeKcy6IsJ,0
conf/sigmod/ZhugeGHW95,NX9bCNDWjFkJ,0
journals/sigmod/KoksalAD98,fYW_XDggFD4J,0
journals/vldb/AtluriJY03,XeCqZagT5g8J,0
journals/sigmod/BabuW01,yCW7nFOH0AIJ,0
journals/vldb/ZezulaSAR98,DM9hrpKpqmMJ,1
conf/sigmod/DanS95,qjHzY4uEG7gJ,1
conf/sigmod/BaumannDFRW98,O2cGL7dA2Q0J,0
conf/sigmod/AltinelLKMPLWB02,kka0y1urWDQJ,0
journals/sigmod/LuoI02,url:http://portal.acm.org/ft_gateway.cfm%3Fid%3D601879%26type%3Dpdf%26dl%3DGUIDE%26dl%3DACM%26CFID%3D11111111%26CFTOKEN%3D2222222,1
conf/vldb/KumarKA97,xKdShMTcL-0J,0
conf/sigmod/WangCMSSZ94,_Xj-7At79joJ,1
conf/vldb/LakshmananPH02,toJPjd_KXsUJ,0
journals/sigmod/Cingil02,pLjqp7gMfIQJ,0
journals/sigmod/Mackay99,tzUxfh8dD9sJ,1
conf/sigmod/AgrawalASY97,bUWfUBRpmJcJ,0
conf/sigmod/MiloAABN03,d5ohJFu8V3wJ,0
conf/vldb/DiligentiCLGG00,rez2KR7v4dwJ,0
conf/vldb/WangC03,B1uNI67mfJcJ,1
conf/sigmod/Ellison95,r-uU1e1zhvsJ,0
conf/vldb/ZhangL98,vKiqKjDDbnsJ,0
conf/sigmod/BaruGLMPVC99,nTC3FQGaT_YJ,1
journals/vldb/FernandezFLS00,url:http://portal.acm.org/citation.cfm%3Fid%3D1066299,0
journals/vldb/SakuraiYUK02,7J-RvgQd8SMJ,1
conf/sigmod/Pirahesh94,ksV7sGlz-jkJ,0
conf/sigmod/MaddenSHR02,JYw3TY8hjuQJ,0
conf/sigmod/ZhuS03,url:http://portal.acm.org/ft_gateway.cfm%3Fid%3D509285%26type%3Dpdf%26dl%3DGUIDE%26dl%3DACM%26CFID%3D11111111%26CFTOKEN%3D2222222,0
journals/sigmod/FrankGGJKLMNPSSSTW99,ixz5LdVw9_8J,1
journals/sigmod/LenzVJS03,Y9NQm2iMDk4J,0
journals/sigmod/BarbaraCJW01,zi-ww5GGK0QJ,0
conf/vldb/BlokWZPAKJ01,ZBEUPeUOILAJ,0
conf/sigmod/PolyzotisG02,N11b8vV9qIkJ,0
conf/sigmod/RafieiM97,otOkT3t9kUQJ,1
journals/tods/GhandeharizadehHJ96,S3f2eLF6sA4J,0
conf/sigmod/ChanI98,gdiqJ-iIe98J,0
journals/sigmod/BernsteinBCDFGGHHJLMNPSU98,qegvGp8SWyMJ,1
conf/sigmod/MaddenH02,xbbz3OXXfywJ,0
journals/sigmod/NadoH97,_--0uPmswPsJ,0
conf/vldb/BelussiF95,YkqWZT3n-sAJ,0
journals/sigmod/LacroixB03,sl4RHQ8jHfwJ,0
conf/sigmod/YangWYH02,K8LqKSSVZy4J,0
journals/sigmod/AbererCDDHPS03,x9UYZfhKUqgJ,0
conf/sigmod/SrikantA96,o8sObeHIA40J,1
conf/sigmod/BlottRS96,HJa41QtEXAEJ,0
conf/sigmod/JohnsonD03,EqhpB-OPcx0J,0
conf/sigmod/2003,FIynPOZ1AnAJ,0
conf/sigmod/ParkCY95,8CqjZ166ScEJ,1
conf/vldb/RaghavanG03,c2fWirD-XgoJ,0
journals/sigmod/Libkin99,rHZ6Y7Q62-oJ,0
conf/sigmod/KarbhariRXD02,Nvk_No-CMq4J,0
conf/vldb/KietzRS97,ShxkQn-jV3UJ,0
conf/sigmod/LeflerSW96,1pKYTEglM0wJ,0
conf/vldb/SundaraHCAS01,4rGs6nrIVq0J,0
conf/vldb/YanG95,LyaFUXxIlA4J,0
journals/sigmod/Gaffney96,qOZ6JA4M5fcJ,0
conf/sigmod/FernandezFKLS98,rgk1HYJbTNEJ,1
journals/vldb/ChuaCL03,w2yOl1N3m_wJ,0
conf/sigmod/FaloutsosL95,qmIdBy8oNgEJ,0
conf/vldb/RusinkiewiczKTWM95,url:http://portal.acm.org/ft_gateway.cfm%3Fid%3D1101200%26type%3Dpdf,0
conf/vldb/AmsalegFG95,4epSHZpe3vMJ,0
conf/vldb/ShanmugasundaramSBCLPR00,_bdp5T8SSuoJ,1
conf/sigmod/BunemanDHS96,ngbxnQMSWfkJ,1
conf/vldb/BrownS95,CO7mEZmEwE4J,0
conf/vldb/RahmM95,m9m0YpwaO4YJ,1
conf/vldb/YagoubFIV00,E8P8lAj5sCQJ,0
journals/sigmod/LeeC00,Knzz_bkGA00J,1
journals/tods/TaoP03,faqaX7J_Kl8J,1
journals/vldb/GutingS95,x02_XqK_fGMJ,1
conf/vldb/BestavrosB95,gtWXcs-6QzwJ,0
journals/sigmod/McHughAGQW97,K8OvC1sQwBwJ,0
conf/vldb/KumarKA97,gVgctUmMBS4J,0
journals/sigmod/SureSS02,W6LyMCBcO3MJ,0
conf/vldb/Vieille98,5WJEyZLzPPUJ,0
conf/sigmod/Moore95,jHRQvzRbk2sJ,0
journals/vldb/RahmB01,MCDgDxsc8rcJ,0
conf/sigmod/JarkeQBLMS99,6ADPFc-KOe4J,0
conf/sigmod/ZhuSZ03,7VSlB0yIt3YJ,1
conf/sigmod/ChristophidesCS00,M3ELKAZ4wBMJ,0
conf/vldb/NaumannLF99,lpcb7paLjXgJ,0
conf/vldb/AdiBEY00,R5o2TUro03MJ,1
conf/sigmod/LiVCAHMWBCHIKSS99,url:http://portal.acm.org/ft_gateway.cfm%3Fid%3D15835%26type%3Dpdf,0
conf/vldb/MeekPK03,2n4ZCZQYHzoJ,0
journals/vldb/ScheuermannWZ98,ATrD3Dh_XgoJ,0
journals/sigmod/MedskerCS95,Z9yqUQpdXLAJ,0
journals/sigmod/BilirisP96,fu9j50Kk4Y4J,1
journals/sigmod/ChrysanthisSZ03,rLAhWzj6FcUJ,0
conf/sigmod/WhiteD95,-6GHcBvLVAIJ,0
journals/sigmod/ShethGJRSWW96,aGMmhP3i75cJ,0
conf/sigmod/BerckenDS00,lzEHeqokRWAJ,0
conf/vldb/ShahDR03,mqACxauwUcgJ,0
journals/sigmod/TanK03,44R_vYrStiQJ,0
journals/vldb/ClaussenKKW00,YM0UHeEfyAMJ,0
conf/sigmod/ChaudhuriGGM03,H5IdN0_MQw4J,1
conf/sigmod/GrumbachRS98,url:http://www.springerlink.com/index/Q700T5483078123V.pdf,0
conf/vldb/HaasKWY97,t9e1f-xi0VsJ,1
conf/vldb/PottingerL00,mbFyFqMnIGIJ,0
journals/vldb/Atkinson00,B2Am3RxioxIJ,0
journals/sigmod/BhargavaAP95,1C6Mp1Vd8JUJ,0
journals/tods/Chomicki03,K18tWuYszsMJ,0
conf/vldb/ZhangL98,ZtgVM1cqGH8J,0
journals/sigmod/Cingil02,2K6rhX16hXwJ,1
journals/sigmod/Snodgrass02,rzR9vM56-xgJ,0
journals/sigmod/RamDD99,dzJS6tLGq1MJ,0
conf/vldb/WangHH00,HNPd3p47SY0J,0
journals/sigmod/Snodgrass98a,url:http://portal.acm.org/ft_gateway.cfm%3Fid%3D1027695%26type%3Dpdf,0
journals/sigmod/Franklin99a,url:http://portal.acm.org/ft_gateway.cfm%3Fid%3D310066%26type%3Dpdf%26dl%3DGUIDE%26dl%3DACM%26CFID%3D11111111%26CFTOKEN%3D2222222,0
conf/sigmod/MumickQM97,RzLHe-SyBFgJ,0
conf/vldb/JohnsonM98,WrWKsjAj_58J,0
conf/vldb/BliujuteJSS98,qWGJZFXi414J,1
conf/vldb/PellenkoftLK97,WJRtE4qUuSQJ,0
conf/sigmod/MankuRL99,LlPkfgH5fCIJ,1
conf/vldb/LakshmiZ98,url:http://www.csa.com/partners/viewrecord.php%3Frequester%3Dgs%26collection%3DTRD%26recid%3D0052394CI%26recid%3D0052394EA%26recid%3D0052394SO,0
conf/sigmod/DasuJMS02,M_Q4wSbyr_gJ,0
conf/sigmod/GunopulosD01,mnUzHNE5eF0J,1
journals/vldb/RamamohanaraoH94,1OvXoGtbuHUJ,0
conf/vldb/Pogue98,2OoXASuGoxQJ,0
conf/sigmod/LiBKN03,5lGBYB0q8ooJ,0
journals/vldb/LiR99,P26UpVTUlIcJ,0
conf/vldb/CareyK98,o4TVQ7nJlqMJ,0
conf/vldb/Bowker00,PXUsChoj8A8J,0
journals/vldb/GibsonKR00,Z2E20DDHn9gJ,0
conf/vldb/DeutschT03,T9V6n-CqEvMJ,0
conf/vldb/YangG01,ZpOG6KM-mgoJ,0
conf/sigmod/KaushikBNK02,oXTMttOYw1cJ,0
conf/vldb/SeifertS02,7BZs4I77RzwJ,0
conf/vldb/StaudtJ96,6moFnThDHW0J,1
conf/sigmod/GarofalakisI96,url:http://portal.acm.org/ft_gateway.cfm%3Fid%3D1066272%26type%3Dpdf,0
conf/sigmod/Galhardas00,D-YvM-9R14kJ,0
conf/vldb/FlorescuLSY99,9i3AiEHkF6oJ,0
conf/vldb/TriantafillouP97,z3nQT34AyDoJ,0
conf/vldb/ChavdaW97,1u1EC3wP3ucJ,0
journals/vldb/BonczK99,Ox2LcW9YHz4J,0
conf/vldb/SellisRF97,url:http://links.jstor.org/sici%3Fsici%3D0146-4949(196622)7%253A2%253C168%253AC%253E2.0.CO%253B2-M,0
conf/sigmod/Maguire01,url:http://portal.acm.org/ft_gateway.cfm%3Fid%3D375742%26type%3Dpdf%26dl%3DGUIDE%26dl%3DACM%26CFID%3D11111111%26CFTOKEN%3D2222222,1
conf/sigmod/LiYVGPUV98,IASJb2p9g1UJ,0
conf/vldb/KonopnickiS95,K0PXRR7K9WUJ,0
conf/sigmod/ChakrabartiM99,oNAfiIzsGMgJ,0
conf/sigmod/ChaudhuriMN98,pVsFKVZNgD4J,1
conf/sigmod/FlorescuGKR02,N0yBbMrpeUwJ,0
journals/sigmod/Alonso94a,url:http://www.csa.com/partners/viewrecord.php%3Frequester%3Dgs%26collection%3DTRD%26recid%3DN9210460AH,0
journals/sigmod/KeetonPH98,GBKSTQ_4fGIJ,0
conf/vldb/SistlaYLL95,0XLIOjbzDNsJ,0
journals/vldb/HjaltasonS02,wahxKlA4pg8J,0
conf/sigmod/LabrinidisR00,url:http://ieeexplore.ieee.org/xpl/abs_free.jsp%3FarNumber%3D1269671,0
journals/sigmod/BallMRZ02,iLS-qIfRK3EJ,0
conf/vldb/BrightR02,NSkHJ6HAXp8J,0
conf/vldb/KriegelPS00,LDIlW9hsSD8J,0
conf/vldb/CherniackFZ01,49EWG8vzsXUJ,1
journals/sigmod/CeriFP99,nGbNVhi1CqIJ,0
journals/sigmod/ShethGJRSWW96,ub2wqqQgD40J,1
conf/sigmod/AvnurHLORRRW98,url:http://www.ingentaconnect.com/search/expand%3Fpub%3Dinfobike://els/09505849/2003/00000045/00000006/art00031%26unc%3D,0
journals/tods/ZobelMR98,GCNFbzuFBxcJ,0
conf/sigmod/WhiteD94,jKBaGqWJK2oJ,1
conf/vldb/ChenRS95,E1pYIBtTvIoJ,0
journals/sigmod/GeppertD94,9h0D_YBUakcJ,0
conf/vldb/Bowker00,url:http://www.csa.com/partners/viewrecord.php%3Frequester%3Dgs%26collection%3DTRD%26recid%3DA7423818AH,0
conf/vldb/LuL00,X2PE6K7uezQJ,0
conf/sigmod/WodtkeWWDM97,sGym2wFckEMJ,0
journals/sigmod/Franklin98b,ts9eaMKVDHwJ,0
journals/sigmod/VelACM01,XHVkTaIGY6gJ,0
journals/tods/CasatiCPP99,nheN4_0Nk2IJ,0
journals/sigmod/AdelbergKG96,2R-2i60g4MsJ,0
conf/vldb/AmielBDS94,1YBPv9qDcHYJ,0
journals/sigmod/Vassilakis00,P19J8mrJbQ8J,0
journals/sigmod/Qian97,8I6yGuPU9WAJ,0
conf/vldb/OoiYTJ01,TCCOIxOf1iAJ,0
journals/sigmod/ShethBS99,NLklGN91cZgJ,1
conf/sigmod/LuMSS95,nM4M4jVra4MJ,0
journals/sigmod/WolfsonSDNR95,Bi5QhByIhgUJ,0
journals/sigmod/Rosneblatt94,ZCA3ap4fx_oJ,0
conf/vldb/MahnkeMS02,-JBcR2Pwn7sJ,0
conf/sigmod/LakshmananPZ03a,JPnOY-099tEJ,0
journals/sigmod/Vassilakis00,url:http://www.csa.com/partners/viewrecord.php%3Frequester%3Dgs%26collection%3DENV%26recid%3D8913240,0
conf/vldb/GuptaM96,H19xw76hkEYJ,0
journals/sigmod/Datta94,PPH2NlobSwsJ,1
conf/vldb/AdityaBCHNS02,F4Hc2lTCVEkJ,0
conf/sigmod/MaheshwariL97,url:http://adsabs.harvard.edu/abs/1974PhDT........34K,0
journals/sigmod/Qian96,L9maJRfgGxgJ,0
conf/sigmod/KemperKM98,Z0oCigN4pVMJ,1
conf/vldb/ChirkovaHS01,U7fferq4Y70J,0
journals/tods/DekhtyarRS01,WfPlWCji5ekJ,0
conf/sigmod/GuhaRS98,iSkco-aumngJ,1
journals/sigmod/LeveneP02,yJwd5b0u_PUJ,0
conf/sigmod/AdelbergD99,EQoh5kRhrsEJ,0
conf/vldb/ChaHKK01,VyOa5Uqsj6AJ,1
conf/sigmod/BilirisP94,KYhmilHkq_IJ,1
conf/sigmod/YanMHF01,8hRWaIVZ2ykJ,1
conf/sigmod/KeimK95,-LeECarTlO4J,0
journals/vldb/ChuIT94,vFH0EIZ8ZaQJ,0
journals/vldb/Bertino94,url:http://portal.acm.org/citation.cfm%3Fid%3D144111.144149,0
conf/sigmod/Seshadri99,url:http://portal.acm.org/citation.cfm%3Fid%3D304182.304226,1
journals/sigmod/Hammer03,1eK8VKp4rS0J,0
conf/vldb/KornackerB95,GvlVdAmRhLcJ,0
conf/sigmod/ChungMS02,url:http://doi.wiley.com/10.1002/tl.5,0
conf/vldb/MeoPC96,url:http://portal.acm.org/ft_gateway.cfm%3Fid%3D1057843%26type%3Dpdf,0
conf/sigmod/SwamiS94,DEfYmFo2jPYJ,0
conf/sigmod/BerchtoldBK98,2iIOIm-eRE0J,0
conf/vldb/KarayannidisTSPMRFEB02,okgKDPbDOmAJ,0
journals/tods/GravanoGT99,url:http://www.springerlink.com/index/J367L81P37L3X40M.pdf,0
conf/sigmod/LitwinS00,R7Z-NlUo_YUJ,1
conf/sigmod/AdaliSS99,c2dH5RxNj6kJ,1
conf/sigmod/LeeKC99,6Al5NsZZrNIJ,0
journals/sigmod/BestavrosLS96,vf0-ersFx5QJ,0
conf/vldb/HaasKU99,fHKP73HLTjIJ,0
conf/sigmod/AggarwalY00,1QOF8F7robYJ,0
conf/vldb/KornMZ03,hBoL6DaFUMYJ,1
journals/sigmod/Cardelli01,kEWc1UPSB-kJ,0
conf/sigmod/WilschutFA95,Y5GLi9eZJ3YJ,0
conf/vldb/AbiteboulABBNM03,lAzQMkhnSQwJ,0
conf/vldb/AgrawalLSS95,RLvsZC11EtcJ,0
journals/sigmod/DunhamH95,J0dODst35yIJ,0
journals/vldb/RoySSSA98,-M6qlsSqLb0J,0
conf/vldb/ManolescuFKXO00,c22l_WX_ADwJ,1
conf/vldb/LiuJ02,N7_cnFj2jxkJ,0
journals/tods/ChoG03,-SsqqcRT2m4J,0
conf/sigmod/Mohan96,14cgU3tAHtgJ,1
conf/vldb/FukudaMMT96,B8_0dK37qcsJ,1
conf/sigmod/Team95b,url:http://doi.wiley.com/10.1002/ace.8005,0
journals/tods/OliverS94,1bcKeOSw50MJ,0
conf/vldb/DoR02,-AsVP3NqvlAJ,1
conf/sigmod/PoosalaIHS96,7aeX1HgeIlUJ,0
conf/sigmod/WangSCRZP97,_8u3tglG57YJ,0
conf/sigmod/StonebrakerH01,opMsehfY-XoJ,1
conf/vldb/Kotidis01,Ni5jo1oqEqEJ,0
conf/vldb/MignetMAC01,O94tC1uLuSAJ,0
journals/sigmod/RosenthalSMBTL95,0AwSc88rnUIJ,0
journals/vldb/RamakrishnanSSS94,qdSbLCz4OAwJ,0
conf/vldb/GaasterlandL94,bAIdcgCjv1IJ,0
conf/sigmod/Whelan98,NCQGcdyj_hIJ,0
conf/vldb/LempelM02,DcSYGPdhxwoJ,1
journals/tods/EiterGM97,rmqk7ftu_lYJ,0
conf/vldb/RaoR99,N8XkcmIO0ysJ,1
conf/sigmod/QuassWGHLMNRRAUW96,GJ_KdQwvGagJ,0
journals/vldb/AlbanoGO95,vyu9Hrk30VgJ,0
journals/vldb/DesslochHMMT98,3mEkVA4_lCIJ,0
conf/sigmod/Team95b,url:http://www.ncbi.nlm.nih.gov/entrez/query.fcgi%3Fcmd%3DRetrieve%26db%3DPubMed%26list_uids%3D748425%26dopt%3DCitation,0
conf/vldb/SrinivasaK03,L9icLeaDipAJ,0
conf/sigmod/CrescenziMM02,pI0WktymowwJ,1
conf/sigmod/GebhardtJJ97,-ux4ubzdOToJ,0
conf/vldb/ManolescuFKXO00,DDFLL4_lIo4J,0
journals/sigmod/ArpinarD00,I9wQPTYfxzcJ,0
conf/vldb/Bernstein94,4LMbehX0nzsJ,0
conf/sigmod/AgrawalS00,uDM1fxuvbH0J,0
journals/tods/KossmannS00,3LBPVCRwCfwJ,0
conf/vldb/LimWV03,aPJnWocHLUwJ,1
conf/vldb/Bayer95,dwHlH-mUoiUJ,0
journals/sigmod/Bernstein98,0rPQh6GqYToJ,0
conf/sigmod/Ahn94,F77Jm4o8bCkJ,0
conf/vldb/JagadishMN99,RPWDtUmq6_QJ,1
conf/vldb/AshwinRSSS97,url:http://portal.acm.org/ft_gateway.cfm%3Fid%3D156893%26type%3Dpdf,0
journals/vldb/CasatiSG01,iZqkOIaZct0J,0
conf/sigmod/HanPY00,oeBeDPX7b9kJ,1
journals/vldb/JagadishKNS00,WgxJND3YwscJ,0
conf/sigmod/HinneburgKW02,gt4t4iFWixYJ,0
conf/vldb/ChangG97,2SYiXa0vGN4J,1
conf/sigmod/AggarwalPWYP99,pG7fRPgzRJgJ,0
conf/vldb/SeshadriLR97,alLAvBYDr-EJ,0
conf/sigmod/ChaudhuriG96,P-rdxNKTpCkJ,0
conf/vldb/ChaudhuriS01,iM00K8teHToJ,0
conf/vldb/ZurekS99,fRdbqzLZTlkJ,0
conf/sigmod/RajagopalanML98,zhjyB2-udbkJ,0
conf/vldb/Bowker00,UbHgLFWOlYwJ,0
conf/sigmod/RundensteinerKRCJM96,7BGMvLU9PI4J,0
conf/sigmod/DeolaseeKPRS01,S6PWjHRFORYJ,0
journals/tods/FormicaGM98,VgOm95gGcVcJ,0
conf/vldb/LiHKSPAC02,q-CcEKGdnDUJ,0
conf/sigmod/DeutschFS99,QxtGOVsCF78J,1
conf/vldb/Mohan99,iaGphSSw140J,0
journals/sigmod/EisenbergM00,url:http://portal.acm.org/ft_gateway.cfm%3Fid%3D344819%26type%3Dpdf%26dl%3DGUIDE%26dl%3DACM%26CFID%3D11111111%26CFTOKEN%3D2222222,1
conf/vldb/LuOT94,LFG4mZR-Q80J,0
journals/sigmod/SayginVC01,viwyG2eqstAJ,0
conf/sigmod/ColbyGLMT96,bqRa-q948jsJ,0
conf/vldb/HankinsP03,rqdq3L2hw7UJ,0
conf/sigmod/Atkinson95,v3RNEeY-y0EJ,0
journals/sigmod/DarwenD95,5Sg1yO3UqawJ,1
conf/sigmod/AggarwalY00,0oE1sYZXuxcJ,0
conf/vldb/LuL00,Kzh_qgzhobYJ,0
journals/sigmod/HasanMV96,PxOqfNG6PvoJ,0
conf/vldb/BargaP95,mCS9zP8TX_UJ,0
conf/sigmod/DeshpandeRSN98,crwMuyoc79AJ,0
conf/sigmod/AshleyFHLNP95,t0Wd_YW4n3cJ,1
journals/sigmod/Seshadri98,v9DxGimS8zcJ,0
conf/vldb/HristidisP02,rZJLf9oQ_hEJ,1
conf/vldb/MarronL01,9z2MfdOAAdIJ,1
journals/sigmod/Lee95,rOBaPIl1aQcJ,0
conf/vldb/BunkerCCMMW01,lzyu6LkeqI8J,0
conf/vldb/MarronL01,aeH2DwBWyBUJ,0
conf/vldb/ShahabiFKF00,url:http://www.springerlink.com/index/X0T44088KH546638.pdf,0
journals/vldb/OoiHLT96,ADfFnrDvkfUJ,0
conf/sigmod/HanPY00,R-ERjYdCskcJ,1
conf/vldb/CherniackFZ01,ZGqho0dT578J,0
journals/sigmod/GobleR02a,IFaK79VcrF0J,0
conf/sigmod/LuMSS95,Kk87yanaI1AJ,1
conf/sigmod/LakshmananPZ03,-EMZt7FrF4QJ,1
conf/sigmod/SeidlK98,url:http://www.ncbi.nlm.nih.gov/entrez/query.fcgi%3Fcmd%3DRetrieve%26db%3DPubMed%26list_uids%3D641303%26dopt%3DCitation,0
conf/vldb/JosifovskiR99,url:http://www.csa.com/partners/viewrecord.php%3Frequester%3Dgs%26collection%3DTRD%26recid%3D155938WS%26recid%3D199301550072MD,0
conf/sigmod/ImielinskiV95,4lr-CGiZUcUJ,0
conf/vldb/LifantsevC02,gPvyDDUyrg4J,1
journals/sigmod/LeeF01,S6HJdO27yzgJ,0
conf/sigmod/AfratiLU01,Ycj2VYHPX3IJ,0
conf/sigmod/CranorGJSS02,_s5mztS02McJ,0
journals/sigmod/Chen94,url:http://portal.acm.org/ft_gateway.cfm%3Fid%3D1107512%26type%3Dpdf,0
conf/sigmod/PiatkoYLS96,9_OfzVBZ-AYJ,0
conf/sigmod/WhiteD94,url:http://www.ingentaconnect.com/search/expand%3Fpub%3Dinfobike://els/08830355/2001/00000035/00000004/art00035%26unc%3D,0
journals/sigmod/FernandezFLS97,kUNmH_hh-gsJ,0
conf/sigmod/NgLHP98,qOiru8Q7FbIJ,1
conf/sigmod/GuptaMR95,3cDCBxaq11YJ,0
conf/sigmod/CareyMN97,b2r9OZJJ4sgJ,0
conf/sigmod/FaloutsosRM94,6WIF-_hBZZgJ,1
journals/sigmod/X94a,_vevqbTvrFcJ,0
conf/sigmod/Mohan99,1yPB90tZpsUJ,0
conf/sigmod/AggarwalY01,3NMPG1vUNgwJ,0
conf/vldb/Bernstein94,OdK5y0I8a1YJ,0
conf/sigmod/LometT03,0leuMWVrgGEJ,0
conf/vldb/BargaP95,QsXNubRv-HUJ,1
conf/vldb/KumarKA97,EhTWppk6No8J,1
conf/sigmod/GarofalakisGR02,U4JdDK_JZRYJ,0
journals/sigmod/Lomet01,stiDQFSAnukJ,0
conf/sigmod/ChungMS02,n8tscFMeBtwJ,1
conf/vldb/BlottKS98,Blo23JJOvzAJ,0
conf/vldb/LiCHH97,4kE9boG0ickJ,0
conf/vldb/Mohan99,Wyd_Clw1hgwJ,0
journals/vldb/BraumandlCKK00,jO1_C3FWChIJ,0
conf/vldb/DonjerkovicR99,c2Y2DrKLoIIJ,0
conf/sigmod/NgLHP98,94DIEgTTg_oJ,1
conf/sigmod/GangulyGR03,L-dmCosgjMgJ,0
conf/vldb/CherniackZ98,_I3R2oo2WcsJ,0
conf/vldb/LingLL00,ihDhKLKnhsEJ,0
conf/vldb/ZhangL98,yxCYqist70AJ,0
conf/sigmod/VitterW99,sOzrNUwA3vwJ,0
journals/sigmod/BohmR94,N5YtXrAJpjUJ,0
conf/vldb/LiCHPALHAY01,J2bqhSjAeb8J,0
journals/vldb/PucheralBVB01,8DRB_dYz2CgJ,1
journals/tods/Chen95,xTi5V6MDjD8J,0
conf/sigmod/SelfridgeSW96,UFQm6GAaM3sJ,0
conf/vldb/LinLYZ03,9rbctPoEdNUJ,1
journals/tods/FraternaliT95,url:http://www.springerlink.com/index/M470447876418L50.pdf,0
journals/sigmod/Snodgrass99b,jjt90IxQL2IJ,0
conf/sigmod/LiBCS00,U-CRsQikQVgJ,0
conf/sigmod/BrinMS97,eo_ENspi9koJ,0
journals/sigmod/Widom96b,8_j8FfOVpcAJ,0
journals/sigmod/RossIJP00,C_8ItDQfrRwJ,0
journals/vldb/BarbaraI95,fuI3EiySDjwJ,0
conf/sigmod/FernandezFKLS98,5Wu3pofGNPkJ,0
conf/sigmod/Doherty98,zxIkKm7c6XcJ,0
conf/vldb/HelmerWM98,url:http://doi.wiley.com/10.1002/he.64,0
journals/sigmod/SegevJS95,-DPDNeaVgQUJ,0
conf/vldb/NiermanJ02,1NZsxf_zwF4J,1
journals/vldb/BernsteinIR03,8IdbozhjpX4J,0
conf/sigmod/DeshpandeNGS03,kW_s1IAXnU0J,0
conf/sigmod/CorralMTV00,JB_fDn2630oJ,0
conf/sigmod/ShatdalN95,HeygZ5hQnHYJ,0
journals/sigmod/Ioannidis96,IgQsVaud8BIJ,1
journals/sigmod/TsotrasK96,url:http://www.springerlink.com/index/MG76EHFRC3CMWL1X.pdf,1
conf/sigmod/Gerber95,obAbvCmQzEQJ,0
conf/sigmod/DanielsDDEHJJLSSS94,FmFCKmza6DQJ,0
journals/sigmod/AbiteboulH95,zIbfdZRwsfEJ,0
conf/sigmod/AdaliSS99,aPhjdmv_CBIJ,0
journals/sigmod/KarlapalemLS95,yAkzvzHbqj8J,0
journals/sigmod/VassiliadisS99,eGARASwVBrUJ,1
conf/sigmod/RamanH02,fvOWpWN972sJ,0
conf/vldb/PacittMS99,jJyGKE2N34gJ,1
conf/vldb/HuebschHLLSS03,gyfFLO3-bm8J,0
conf/sigmod/CandanLLHA01,EAysH7b_shUJ,0
conf/sigmod/UrhanFA98,7k_L2CUM5DIJ,0
journals/tods/ChakrabartiKMP02,_nOW6fmEcTEJ,1
conf/vldb/DarFJST96,url:http://ieeexplore.ieee.org/xpl/abs_free.jsp%3FarNumber%3D1324635,0
journals/sigmod/TsotrasK96,MdPRxDLlJfcJ,0
conf/sigmod/AntonJLPZZ02,I3DBXw7WWWkJ,0
conf/vldb/Ladin00,05uvPkakCWIJ,0
conf/vldb/FernandezSCMS03,iRSEcvwGDyQJ,0
conf/vldb/NaumannLF99,8TthIl3DbdoJ,0
conf/sigmod/GangulyGMS96,zeikJQZ2KM4J,1
conf/sigmod/ZhangMCMR02,uv8UkrqPg1oJ,0
journals/vldb/ChakrabartiDAR98,GK_NCRasr0UJ,0
conf/vldb/IpeirotisG02,9xKBTxGE_OoJ,0
conf/vldb/DittrichSTW02,Knia1Z3TJbIJ,0
conf/sigmod/RafieiM97,Hd2lugurqEYJ,1
journals/sigmod/ONeilG95,RB5U3EEupjwJ,0
conf/vldb/DattaDTVRF01,oXiCtqK6qLsJ,0
conf/vldb/FangSGMU98,bRghxQIaRgEJ,0
journals/sigmod/Snodgrass00a,qvf-exlrYOEJ,0
journals/sigmod/X94a,tjSQMcZ1iIcJ,0
conf/vldb/MehtaD95,HIcgYOCuZqoJ,0
conf/sigmod/Mohan94,enYJ_2U2NdUJ,1
journals/tods/KonopnickiS98,BKUtItHoTX8J,1
conf/sigmod/OConnellISWABCCLPWW96,5awQcPWFBrcJ,1
conf/vldb/Garcia-MolinaLY98,5Rq_5hPceK8J,1
conf/vldb/Cluet03,8kwwoo1Va2QJ,0
conf/vldb/Kleewein96,5NBomJ0hMbsJ,0
conf/sigmod/MoonSL00,y4ZZN4xhKnUJ,0
journals/vldb/DiazJ97,RKAY1aZAeCoJ,1
journals/sigmod/ChangASS98,ax0kCfXJ_GYJ,0
journals/vldb/LandauST95,gJ98j9ycej8J,0
conf/sigmod/GardarinMP95,H4yBoz0Tuh0J,0
journals/sigmod/SmithO99,6sSfEAfvjwcJ,0
journals/sigmod/SycaraKWL99,q7Q6pCLqIJQJ,0
conf/vldb/GuPS00,olrKXr0-CX4J,0
conf/vldb/BerckenS01,A46cpXEm-8AJ,1
conf/sigmod/SeshadriLR94,cL_OKIQDvmQJ,1
journals/vldb/ChidlovskiiB00,DNtOuTScMRcJ,0
journals/tods/HjaltasonS99,xuoJNqOArTsJ,1
conf/vldb/DiligentiCLGG00,RtYWYRjBUmEJ,0
conf/sigmod/FukudaMMT96,lmXiI4fB9vgJ,1
conf/sigmod/GibbsBT94,28mTFsC-KCIJ,1
conf/vldb/ClaussenKMP97,qg84VpbaApMJ,0
conf/sigmod/JohnsonD03,brGhmYAx2R4J,0
conf/vldb/Sarawagi95,t0ezeXGUuNAJ,0
conf/vldb/ViglasNB03,pmepOfFrruEJ,0
journals/vldb/ChangG01,AIt_T-q07FIJ,0
conf/vldb/MorimotoFMTY98,9sydmlCRr4cJ,1
journals/sigmod/Barbara01,jBSHZIDKDlUJ,0
conf/vldb/SarawagiS96,3MjNruNrprQJ,0
conf/sigmod/ConsensM94,url:http://portal.acm.org/citation.cfm%3Fid%3D320610.320611%26dl%3DGUIDE%26dl%3DACM%26idx%3DJ777%26part%3Dperiodical%26WantType%3Dperiodical%26title%3DACM%2520Transactions%2520on%2520Database%2520Systems%2520(TODS)%26CFID%3D11111111%26CFTOKEN%3D2222222,0
conf/vldb/AgarwalADGNRS96,BMgzX0tPFykJ,0
journals/sigmod/Alonso95,bxhWOOnATt0J,0
conf/sigmod/BornhovdAKMPR03,aOuJxvTxVQIJ,0
journals/sigmod/HasselbringHHKRRS00,ewRIIXQHbrEJ,0
conf/vldb/PoosalaI97,PvOIwb2fI_IJ,0
journals/sigmod/Ley00,Iu93mVQFiq0J,0
journals/sigmod/VenkatraoP95,a1-nXXWanU4J,0
conf/vldb/Sarawagi00,z5DmAoBjsjAJ,1
conf/vldb/SavasereON95,tX0hBHC5_UQJ,1
conf/vldb/LamKR02,w5xpMlHVl48J,0
conf/vldb/GoldsteinR00,E8RSHCTP9fUJ,0
conf/vldb/BunemanDHOW95,url:http://portal.acm.org/citation.cfm%3Fid%3D276305,0
conf/sigmod/FukudaMMT96a,ZC8KQtT0JtoJ,0
journals/vldb/MecellaP01,iwz4wLD_EwgJ,0
conf/sigmod/GarofalakisGR02,url:http://www.ncbi.nlm.nih.gov/entrez/query.fcgi%3Fcmd%3DRetrieve%26db%3DPubMed%26list_uids%3D372293%26dopt%3DCitation,0
journals/vldb/ConstantopoulosJMV95,_da6PvkQBM4J,1
conf/sigmod/RoussopoulosKS99,bmsONqxQp80J,0
conf/vldb/DayalHL01,XuhtK-DsK6gJ,1
journals/sigmod/DongS00,EASgjaMx2AcJ,0
conf/vldb/LiCHPALHAY01,LMlleEqnS4EJ,0
conf/sigmod/BrinDG95,f6RnBIvPxmQJ,0
journals/tods/LakshmananSS01,G-XqwH3CZxQJ,0
conf/sigmod/OhHP00,y9L9BRegAksJ,0
conf/sigmod/ShintaniK98,9dllFM2Tr5oJ,1
conf/vldb/GehrkeRG98,JXDBWOqcIlIJ,0
conf/vldb/FlorescuLS98,s5WKC854QaEJ,0
journals/sigmod/LuoI02,HVMK4a5mtlwJ,0
conf/vldb/DeckerK03,ymzTqB7PHtkJ,0
conf/sigmod/KabraD98,WOHxNqdNMZoJ,1
journals/sigmod/Roussopoulos98,url:http://www.csa.com/partners/viewrecord.php%3Frequester%3Dgs%26collection%3DTRD%26recid%3D20021214040859MT%26recid%3DA7340041AH,0
conf/vldb/Spintzik95,atRi4tHAj-kJ,0
conf/sigmod/TheobaldW02,eauaGLr5uCUJ,0
journals/vldb/ManegoldBK00,4LwVQLtTBToJ,0
conf/vldb/MillerHH00,nx3LUFVz7KAJ,0
conf/sigmod/ConsensM94,Eq2AwWfNOwoJ,0
journals/sigmod/PaepckeGRC00,l3qwhDxf8rsJ,0
journals/vldb/ScheuermannWZ98,Q_JRmsXFEM4J,1
journals/sigmod/MusickC99,U8aV2wgTNdYJ,1
journals/sigmod/PitouraB95,1z3C1xrdkqIJ,0
conf/vldb/KangC02,004z3CTw0DEJ,0
conf/sigmod/FukudaMMT96,aGYlXVkxHSEJ,0
conf/vldb/WangZ00,VSR4PwHmGWsJ,0
journals/sigmod/Winslett03,iMau2dyN2sAJ,0
conf/sigmod/ZhangNDLL01,zwKFJaWR-CsJ,0
conf/sigmod/AdelbergGK95,lGCZbzWQvvsJ,0
conf/vldb/ZouS98,Q3k0JTDZq-IJ,0
journals/tods/HsuSY01,ISwrdvulwq0J,0
conf/vldb/Duranti01,oBoj174AwYMJ,0
conf/sigmod/ZhugeGHW95,_XLK2p-e2pYJ,1
conf/sigmod/CherniackZ98,_BzFnClkpgwJ,0
conf/sigmod/LivnyRBCDLMW97a,TagQk4X7Je0J,0
conf/vldb/CotterB00,49kH1OzmsNsJ,0
journals/sigmod/Klein94,jDaKJepMYiAJ,0
conf/vldb/ShatdalKN94,27-P8X0mjfcJ,1
conf/vldb/FlorescuLS98,mox0A1DSotIJ,0
journals/sigmod/Ozsu03a,zcGO8gNGW4oJ,0
conf/sigmod/BerckenDS00,p--jtVlva8AJ,0
journals/sigmod/SilberschatzSU96,soiN2U4tXykJ,1
journals/sigmod/WenLMZ03,yPFlbrVJFJoJ,0
conf/vldb/TorloneA03,1mrZj9LLJ78J,0
conf/sigmod/Cattell94,YBEfTbgzPq4J,0
conf/sigmod/LabrinidisR00,f2992_XOsewJ,0
journals/sigmod/LabrinidisM01,url:http://portal.acm.org/ft_gateway.cfm%3Fid%3D1066200%26type%3Dpdf,0
conf/vldb/RezendeS98,sRepwMQ942AJ,0
conf/sigmod/RamaswamyK95,m_RkHaePZXIJ,0
conf/sigmod/AltinelABFSZ99,WZDgK2THjbQJ,1
journals/sigmod/Mackay99,8A0oBoO0u4kJ,0
journals/sigmod/SureSS02,A-OWMulBkOoJ,1
journals/vldb/ManegoldBK00,R-TkMynZjgAJ,0
conf/vldb/FaloutsosG96,FbK48d5IS8gJ,0
conf/sigmod/ChaudhuriGN02,y461yNb2GEcJ,1
journals/sigmod/AtkinsonDJPS96,5H5ivF5KMdYJ,0
conf/sigmod/AdelbergGW97,rIl1gpqMcT0J,0
conf/vldb/JonscherD94,z2joA3SsQmQJ,0
journals/tods/FukudaMMT01,k6ukzru4nX8J,1
journals/sigmod/Hammer03,EbGZKQPyH_4J,0
conf/vldb/PedersenJD00,vuhXoz-UTmkJ,0
conf/sigmod/PadmanabhanBMCH03,zMBF0JQFxMIJ,0
conf/sigmod/EmbleyJN99,c88ESyKuD5kJ,0
conf/vldb/Gentili01,fiQJ-t1ktOIJ,0
conf/sigmod/KrollW94,Py1UOCtqcRUJ,0
conf/sigmod/ZhaoDNS98,uX1YGflKn08J,0
journals/tods/LakshmananLRS97,VL_9KA2huVEJ,0
conf/vldb/SteinbrunnPMK95,9NXYW0px5NMJ,0
conf/sigmod/Chan98,dahaBAYvs5AJ,0
conf/sigmod/FernandezFKLS97,yBqG0nFS4HcJ,0
conf/vldb/Adler01,f3jX9Sirp40J,0
conf/vldb/KoudasIM00,tNG28HMyZRIJ,0
journals/vldb/ShegalovGW01,XfvqAOX1qo4J,0
conf/vldb/Chawathe99,fyR1xRt4W1kJ,0
journals/sigmod/Datta94,1U-FXQiz6lEJ,0
conf/vldb/NathDKGKS03,EPdCmt3lPCQJ,0
conf/sigmod/ZhangNDLL01,LL4nIyQBQngJ,0
conf/sigmod/ZhangRL96,ASJvsPjaUg4J,0
conf/vldb/HristidisGP03,CRLHAnQ3DiYJ,0
conf/sigmod/BettiniWBJ95,bSUiVmv643EJ,0
conf/sigmod/FegarasM95,k5D5cit5tOYJ,0
conf/vldb/GilbertKMS01,_09-Ce4H5bkJ,0
journals/sigmod/Ouksel03,tJpvcJIcWzUJ,0
conf/vldb/LuOT94,ZJnyClmSV1EJ,0
conf/vldb/Sarawagi99,nV5CcOyu-AEJ,0
journals/sigmod/Winslett02b,jDYX854Ny7sJ,0
conf/vldb/SumiyaYTSI95,TodqmHzHRTQJ,0
journals/sigmod/VetterliVS00,url:http://pubs.acs.org/cgi-bin/abstract.cgi/achre4/2005/38/i04/abs/ar040176w.html,0
conf/vldb/Blecken00,BazAyXpNFbUJ,0
conf/sigmod/ShuklaD00,bP_PuQ_qCh0J,0
conf/vldb/BaralisPT97,GAz7FyDFX2QJ,0
conf/vldb/BerchtoldKK96,MsK0xHsckUIJ,0
conf/sigmod/CluetDSS98,k0OJfKKoodMJ,0
journals/vldb/DattaDVRN01,OYfjqKE8vx8J,0
conf/sigmod/FegarasSRM00,p1LusPTTxlAJ,1
journals/vldb/NanopoulosM02,I3n7sJoy3i4J,0
journals/sigmod/Franklin99,4HnGiy17egQJ,0
journals/sigmod/Manola98,MkGIiGgHsVIJ,0
conf/sigmod/BettiniWBJ95,xsaovu54vl4J,0
journals/vldb/ChangG01,hYu2nw263UoJ,1
journals/sigmod/Yang94,ONxIFv3wmb0J,0
journals/sigmod/ChangGKRS98,gXq0XdvzMcMJ,0
conf/vldb/CooperSFHS01,P4wJuDjWCMMJ,0
conf/sigmod/QunLO03,md3DWyujCrQJ,0
conf/vldb/GravanoG95,Gzr2235rJLsJ,1
journals/vldb/AtluriJY03,jtWvNxTZ794J,0
conf/sigmod/YangYW00,JQuwW88-2_0J,1
conf/vldb/Sarawagi95,lm05EK_bzNwJ,0
conf/sigmod/HanFWCZK96,UmFyRsTwrrAJ,0
conf/vldb/OoiGT98,ZCP0SMkV5zMJ,0
conf/vldb/HelmerWM98,M_Ao8zDvquEJ,0
conf/sigmod/ForlizziGNS00,PJezwxfSkL0J,0
journals/sigmod/Huyn01,HMejEY1bfN8J,0
journals/vldb/Cobb97,PnaPfhUbNtsJ,0
conf/sigmod/LarsonG03,O03AooTvfmUJ,0
journals/sigmod/Danish98,mKZyoPZArGcJ,1
conf/vldb/LempelM02,cw2-tluNGgwJ,0
journals/sigmod/LawderK01,rhqeAPpqhMoJ,0
journals/sigmod/Labrinidis01,indXR5yHwI8J,0
journals/vldb/JagadishKNS00,7mma3U5thh8J,0
journals/sigmod/BurtonM98,_fAf3hR_Sm4J,0
conf/sigmod/NguyenS96,S9cKzzQQYUAJ,0
journals/tods/MelnikG03,y2dZ5cRja_IJ,1
conf/sigmod/KarbhariRXD02,rsDYdiq-ocoJ,0
conf/sigmod/Cohen98,_ICk4vgjlgsJ,1
conf/sigmod/AcharyaAFZ95,clF04MGcPSUJ,1
conf/sigmod/LazaridisM01,hIW2ukCasAkJ,0
conf/vldb/Suciu96a,LuJIXUQ8YpcJ,0
journals/sigmod/Aberer03a,BwHlKhwwNuMJ,0
journals/sigmod/JacobS99,Wc0qsvqXE-YJ,0
conf/vldb/SeegerBBKSDS01,110Yqd1zMF0J,0
conf/vldb/KounevB02,DayIdkLVfyIJ,1
conf/vldb/MignetMAC01,YGdnZjs_tm0J,0
journals/sigmod/BarbaraCJW01,asukNMVeZZYJ,1
journals/tods/YanG94,rFdqdXVhLooJ,0
conf/sigmod/BornhovdAKMPR03,4qtu0-tW0IcJ,1
conf/sigmod/ChengKP03,K6752bGaG2QJ,0
journals/tods/YanG94,O4bV4M_szcUJ,0
conf/vldb/SayalCDS02,Ks5m14e18uwJ,0
journals/tods/CeriFPT94,qrfBA723rYAJ,0
journals/sigmod/AbererCH02,YNCf9geZV_UJ,0
conf/sigmod/IvesFFLW99,yrnhcMqsUVoJ,1
journals/vldb/JagadishACLNPPSWWY02,uh0hbnRFp_MJ,0
conf/vldb/CohenMKS03,gRoNHWLN1WMJ,1
conf/sigmod/FranklinZ98,zBEbqWIaXTMJ,0
conf/vldb/ChenCFGJMTW99,Ed8EH4p2vBMJ,0
journals/sigmod/Chaudhri98,PXJQPLyXOk8J,0
conf/vldb/AilamakiDHS01,7yQ28_L2uioJ,1
conf/sigmod/DogacTPPLKTK02,juQlvnYuPxwJ,1
conf/sigmod/LuoEHN02,SgjNEI0JNWoJ,0
journals/tods/JacoxS03,ujD_9YAZctUJ,1
conf/vldb/StanoiRAA01,SBpUQ0L7KUgJ,1
conf/vldb/YiF00,7j1pKfzfgNYJ,1
journals/sigmod/SchlageterBHMSW95,url:http://portal.acm.org/ft_gateway.cfm%3Fid%3D1031591%26type%3Dpdf,0
conf/vldb/FuhDCMTLDRM99,-DvIEFe1vQ0J,0
conf/sigmod/HullZ96,H1E3GuQcoUAJ,1
conf/sigmod/FungSG02,4GTJhrF6WG0J,0
journals/sigmod/BunemanRU97,K19Di4V3EaUJ,0
conf/sigmod/Squire95,FgBP8ndIrBUJ,0
conf/sigmod/AgrawalCFGHIIMMSS94,MzyG-o6a0RoJ,0
conf/sigmod/CruzJ99,vXMwU21-7HMJ,1
journals/sigmod/Vassilakis00,YzamQ6WYUa4J,0
conf/vldb/ChakrabartiM00,tRBRXzjtm14J,1
journals/sigmod/MeltzerC98,oIZbed7p2DgJ,0
conf/sigmod/LuWYBLY02,NJJ3SUUdpw4J,0
journals/sigmod/SnodgrassAABCDEGJKKKLLRSSS94a,53FxNzZfW_gJ,0
conf/vldb/AnSVKIG01,3ZqmA3aF600J,0
journals/tods/ChrysanthisR94,k7Nb3hZIot8J,0
conf/sigmod/CuiOTS03,OmAFWKQRlDkJ,0
conf/vldb/HaasKU99,EOR6eLh3cOkJ,0
journals/sigmod/Chaudhri98,YIB0ZhDIZQQJ,0
conf/vldb/BawaBA03,ZjIllDHwkSoJ,1
conf/sigmod/MassariPSC95,_7Q6RfH1yNAJ,0
conf/vldb/PitouraC99,Mm0fiUlLgY0J,0
conf/vldb/KeimH99,jaTlKcgQ1NkJ,0
journals/vldb/FerrariAABC02,d71SC-r1rkAJ,0
conf/sigmod/BersonGMJ94,RIkvMmIa8e0J,0
conf/sigmod/ShouCTRH01,0JYcH0e5nZkJ,0
journals/sigmod/EisenbergM02,1lFKwYyXZVEJ,0
conf/vldb/ChungCLL01,slv1ndOtLnAJ,0
conf/vldb/PedersenJD99,wAQKCo-LsaEJ,0
conf/sigmod/Adelberg98,lyTJMJmpo8IJ,1
conf/vldb/AlonsoHST97,h7bjA7yoDwQJ,0
conf/vldb/Amer-YahiaFSX03,PNYtSLkeCUYJ,0
journals/sigmod/ZobelMR96,c-KOTLlA0hAJ,0
conf/sigmod/JonkerS95,Rg4UOUTwgAcJ,1
conf/vldb/OzdenGHNSDGGW01,wLFTcupcM3AJ,0
conf/sigmod/MattosM95,gjMbt7_ChmQJ,0
conf/sigmod/MaratheS99,UJqh590D3rIJ,0
journals/sigmod/Mackay99,NoaGfWslgyUJ,0
journals/vldb/AbiteboulCM98,-lqp87W0EZ4J,0
journals/sigmod/KoksalAD98,NCX11ScetH8J,0
conf/sigmod/ZhaoDNS98,MjGo7AhsPSsJ,1
conf/vldb/BalminHKPSW03,A0SrqBlU-SQJ,0
journals/sigmod/Hanna95,Ag9lUPo9M-QJ,0
journals/sigmod/JaegerF95,DmeChtnNGlkJ,0
conf/vldb/ShaferA97,ouhzfFrtxSIJ,0
conf/vldb/ChengGKLLQS99,FGPvJf3LGYwJ,0
conf/vldb/Adler01,g7HDbO4GCN4J,0
conf/sigmod/WangPFY03,C8tFxD-_W10J,1
conf/sigmod/KriegelMPS01,NzhcJdwmwJMJ,0
conf/sigmod/Wu99,s1LM4-x5sUMJ,0
journals/sigmod/Stonebraker02,G6vD1gqTj5EJ,0
conf/vldb/Vieille98,nlyEH7GkrjoJ,1
conf/sigmod/UrhanFA98,O0ftsm2zT04J,0
conf/vldb/LongS03,oirov_kAu54J,0
conf/vldb/GrumbachRS00,0smuksm2TVMJ,0
journals/vldb/MuthOPW00,WaPRtcI_ACAJ,0
conf/vldb/JohnsonM98,eFynrwKK_T0J,1
conf/sigmod/BraumandlKK99,9BODwtXOf6oJ,0
conf/sigmod/TsurUACMNR98,jFiewpV4W8kJ,0
journals/vldb/KraissW98,h1HujKXawRMJ,0
conf/vldb/ChaudhuriGS95,gl1tblWO1GIJ,0
journals/tods/FormicaGM98,8f0YPrw1eOwJ,0
conf/sigmod/LehnerSPC00,ckKUfccnbcEJ,0
journals/vldb/HuntAI02,Ecl1_OsBOU8J,0
journals/sigmod/KlasS94,ZQhq6ArRVjEJ,0
conf/sigmod/IvesLPST00,aJF3hnaAiRIJ,0
conf/vldb/PapakonstantinouAG96,Lrp0aEn5eNoJ,0
conf/vldb/MarronL01,url:http://portal.acm.org/citation.cfm%3Fid%3D335224,0
journals/vldb/OzsuPSILM95,url:http://www.ingentaconnect.com/search/expand%3Fpub%3Dinfobike://els/09505849/1999/00000041/00000007/art00004%26unc%3D,0
conf/sigmod/DewanSHH94,c5P1s9c1OwgJ,0
conf/vldb/MarianS03,z-8N0gmZQZ0J,0
conf/sigmod/GriffinL95,7xa2FxbUh2cJ,1
journals/sigmod/KaradimitriouT97,url:http://doi.wiley.com/10.1002/he.16,0
conf/sigmod/Keim99,V6Y4tTMyMKYJ,0
conf/vldb/BerckenSW97,37X5vR_rv98J,0
conf/sigmod/AmbiteABKMMMPT98,LNGZsCHYRuwJ,0
conf/vldb/ZhangL98,bHTQqsiewD0J,0
journals/tods/ShashaLSV95,7MwtQErobHwJ,0
conf/vldb/Hamilton99,qdSbLCz4OAwJ,0
journals/vldb/ChuIT94,esly3pagRAkJ,0
journals/sigmod/ConstantopoulosCP01,KPTq63wCGV4J,0
conf/sigmod/Gal00,oP3_uOqi_gQJ,0
conf/sigmod/SeshadriHPLRSSS96,G0EOuULygFcJ,0
conf/vldb/Duranti01,OIDbW0L_VbwJ,0
journals/vldb/LometS97,kd8q2F4J2b8J,0
conf/vldb/FlorescuLS98,iWPv62XQRSIJ,0
conf/vldb/Sterling98,yLzBCf2sKLYJ,0
conf/sigmod/ChenR94,xIUKYn0U62sJ,0
conf/sigmod/MoonSL00,Ly790RRZLQgJ,0
conf/vldb/ZimbraoS98,4_4Jg_EQ8EkJ,0
journals/sigmod/CaplinskasEV02,17P_bc6z3l0J,0
conf/sigmod/PoosalaIHS96,url:http://portal.acm.org/ft_gateway.cfm%3Fid%3D1086253%26type%3Dpdf,0
conf/vldb/DoR02,qW0QSkqIwD0J,0
conf/vldb/Madnick95,CkoZFNLC7gQJ,0
conf/sigmod/Ivinskis95,9FaaDi_zGnEJ,1
conf/sigmod/CranorJSS03,R6sNqMYSgcAJ,0
conf/vldb/RizviH02,Ltwo5w4EWYMJ,0
conf/vldb/AilamakiDHW99,6r4BusUU6ssJ,0
conf/vldb/KnorrN99,O34mzzRXKgsJ,0
journals/sigmod/HummerLW02,url:http://portal.acm.org/ft_gateway.cfm%3Fid%3D507345%26type%3Dpdf%26dl%3DGUIDE%26dl%3DACM%26CFID%3D11111111%26CFTOKEN%3D2222222,1
conf/vldb/FaloutsosG96,url:http://portal.acm.org/citation.cfm%3Fid%3D1027527.1027567,0
journals/sigmod/KappelR98,OMvnPZVU4Z4J,0
journals/tods/ZaharioudakisCF97,urATzh4SZEgJ,0
journals/sigmod/RossGN03,bzA49-1loaIJ,0
conf/vldb/Schnase00,YzDSHQwYRYAJ,0
conf/vldb/BassiliadesV95,tP3xNwMYRRkJ,0
conf/sigmod/ChengKP03,cg3zYDXdqAcJ,0
conf/sigmod/DeutschFS99,Er6BubyniOYJ,0
conf/vldb/CherniackFZ01,WHWa6vBvwJ0J,1
conf/vldb/Padmanabhan96,iCAzCesjWtsJ,0
conf/vldb/Jamil97,tLpAE7ZSkLsJ,1
conf/vldb/Schoning98,Dwq7_w921qgJ,0
conf/vldb/ManolescuFK01,inDI0X1MJG4J,1
journals/sigmod/Klein94,bcEjF51hxssJ,0
journals/vldb/MihailaRT02,C8uSt9hyMQAJ,0
journals/sigmod/BarbaraS97,RX4Ug0M_-9UJ,0
conf/sigmod/JonssonFS98,uNS2-w0bcNkJ,0
conf/sigmod/BabcockO03,acnzsOLHFywJ,1
journals/vldb/Bertino94,url:http://portal.acm.org/citation.cfm%3Fid%3D113440%26dl%3DACM%26coll%3Dportal%26CFID%3D11111111%26CFTOKEN%3D2222222,0
conf/sigmod/KriegelBKPS03,w-xTIl-xdqYJ,0
conf/vldb/KoudasMJ99,dNe3yYbAOXgJ,0
conf/sigmod/MinPC03,JjrRZt4ONqMJ,1
journals/sigmod/X95a,U9uTrIqyQagJ,0
journals/sigmod/DomenigD99,ase9QcIo2sAJ,0
journals/sigmod/FlorescuLM98,5C2yfBIpwDsJ,0
conf/sigmod/ZaianeHLCC98,jdkRAQ_jVDcJ,0
conf/vldb/DarmontS99,tYYtlq_is1kJ,0
conf/vldb/Baru96,-HZznEiZzJ4J,0
conf/sigmod/ChaudhuriGGM03,hPhehdJhOSYJ,0
conf/vldb/Draluk01,eWBsR4wU9yMJ,0
journals/sigmod/ForteHWDCVHFS99,7ML1mmPqIooJ,1
conf/vldb/Leymann03,0ItelxliMNIJ,0
conf/vldb/SrinivasaK03,vDN8bN3Cuw8J,0
conf/sigmod/AdelbergD99,IvPHHa01uUkJ,0
conf/vldb/KietzRS97,FA4XoT1WWxMJ,0
journals/vldb/HuangDT99,l2EwblP9I7kJ,0
conf/vldb/PapadiasTS03,j3t4YZRIIOkJ,0
journals/sigmod/NejdlSS03,YpcmyrT5apsJ,0
conf/sigmod/HanPY00,GlNt7w28aE8J,1
conf/sigmod/Team95b,XOqk-C9UiIQJ,0
conf/sigmod/FernandezMS01,t9Kc_UuFiPsJ,0
journals/sigmod/AtkinsonDJPS96,JHVWab3P4zIJ,1
conf/vldb/CarinoJ98,vBHA-6GL9-kJ,0
conf/vldb/FlorescuHKLRWCSA03,o1D7GlkEX-sJ,0
conf/vldb/WangZL03,anrtNuJP9pEJ,0
conf/sigmod/ZhangRL96,5s2U8K4c1pcJ,0
conf/sigmod/MaddenSHR02,url:http://www.ingentaconnect.com/search/expand%3Fpub%3Dinfobike://els/09505849/2001/00000043/00000004/art00160%26unc%3D,0
conf/vldb/AksoyZF01,TV_CbClOnvEJ,0
conf/sigmod/LivnyRBCDLMW97,izDXhqRW9AYJ,1
conf/vldb/GottlobKP02,jpOj63xNfFsJ,0
conf/vldb/OzdenBRS94,K-plc654vhEJ,0
journals/sigmod/Hammer00,v73GPR_GusQJ,0
conf/vldb/BaulierBGJGKKMMNNRSS98,OEpO-16PjLgJ,0
journals/tods/MayL02,ky-2yjNGtW8J,1
conf/vldb/FaloutsosJS97,NUUaYtenOIgJ,0
conf/vldb/BrownS95,F-v-VG2RBQoJ,1
journals/sigmod/LometBCLN98,YulGBnxmffYJ,0
conf/sigmod/RodriguezR00,UF4wxbIa6FMJ,1
conf/sigmod/HanWDPW02,url:http://www.csa.com/partners/viewrecord.php%3Frequester%3Dgs%26collection%3DTRD%26recid%3DN9210389AH,0
journals/sigmod/LometBCLN98,VKb4JXeyc8IJ,0
conf/sigmod/ChenDLT00,url:http://portal.acm.org/citation.cfm%3Fid%3D342009.336560,1
journals/sigmod/SnodgrassAABCDEGJKKKLLRSSS94,mfKNBBrg_90J,0
conf/vldb/CarneyCCCLSSTZ02,KUYFJk7kXGEJ,1
journals/sigmod/CabreraLM01,g2wcR9yvrT4J,0
conf/sigmod/Norrie95,24DaN_xd-90J,0
journals/sigmod/RamamrithamS97,ilCT5UFnHxgJ,0
journals/sigmod/ShethM02,YUySuihhyM0J,0
journals/sigmod/ChangGKRS98,yKAMbu0OsogJ,0
conf/vldb/Fecteau95,5JMz3UpESeQJ,1
journals/sigmod/BerndtssonH96,QuM_YUy_a7UJ,0
conf/vldb/BernsteinHJRW00,6Mc5nNy96z4J,0
conf/vldb/YanG95,hsxGjc50x2kJ,0
conf/sigmod/BabuGR01,ijNEnl1nvDcJ,0
conf/vldb/ZhangL97,utbRmOclz-MJ,0
journals/vldb/LaurentLSV01,N6y7EbYZGxkJ,0
conf/sigmod/RiedelFGN00,ezT0KzXnA3oJ,0
conf/sigmod/BohrerBBCFHKKMNRRSUUW97a,JntLVX4TPi0J,1
journals/sigmod/DunhamH95a,ShXp0F0h7Z4J,1
conf/sigmod/Eaton98,p3TZajfXiSIJ,0
conf/sigmod/BressanGFJHKLMPQSS97,_1drQdYrtmsJ,1
journals/sigmod/Qian96b,url:http://portal.acm.org/ft_gateway.cfm%3Fid%3D245909%26type%3Dpdf%26dl%3DGUIDE%26dl%3DACM%26CFID%3D11111111%26CFTOKEN%3D2222222,1
journals/sigmod/ShethMKA01,url:http://portal.acm.org/ft_gateway.cfm%3Fid%3D604286%26type%3Dpdf%26dl%3DGUIDE%26dl%3DACM%26CFID%3D11111111%26CFTOKEN%3D2222222,1
conf/vldb/ZhangL98,0PaIs1W1bBMJ,0
conf/sigmod/NestorovAM98,XP7FEaxDfuAJ,1
conf/vldb/Schoning03,E6v8B3br450J,0
conf/sigmod/Chamberlin03,TdYsW7qkF_QJ,0
conf/sigmod/ChandrasekaranCDFHHKMRS03,onlybp6SAAsJ,1
conf/sigmod/BaumannDFRW98,PQADhpcPyBAJ,0
journals/sigmod/DunhamH95,CFy6jYXn_rUJ,0
journals/sigmod/KambhampatiK03,63Kb3m95im8J,0
journals/sigmod/Fong97,rgJU30QjbhkJ,1
conf/sigmod/YuMWL01,M9in1w1-awYJ,0
journals/sigmod/X95,vDoIQ6Wlct8J,0
journals/vldb/GutingS95,dm3xutmyi_0J,1
conf/vldb/BerckenS96,z7RgWI_XqrAJ,0
conf/vldb/GottlobKP02,oQBRhARXInAJ,0
journals/sigmod/TanakaV01,FslNDM-xbrEJ,0
journals/sigmod/ChristoffelPSL98,3SfDX4OO0PMJ,0
journals/sigmod/Kim02,mn5DBTUevZgJ,0
conf/sigmod/BrinMUT97,0cOrb6RuPW0J,1
journals/vldb/BonifatiCP01,url:http://portal.acm.org/ft_gateway.cfm%3Fid%3D163092%26type%3Dpdf%26coll%3DGUIDE%26dl%3DACM%26CFID%3D11111111%26CFTOKEN%3D2222222,0
conf/sigmod/DeligiannakisR03,7djlXSCVD7oJ,0
conf/sigmod/CandanLLHA01,CLD080j61G8J,0
conf/sigmod/Whelan98,t2lFcR2PmpAJ,0
journals/sigmod/Elderini02,KhPRcI6gNnwJ,0
conf/vldb/LevyMS94,pHHvswIOFfAJ,0
conf/vldb/BridgeJKLLM97,8SYZpKAeTwQJ,1
conf/sigmod/Cohen98,ZbQRB6A1BQIJ,0
conf/sigmod/ZhugeGHW95,9DilCGDXRWcJ,1
conf/sigmod/GibbonsM98,dfOqJZmGhAgJ,0
conf/sigmod/EmbleyJN99,3tJvSSFXAncJ,0
conf/sigmod/ChooOLCGBPS96,url:http://portal.acm.org/ft_gateway.cfm%3Fid%3D280357%26type%3Dpdf%26dl%3Dportal%26dl%3DACM%26CFID%3D11111111%26CFTOKEN%3D2222222,1
conf/sigmod/ForlizziGNS00,LXO9OXwthccJ,0
journals/sigmod/EisenbergM01,hqEOD-DtkZ8J,0
conf/vldb/SarawagiBKM02,G9DGYRD0cnMJ,1
conf/sigmod/ZaharioudakisC97,MHcY16AOi_oJ,0
conf/vldb/TianD03,i0b8aTkJJjMJ,0
journals/sigmod/NobleS95,rRvcD6HKhasJ,1
conf/vldb/Amer-YahiaCD98,domJ5BZBcSwJ,0
conf/sigmod/WuAA01,QKlyEeIFW24J,1
conf/sigmod/AgrawalES03,Ax0oCqU8X04J,0
conf/sigmod/Spiro98,TB6oY0Mmg6sJ,0
journals/sigmod/Chang03,F7RrgwOqiPgJ,0
conf/vldb/Orenstein98,oJG2lyjpAo4J,0
conf/sigmod/BaruGLMPVC99,H_EgMYu5AZgJ,0
journals/sigmod/Snodgrass98a,Rt8A02omxy8J,0
journals/sigmod/Snodgrass03c,VHKqFt1LjFoJ,0
conf/vldb/DeWittKLPY94,cehAAlTq4s8J,1
journals/sigmod/LudascherMM01,xgZSYJPZPVcJ,0
conf/vldb/BouganimNPW03,wCRlRU3VLMMJ,0
journals/vldb/AtkinsonM95,XYG-rHxq_z0J,1
conf/sigmod/Kennamer98,_ZsI_bVIJMwJ,0
journals/vldb/ShyyASL96,C08nwyLeO8IJ,0
journals/vldb/C95a,RmDpCEx-CYQJ,0
conf/vldb/BonczMK99,jsNNCDiD0yIJ,1
conf/vldb/BasuFP00,OrNFMFXOHbkJ,0
journals/vldb/LiangOY00,url:http://www.springerlink.com/index/T611U9628153M1UP.pdf,0
journals/sigmod/Widom94,nHnkiMCBhJcJ,0
conf/vldb/ZhouR03,laGbJ5oU5XYJ,0
conf/sigmod/IoannidisLANT97,NhNwtkE4jFEJ,0
conf/sigmod/BressanGFJHKLMPQSS97,49e1fevoqB8J,0
conf/vldb/Mattos03,ODtqT8e-9mIJ,0
journals/vldb/BerendtS00,LBfNGx3YDoUJ,0
journals/vldb/KabraD99,KQqmFDE7QzQJ,0
conf/sigmod/KotidisR99,RqwP54YI4YMJ,0
conf/vldb/MorimotoIM97,wkD289iFVAIJ,1
conf/sigmod/MotakisZ97,Zbv89s2eSnwJ,0
conf/sigmod/IoannidisLANT97,jazpbJzP6k8J,1
conf/vldb/YanA94,c349kTup7SMJ,0
journals/sigmod/LacroixB03,url:http://portal.acm.org/citation.cfm%3Fid%3D1086228.1086237,0
conf/vldb/ChaHKK01,tgZQrXju8j4J,0
conf/sigmod/AndersonBKW98,FW_4ceOOfQgJ,0
journals/sigmod/Date96,WdmKvKSHq48J,0
conf/sigmod/UrhanFA98,ewl7BMDz-D8J,0
journals/sigmod/NorrieBSW94,Wk34lMymtDoJ,0
journals/tods/CasatiCPP99,G1uOZEz98iQJ,0
journals/tods/HsuSY01,HqvXeE62sKAJ,0
conf/sigmod/BohrerBBCFHKKMNRRSUUW97a,bnzUppOZricJ,0
conf/sigmod/HernandezS95,kKk4xIJfQ70J,0
journals/sigmod/Wade96,nBKTPaMbKrQJ,0
conf/sigmod/ArasuBBDIRW03,eXulm3jwflAJ,1
conf/sigmod/Chaudhuri97,rulz6rR1nQUJ,0
journals/sigmod/Liu01b,url:http://portal.acm.org/ft_gateway.cfm%3Fid%3D1099573%26type%3Dpdf,0
journals/sigmod/ChenHKPW94,UE6iCn4Cqh8J,0
journals/sigmod/KambhampatiK03,aLGzV1QmzbUJ,0
conf/vldb/AdityaBCHNS02,2vzhAz4Yll4J,1
conf/sigmod/GingrasLSPS97,k6JBnh7YxPYJ,1
conf/sigmod/GarofalakisG02,InOyr0i0gScJ,0
conf/sigmod/GuptaHR97,Cyo90MIIXGYJ,0
journals/vldb/LiR99,CONuENLMwA4J,0
journals/tods/WangBBJ97,kp2T3GlqI3cJ,1
conf/sigmod/PatelD96,vmxFQL7lhKoJ,0
journals/tods/Kuo96,p--jtVlva8AJ,1
conf/sigmod/Chaudhuri97,j68NHtl7ofgJ,0
conf/vldb/ChoG00,7q1QrcjNiIAJ,0
journals/tods/DekhtyarRS01,G2gNHyx6ZnsJ,0
conf/sigmod/ChaudhuriKN03,u1RcQaV05m0J,0
conf/vldb/NatsevCSLV01,HkXzoOCfwF8J,0
journals/tods/DekhtyarRS01,AnNzb6Gr7HkJ,1
conf/vldb/ChaudhuriS94,SgokkSrdkyAJ,0
conf/sigmod/BreunigKKS01,Blt38BS62Q8J,0
conf/sigmod/MelnikRB03,qNLsbj_Fu5EJ,0
journals/sigmod/EisenbergM99,Z1P9QnSfDuAJ,1
conf/vldb/MohanBWSZ00,lPRk4otI2_IJ,0
conf/vldb/Hess96,TBEnhPLw6lMJ,0
conf/sigmod/Olson95,94bkXNwj-gIJ,0
journals/vldb/JagadishACLNPPSWWY02,7PURGFKkDU0J,0
journals/sigmod/LabrinidisM01,EU0gX8-DQQQJ,0
conf/sigmod/ShenNSHS03,id2ScU7JWlEJ,0
conf/sigmod/AfratiLU01,1PI-vdJbMP0J,0
conf/vldb/AdiBEY00,RkjggE7xhN0J,1
journals/sigmod/Scholl01,jQUAPB2bpFIJ,0
journals/sigmod/Aberer03b,AIt_T-q07FIJ,0
journals/sigmod/RossCGJBV99,url:http://portal.acm.org/ft_gateway.cfm%3Fid%3D959087%26type%3Dpdf%26coll%3DGUIDE%26dl%3DACM%26CFID%3D11111111%26CFTOKEN%3D2222222,0
journals/vldb/FahlR97,kgVpXM-wLCEJ,0
journals/sigmod/MotroA03,1fYki_19CN0J,0
conf/sigmod/Team95c,KLEKlCJbBU0J,0
conf/vldb/YuV00,url:http://www.csa.com/partners/viewrecord.php%3Frequester%3Dgs%26collection%3DTRD%26recid%3D200111010715MT%26recid%3DA0032651AH,0
conf/vldb/JohnsonA00,8Wq3kLAyxWYJ,0
conf/sigmod/ShashaB02a,Wrue2IkpGyEJ,0
conf/sigmod/PapadiasTFS03,wT9fk_vO6ykJ,0
conf/sigmod/DogacAEOADAOS94,EblGIAAuKH0J,0
conf/vldb/HristidisP02,qEWGBi1FZcAJ,0
journals/sigmod/LometBCLN98,VVzBEqz33TcJ,0
journals/sigmod/YaoG02,M7PRDh2-0EIJ,1
conf/sigmod/GreenwaldK01,EDbbTlUTuWYJ,0
conf/vldb/BassiliadesV95,url:http://portal.acm.org/citation.cfm%3Fid%3D673137,1
journals/vldb/GeorgeH00,url:http://ieeexplore.ieee.org/iel3/3990/11481/00547836.pdf%3Farnumber%3D547836,0
journals/sigmod/RiekertMW97,url:http://doi.wiley.com/10.1002/ace.7904,0
conf/sigmod/ChenWZ98,_jgnDEx9DaEJ,0
journals/sigmod/DAndreaJ96,az_y5d5rsyMJ,0
journals/sigmod/AtzeniMM97,dNz6dT70-aIJ,0
conf/sigmod/NatsevRS99,r2jkzqMSE0gJ,1
conf/vldb/LabrinidisR03,JPJKm3NP1w0J,0
journals/sigmod/ConradEHRSSSV97,5aujKPL9EvwJ,0
conf/sigmod/ChoiC02,eBV4-I_OlU8J,0
conf/sigmod/MoleskyR95,XJPduAQD1PkJ,0
conf/sigmod/DewanSHH94,8H_8JlW7SO8J,0
conf/vldb/NgH94,b6zP-CeY1j8J,0
conf/vldb/KonopnickiS95,_fybovOBdmYJ,0
conf/sigmod/AggarwalY01,KU9GMT_EA08J,0
conf/sigmod/Larson01,CXjNeGIINsMJ,0
journals/vldb/TenienteO95,MhfBziRyL0YJ,0
conf/vldb/OlstonW00,9Wan9sPNUAYJ,0
conf/sigmod/LakhamrajuRSS00,FSBv8rtxjaYJ,0
journals/sigmod/Geller02,o1I3nxQAo4AJ,0
conf/vldb/Faloutsos02,url:http://portal.acm.org/citation.cfm%3Fid%3D154766.155383%26dl%3DGUIDE%26dl%3DGUIDE%26type%3Dseries%26idx%3D154766%26part%3DProceedings%26WantType%3DProceedings%26title%3DHistory%2520of%2520Programming%2520Languages%26CFID%3D11111111%26CFTOKEN%3D2222222,0
journals/tods/LiuDL02,DUPllEayHvAJ,0
conf/sigmod/StoltePAG03,2sWwPk5uNKwJ,0
conf/vldb/DarmontS99,Ebi8v9FZXcgJ,1
conf/sigmod/Raghavan03,CUZ05QpQcmwJ,0
conf/sigmod/DanS95,qYsoOX4e1noJ,1
conf/sigmod/GraySSU03,fPf7i-ehQ-YJ,0
conf/sigmod/Amer-YahiaCLS01,_F5xTSv_mz8J,0
conf/vldb/RossS97,fdRAYN0eaeMJ,1
journals/vldb/PapazogluK97,Phcd3C1cfLcJ,0
journals/sigmod/Snodgrass01,DXLI7hrX1lYJ,0
conf/sigmod/Amer-YahiaFSX03,fm69LHjS4T0J,1
conf/vldb/ChakrabartiDAR97,PAfIruwVVakJ,1
conf/vldb/Schnase00,FKP82dZax-cJ,0
journals/sigmod/ChakravarthyAEFO03,url:http://portal.acm.org/ft_gateway.cfm%3Fid%3D641006%26type%3Dpdf%26dl%3DGUIDE%26dl%3DACM%26CFID%3D11111111%26CFTOKEN%3D2222222,1
journals/tods/ChrysanthisR94,q2yP1EWKhTcJ,1
conf/sigmod/TheodoulidisAACKS94,srDgEOADv7cJ,1
journals/sigmod/RossFLOSSVW00,XlhdsOe09icJ,0
journals/sigmod/YaoG02,oNA6yz-lm5gJ,0
conf/vldb/GrovlenHT98,url:http://portal.acm.org/citation.cfm%3Fid%3D800297.811533%26dl%3DGUIDE%26dl%3DACM%26type%3Dseries%26idx%3DSERIES473%26part%3DProceedings%26WantType%3DProceedings%26title%3DInternational%2520Conference%2520on%2520Management%2520of%2520Data%2520and%2520Symposium%2520on%2520Principles%2520of%2520Database%2520Systems%26CFID%3D11111111%26CFTOKEN%3D2222222,0
conf/vldb/Toivonen96,fiDTOBR8njMJ,1
journals/vldb/BernsteinIR03,0Oj0vWma7b0J,0
conf/sigmod/ZaharioudakisCLPU00,-3MeHyntZNoJ,0
conf/sigmod/MaheshwariL97,1hXAkApUm3kJ,1
conf/vldb/OzsoyogluAAOUO02,Pb3y_NGGwjwJ,1
conf/sigmod/ChawatheG97,oHUiSrycKdgJ,1
conf/vldb/EicklerGK95,MgphE2z3NqYJ,0
journals/sigmod/BurtonM98,LOXd8JPfhpwJ,1
conf/sigmod/ZaharioudakisC97,7ORykEWIrV4J,0
journals/sigmod/VassiliadisS99,sq9LoMHDC3gJ,0
conf/vldb/RamasamyPNK00,url:http://heart.bmjjournals.com/cgi/reprint/81/1/10.pdf,0
journals/sigmod/NobleS95,KjVrr9rB09sJ,0
journals/sigmod/Aberer01a,93aR_airsVMJ,0
conf/sigmod/LiBCS00,s7DJCgfBX-4J,0
conf/sigmod/YangWYH02,QRZw2E9cOLAJ,0
journals/vldb/OoiHLT96,x28I9Elj9KIJ,0
conf/vldb/CormodeDIM02,_VVzbR4RdvoJ,0
journals/vldb/PapazogluK97,89IG0aiRQKUJ,0
conf/vldb/MargaritisFT01,81KDJ5FJnrYJ,0
conf/sigmod/CareyK97,LXRS1U4nqngJ,0
journals/tods/FormicaGM98,tlPGqmSTd6QJ,0
conf/vldb/LiCHH97,VAj3Zrlo8uMJ,0
journals/sigmod/ShethGJRSWW96,LZJB0qNF4u8J,0
journals/tods/MayL02,z1OQQFwuI38J,0
conf/vldb/Schnase00,Df_av80Vas8J,0
conf/sigmod/GibbsBT94,iS9rQqelSjMJ,1
journals/sigmod/MeltonE01,2vCLSOE0SVoJ,0
conf/vldb/ChienVZTZ02,_qmQv2gT8EQJ,0
conf/vldb/JiangWL03,url:http://www.csa.com/partners/viewrecord.php%3Frequester%3Dgs%26collection%3DTRD%26recid%3D200111010695MT%26recid%3DA0032617AH,0
conf/vldb/PatonG01,MecFhYuH3FYJ,0
journals/sigmod/ChengP03,eFDQJo4KK6QJ,0
conf/sigmod/Weininger00,CbvbLrkaoooJ,0
journals/sigmod/GamacheS95,vqgfvx71hgQJ,1
conf/vldb/FernandezSCMS03,AzyKAmoAeN8J,0
conf/sigmod/BorkarDS01,8fu2bhk_i9EJ,1
journals/sigmod/RossGN03,KHuDdbHBzZkJ,0
journals/sigmod/BusslerFM02,TMrg1T5egBkJ,0
conf/vldb/BunemanDHOW95,Gl6-iOrCmBAJ,0
conf/sigmod/NestorovAM98,MihsWKYGr78J,0
journals/sigmod/RossNO03,Kdc1E1GyL6AJ,0
conf/vldb/BertinoBFS96,s0v9B-K8owEJ,1
journals/tods/Hellerstein98,DigRPVPIn28J,0
conf/vldb/DarFJST96,95lS1rShpqQJ,1
journals/vldb/LaurentLSV01,TTIgIh9uC_YJ,1
conf/sigmod/HellersteinHW97,goq6Z9bDeSsJ,0
conf/vldb/TriantafillouP97,DoaaiC3FJ9IJ,0
conf/sigmod/WhiteD95,6SBwemr2zscJ,1
conf/vldb/DattaDTVRF01,SvM3y3-Z65MJ,0
conf/vldb/Baru96,rdR5fto4dYwJ,0
conf/sigmod/AgichteinG03,ECiBBCPBzIwJ,0
conf/sigmod/AdaliCPS96,qcZ2tYThtK0J,0
conf/sigmod/Freeston95,d_pYdtBYlk4J,0
conf/vldb/SeidlK97,SYVDufoTe_IJ,0
journals/vldb/FangGM96,XWJzm_8kqZYJ,0
conf/vldb/ChaudhuriS94,RjNJRVnqi_EJ,0
conf/vldb/DongHLPW01,W_b-Eo5VaOgJ,0
journals/vldb/KashyapS96,GlmJMsfDgXwJ,1
conf/sigmod/WhiteD95,9zzvavyuhA0J,0
journals/sigmod/SpynsMJ02,2XLMgQr-sEgJ,0
conf/sigmod/TatarinovVBSSZ02,jpdtj32vZFAJ,0
conf/sigmod/HanKK97,j-X8sjKLzK0J,0
journals/tods/Hellerstein98,k6CCl44dTv4J,0
journals/sigmod/HasanFV96,vIBvTfMLL4UJ,1
conf/vldb/GinisHKMT97,JWR06b1WgnMJ,0
conf/sigmod/KementsietsidisAM03,SaHx94aOqYcJ,0
conf/vldb/MiningGroup96,JKy3Lo_oe5gJ,0
journals/sigmod/Scholl01,UGSj0oWPm7MJ,0
conf/sigmod/KarbhariRXD02,mJQr1JTja64J,0
journals/sigmod/ClementLGMK97,QRAB3ST1q90J,0
journals/sigmod/Aberer03c,eyezBhR7_PkJ,0
conf/sigmod/AcharyaGPR99a,pE4UwP5xQo4J,0
conf/sigmod/BersonGM95,AdvsjAZhCc8J,1
conf/sigmod/Grust02,8aUicRu-p6MJ,0
conf/vldb/LohmanL02,12MQfuMgByYJ,0
conf/sigmod/KimC03,M3QKdCEFIRMJ,0
conf/sigmod/CruzJ99,uifEIWmDYckJ,0
conf/sigmod/CareyMN97,CpA5QWyIRr4J,0
conf/sigmod/HinneburgKW02,VWd7jhLXfV0J,1
conf/sigmod/Hope95,LJqPJ04-zhcJ,0
conf/sigmod/GuptaMR95,Bqr37pufJbUJ,0
journals/sigmod/SycaraKWL99,foOIj5nrS-gJ,1
journals/sigmod/ShanmugasundaramSKKVNT01,YbRGkOHOqokJ,0
journals/vldb/MihailaRT02,OtxDte56bMMJ,0
journals/tods/FukudaMMT01,url:http://portal.acm.org/citation.cfm%3Fid%3D1101149.1101374,0
conf/vldb/BernsteinD94,gy2D6FzQEIAJ,0
conf/vldb/NieKH03,Ji5cX4wc-zsJ,0
conf/vldb/JaedickeM99,wYStxS8FEMsJ,0
conf/vldb/Orenstein98,S1Vs49STGMsJ,0
conf/sigmod/GuptaHR97,mkKOF6ET-PQJ,0
conf/sigmod/Sheth95,aLPmdADP9sUJ,0
conf/sigmod/Gerber95,1k_0Yz8fRAgJ,0
conf/vldb/BrightR02,YtyDS8bpt0wJ,0
conf/vldb/BratsbergH01,_KqLbbTYqFMJ,0
conf/sigmod/GehrkeKS01,rrhLX70dl_IJ,0
conf/sigmod/Eaton98,L1v86VtDHq8J,0
journals/sigmod/Kuijpers02,UKrfQewL4-4J,0
conf/sigmod/ChenGM01,dyXJODAynUgJ,1
conf/vldb/ChandrasekaranF02,y-0iu9SS36YJ,1
journals/sigmod/CaleroPR03,zWoRcQffsq8J,1
journals/sigmod/Ulusoy95,uMYecZGSCv4J,1
conf/vldb/IshikawaSF98,D1HCBThHOkcJ,1
conf/sigmod/ChanI99,0kJsyO1jRTEJ,0
conf/vldb/BerchtoldKK96,knyp-i1eDwwJ,1
journals/sigmod/BoulosO99,pF8Yla8cM08J,0
conf/sigmod/SzalayGTKMRSv02,n6FD9SbtQzgJ,0
conf/sigmod/HarinarayanRU96,sLvivSi__BcJ,1
conf/sigmod/GreenwaldK01,12ikeXGF9GIJ,0
conf/vldb/SattlerGS03,CkUBbKzGspMJ,0
conf/sigmod/Brown99,LuJIXUQ8YpcJ,0
conf/sigmod/SaltenisJLL00,QZQt-pSMhYQJ,1
journals/vldb/RahmB01,GJtc6TCE-hIJ,1
conf/sigmod/FreedmanD95,FnTHCghPm48J,0
conf/vldb/HaasKWY97,iFzdFKmA09UJ,0
conf/vldb/Chawathe99,w6VtZRVAZV8J,1
conf/vldb/PapadiasT01,UeJ7WQR17wIJ,0
conf/vldb/FlodinR95,VSKUbPy5Ie4J,0
conf/sigmod/HsuLG00,KLccrj7Z93MJ,0
journals/sigmod/EisenbergM98,tSfvOx40q9QJ,0
journals/sigmod/Snodgrass94,SSFcT5wh8gsJ,0
conf/sigmod/KaushikBNK02,BSYvrDqVL2cJ,0
journals/tods/MamoulisP01,NCQGcdyj_hIJ,0
conf/sigmod/WynblattN01,20SFBifHPeQJ,0
conf/sigmod/HanPDW01,xZApGbWIAjwJ,0
conf/vldb/BerchtoldKK96,c4r3iTCwU6cJ,0
conf/sigmod/HuangSW94,31M_lPvFUhsJ,0
conf/sigmod/FegarasM95,MHubEDlndWYJ,1
journals/sigmod/Hammer03,IY5f2vO9diwJ,0
conf/vldb/BaralisPT97,dAp6P0NSTL0J,0
journals/vldb/GruserRZZ00,X3nDFAiMJrgJ,0
conf/sigmod/AgichteinGV01,OCY3JdfGJasJ,0
conf/vldb/OlstonW00,QcUC-6OtvLMJ,1
journals/sigmod/DunhamH95a,Gkj1fSei00YJ,0
journals/vldb/ZezulaSAR98,jDosoroqzRwJ,0
conf/sigmod/HernandezS95,NvTO_tVUuroJ,0
journals/sigmod/SlivinskasJS02,eTK0GQrIITsJ,0
conf/vldb/MankuM02,KpvPDkgXAlIJ,0
journals/vldb/RamamrithamC96,bJiOKgtz90UJ,0
conf/sigmod/LometT03,SntwdNB_578J,0
conf/sigmod/FlokstraKS94,oGvDMD1PCqgJ,0
journals/sigmod/KantM00,url:http://portal.acm.org/citation.cfm%3Fid%3D362084.362091%26dl%3DGUIDE%26dl%3DACM%26idx%3DJ689%26part%3Dperiodical%26WantType%3Dperiodical%26title%3DACM%2520SIGMOD%2520Record%26CFID%3D11111111%26CFTOKEN%3D2222222,1
conf/vldb/RamasamyPNK00,url:http://portal.acm.org/citation.cfm%3Fid%3D353053.353136%26dl%3Dportal%26dl%3DACM%26type%3Dseries%26idx%3DSERIES406%26part%3DProceedings%26WantType%3DProceedings%26title%3DInternational%2520Conference%2520on%2520Information%2520Systems%26CFID%3D11111111%26CFTOKEN%3D2222222,0
conf/sigmod/TrisoliniLN99,R-54DDaHDxoJ,0
conf/vldb/StohrMR00,7fCRAqLTNeUJ,1
conf/sigmod/KaushikBNK02,02gpJZrJrh4J,0
conf/sigmod/LarsonG03,Ljpkq7MPqeEJ,0
journals/sigmod/LaenderRST02,paQAZ2KXFgAJ,1
conf/vldb/YuV00,GKAQ1Kc32awJ,0
conf/vldb/HvasshovdTBH95,V98z3uzuvpQJ,1
conf/sigmod/TaoP02,fDWfHiQ6BR4J,1
conf/vldb/WangYM97,flzWYGLIcggJ,0
conf/vldb/SkubiszewskiV97,c4D1g00odEwJ,0
journals/vldb/FernandezFLS00,url:http://portal.acm.org/ft_gateway.cfm%3Fid%3D16343%26type%3Dpdf%26coll%3DGUIDE%26dl%3DACM%26CFID%3D11111111%26CFTOKEN%3D2222222,0
journals/sigmod/ONeilG95,G0OvVRo2xTUJ,0
conf/sigmod/Agarwal96,knfgMO2GTLIJ,0
journals/vldb/BerendtS00,-sDH2ufZtcYJ,0
conf/vldb/OlstonW00,R_hYW6eIUuYJ,1
journals/vldb/MedjahedBE03,M0FH31YCEU0J,1
journals/vldb/Halevy01,T7woR6g7dE4J,0
conf/sigmod/ColletC95,vP27NkXI4MEJ,1
conf/sigmod/RinfretOO01,pyqtmrPg24YJ,1
conf/vldb/FangSGMU98,z5tz9vybRmIJ,1
conf/vldb/HoskingC99,d55Lx2Hl-28J,0
journals/sigmod/AndersonS94,8KRJaevjJagJ,0
journals/vldb/C95,RyA2XgF2h0cJ,0
conf/sigmod/ZaharioudakisC97,lyHuuTatvtsJ,0
conf/sigmod/ZhangRL96,SQ02NlE587YJ,1
conf/vldb/KemperKW99,UPVXE6VjRssJ,0
conf/vldb/SeegerBBKSDS01,Lp_ozOkFI30J,0
journals/sigmod/Aberer02,url:http://portal.acm.org/ft_gateway.cfm%3Fid%3D507353%26type%3Dpdf%26dl%3Dportal%26dl%3DACM%26CFID%3D11111111%26CFTOKEN%3D2222222,1
conf/vldb/WienerN94,iLNUs4w62ukJ,0
conf/vldb/KoudasIM00,9onMyIOa6qkJ,0
journals/sigmod/FowlerPNB99,url:http://portal.acm.org/ft_gateway.cfm%3Fid%3D310060%26type%3Dpdf%26dl%3DGUIDE%26dl%3DACM%26CFID%3D11111111%26CFTOKEN%3D2222222,1
conf/sigmod/HellersteinN96,url:http://doi.wiley.com/10.1002/tl.7910,0
conf/sigmod/ArasuBBDIRW03,KWGdGnY0djMJ,0
journals/sigmod/Labrinidis01,MZAvvRwv9s0J,0
conf/sigmod/ChristophidesACS94,8zFp60TSnL4J,0
journals/sigmod/HasanMV96,V0cJ_ApPOSMJ,0
conf/sigmod/LiuFP03,QirgCDI0TBoJ,0
conf/sigmod/Sarawagi00,H_bdYlpD79oJ,1
conf/sigmod/BunemanKTT02,6vpsXhO2lAcJ,0
conf/sigmod/LiskovACDGGMMS96,lYpquDAEzrIJ,0
journals/sigmod/Alonso94b,VPRSpDSDZOoJ,0
journals/sigmod/Kumar03,IuUkDqGDbesJ,0
conf/vldb/ChakrabartiRS02,idfox84uNHUJ,1
conf/vldb/WitkowskiBBFGSS03,aXIR79J1gH0J,0
conf/vldb/RohmBSS02,Lp_ozOkFI30J,1
conf/vldb/SteinbrunnPMK95,dMAZaGV16r8J,0
conf/sigmod/Ballinger94,url:http://doi.wiley.com/10.1002/ace.52,0
journals/sigmod/GeppertD94,xwIoQscldwAJ,0
journals/tods/WolfsonJH97,StISg0TD5ZUJ,0
journals/sigmod/Aberer03d,ll5Lnwd6XA8J,0
conf/sigmod/Sheth95,M04eDZqVLgQJ,0
conf/sigmod/GrayHOS96,url:http://doi.wiley.com/10.1002/ace.135,0
conf/sigmod/CarinoKKB01,p5XsTaZaGcIJ,1
journals/sigmod/LightstoneLZ02,L_CZNjmEEAUJ,0
journals/sigmod/LeeC00,zszS7s24BSYJ,0
conf/sigmod/GunopulosD01,LBp-UtmfcScJ,1
conf/sigmod/BrunoC02,Gz0uaD8l3T4J,1
conf/vldb/ChoN02,ouhzfFrtxSIJ,0
conf/vldb/GehrkeRG98,bCzm2PGcktUJ,0
conf/sigmod/GangulyGR03,Di-EjDZ_abYJ,1
conf/sigmod/DogacTPPLKTK02,wi8177RdPBYJ,1
conf/sigmod/AbadiC02,PXchrb4a_BIJ,0
conf/sigmod/KiesslingHFE01,jm8vBwIJowkJ,0
conf/vldb/Slutz98,wuhkYTLYFZsJ,0
conf/vldb/GaasterlandL94,oIFrkS2rPrcJ,1
conf/sigmod/TomasicABKNR97,s1LM4-x5sUMJ,0
conf/sigmod/ColletC95,rcweKwLIwjQJ,0
journals/sigmod/Ozsu02a,mL-EmtOtcgEJ,0
conf/vldb/Klots96,0nb47K4pTagJ,0
conf/vldb/BernsteinD94,LH0Ea5mQ7gAJ,0
journals/sigmod/Suciu97,QvtbmgxiPigJ,0
conf/sigmod/LahiriJJC98,Dr-RPqt3POUJ,0
journals/sigmod/BernsteinDK99,Bo21RuVrQasJ,0
conf/sigmod/HacigumusILM02,sNXjFvKOllEJ,0
conf/sigmod/WilschutFA95,5n7uXFVS5AAJ,0
conf/vldb/RamasamyPNK00,wR0R0jS5J6oJ,1
journals/vldb/C94,pZsYhBvSbYAJ,0
journals/sigmod/ChaudhuriD97,jsgIoKb4bb0J,0
conf/vldb/StaudtJ96,cSs1wOWAw7kJ,0
conf/vldb/LiCHPALHAY01,-ZIAEBy1JpgJ,0
journals/vldb/MylopoulosCPST96,tBL3dkJe0jwJ,0
conf/vldb/MeoPC96,QCtQQlGy2NEJ,0
conf/vldb/BrownCC94,jMku9rPCt9sJ,1
journals/vldb/PeckhamMD95,EQUVZW4POXMJ,0
journals/tods/Keen97,v2xRz4ZhknAJ,1
conf/vldb/LabrinidisR01,MNDAemDpS3cJ,1
conf/sigmod/WangWYY02,url:http://links.jstor.org/sici%3Fsici%3D0146-4949(196721)8%253A2%253C153%253ANONAAR%253E2.0.CO%253B2-8,0
conf/sigmod/LiefkeS00,tK1_3wGUIHsJ,0
journals/sigmod/AbererCDDHPS03,9PJWqPPVlQwJ,0
journals/vldb/HuntAI02,gsijt9KBsS4J,0
conf/sigmod/FukudaMMT96a,y7CTbGwImxUJ,0
journals/sigmod/AndlerHEMBE96,3Isoplo_hi0J,1
journals/sigmod/DogacDATKCD98,miMZGeZ0sgMJ,0
conf/vldb/MaratheS97,xKbw3rJBGI4J,0
conf/vldb/FerrandinaMZFM95,Ulg4PC4-auoJ,1
journals/sigmod/Cardelli01,xZQZ4IzUmdoJ,0
conf/sigmod/DogacTPPLKTK02,VAOk1X8Ja30J,1
journals/vldb/KraissW98,K0aOFYBWg3AJ,1
conf/sigmod/WoelkBJOTU95,ToumGDmKbXgJ,1
journals/sigmod/JainH94,3oBT47PmeloJ,0
conf/vldb/Deshpande00,J3YbnUCt7zcJ,0
journals/sigmod/WenLMZ03,5KdceadGf8cJ,1
conf/vldb/Vieille98,hi6DnAcqbh0J,0
journals/tods/CeriFPT94,4r5Hszuy-0MJ,0
journals/tods/Ng01,i7AgV6U08qgJ,0
journals/sigmod/Gunther97,qcJGwUsAi-EJ,0
conf/vldb/JohnsonS94,XZ4IZXBii0kJ,0
conf/sigmod/SaltenisJLL00,jRMMl7rZ49sJ,0
conf/vldb/GyssensL97,kThkzwO6AioJ,1
conf/vldb/ChenJLP03,yGTCxBb9g8sJ,0
journals/tods/Chen95a,7244m9Z6LPMJ,0
conf/vldb/Sondag01,hNlWq-Z1h9gJ,0
conf/sigmod/KarbhariRXD02,ts5vu2eNQgYJ,0
journals/vldb/LinJF94,YNkFEhVvi0wJ,0
journals/sigmod/TatarinovIMHSDDKMM03,0JPhnHlRGOoJ,1
conf/vldb/Greco98,zfXD9VnwSSIJ,0
journals/sigmod/DrewHKKLLLSW95,3tWt3eBsSnYJ,0
conf/vldb/VorugantiOU99,nlwMBvJt988J,1
conf/vldb/ShahabiFKF00,oiIvgWifmIEJ,0
conf/vldb/YanL95,2jzxkNcHM74J,0
conf/vldb/ChanFFGR02,gJjbg8RTIrEJ,0
journals/sigmod/Datta94,3TVyZeq1-i4J,1
conf/sigmod/HarinarayanRU96,S-7KOPYObKcJ,1
journals/sigmod/Snodgrass01,1t2TkBUkEjMJ,0
journals/sigmod/ClementLGMK97,uQwiOlJzXz4J,0
conf/vldb/BrownG01,QEdjOfWRZUIJ,0
conf/vldb/MarronL01,eDseo6DKhA0J,0
conf/sigmod/AcharyaGPR99,KJhLzQw_-BkJ,0
conf/sigmod/JosifovskiSHL02,url:http://doi.wiley.com/10.1002/ev.1316,0
conf/vldb/ShivakumarGC98,d0myAleSXmUJ,0
conf/sigmod/AshleyFHLNP95,tL67lYBCRO4J,1
journals/vldb/DiazJ97,3tmrtz4086sJ,0
conf/vldb/ClaussenKMP97,url:http://portal.acm.org/citation.cfm%3Fid%3D217279.215280%26dl%3DGUIDE%26dl%3DACM%26type%3Dseries%26idx%3DSERIES316%26part%3DProceedings%26WantType%3DProceedings%26title%3DInternational%2520Multimedia%2520Conference%26CFID%3D11111111%26CFTOKEN%3D2222222,0
conf/sigmod/ForlizziGNS00,llVBkO6kYZoJ,1
journals/sigmod/BerndtssonH96,d4OKzPYDuscJ,0
conf/sigmod/GrossmanQ94,C-maIzFjuAUJ,0
journals/sigmod/Darwen96,QgIPyvc-Qe8J,0
conf/sigmod/Cotton02,tJF85jywCukJ,0
journals/sigmod/Snodgrass98a,CGvD6Du5kaoJ,1
conf/vldb/DeutschPT99,vfkwJGeXDDMJ,0
conf/sigmod/GravanoGT94,81oh7EDAYeoJ,1
conf/sigmod/Seshadri99,xGHLfgtvGqwJ,0
journals/tods/GraefeC95,LitNePng-ckJ,0
conf/vldb/BohannonFHRRS02,zYfyg0fCzEsJ,1
journals/vldb/ChenHY97,3ONg2mPGcKEJ,0
conf/sigmod/ColbyGLMT96,ZMMeRrWUlOoJ,0
journals/sigmod/BernsteinDK99,XpmcWADEoGAJ,0
conf/sigmod/ZaharioudakisC97,url:http://portal.acm.org/citation.cfm%3Fid%3D1027527.1027763,0
journals/sigmod/Snodgrass98,Jq7R6badO4cJ,0
conf/sigmod/KiepuszewskiMO98,Jg9bqUHApvQJ,0
conf/sigmod/Fegaras98,XVtlJYx2G_wJ,1
conf/vldb/JiangSLB00,sAl9tjZv_lgJ,0
journals/sigmod/Darwen96,url:http://portal.acm.org/citation.cfm%3Fid%3D245882.245886%26dl%3DGUIDE%26dl%3DACM%26idx%3DJ689%26part%3Dperiodical%26WantType%3Dperiodical%26title%3DACM%2520SIGMOD%2520Record%26CFID%3D11111111%26CFTOKEN%3D2222222,1
conf/vldb/ColletCS94,e43IB-oHaQgJ,0
conf/vldb/HvasshovdBT00,JlIIM5PHiSUJ,0
journals/sigmod/GruenwaldBDGSSV99,dEXDgfwyXHoJ,0
conf/sigmod/ShahC01,Grt1yWvPWtQJ,0
conf/sigmod/FaginKS03,X1OJOeAzFE0J,0
conf/vldb/SatheS01,hK5EOo-Z7JMJ,0
conf/sigmod/SagonasSW94,xc8KEoeRT9sJ,1
journals/sigmod/TanakaV01,_z-4kxtgzScJ,0
conf/vldb/Hammond96,rvJJHuoFovQJ,0
conf/sigmod/AdaliCPS96,pw234_REfHUJ,1
conf/sigmod/FaginKS03,tQZWeE_nsa0J,1
conf/sigmod/GuptaHR97,pGix0qZ6Uz4J,1
journals/sigmod/BhargavaAP95,url:http://www.springerlink.com/index/WG11P5Q1V0002V18.pdf,0
journals/tods/HjaltasonS99,E7cKUUkwc1kJ,0
journals/sigmod/Bohlen95,rkWpRcKmGmUJ,0
conf/sigmod/NgLHP98,SW8RvYcXqaMJ,1
journals/tods/ParsonsW00,9vDVrlE03kcJ,0
journals/tods/EiterLLS01,SqCnHHjx9YYJ,0
conf/sigmod/Arpaci-DusseauACHP97,-wsCMW9pcHwJ,0
journals/sigmod/Franklin98b,MWxdDHB-vH8J,0
journals/sigmod/HasanFV96,wLqBkT65NNwJ,0
journals/sigmod/MeltonE01,Fictp3kHHocJ,0
journals/tods/GravanoGT99,jYHLt6MtFHIJ,0
journals/tods/WangBBJ97,NYQMkdaH2egJ,1
journals/sigmod/LightstoneLZ02,zqWbI3sOcTQJ,0
conf/vldb/KochBG03,a1-nXXWanU4J,0
conf/vldb/PellenkoftLK97,b5WXzUh_L_IJ,0
conf/vldb/Klots96,url:http://ieeexplore.ieee.org/xpl/abs_free.jsp%3FarNumber%3D9069,0
journals/sigmod/KiyokiKH94,xT3mwY4t5kEJ,1
conf/vldb/TamuraK99,f19e_16wEroJ,0
journals/tods/ZaharioudakisCF97,ofRNwQLX6XQJ,0
conf/sigmod/Kleissner95,jH47Gs_b5cYJ,0
conf/sigmod/DoppelhammerHKK97,MIZWOgHw12MJ,0
conf/vldb/SadriZZA01,txo56JDKlAoJ,0
conf/vldb/Objectivity98,Hq8-EKCchVMJ,0
journals/sigmod/Snodgrass02,eUIlv2a1rX8J,0
journals/tods/StoreyCDGS97,url:http://www.blackwell-synergy.com/links/doi/10.1111/1467-8411.00019/abs/,0
conf/vldb/RamamurthyDS02,lo6rinUB0VYJ,0
conf/vldb/CliftonFHKLS03,qz0FSt_aTPwJ,0
journals/sigmod/Aberer01a,wJRxFsIws4AJ,0
conf/sigmod/BabyCY01,2x8MaIXghEYJ,0
conf/vldb/TianD03,oU0xXYtTD28J,0
conf/vldb/SteenhagenABB94,V2K59FTEQ_MJ,0
conf/vldb/SrikantA95,Jjk_Q4u0JiQJ,1
conf/vldb/IlyasAE03,IHkhukgVvrEJ,0
conf/vldb/KerstenWFKBC03,qNLsbj_Fu5EJ,0
conf/sigmod/SzalayGTKMRSv02,zfAmLu9JdykJ,0
conf/vldb/ChandrasekaranF02,nqosSM46lCkJ,1
journals/vldb/NgC98,oaIHSeZXiGAJ,0
conf/sigmod/RafieiM97,N-kEDX56ek0J,1
conf/vldb/CochinwalaB94,pAoevJZVRvIJ,0
journals/vldb/WidomS00,2HddoEjhjgQJ,0
journals/tods/ParsonsW00,url:http://portal.acm.org/ft_gateway.cfm%3Fid%3D1102003%26type%3Dpdf,0
conf/vldb/MignetMAC01,2soGCZeu-s4J,0
conf/sigmod/HacigumusILM02,OHDFeVlS-LwJ,0
journals/vldb/LawLG99,QP2zNceIFN4J,0
journals/sigmod/Qian96b,Kzh_qgzhobYJ,0
journals/sigmod/SnodgrassAABCDEGJKKKLLRSSS94a,NT0vF2S2-wUJ,0
conf/sigmod/Carey94,url:http://www.csa.com/partners/viewrecord.php%3Frequester%3Dgs%26collection%3DTRD%26recid%3D200111010681MT%26recid%3DA0032591AH,0
conf/vldb/CarneyCCCLSSTZ02,1J26mBTxdS0J,1
conf/vldb/LakshmananNWZJ02,ZcVQ1FDn_d0J,0
conf/sigmod/SunAA03,BOlDJUneX8sJ,0
journals/vldb/EyalM01,c-VaonA7Z7EJ,0
journals/sigmod/Qian96a,p-wlp2m9yvcJ,0
journals/vldb/HarderST99,Z9dkL1yphh8J,0
conf/vldb/CliftonFHKLS03,gRyItMOYVZMJ,0
journals/tods/CliffordC94,OY6BjHhbz2cJ,1
journals/sigmod/Bohlen95,LwKKzfi_MpUJ,1
conf/vldb/GardarinST96,bLHYVPnzov0J,0
journals/vldb/C95a,EgptTCYhOgkJ,0
journals/tods/Alagic99,3GKdLJSrVdYJ,0
conf/vldb/HaasNSS95,QiQE9TAuXGoJ,0
conf/vldb/StaudtJ96,que4v9cvspwJ,1
conf/vldb/RezendeS98,url:http://portal.acm.org/citation.cfm%3Fid%3D1007568.1007719,0
conf/sigmod/BrunoKS02,8mOb29aLXMAJ,0
conf/vldb/SattlerGS03,EFvET5151j8J,0
journals/sigmod/RossCGJBV99,PdTfNWFCcxkJ,0
conf/vldb/SundaraHCAS01,qMQX9xyAeBgJ,0
conf/sigmod/Blakeley96,QmWUQ9giEnwJ,0
conf/vldb/Jamil97,eIX8cZruErcJ,0
journals/tods/CliffordDIJS97,GPjsJa30jQwJ,0
conf/vldb/Fecteau95,aOmma8tnFKIJ,0
conf/sigmod/MankuRL99,nJmUeu0r0hEJ,0
journals/tods/CeriFPT94,B6VrWVBMItAJ,0
conf/sigmod/JarkeQBLMS99,7Eq4fSElXCkJ,0
journals/tods/YanG94,fx6kDLBa8q8J,1
conf/vldb/LifantsevC02,YEt25K2I5zMJ,0
journals/sigmod/Geller02,MY3eoV4BuDIJ,0
conf/sigmod/RoussopoulosKS99,OLKQsRS0Pj0J,0
conf/sigmod/Ahn94,NVCOeskDi5YJ,0
conf/sigmod/ChengKP03,3zCT6qKQMKQJ,0
conf/vldb/SarawagiS96,3AEL408envwJ,0
journals/vldb/PacittiS00,pvWNjz7KqvQJ,0
conf/vldb/PoosalaI97,Cte1q2Cf8bEJ,0
conf/vldb/KumarKA97,TRZWyFQeLTUJ,0
journals/tods/BellNNS96,r3DG-tN-E8wJ,0
conf/vldb/Sarawagi02,PV6NAhn2sjUJ,0
journals/sigmod/RossNO03,TJRbLxX-q4YJ,0
conf/vldb/X00a,dEmtZOc-Fw8J,0
conf/sigmod/ChenDLT00,w61sKflio3AJ,0
conf/vldb/VeltriCV01,1q0ZxJFbGvEJ,0
journals/tods/KossmannFDA00,8tDPAHGDRggJ,1
conf/vldb/WienerN94,PrUWsoySLGcJ,1
conf/vldb/VermeerA96,K-S57oS_OV8J,0
journals/vldb/HarderR96,z0Y11CP-zmUJ,0
conf/sigmod/Bierman03,zccn58ZypyQJ,0
journals/tods/ChaudhuriS99,0AkPsvFc0DYJ,0
conf/vldb/NarayananS01,cIpPEzen0esJ,0
journals/sigmod/MeltzerC98,RXFCJcLeh6cJ,0
journals/sigmod/Hammer03,VMvrHSJ8onkJ,0
journals/vldb/BernsteinIR03,gsQB-6ZrZhcJ,0
journals/sigmod/Bestavros96,flXxiZpbPnQJ,0
journals/vldb/ChirkovaHS02,jiGZ7pBVuTMJ,0
conf/vldb/BawaBA03,m8Lqd0voA70J,0
conf/sigmod/Team95b,IsIOUCR79t8J,0
journals/sigmod/LawderK01,16FqWudaBHEJ,0
conf/vldb/RoussopoulosK98,0tkyK_cWlbwJ,0
conf/sigmod/SeshadriHPLRSSS96,TnwtnqLMtUcJ,0
conf/vldb/LakshmananPH02,sOtNmU2iKk4J,0
conf/sigmod/LabioWGG00,url:http://portal.acm.org/ft_gateway.cfm%3Fid%3D122052%26type%3Dpdf%26coll%3DGUIDE%26dl%3DACM%26CFID%3D11111111%26CFTOKEN%3D2222222,0
conf/vldb/CooperSFHS01,KcrLiKCc-68J,0
conf/sigmod/DogacHKOONDMAKE96,5rZwG1VWe2gJ,0
conf/sigmod/ChenWZ98,P9EScXkhvBIJ,0
conf/vldb/LabioYCGW00,5dRfXRkwe2gJ,0
conf/sigmod/LuWYBLY02,EmovameCSgIJ,0
journals/tods/Kim94,_laHP2Kr87gJ,0
conf/vldb/PoosalaI97,Ekcv75G99TsJ,0
conf/vldb/RossS97,UU1aXcZWYPsJ,0
conf/vldb/LahiriSCMC01,5iOhziYoaGAJ,0
journals/sigmod/VelACM01,8szHc0TO-t0J,0
conf/sigmod/ForlizziGNS00,vF-KpOq9TdIJ,0
conf/vldb/BrownMCL94,xfAfu8uJ6NAJ,1
conf/vldb/PitouraC99,bvFRYOianJUJ,0
conf/vldb/IoannidisLGP96,qb-jf_sQ_5kJ,1
conf/vldb/FukudaMMT96,IN_sibgHb9MJ,0
conf/vldb/LuOT94,t8SyNiCnTjQJ,0
conf/sigmod/PapadopoulosM98,C5r7CWfQ0icJ,0
conf/sigmod/Ahn94,pEB7DCtb5lIJ,0
conf/sigmod/ZhangNBB94,DUD37U2NvmIJ,0
conf/sigmod/BressanGFJHKLMPQSS97,5H5ivF5KMdYJ,0
conf/vldb/WangSG03,XBxtfhCcYRkJ,0
journals/sigmod/LawderK01,3KbCxl1w2rkJ,0
conf/sigmod/ZuzartePMCLW03,IbOQ4slsxPkJ,0
journals/sigmod/Aberer03c,L3X_NyIlMgoJ,0
conf/sigmod/Kleissner95,url:http://www.geography.org.uk/journals/download.asp%3FarticleID%3D155,0
journals/sigmod/Mackay99,dWAD7RQEuWAJ,0
conf/sigmod/Hidber99,EpUtXEhwDaUJ,0
conf/sigmod/SaltenisJLL00,ywt0vO6DVK8J,0
journals/vldb/FiebigHKMNSW02,VCc6IQulRJ4J,0
journals/sigmod/HasanMV96,XQw3ADYCXdcJ,0
journals/sigmod/SilberschatzZ97,sI1_5N69RkgJ,0
conf/vldb/ChienTZ01,NoMSxmHAQ9YJ,1
conf/vldb/Gawlick96,-62XMgDnpiwJ,0
journals/sigmod/TsotrasK96,75-4_-c7WhMJ,0
conf/vldb/VeltriCV01,cBDW2FHNyGYJ,0
conf/vldb/HelalL00,AIiO1QUPjucJ,0
journals/sigmod/RoddickABDEGHLMMMW00,eA8gNVxHRJ4J,1
journals/sigmod/Hanson99,ezVAGbCPlN0J,0
conf/vldb/Spaccapietra94,S7AW05_grXMJ,0
journals/sigmod/RashidS00,8wiJ6AB-UPcJ,0
journals/vldb/AntoshenkovZ96,MINnBWcnh_wJ,0
conf/vldb/Sterling98,jJ_mQb0oM9gJ,0
conf/vldb/FrohnLU94,a-QMCFr5yJYJ,0
conf/vldb/AshwinRSSS97,url:http://portal.acm.org/citation.cfm%3Fid%3D127229.127234,0
conf/sigmod/AdamY98,BPOyGxoAd1gJ,0
journals/sigmod/LightstoneLZ02,G2DIA_Pr5jYJ,0
conf/vldb/Pogue98,6SBwemr2zscJ,0
conf/sigmod/ChaudhuriN98a,u5kHxt5pMtUJ,0
conf/vldb/ChanI99,Z2bKLVUuX3cJ,0
conf/sigmod/GravanoCGP97,zkp2qy8iR1UJ,0
conf/sigmod/HellersteinW02,ZpUtATgLB1sJ,0
conf/sigmod/ImielinskiVB94,cffLplmoKH4J,1
journals/sigmod/BabuW01,kGjvvtQzEtAJ,1
conf/vldb/KounevB02,U1lNg1P5WWkJ,0
conf/vldb/SadriZZA01,SWXPyLZBRLEJ,0
journals/sigmod/HanBP01,8hOLex7VNOAJ,0
conf/sigmod/Hammond99,tgDRF1ubiD0J,0
journals/tods/GoldmanL94,url:http://portal.acm.org/citation.cfm%3Fid%3D122058.122073%26coll%3DGUIDE%26dl%3DACM%26idx%3DJ689%26part%3Dperiodical%26WantType%3Dperiodical%26title%3DACM%2520SIGMOD%2520Record%26CFID%3D11111111%26CFTOKEN%3D2222222,0
conf/vldb/ShuklaDNR96,B_S2OBczeAQJ,0
conf/sigmod/DarEGP98,VAa-EBf0bfkJ,0
conf/sigmod/RothAHCCFSTW96,l1tbsG6UXaMJ,1
journals/sigmod/Lomet01,RnYBgfU0040J,0
journals/sigmod/X94a,0poGH51z_OMJ,0
conf/vldb/MaedaT01,pn6Ta4_5n-YJ,0
conf/sigmod/HanKK97,n3PRDpeH1TAJ,0
conf/sigmod/GraySSU03,NnKrsx4j4pkJ,1
conf/vldb/CherniackZ98,url:http://links.jstor.org/sici%3Fsici%3D0146-4949(196522)6%253A2%253C228%253AATITNO%253E2.0.CO%253B2-U,0
conf/vldb/CiacciaPZ97,lu-u52zs3lUJ,0
journals/sigmod/LuoI02,v7bxbxllRJ4J,0
conf/vldb/PossP03,L4IHkV_agSMJ,0
journals/sigmod/ACT-NET96,RzsJoG-0KaIJ,1
conf/sigmod/ColbyGLMT96,3SK5NxR8du0J,0
journals/vldb/AslanM99,SLqcCIW1spIJ,0
journals/vldb/C95c,bwoClXrnFhoJ,0
conf/vldb/ChenRS95,NIfccqToMb8J,0
conf/sigmod/FranklinZ98,l7KbKRfz89sJ,0
conf/sigmod/Miller98,5aSVaxWgGUMJ,0
conf/vldb/NgH94,JA55PRiwrMQJ,1
conf/sigmod/ChanI98,VC7Jbwgn_O0J,1
conf/sigmod/PopaDST00,gAwckIiPpTEJ,1
conf/sigmod/SaltenisJLL00,mMu6trrKQ5UJ,0
conf/vldb/BlokWZPAKJ01,EWVuorDZDPwJ,0
conf/sigmod/KanthRSB99,nVTfD0Bu_CsJ,0
journals/tods/ChaudhuriS99,gQcrqumgp9sJ,0
conf/sigmod/WhitneyS01,url:http://portal.acm.org/citation.cfm%3Fid%3D984395.984401%26coll%3DGUIDE%26dl%3DGUIDE%26idx%3DJ689%26part%3Dperiodical%26WantType%3Dperiodical%26title%3DACM%2520SIGMOD%2520Record%26CFID%3D11111111%26CFTOKEN%3D2222222,0
conf/vldb/Sripada02,a-81fuLQU5oJ,0
journals/sigmod/Hammer03,JL_pdZD9mPEJ,0
journals/sigmod/SycaraKWL99,XHDfN81WKpQJ,0
journals/sigmod/Widom96a,JV8yJIRlYcUJ,0
conf/vldb/BargaP95,url:http://portal.acm.org/ft_gateway.cfm%3Fid%3D335496%26type%3Dpdf%26dl%3DGUIDE%26dl%3DACM%26CFID%3D11111111%26CFTOKEN%3D2222222,0
journals/tods/AikenHW95,DjA1WbyO-_EJ,0
journals/sigmod/LenzVJS03,jksvShQFa5kJ,0
journals/sigmod/Mendelzon98,TRaz_SfH9F4J,0
journals/sigmod/SegevJS95,6uympVjqrqoJ,0
journals/sigmod/Palpanas00,mI8oOsRnpxUJ,0
conf/vldb/VassalosP97,0CrvfnyUlr4J,0
conf/vldb/CarinoOBS99,w91icO7E4noJ,0
journals/vldb/AmielBDS96,JvkJdUBUt8kJ,0
journals/sigmod/X94b,b-UPj2S4n70J,0
conf/sigmod/Hellerstein94,Q3EtxrKyWuQJ,0
conf/vldb/ShivakumarGC98,q9P9vX8fjVoJ,0
journals/sigmod/GobleR02a,ZnVPkfczBnoJ,0
conf/vldb/ChaudhuriW00,w6k7YXKSR5cJ,0
conf/sigmod/SismanisDRK02,bCj32WyDQ0IJ,1
journals/tods/ZaharioudakisCF97,Xap2YVYzYrQJ,0
conf/vldb/OzsuVU98,3q5Rhhc8PQEJ,0
journals/sigmod/BhargavaAP95,Aiz7juadmHoJ,0
journals/vldb/DattaDVRN01,YQqdMT8BH2UJ,0
conf/sigmod/WangSSZZW00,_Sf5WRpmDboJ,0
conf/sigmod/NgLHM99,P9sDu6nOGAYJ,0
conf/vldb/ChangG00,Ynm0arSUSKIJ,0
journals/sigmod/WenLMZ03,kpEWXSv5FY8J,0
journals/sigmod/ChangASS98,yfqsf7gLpzQJ,0
conf/vldb/LeeL96,C4S9GAzildwJ,0
conf/sigmod/GodfreyGXZ01,LNnvt5TpBhkJ,1
conf/vldb/DiaoF03,dVn0Led5JLAJ,0
conf/sigmod/ChenR94,4Hhh-d__bksJ,1
conf/sigmod/Kim94,L3CPzshG7tEJ,0
conf/sigmod/AbiteboulBCMM03,NlMndaTvroEJ,0
conf/sigmod/BreunigKNS00,mbFyFqMnIGIJ,0
conf/sigmod/Kim94,bIMwdLOgFSIJ,0
journals/tods/DekhtyarRS01,7Ca9ql-P-7oJ,0
journals/vldb/MedjahedBE03,YpEOQ3928OkJ,0
conf/vldb/GoldmanW97,lUxhApN9NpwJ,0
journals/tods/PetersO97,er0r8doAGUQJ,1
journals/sigmod/SpynsMJ02,url:http://doi.wiley.com/10.1002/he.104,0
conf/sigmod/FegarasM95,LcHJ0U9zNMMJ,0
conf/sigmod/ChaudhuriKN03,hcQjqZUexKAJ,0
journals/tods/Kuo96,4ZBs-U7sOk0J,0
journals/sigmod/AbererCH02,7jC5y7Krk9sJ,0
journals/tods/JacoxS03,rLZBh_CTzVoJ,0
conf/sigmod/ZhangDWEMPMDR03,1hkVjoUg8hUJ,1
conf/vldb/GilbertKMS01,url:http://www.springerlink.com/index/W113644365177430.pdf,0
conf/vldb/ChoALS02,O5p9EA8-tM0J,0
journals/sigmod/Qian95b,pUsJ4WIx8HgJ,0
conf/sigmod/FaloutsosL95,UyCK3gweo1QJ,0
conf/sigmod/KanthRA02,fzsNAeCMe7kJ,0
journals/sigmod/MeltonE02,6uelfg3RgEoJ,1
conf/sigmod/FungSG02,uu14Ig7u2eAJ,0
conf/vldb/AnanthakrishnaCG02,SByuGUSfTtYJ,1
journals/tods/TaoP03,rOBaPIl1aQcJ,0
conf/vldb/MeekPK03,Aw-FkjehDWQJ,0
conf/sigmod/HaasH01,tHEP1S1typgJ,1
conf/vldb/BaumannDFRW99,28i36c1jWuIJ,0
conf/vldb/Huyn97,O886_F6zahsJ,0
conf/sigmod/JonkerS95,IBZBrrsG5cQJ,0
conf/sigmod/BohrerBBCFHKKMNRRSUUW97a,oAO74aolStoJ,0
journals/sigmod/Wong95,AS79oWiDZxsJ,0
conf/sigmod/ChenRW02,shZF3gqKKoMJ,0
conf/sigmod/Team95a,9vmpEsixHcgJ,0
conf/sigmod/FernandezS96,GXTH8uA2pPoJ,0
journals/tods/KossmannS00,EMhPgeKZ8wgJ,0
conf/vldb/ChungCLL01,Z24x2fvsNQgJ,0
conf/sigmod/HouZ95,XTvDL1LSLJcJ,0
journals/sigmod/CoxEH96,gZVIugdxlzoJ,0
conf/sigmod/SaltenisJLL00,gKFLiGNZCnkJ,0
conf/sigmod/ChaudhuriMN99,U0w9W7YcsZwJ,1
journals/sigmod/Stacey95,nm-01Ozdls8J,0
conf/vldb/BratsbergH01,9ys2Z7WFcF0J,0
conf/sigmod/TrisoliniLN99,NtJYKDwWNcMJ,0
conf/sigmod/NestorovAM98,2YFH0DLfNE4J,0
journals/sigmod/Mendelzon98,k_E5ilfFGgsJ,0
journals/sigmod/VelACM01,X4OOy4OIsnMJ,0
journals/sigmod/FifeG03,642Qb6WdPLMJ,0
conf/sigmod/GarofalakisI96,6lvBOS-XO3EJ,1
conf/sigmod/ChristophidesACS94,sEN5zVAJy7MJ,0
conf/sigmod/NestorovAM98,Qzi0ujLFA5AJ,0
conf/sigmod/Stonebraker03,zaZc0GkBpnsJ,0
journals/vldb/BerchtoldKK97,Dy5Job0_XmoJ,0
journals/sigmod/BarclayBGS94,v1aol6mmLdMJ,1
conf/sigmod/TheobaldW02,qTwzlqdcO-UJ,0
journals/tods/GraefeC95,Bn8s7u5T9SAJ,1
journals/tods/LechtenborgerV03,94m93uP4GM4J,1
conf/vldb/ChatziantoniouR97,m7jUHzsPgxwJ,0
conf/sigmod/FegarasSRM00,4_4Jg_EQ8EkJ,1
journals/vldb/IshakbeyogluO98,78EbgloygSMJ,0
conf/sigmod/BilirisDGJR94,9FDqRUod4aMJ,0
journals/tods/GravanoGT99,a1TYKJbJRREJ,1
journals/tods/Meo00,I1LAagCwNDMJ,0
conf/sigmod/SrikantA96,url:http://doi.wiley.com/10.1002/dc.20284,0
conf/sigmod/WhitneyS01,FR0smpjABLMJ,0
journals/sigmod/Snodgrass99a,Nqiq6HoMFQ0J,0
conf/sigmod/Faloutsos95,RufEbUPZNbYJ,0
conf/sigmod/IoannidisP95,23K90oRfbbsJ,1
conf/sigmod/Whelan98,LvRXzctOZ0cJ,0
conf/vldb/BrinkhoffK94,KRN93O7YhFAJ,0
conf/vldb/JohnsonM98,BDvgvJA033kJ,0
journals/sigmod/Suciu01,O90ZyuOP9Q0J,0
conf/sigmod/PengC03,url:http://www.ncbi.nlm.nih.gov/entrez/query.fcgi%3Fcmd%3DRetrieve%26db%3DPubMed%26list_uids%3D346636%26dopt%3DCitation,0
journals/sigmod/SilberschatzSU96,m7vgjeCVUnEJ,0
conf/sigmod/SionAP03,eXceb1SMqE4J,0
journals/vldb/ManegoldBK00,j8ACG6T8fwUJ,0
conf/sigmod/Suciu99,u2-jX37URmAJ,0
conf/sigmod/PengC03,iJgg3E1GZlcJ,0
journals/vldb/KabraD99,JF30ixlsraUJ,1
conf/sigmod/SrikantA96,KVEv4thH4CgJ,1
journals/tods/CasatiCPP99,vFYKSBlZfK4J,1
conf/sigmod/ShatdalN95,_B0qtLDTR7sJ,0
conf/sigmod/ThaperGIK02,8GMzQ1iElQUJ,0
journals/sigmod/SycaraKWL99,adU4gkHmcg8J,0
conf/sigmod/Doherty98,url:http://portal.acm.org/citation.cfm%3Fid%3D154766.155597%26dl%3Dportal%26dl%3DACM%26type%3Dseries%26idx%3DSERIES003%26part%3DProceedings%26WantType%3DProceedings%26title%3DHistory%2520of%2520Programming%2520Languages%26CFID%3D11111111%26CFTOKEN%3D2222222,0
conf/vldb/AnanthakrishnaCG02,fTqkvh86s3AJ,0
conf/sigmod/ChengKP03,egF3o1jH_kgJ,1
conf/sigmod/KrishnanVI96,e_Jwuy2smw8J,0
journals/tods/AmmannJR97,01awwaQn-sYJ,0
journals/sigmod/NestorovAM97,BS40R86JNeEJ,0
conf/sigmod/Whelan98,Jp9LEvXjiJAJ,1
conf/vldb/MadhavanH03,AKQO2YNTRCgJ,0
conf/vldb/KangC02,U4oBkxZrlEYJ,0
conf/sigmod/AgrawalW00,wivJNEQEWzMJ,1
journals/sigmod/Anonymous96,30fOGPmJ6fIJ,0
conf/vldb/ConradGJM02,B8tIiHt0f78J,0
journals/sigmod/Vassilakis00,UGfuwnZyA1oJ,0
conf/vldb/ParkMC02,pcLy9iBUpVUJ,0
conf/sigmod/JarkeQCLFLVV00,ByzcRTfGrA4J,0
conf/sigmod/YangM97,TUQ51ASLNI0J,1
journals/tods/DattaVCK99,A7przgGWp2oJ,0
conf/vldb/IdrisGC94,ZdTLLJrZCo8J,0
conf/vldb/OrensteinK95,_BBnQUmbk4IJ,0
conf/sigmod/GuptaMR95,hWidxT12kSoJ,0
conf/vldb/SteinbrunnPMK95,url:http://portal.acm.org/ft_gateway.cfm%3Fid%3D872837%26type%3Dpdf%26dl%3Dportal%26dl%3DACM%26CFID%3D11111111%26CFTOKEN%3D2222222,0
journals/vldb/EvangelidisS97,CV02BGCrMo8J,0
journals/sigmod/Snodgrass97,02dUv_2w7E4J,0
conf/vldb/OzdenBRS94,0J-TbKstmAIJ,0
journals/vldb/Guting94,lBYs7BnMQLIJ,0
journals/vldb/SinghalS97,uOcOPUShONEJ,0
journals/sigmod/DiazJPa94,bMHHuMc66JAJ,0
conf/sigmod/ChaudhuriDN01,cFT1eKkgrikJ,0
conf/sigmod/OoiTZGLLLNSWZ03,U0JXiIaM7EAJ,0
conf/sigmod/KemperKM98,2sGH4SLcdL4J,0
conf/sigmod/Sarawagi00,KHSmP6V8niQJ,0
journals/sigmod/Widom96b,hZ9MWJkC2Y4J,0
conf/vldb/WangZL03,DBx7gkgoo00J,0
conf/vldb/Kornacker99,Yi7WtKVocJ4J,0
conf/sigmod/ArasuG03,7ZvCFUJjZr4J,0
journals/sigmod/KarlapalemLS95,ET-24yWYTB4J,0
conf/sigmod/Adelberg98,3PztLqXfso4J,0
conf/sigmod/GebhardtJJ97,ks4Wxa8dHNIJ,1
conf/vldb/CasatiS00,yGYyg3tCPEcJ,1
journals/tods/BertinoBFS98,0762aCO9vtgJ,0
conf/vldb/ChoALS02,TrdwPONue3cJ,0
journals/sigmod/McHughAGQW97,kbvQSPUZ8FwJ,0
journals/vldb/GeorgeH00,QPtyjgJgmWwJ,0
conf/sigmod/WangPFY03,jpNXw9L7pxgJ,1
conf/vldb/Wadler01,ruiU2RBdCjoJ,0
conf/sigmod/SwamiS94,oEY3baDM3cYJ,0
conf/sigmod/CherniackZ96,rD1q9smyKa0J,0
journals/vldb/ChakrabartiGRS01,3LheBv6fFZ4J,0
conf/vldb/StanoiRAA01,hEqkmUwMoVEJ,0
journals/sigmod/JensenCEGHJ94,NdeiWfmwM00J,1
conf/sigmod/JosifovskiSHL02,xA9KNostV4cJ,1
journals/sigmod/KuokFW98,5Nxn5L4dXTIJ,0
conf/sigmod/HanPY00,RNFT0bokJiQJ,0
journals/tods/KotidisR01,F4DVEf2CBUkJ,0
conf/vldb/LabioG96,1JLlGYW8cDAJ,1
conf/vldb/ZhangL97,QGopit06CLEJ,1
conf/sigmod/ZadorozhnyRVUB02,XyQ6cXyNPN4J,0
conf/sigmod/ShenNSHS03,s6EfjBMbUb4J,0
conf/sigmod/BlohsfeldKS99,PQbi3PaRh84J,1
journals/tods/RosenthalR94,Ne2e3Q_tIAsJ,0
journals/sigmod/Segev94b,F66VnsiyN6YJ,0
conf/sigmod/ChristophidesCS00,DJv_OAw-BcIJ,1
journals/sigmod/VetterliVS00,h7RBOvmQHhEJ,1
conf/vldb/Mohan02,eyxIItge9MQJ,1
journals/sigmod/MaximilienS02,jYJ1qp_gCVEJ,0
conf/sigmod/GoelI96,RAwsWxNtpQ0J,0
conf/sigmod/GebhardtJJ97,a5enmdb9HBUJ,0
journals/tods/Snodgrass01,f3jX9Sirp40J,0
journals/sigmod/Aberer01,url:http://portal.acm.org/ft_gateway.cfm%3Fid%3D603869%26type%3Dpdf%26dl%3DGUIDE%26dl%3DACM%26CFID%3D11111111%26CFTOKEN%3D2222222,1
conf/sigmod/Squire95,tAA_rgZUF9UJ,0
conf/vldb/AshwinRSSS97,5VcKjo7jBOMJ,1
journals/vldb/JagadishKNS00,url:http://taylorandfrancis.metapress.com/index/VMVRJENJ89NUNEYX.pdf,0
conf/sigmod/Gibson95,STfxSVejMS4J,0
journals/sigmod/GottlobKP03,mftvcB3I3TwJ,0
journals/sigmod/HellersteinHM03,H4jqslIC-TsJ,0
conf/sigmod/Greer99,6T7KyM71UOcJ,0
conf/vldb/AdityaBCHNS02,3kk6aH3k8X4J,0
conf/sigmod/CandanLLHA01,rP6SJS_yx7QJ,0
conf/sigmod/DreyerDS95,_17ZPKE47McJ,0
conf/vldb/FaloutsosG96,FtSI-9E9I30J,0
journals/vldb/Antoshenkov97,url:http://portal.acm.org/citation.cfm%3Fid%3D645921.673318,0
journals/vldb/AbbadiSW01,FQu7aYLHklAJ,0
conf/sigmod/FaginKS03,QWK8IcBLneIJ,0
journals/vldb/MylopoulosCPST96,JNFbcN0YzSgJ,0
journals/sigmod/TomasicS97,url:http://portal.acm.org/ft_gateway.cfm%3Fid%3D1066180%26type%3Dpdf,0
conf/sigmod/BressanGOT00,NpMzHYIc5e4J,0
conf/vldb/KeimH99,4PztyCG8HFMJ,0
conf/vldb/PottingerB03,CCLrcUPJv00J,0
conf/vldb/MorimotoIM97,3enylshvOl8J,1
conf/sigmod/ShashaB02,AnE5pI3UYJwJ,0
conf/sigmod/AboulnagaC99,9fcJjh5vHn8J,0
conf/vldb/AcharyaGP99,rrVffAsoKEIJ,0
conf/vldb/FlodinR95,url:http://www.emeraldinsight.com/Insight/ViewContentServlet%3FFilename%3D/published/emeraldfulltextarticle/pdf/0010430911.pdf,0
conf/sigmod/Team95c,url:http://doi.ieeecomputersociety.org/10.1109/IJCNN.2000.860803,0
conf/vldb/ChatziantoniouR96,jZFEInt2ea8J,0
journals/vldb/WhangKW94,37QwX52FSq8J,0
journals/sigmod/AnyanwuS02,XyKObo7CL_0J,0
conf/vldb/RamaswamyMS98,agEZQgI7KBQJ,0
conf/sigmod/KriegelBKPS03,McorMeCrkHgJ,0
journals/sigmod/Ozsu03a,gH65osuQUj8J,0
conf/sigmod/Miller98,AfWRTVCl13cJ,0
conf/sigmod/WangTYGWP02,EfD6cai25kQJ,0
journals/vldb/AtluriJY03,yAGPV7IwSbIJ,0
conf/sigmod/BabuGR01,h_oXQ6ntHEUJ,1
journals/sigmod/CeriFP99,tSY_hxp5xFkJ,0
journals/vldb/Bertino94,dgT5twR87xoJ,0
conf/sigmod/MissikoffT94,s2JMP3LtX3cJ,0
journals/sigmod/Cetintemel01,CAKcsKXFoCoJ,1
journals/sigmod/AdelbergKG96,KTGNIGcCxdQJ,0
journals/sigmod/OoiST03,url:http://www.csa.com/partners/viewrecord.php%3Frequester%3Dgs%26collection%3DTRD%26recid%3DA8622966AH,0
journals/sigmod/BusslerFM02,7qBXVNUd6JUJ,0
journals/sigmod/ConradEHRSSSV97,url:http://doi.wiley.com/10.1002/tl.170,0
conf/sigmod/Martin94,ogow-Rtc3fEJ,1
journals/vldb/KabraD99,4EiG04d2vgUJ,0
conf/sigmod/ChangH02,RA4rtxA6nRoJ,0
conf/sigmod/ButtlerLPP01,ASQF3iSY65wJ,0
conf/sigmod/NgLK98,url:http://www.csa.com/partners/viewrecord.php%3Frequester%3Dgs%26collection%3DTRD%26recid%3D0955855CI%26recid%3D0955855EA,0
conf/vldb/HasanM94,DBbZw9EPv4QJ,0
journals/vldb/BalkirO98,OicK-ibcULAJ,0
conf/sigmod/FernandezMS01,M2bWqRDDfkUJ,0
conf/vldb/BohmMSW01,w1erboYHWh0J,0
conf/sigmod/FlokstraKS94,38zuL6-4yKQJ,0
journals/sigmod/JenningsNF98,tYXzABUZYxQJ,1
conf/vldb/AbiteboulBBCCDMMP03,K1psyoQRPpgJ,0
conf/vldb/PapakonstantinouAG96,VIxrCnmbuqkJ,0
journals/sigmod/Winslett02,1maFCDVHv3wJ,0
conf/vldb/HeymannTKWRMF02,EAZ5Gz22bIUJ,1
conf/sigmod/GuptaMR95,ixJQQZcoH1YJ,0
journals/tods/Wijsen99,64RaqfukWbkJ,0
conf/sigmod/ShklarSKT95,FYVHxyFGiHwJ,0
conf/vldb/HelmerWM98,OpT8jaSLmW0J,0
conf/vldb/BrownMCL94,MnMcAVRF6PwJ,0
conf/vldb/GibbonsMP97,tE3Mu7TTnqUJ,0
conf/vldb/LevyRO96,VYN0FaeVomUJ,1
conf/vldb/KornSFSP96,_WMt4WA3tboJ,0
conf/vldb/JiangSLB00,eZwzDZ7QhzoJ,1
journals/tods/TariSS97,xUrOu0MlBXgJ,0
conf/vldb/Jermaine03,VvPWGHdCISsJ,0
conf/vldb/MiklauS03,5qApQl9QTrIJ,0
conf/sigmod/ShashaB02,EFTPn6dL-CgJ,0
conf/sigmod/LehnerSPC00,04n1FDGxU0AJ,0
journals/tods/WolfsonJH97,url:http://ieeexplore.ieee.org/iel2/233/1806/00048042.pdf%3Farnumber%3D48042,0
journals/sigmod/Winslett94,tn-WFbSpVMEJ,0
journals/sigmod/TianDCZ02,GRcy7ZDRfXsJ,0
conf/vldb/PossP03,url:http://www.ncbi.nlm.nih.gov/entrez/query.fcgi%3Fcmd%3DRetrieve%26db%3DPubMed%26list_uids%3D641304%26dopt%3DCitation,0
conf/sigmod/AggarwalWY99,ZvOZkp7VdSYJ,0
journals/vldb/SinghalS97,uSYQYLWH04wJ,0
conf/sigmod/RadekeBBEKKN95,ASdUm-L5t-IJ,0
conf/vldb/BargaP95,iKnoUWXFoaAJ,1
conf/sigmod/CatarciS94,U6vN0Zj9BPIJ,0
journals/sigmod/BichlerSZ98,q4xAIGFdb_sJ,0
journals/sigmod/Halevy00,O8rNTNfeIvoJ,0
journals/vldb/MehtaGPN98,cClmQMVV84gJ,0
conf/vldb/ZhuS02,fMZMgEoSKZYJ,0
conf/vldb/OuzzaniAB94,rdDuPzx9FRwJ,0
conf/vldb/ChavdaW97,h3IiHna9R2gJ,1
conf/vldb/LiuLBHTS03,MeZit5MohQ4J,0
journals/vldb/BunemanFS00,VnSRIZS6M3wJ,0
conf/sigmod/CorralMTV00,BjD4u0_fkmAJ,0
conf/sigmod/StoltePAG03,gipnGr_7mP4J,0
conf/sigmod/KarbhariRXD02,9h_OYAa2Kf8J,0
conf/vldb/LitwinNS94,DmXre6S8hz0J,0
journals/sigmod/RossCGJBV99,eZCaRYcKPb8J,0
conf/sigmod/LamCKNH01,eork_kIlXdIJ,0
conf/sigmod/VitterW99,sVGxTUtVd60J,0
journals/sigmod/DoanPK95,duO5gGyrMjYJ,0
conf/vldb/HvasshovdTBH95,xt1haPxbyrEJ,0
conf/sigmod/Pruscino03,MCn1g8OF_DIJ,0
conf/sigmod/CareyDFHMNSSTTWZ94,mCU3zHcPfCsJ,0
journals/sigmod/Han98,2cVl0I8NFHQJ,0
conf/vldb/Amer-YahiaCD98,2Jo_bzywDpYJ,0
conf/vldb/BaumannFRW97,nBkR20Lrk_8J,0
conf/sigmod/ChenGM01,NX7mBbeMhJgJ,0
conf/vldb/MillinerBP95,GERUCCBtEAAJ,0
conf/sigmod/ArefBV95,url:http://portal.acm.org/ft_gateway.cfm%3Fid%3D1055579%26type%3Dpdf,0
conf/vldb/KonigW99,gjDZcB31aBIJ,0
journals/sigmod/Kim02,QGmQt9pq564J,0
conf/vldb/DattaDTVRF01,rDObsYKVroMJ,1
journals/sigmod/JacobS99,dzHPil1BBAcJ,0
journals/sigmod/Widom96b,qINPPSVnYUkJ,0
conf/vldb/HardingLM03,ouz7TjFxUxQJ,0
conf/sigmod/Rosenthal01,url:http://portal.acm.org/ft_gateway.cfm%3Fid%3D375796%26type%3Dpdf%26dl%3DGUIDE%26dl%3DACM%26CFID%3D11111111%26CFTOKEN%3D2222222,1
journals/vldb/DoanMDDH03,wfu1MbXS72QJ,0
conf/vldb/YanL95,gHMpuR5VHJ4J,1
journals/sigmod/JacobS99,P5wtNxT7bS4J,0
conf/vldb/DillKMRST01,XagphbDrGQMJ,1
conf/sigmod/Freeston95,eEvZek727-8J,1
journals/sigmod/LudascherMM01,k5D5cit5tOYJ,0
conf/vldb/Sripada02,7mHKEsXUw9EJ,0
journals/tods/WandSW99,FwllK-CnWZ0J,0
conf/sigmod/UrhanFA98,cNQeQaXXiWQJ,0
conf/vldb/Huyn97,P6jcLEarcFIJ,0
conf/sigmod/Kleissner95,-T-8Gb8H3cgJ,0
journals/tods/DiaoAFZF03,url:http://portal.acm.org/citation.cfm%3Fid%3D144111.144137,0
conf/vldb/Gupta96,X8-OKJ8BouMJ,0
conf/sigmod/Perna95,nAhlP4hT2Q0J,0
journals/vldb/LeeW94,jMq7Tj6boIgJ,0
conf/vldb/GarciaLL98,yk8bgH1VnQgJ,0
conf/vldb/Schek00,9g9hNq0twPMJ,0
conf/sigmod/SrikantA96,ZcsYVbukXTsJ,1
journals/tods/YanG99,Ft1YZIFfu0cJ,0
conf/vldb/SchaeferBBJ00,url:http://portal.acm.org/citation.cfm%3Fid%3D645926.671845,1
conf/vldb/JaedickeM99,TNL-tVyxq1QJ,0
journals/sigmod/GatziuKBF98,hpvQAhcZXxUJ,0
journals/sigmod/HansonN99,b5uRDGKYrcMJ,1
conf/sigmod/CluetDSS98,q9yRMEgjLOAJ,1
conf/sigmod/ZhugeGHW95,32nSpgG-mAEJ,0
conf/sigmod/GravanoCGP97,sBVErKh0FqMJ,1
conf/sigmod/DeshpandeRSN98,JtfakSL7QqUJ,0
journals/vldb/BonifatiCP01,url:http://www.csa.com/partners/viewrecord.php%3Frequester%3Dgs%26collection%3DTRD%26recid%3D200111010683MT%26recid%3DA0032597AH,0
journals/tods/Jagadish95,pPZQjFBQV_YJ,0
journals/vldb/BohmAnY97,PALTnITURBcJ,1
conf/sigmod/RodriguezR00,url:http://doi.wiley.com/10.1002/(SICI)1521-3978(200005)48:5/7%253C473::AID-PROP473%253E3.0.CO%3B2-G,0
journals/sigmod/Winslett01a,DLtzm8aCzt4J,0
conf/vldb/Mohan99,4N472VSotmMJ,1
conf/sigmod/SalemBCL00,UWdeEWp3X7IJ,0
conf/sigmod/ShashaB02a,3HUnvGuXtZEJ,1
journals/vldb/HuntAI02,_tsHDEt1gA8J,0
conf/vldb/WhiteheadSM97,PpOgJYb7RXAJ,0
journals/sigmod/Giorgini03,dcEfssKtARsJ,0
journals/sigmod/Kuijpers02,IOayjaBtu_4J,0
conf/vldb/Levy96,b9F3YB4bHxQJ,0
conf/sigmod/GunopulosD01,o7oUFmpw9DwJ,0
journals/sigmod/Libkin99a,BhAwOOrirawJ,0
journals/sigmod/AtkinsonDJPS96,yfjKkIhvfXcJ,1
conf/vldb/BertinoBFS96,6cpbWaZNmk4J,0
journals/sigmod/Bhashyam96,yafpq21LfmQJ,0
conf/vldb/GardarinST96,EduOhnX-AWEJ,0
conf/vldb/SarawagiS96,url:http://links.jstor.org/sici%3Fsici%3D0146-4949(196023)1%253A3%253C22%253ARW(ASC%253E2.0.CO%253B2-A,0
conf/sigmod/AcharyaPR99,0dY1brFaEzgJ,1
conf/vldb/HelmerM97,1bQrusaIC7gJ,0
conf/vldb/HristidisP02,dWttiYHQJ04J,0
conf/vldb/KoudasGGSV03,DRjYkER3DjgJ,0
journals/tods/WolfsonJH97,tjSQMcZ1iIcJ,1
conf/sigmod/BraumandlKK99,6rd5PSCSuY8J,0
conf/vldb/YangG01,YnY2jlUecSIJ,0
journals/sigmod/NascimentoM99,286RPZLMYMsJ,0
conf/vldb/KoudasMJ99,HGjyIuiTn7QJ,0
journals/tods/WangBBJ97,YiLAYoonowgJ,0
journals/vldb/NgC98,url:http://ieeexplore.ieee.org/iel1/2206/3608/00129228.pdf%3Farnumber%3D129228,0
conf/vldb/SeligmanBNSW95,oi1VimnZSqMJ,0
conf/vldb/Hess96,dS5HX6DHZ_0J,0
conf/sigmod/GibbsBT94,vfTH6FzOpDAJ,1
conf/sigmod/LakshmananNHP99,8hOLex7VNOAJ,0
journals/sigmod/CaplinskasEV02,mcW9SmQ_MT4J,0
conf/vldb/DiaoF03,XeK-exduCywJ,0
conf/vldb/SchieferKBLF98,oMHbGkwztk8J,0
conf/sigmod/Rajaraman99,m_n55lcmF-sJ,1
journals/sigmod/Cardelli01,RiVdgAtOI3YJ,0
journals/sigmod/Liu02b,_z93gtADxvEJ,0
conf/sigmod/BaulierBGGHJKKMMNNRSSSWW99,lxxxttwFhDYJ,0
journals/vldb/TenienteO95,2sKfCfagQ90J,0
conf/vldb/SayalCDS02,SjYcdxTGOM8J,0
conf/vldb/AdityaBCHNS02,mXx8NqFkTMEJ,0
conf/sigmod/CatarciS94,y43BoMINZE0J,0
conf/vldb/BettiniJWW02,ghIMekzCkMQJ,1
journals/sigmod/Hammer00,DBnnN9w0EE0J,0
conf/sigmod/GunopulosKTD00,VEDf7vb98i8J,1
conf/sigmod/LivnyRBCDLMW97a,m6qS1prHDwkJ,0
conf/sigmod/KornM00,A8h0HMJ2k8EJ,0
conf/sigmod/GuptaHR97,wu0var7zLkEJ,1
conf/vldb/IwerksSS03,95VjRNKF6l0J,0
conf/vldb/YagoubFIV00,oHJaZrizZesJ,1
journals/vldb/HaasCLS97,6_RJfEQJG1YJ,0
conf/sigmod/AbadiCCCCEGHMRSSTXYZ03,B842Mqt_XFIJ,0
conf/sigmod/AntonJLPZZ02,FynPt3sL7f8J,0
journals/vldb/LinJF94,vmxFQL7lhKoJ,1
conf/sigmod/JonssonFS98,5fb1l1MyGisJ,1
conf/sigmod/HanKS97,XFCkL9QhTjIJ,1
conf/vldb/JohnsonA00,EPVkQkFM2osJ,1
conf/vldb/VelegrakisMP03,-XJQVJitx-gJ,0
conf/sigmod/LabrinidisR00,srDgEOADv7cJ,0
conf/sigmod/BrinDG95,vOspQVR0hwQJ,0
journals/vldb/GutingS95,lG_CPUQrdxsJ,0
conf/vldb/ChakrabartiDAR97,zuIhKVPjN_IJ,1
conf/vldb/AboulnagaAN01,VLKSQpTM_GcJ,0
journals/sigmod/SycaraKWL99,7OyvdUHeptMJ,1
conf/sigmod/AgichteinGV01,z8s4kW1y7LMJ,1
journals/sigmod/DoanPSB97,6ioboOxJvQIJ,0
conf/vldb/GravanoIJKMS01,KHWOHqy_gEwJ,0
journals/sigmod/GrayG97,nAx9oXPbCdAJ,0
conf/sigmod/PeiMHZ00,P03bX_GbyEYJ,0
conf/vldb/Sarawagi95,i8jZG7QdKIYJ,0
conf/vldb/LeslieJBY95,yJAoA55kUsAJ,0
journals/tods/Keen97,ns0p_gD6C_MJ,0
conf/sigmod/GrumbachRS98,RQTFVFT_w9gJ,1
journals/sigmod/GottlobKP03,EUoWQXMxB6gJ,0
conf/sigmod/HellersteinHW97,0MO_d5UhC3YJ,0
journals/tods/GravanoGT99,F0-dS1tNAVoJ,0
conf/vldb/CeriFP99,cRvuoTzIXRYJ,0
journals/tods/LechtenborgerV03,Zb2SExJNfkMJ,0
journals/tods/DiaoAFZF03,Eecp9RNcJXoJ,0
conf/vldb/FaloutsosMS96,z2Dq47ODuksJ,0
conf/sigmod/SrikantA96,E-gX3vOJMRwJ,0
conf/sigmod/UrhanFA98,rJ-gyifsAIcJ,0
conf/sigmod/RoussopoulosKR97,ljSWFPp8OA8J,0
conf/sigmod/ChanI99,ywFc_t24LQ4J,0
journals/sigmod/Roussopoulos98,5rHlMAk0Sv8J,0
conf/sigmod/AgrawalCN01,P-rdxNKTpCkJ,0
conf/vldb/Chiueh94,MGhUu5wIm3gJ,0
conf/sigmod/CherniackZ96,-_8Me1WZiKUJ,0
conf/sigmod/KemperMPS94,nTu7PUukM1wJ,0
journals/sigmod/RafanelliBT96,GmPNUUEGO7QJ,0
journals/vldb/NgS98,N7lCX2hmnogJ,0
conf/sigmod/BilirisDGJR94,Brl3BFiIv10J,0
conf/sigmod/BraumandlKK99,4fjXoCHhe1kJ,1
conf/sigmod/LiS98,Vxg-4KP7FfEJ,1
conf/sigmod/LiGS02,z87gIqJ_wg0J,0
conf/vldb/Hess96,mg9ABNG06O4J,0
journals/vldb/ChangG01,KcNVsgBNzs0J,0
conf/sigmod/ParkCY95,hLrdara3zskJ,1
conf/vldb/TreschPL95,NZ2fm_S7T7AJ,0
conf/vldb/UrhanF01,a08IZM12vyUJ,0
conf/vldb/SeshadriLR97,_LtnQLQ_2_EJ,0
conf/vldb/HalversonBKKRTVWND03,t3LqLlvguSkJ,0
conf/sigmod/GoldmanW00,ykaiqGwsdLMJ,0
conf/vldb/Ganguly98,MpQoXD39GXUJ,0
conf/sigmod/RamaswamyRS00,url:http://doi.wiley.com/10.1002/ace.32,0
conf/sigmod/ShouCTRH01,NE_l8QdkUYAJ,0
conf/sigmod/JonssonFS98,url:http://portal.acm.org/ft_gateway.cfm%3Fid%3D601865%26type%3Dpdf%26coll%3DGUIDE%26dl%3DACM%26CFID%3D11111111%26CFTOKEN%3D2222222,0
journals/sigmod/Kim02,1PPb2Y8X7rAJ,1
conf/vldb/Ladin00,YWmRiHO_CkEJ,0
journals/sigmod/JenningsNF98,lAPeBMU4KPMJ,0
conf/sigmod/GrossmanQ94,yjqdBeNw5WoJ,1
journals/sigmod/KambhampatiK03,UwVwB-QdyjUJ,0
conf/vldb/BrightR02,lovlkpxUzUsJ,1
conf/sigmod/AgrawalES03,lh_8BjgUnpkJ,0
conf/sigmod/Gerber95,PK8Qs1QbQSQJ,0
conf/vldb/ShashaB02,url:http://doi.wiley.com/10.1002/tl.174,0
journals/sigmod/CfP99,_C2jkeV4fCsJ,0
journals/vldb/Navarro02,UDQsHc_ps4IJ,1
conf/sigmod/ONeilQ97,TaHmDMA49wwJ,0
conf/sigmod/PapakonstantinouPV02,6F2UHbg25sQJ,0
conf/vldb/GarofalakisOS97,YuwdftjiBtgJ,0
conf/vldb/JosifovskiR99,ky9o52zvmwEJ,0
conf/vldb/NaumannLF99,FU4osjvJZp8J,0
journals/tods/EiterGM97,1rcDwhVp-o8J,0
journals/sigmod/FrewD97,Xo4KXwq9XIcJ,1
conf/sigmod/RothAHCCFSTW96,pI2wFuoVRogJ,0
conf/sigmod/MarklL02,tyZxVraNgTsJ,0
journals/sigmod/GunopulosK01,FEtpgY3KSrQJ,0
journals/tods/LeveneL99,3g09b2fr00wJ,0
journals/sigmod/MedeirosP94,TUhgqV8pWhMJ,0
conf/vldb/HoskingC99,X2IOSQMG3nYJ,0
conf/vldb/HeymannTKWRMF02,clOeP6Da4ScJ,0
conf/sigmod/Brown99,SsC6psG_FZAJ,0
conf/vldb/Ramaswamy00,RCWy2Fq6XRQJ,0
conf/vldb/Fecteau95,xsj_KugFn_YJ,0
journals/tods/DeyS96,gWr2YBc8LNYJ,0
journals/sigmod/Franklin99,7DhY_cTbtrcJ,0
conf/sigmod/FaloutsosSTT00,afqVHTeTQ0EJ,0
journals/vldb/GutingS95,CBHicx5w3ocJ,1
journals/sigmod/SalgadoE03,XNWb0UMsKxMJ,0
conf/sigmod/NazeriBO01,zezCwBLIDBkJ,0
conf/sigmod/BlottRS96,jq_F3lCmTaIJ,1
journals/vldb/OoiTCH98,xv1webZ985MJ,1
journals/sigmod/Camps96,GY-Jt5BLKfMJ,0
conf/vldb/HuntAI01,aSbP_fJE6x0J,0
conf/vldb/CiacciaPZ97,cnDPbkX4F2cJ,1
conf/vldb/CohenMKS03,amQa7Q5xEgMJ,0
conf/sigmod/ParkKKLPC98,E_Q5YBG_4C4J,0
journals/sigmod/GamacheS95,J1I7Ah4cIzsJ,0
conf/vldb/FlodinR95,url:http://adsabs.harvard.edu/abs/1980PhDT........29P,0
conf/vldb/HelmerM97,url:http://portal.acm.org/ft_gateway.cfm%3Fid%3D1027769%26type%3Dpdf,0
conf/vldb/RahmM95,kXWqnvGIlewJ,0
journals/sigmod/X94b,kqqC_6t54UoJ,0
journals/sigmod/Roussopoulos98,rgk1HYJbTNEJ,0
conf/sigmod/AgrawalES03,Wrue2IkpGyEJ,1
conf/vldb/KornackerB95,PVP7k-5hq5AJ,0
journals/sigmod/Kumar03,url:http://doi.wiley.com/10.1002/he.35,0
conf/vldb/AnkerstBKS98,UOXm9cb58YUJ,0
journals/tods/BaralisW00,kWGQt09OpOcJ,0
journals/sigmod/BergamaschiCV99,lED7dr4GCoEJ,0
journals/sigmod/Liu01,mSIEJMU3yvAJ,0
conf/vldb/Tygar98,p8G5Y8Klb-IJ,0
journals/sigmod/RamamrithamS97,NBw-Rul5-uwJ,0
journals/sigmod/ChaudhuriD97,LROAexi_0UEJ,1
journals/vldb/FahlR97,i0Soz7L2Pd4J,0
conf/sigmod/ZhuSZ03,hWNG6uakIt0J,0
journals/sigmod/Franklin97,WhGyGmt06lUJ,0
conf/sigmod/Al-KhalifaYJ03,njcJe-CufjsJ,0
conf/vldb/X00,szMUNaxngCwJ,0
conf/vldb/OzdenBRS94,ARyxUwGOA10J,1
conf/vldb/SeidlK97,sM0DuNaNZTMJ,0
journals/vldb/BohmAnY97,373qB6hPdBsJ,0
journals/sigmod/Snodgrass99,sD5FsHxWh5cJ,0
conf/sigmod/FegarasM95,l5Y7WQZn4BgJ,0
journals/vldb/ChanFGR02,LfS9Vr-FSZEJ,1
conf/vldb/RysNS96,A23y10bkjm0J,0
journals/sigmod/LudascherMM01,DhblU52vkHcJ,0
conf/sigmod/GuoSBS03,JrlxoD3yjwcJ,0
conf/sigmod/BlottRS96,vLtkuofaD4cJ,0
conf/sigmod/AggarwalY00,x5jeMyauzWgJ,1
journals/vldb/AbadiCCCCLSTZ03,JqV63F6w9GkJ,0
conf/vldb/LudasaherGM00,X-c1YJfOutwJ,0
conf/vldb/EvangelidisLS95,5dnYlEMQTb0J,1
journals/sigmod/Grohe02,ti6ELqthwqkJ,0
conf/vldb/CeriM03,3rwpLn-qoCoJ,0
conf/vldb/ChatziantoniouR96,xQrXRY50pmQJ,0
journals/tods/WangBBJ97,jiNJoTzkBpIJ,0
journals/sigmod/TheodoridisN00,7bLIZwa7Lj0J,0
journals/sigmod/DongS00,gH_HDDJghbAJ,1
conf/sigmod/WodtkeWWDM97,UakxrKiIGRgJ,0
journals/tods/CaldersNW02,3WEqFbqFuWcJ,0
journals/sigmod/Neven02,RoKUon2yaHMJ,0
conf/vldb/KumarKA97,iUJiJnEg508J,0
journals/tods/Jimenez-PerisPAK03,1tlZ_CAtuQ4J,0
conf/sigmod/YangM97,hDDFZds10UsJ,0
journals/sigmod/Konig-RiesMMPPRSVW02,BesN7JbOa74J,0
conf/sigmod/Atkinson95,vBXPZ9JtgZYJ,0
conf/vldb/HaasNSS95,YG5eNYmdQJAJ,0
journals/sigmod/Ley00,4kijp2RKYEwJ,0
journals/tods/FernandezKSMT02,url:http://portal.acm.org/ft_gateway.cfm%3Fid%3D1066247%26type%3Dpdf,0
conf/vldb/ChaudhuriG99,9javzlSee8oJ,0
journals/sigmod/BunemanLSTW94,7VB5N4BYX9cJ,0
journals/sigmod/Winslett02b,tFIZa9CYyGcJ,0
conf/vldb/DyresonBJ99,rxxBcEtgrqcJ,0
journals/vldb/MehtaD97,r0D16nnkGn8J,0
conf/vldb/ShahDR03,_LrmFN44IMUJ,0
conf/vldb/ChaHKK01,yYeoTlqQuD0J,0
conf/sigmod/Squire95,url:http://www.ingentaconnect.com/search/expand%3Fpub%3Dinfobike://els/09505849/1997/00000039/00000008/art00013%26unc%3D,0
conf/vldb/StohrR01,83l6ObXCyRcJ,0
conf/vldb/AbiteboulBBCCDMMP03,AsE51S-N_CIJ,0
conf/sigmod/FranklinZ98,TAJp2SkfmFgJ,0
journals/sigmod/RosenthalS99,dQUI2GWD4cUJ,0
conf/sigmod/Keim99,1qc5YYmUHXAJ,0
journals/tods/CliffordDIJS97,q9_l2Bqj5y4J,1
journals/sigmod/FlorescuLM98,23GbcclZy6gJ,1
conf/sigmod/LabioZWGGW97,D-v2yJqaW4AJ,0
conf/vldb/Hallmark95,QsmO94ilmrEJ,0
journals/vldb/CasatiSG01,TeIJUZxHBEYJ,0
conf/sigmod/BratsbergT00,jVWhNoPA0CcJ,1
conf/vldb/WangZ00,UQOhDWR5__sJ,0
conf/vldb/YuSLJ02,BKoAXoJuppQJ,0
journals/sigmod/GroskySF02,fli0aOkc85YJ,0
conf/sigmod/MaddenFHH03,pTGys8juGQIJ,0
conf/vldb/MillinerBP95,C1Hl-dwC-HQJ,0
conf/sigmod/YuMWL01,remFczoQMlQJ,0
conf/vldb/RamamurthyDS02,ipk43Quye-kJ,0
journals/sigmod/Snodgrass03a,KBwBF58IqJgJ,0
conf/vldb/Wang95,5M1rXxWiqn8J,0
conf/sigmod/LiBCS00,TdYsW7qkF_QJ,0
conf/vldb/WangZL03,3tWt3eBsSnYJ,0
journals/tods/WijesekeraJPH03,_mQXTGALkxMJ,0
journals/sigmod/TomasicS97,V9ER70knnm0J,0
journals/sigmod/Halevy00,yzlys0OQkt8J,0
conf/sigmod/BreunigKKS01,3ET_IEkoGjYJ,1
journals/sigmod/HummerLW02,yMUuyo4fB00J,0
journals/vldb/ChakrabartiGRS01,5CAfGmHl5GkJ,0
conf/vldb/BernsteinPS99,BKeCG5LN-LIJ,0
conf/vldb/LevyRO96,QTsbBZX9zrAJ,1
conf/vldb/PellenkoftLK97,p46jLRh6cRAJ,0
conf/vldb/Novaretti01,tZtnFoH5lY0J,1
conf/sigmod/ColbyKLMR97,0FohHTWs5toJ,1
conf/sigmod/ZhangMCMR02,PEaeh5wst9QJ,0
journals/sigmod/LohmanGFS01,9sPmKptqSVYJ,0
conf/sigmod/EmbleyJN99,O_SMlr3bFBMJ,1
conf/vldb/SatheS01,8TiEuTR1nGoJ,0
conf/vldb/GravanoIJKMS01,mt7aItKP-XcJ,0
conf/vldb/FerrandinaMZ94,_4dBQhDuGRMJ,0
conf/sigmod/ThomasDM95,1zgqAaZv3NAJ,1
journals/sigmod/CrestaniG02,C8FfVbvfoXIJ,0
conf/vldb/TeisseirePC94,url:http://doi.wiley.com/10.1002/he.72,0
conf/sigmod/RundensteinerCLCZNJLW99,SM3tDzKHJt8J,0
journals/tods/CaldersNW02,qneoTTs_iNUJ,0
conf/vldb/SchaeferBBJ00,hwnF6r-4IJkJ,0
conf/sigmod/Shasha97,QRAB3ST1q90J,0
journals/sigmod/LeeCL95,3CvHrYslP0UJ,0
conf/sigmod/MotakisZ97,zfz9EQPVjxMJ,0
conf/sigmod/Tajima96,BTtbcu4IlqMJ,0
journals/vldb/PucheralBVB01,Nzx2fgMPneIJ,0
journals/sigmod/Snodgrass00,ujD_9YAZctUJ,0
conf/vldb/Sterling98,knlsJLnGGvIJ,0
conf/vldb/ChenL03,OuW0gJvFeI4J,0
conf/vldb/BerckenS96,GfvntjAdvVYJ,1
conf/vldb/RizviH02,sP982xq0nU4J,1
journals/sigmod/Jonsson03,Zo1YGNw_U84J,0
conf/vldb/KarayannidisTSPMRFEB02,gOxoGG9MQfEJ,0
conf/vldb/ChenL03,4MrVmWl33coJ,0
conf/vldb/VieiraM03,url:http://www.csa.com/partners/viewrecord.php%3Frequester%3Dgs%26collection%3DTRD%26recid%3DA8622933AH,0
conf/sigmod/GuhaJKSY02,L6t_li7XQAEJ,0
journals/sigmod/Widom96b,vLSwvBZr5iMJ,0
journals/sigmod/Fong95,sIBW9tt-xCwJ,0
journals/sigmod/Franklin97,url:http://www.csa.com/partners/viewrecord.php%3Frequester%3Dgs%26collection%3DTRD%26recid%3DN9210524AH,0
journals/sigmod/RossKMV02,1_Z_sVr939IJ,0
journals/sigmod/BollKB98,O1N3PiXZLF8J,0
journals/sigmod/DoanPK95,UIL2KYQ_4AwJ,0
conf/sigmod/LabioZWGGW97,Hxnlcwm_RhMJ,1
conf/sigmod/TheobaldW02,iskOnjIAfbsJ,0
conf/sigmod/ColbyGLMT96,7ISFOtdsCXMJ,0
conf/vldb/AbrolLMMMRTWZ01,xMU9OupLQdEJ,0
journals/sigmod/RamamrithamSSTX96,HOKwwvgAvDMJ,0
journals/sigmod/CasatiDS00,glK_x3B7x80J,0
conf/vldb/GalanisWJD03,IWnfzq4zt3kJ,0
journals/vldb/AbadiCCCCLSTZ03,20buFoJMKLcJ,0
journals/sigmod/Wu02,u58HQYcZCSkJ,0
conf/sigmod/MumickQM97,6CpWnsUqJNIJ,0
conf/sigmod/WattezCBFF00,Rsf10QVvHXkJ,0
conf/sigmod/AdelbergGW97,Dvs2nBeBb4MJ,0
journals/vldb/ChenHY97,DUiMEzjEeicJ,0
conf/sigmod/2000,UPsfvgfXdc4J,0
conf/sigmod/Weininger00,dbtg7__m99cJ,0
conf/vldb/ManegoldBK02,I3X5JSvPWKUJ,0
conf/sigmod/DoanDH01,vG7P_UHDH_kJ,0
conf/vldb/RothS97,url:http://portal.acm.org/ft_gateway.cfm%3Fid%3D32219%26type%3Dpdf%26dl%3Dportal%26dl%3DACM%26CFID%3D11111111%26CFTOKEN%3D2222222,0
conf/sigmod/CasatiS01,yKAMbu0OsogJ,0
conf/sigmod/BerchtoldBK98,PVgsYQl1UzsJ,0
conf/sigmod/LlirbatFS97,XOP8oid0ZZ8J,0
journals/sigmod/ReichB98,ZRNJiDrou-wJ,0
conf/vldb/BaulierBKS98,tSfvOx40q9QJ,0
conf/sigmod/AdaliBSS98,YQ90BYSVqbsJ,1
conf/sigmod/OriaOILY00,JEVeEx9x7TwJ,0
conf/vldb/CareyD96,YOci7sjwx3MJ,0
conf/sigmod/AggarwalWY99,wjKnsQWl5ZoJ,1
conf/vldb/KraissW97,N3vkeZhqkOkJ,0
conf/sigmod/NgLHM99,iRBsB6EQ3RkJ,0
conf/vldb/Sondag01,url:http://doi.wiley.com/10.1002/ev.1311,0
conf/vldb/ChoenniV00,_HtfKL5dnhgJ,0
journals/sigmod/JenningsNF98,YiZVv5kVDb4J,1
conf/sigmod/LahiriG01,7FtvKd78pxYJ,0
journals/sigmod/Hammer00,t2uxG8aiNjoJ,0
journals/sigmod/CaleroPR03,Y014vzmXYggJ,0
journals/sigmod/FininJ02,4txdo0TJF9gJ,0
journals/tods/MamoulisP01,-gPXxKaunpkJ,0
journals/sigmod/Ozsoyoglu99,uFVf0mEOih4J,0
conf/vldb/Levy96,aSS8ZAVbIK4J,0
journals/sigmod/EisenbergM01,mkYR3nUh2h4J,0
journals/vldb/KnorrNT00,MOY_-11BvsYJ,0
journals/sigmod/Fong95,CGvD6Du5kaoJ,0
journals/tods/EiterGM97,z7XgJoN_BzUJ,0
journals/sigmod/Franklin98a,SX1_Z3Z000YJ,0
journals/sigmod/MusickC99,9Tr7gOzwcSEJ,0
conf/vldb/ZengBNN01,SEYLqcn5BpgJ,0
journals/sigmod/Suciu02,YqdrTNxo6sMJ,0
journals/vldb/WhiteD95,jKBaGqWJK2oJ,1
conf/vldb/ChristopheBPV00,l0cFt-ZhM3wJ,0
conf/vldb/CatozziR95,cseycJgLLdAJ,0
conf/vldb/HasanM94,0CwFBFMToQwJ,0
conf/vldb/SchmidtWKCMB02,VXpWB6icxV0J,0
conf/vldb/RezendeH98,u8MdyilWsAQJ,0
journals/sigmod/Qian95a,ELRQJwadllwJ,0
conf/vldb/AcharyaFZ96,IZ_fHQ9FnMcJ,0
conf/vldb/CareyK98,S2QdMxoBbicJ,0
conf/vldb/KraissW97,TMrg1T5egBkJ,0
conf/vldb/AnkerstBKS98,L94pAoeIbvgJ,0
conf/vldb/BrodieC99,sZZVwXivu-kJ,0
conf/vldb/ZimbraoS98,XPfu8WEfKHkJ,1
conf/vldb/KamelF94,0L2coSgkhSsJ,0
journals/vldb/MuckP97,2AgzS7tKYdYJ,0
journals/tods/AikenHW95,F6Ko8ZvWypUJ,0
conf/sigmod/DavulcuFKR99,url:http://portal.acm.org/ft_gateway.cfm%3Fid%3D306681%26type%3Dpdf%26coll%3DGUIDE%26dl%3DACM%26CFID%3D11111111%26CFTOKEN%3D2222222,0
conf/vldb/BertinoBFS96,F9KzvnDpCPUJ,0
journals/sigmod/Datta94,THPcOwwCAesJ,0
conf/vldb/DonjerkovicR99,SgokkSrdkyAJ,1
journals/sigmod/LacroixB03,4PRU_gg0gKEJ,0
journals/sigmod/DreyerDS94,Xlo5exd1NckJ,0
conf/vldb/HelmerWM98,LSqOjQBroOwJ,0
conf/vldb/MarronL01,YZDrgqQJcZoJ,0
conf/vldb/ShegalovWBL02,url:http://pubs.acs.org/cgi-bin/abstract.cgi/achre4/2004/37/i12/abs/ar0401092.html,0
journals/sigmod/HasselbringHHKRRS00,kZClWz6-kkIJ,0
journals/sigmod/PossasMCR00,7szp78IyFdQJ,1
conf/vldb/AmmannJR95,xpU6PuFXlVEJ,0
journals/sigmod/X94,WHmZVfabUVAJ,0
journals/sigmod/WuY00,url:http://links.jstor.org/sici%3Fsici%3D0146-4949(196223)3%253A3%253C67%253ATANACS%253E2.0.CO%253B2-Q,0
conf/sigmod/Kulkarni94,q9NOP94LA4QJ,0
journals/sigmod/ShinM94,3oa20f9ww0YJ,0
journals/sigmod/Finkelstein95,9-_C2XVdC3IJ,0
journals/sigmod/BoucelmaCGJLL02,zWoRcQffsq8J,0
journals/vldb/ZezulaSAR98,KJDOeP_ZGfcJ,0
conf/sigmod/QuassWGHLMNRRAUW96,Oc6VjraDVAsJ,0
conf/sigmod/GraySEBW94,zGRQ_2im_9MJ,0
journals/sigmod/AlonsoCIM95,KIMCGCwraTgJ,0
conf/sigmod/FernandezS96,X8sTTNV3Z-oJ,0
conf/sigmod/Shasha97,15Xnu2VYNAQJ,0
conf/sigmod/KoudasS03,TfvWjJGIoqgJ,0
conf/vldb/RohmBSS02,V8MTJN-KLh4J,0
conf/sigmod/GunopulosD01,PliMUidDd3EJ,0
journals/sigmod/Stonebraker02,hy1rj8ox-ZEJ,0
conf/sigmod/JaedickeM98,8rbHPYFAv9EJ,0
conf/sigmod/ClaypoolRZSK01,WG-3vX59MvIJ,0
conf/sigmod/LahiriJJC98,FvaS1TEL0x4J,0
journals/sigmod/Kosch02,dWTyiLoVo4QJ,0
conf/vldb/PapadimitriouBF03,SBkFb-TmkBsJ,0
conf/vldb/Schoning03,TEJVbkuC6pgJ,0
conf/sigmod/GuptaHR97,oILMNygi_NsJ,0
journals/vldb/LiR99,yow44nk6P88J,0
conf/sigmod/ChristophidesACS94,PYvxitTViMQJ,1
conf/sigmod/AgrawalGGR98,LqBsd_uWj5YJ,0
conf/sigmod/ChenRW02,EZi0KlNH9DsJ,0
journals/vldb/SivasankaranSTPR96,b8fGPIOfK6MJ,0
conf/sigmod/DohertyHR96,ZjxilICcJ94J,0
conf/vldb/MuthOPW98,rVFgkf24iSMJ,0
conf/vldb/SheikholeslamiCZ98,NgUyl5fJZv0J,0
journals/tods/MelnikG03,url:http://www.csa.com/partners/viewrecord.php%3Frequester%3Dgs%26collection%3DTRD%26recid%3DN9210571AH,0
conf/sigmod/WoelkBJOTU95,11gHWlRSXpMJ,0
journals/sigmod/RamDD99,xfVGNTdTjRAJ,0
conf/sigmod/StoltePAG03,71P7h18Yc40J,0
conf/vldb/PottingerL00,KFkm90FXDbgJ,0
conf/vldb/HalversonBKKRTVWND03,XbgsavfNKcQJ,0
conf/sigmod/Adelberg98,ahVfYoqGq6gJ,1
conf/vldb/WeberSB98,g3UtE14axcIJ,0
conf/sigmod/SlivinskasJS01,IZ_fHQ9FnMcJ,0
conf/vldb/KietzRS97,L4k3lAWc-JgJ,1
journals/tods/BrunoCG02,tkCWrg5OsIwJ,1
journals/sigmod/SnodgrassAABCDEGJKKKLLRSSS94a,UKrfQewL4-4J,0
conf/sigmod/GoyalHKMSZ97,Az8_vlR3WvEJ,0
conf/vldb/PereiraFLS00,tU4pRK0ozrEJ,0
journals/sigmod/Liu02,NLXzS29Oz8AJ,0
conf/sigmod/KanthRSB99,IISpt2UfJGQJ,0
journals/sigmod/PourabbasR02,I73fXW_5HHEJ,0
conf/vldb/KornackerB95,WD4c-qVPWGUJ,0
conf/vldb/CareyHMW96,oNh4J5jEhN8J,0
conf/vldb/DaynesC02,vYsliFiTu4AJ,0
conf/vldb/HulgeriS03,_D3JPE9NgNgJ,0
conf/vldb/RothS97,ba1WrWKJGhUJ,0
journals/vldb/AbiteboulCM98,Zbv89s2eSnwJ,0
conf/sigmod/SrikantA96,VRDIo9Ydh6UJ,0
journals/sigmod/JensenCEGHJ94,xFQWX4M8E2YJ,1
conf/vldb/KonopnickiS95,SHYtwo2v-LAJ,1
conf/vldb/Nori00,bGlEI8hllFsJ,0
conf/sigmod/DuSD95,YIQ4j72CXicJ,0
conf/vldb/CareyCNVDRSM99,TzhnIDnIuG0J,0
journals/vldb/KashyapS96,uDM1fxuvbH0J,0
journals/vldb/ManegoldBK00,9eonVZte2BUJ,0
journals/sigmod/ChaudhuriD97,IdNPV86IxM0J,1
conf/vldb/ChavdaW97,cwFUMRFbTAwJ,0
conf/sigmod/WolfsonSXZC99,wRwvZ-DF_28J,0
conf/vldb/LaneEN00,YDqWZ3SBMb4J,0
conf/sigmod/MumickQM97,sSyFjeD0fC4J,0
journals/sigmod/KiyokiKH94,OVWlUgIRGWMJ,0
conf/vldb/KounevB02,bVy5Ln4ldP4J,0
conf/vldb/Shenker03,YMQanNdiBSsJ,0
journals/sigmod/KuokFW98,YRF5pKrIIJ8J,0
conf/vldb/SundaraHCAS01,wJcyWPc1l7EJ,0
conf/sigmod/KoudasS03,y6FKb2QYPREJ,0
journals/sigmod/RossAJS02,j4kSdzwwb4QJ,0
conf/sigmod/DanielsDDEHJJLSSS94,Nj116AX5HloJ,0
journals/sigmod/FrewD97,IhNKXsWTotIJ,0
conf/sigmod/FaloutsosSTT00,XMC0W6CQJJIJ,1
conf/vldb/SadriZZA01,89l6j2Mbe2kJ,1
conf/sigmod/Olson95,mVuNjL4ukLQJ,0
conf/vldb/ShiSZ03,XojbAfbtdvcJ,0
conf/sigmod/BarbaraI94,ZEMLqjirCgcJ,0
conf/vldb/ChakrabartiM00,AVZ6qONf-XoJ,0
conf/sigmod/CrescenziMM02,-J7ua5S4G0wJ,0
conf/sigmod/BaruFGHJPW95,_aCglW5C-O4J,0
conf/sigmod/NazeriBO01,2E9I_lugGC4J,1
journals/sigmod/Kim94,2ehWXW0iJ4AJ,0
journals/sigmod/ElmagarmidJF95,wM1n_0L28XwJ,0
journals/sigmod/GlavitschSW94,Fr_WSbcBOPMJ,0
journals/tods/LiuDL02,BvwPBkQRVpYJ,0
conf/sigmod/GriffinL95,N-W35AYR4EYJ,0
journals/sigmod/GruenwaldBDGSSV99,ihljCMaS2UsJ,1
conf/vldb/HulgeriS02,J34n3V8eP6oJ,0
journals/sigmod/Aberer03d,mNJfEK_dMW0J,0
conf/sigmod/DeutschFS99,9WLtxnKtm_EJ,1
journals/vldb/HalkidiNVV03,tFe0FjHYe2MJ,1
conf/sigmod/AcharyaFZ97,Hf3gZHIcm58J,1
journals/sigmod/PossasMCR00,Cnin2J-8JzkJ,0
conf/sigmod/AdiBEY01,3jUi_Yf4DfIJ,1
conf/vldb/AgrawalSX01,szlbqKriYsQJ,0
journals/sigmod/Hoffner03,YlzIG4004J4J,0
conf/sigmod/ChenJDTW00,KlxPr0YoE_sJ,1
conf/sigmod/FaloutsosL95,ub4fs3oNXxkJ,0
conf/vldb/KoudasMJ99,wzae2lO15U8J,1
conf/vldb/AbiteboulACEMM99,hh9fQmB-eEEJ,1
conf/vldb/LabrinidisR01,9ZhDPDECMQ8J,1
journals/vldb/JiangE98,FA7t1EkRKNwJ,0
conf/vldb/AshwinRSSS97,3-IlQ1zCXPYJ,0
journals/sigmod/Gunther97,CJnKTZIbR3sJ,0
journals/vldb/CatarciSC97,FDRkd5fn9ioJ,0
journals/vldb/ChuaCL03,zz_jxFzKk1gJ,0
journals/sigmod/Colliat96,RWrhmPd907kJ,0
conf/vldb/ShahDR03,x58hLWnIL5wJ,0
conf/sigmod/Jhingran00,cmjuHR6u_OUJ,0
conf/vldb/HuangJR97,sQrHQmlrc18J,0
conf/sigmod/French95,-SKUwSssEjMJ,0
conf/vldb/MignetMAC01,2Xtdi2WgL_UJ,0
conf/vldb/LevySSZ94,wg4dtxItoEIJ,0
conf/sigmod/HarinarayanRU96,9Ue5hZp8H68J,1
conf/sigmod/Arpaci-DusseauACHP97,GviPzf3sULYJ,0
conf/vldb/KornMS02,6RhdcFYAZW4J,0
journals/sigmod/WinslettCDHZZ02,3n-ChNXJrp8J,0
journals/sigmod/VenkatraoP95,WUxn4x1mdR4J,0
conf/sigmod/AgrawalGGR98,DHbEJyv20WMJ,1
conf/sigmod/Ahn94,XA-SjO7CFDsJ,0
conf/sigmod/LiS98,xAwNq-a4ju0J,0
journals/sigmod/GolabO03,lC5GjK5OpD0J,1
journals/sigmod/Ozsoyoglu00,FxOnCw4QWj0J,0
journals/sigmod/Geller02,url:http://www.springerlink.com/index/X554442136601718.pdf,0
conf/sigmod/Team95b,url:http://portal.acm.org/ft_gateway.cfm%3Fid%3D957115%26type%3Dpdf%26dl%3Dportal%26dl%3DACM%26CFID%3D11111111%26CFTOKEN%3D2222222,0
conf/sigmod/NgLK98,kJVhJ4ruw6sJ,1
conf/vldb/PapadiasT01,mNvdTv7A2GIJ,0
conf/sigmod/Galindo-LegariaJ01,quqr_n2cCQEJ,0
conf/vldb/YuV00,43N2r_SuYccJ,1
journals/tods/CaldersNW02,l07PbST1C5UJ,0
journals/sigmod/Halevy00,d7GlDcpQ6pwJ,0
conf/sigmod/BrinMUT97,url:http://www.csa.com/partners/viewrecord.php%3Frequester%3Dgs%26collection%3DTRD%26recid%3DN9210374AH,0
conf/vldb/KriegelPS00,wEgGYKGCNrAJ,0
conf/sigmod/ShashaB02,3HUnvGuXtZEJ,1
conf/vldb/ZirintsisKM99,UrBfc7hNpNEJ,0
journals/sigmod/Hoffner03,url:http://portal.acm.org/citation.cfm%3Fid%3D776985.776995%26coll%3DGUIDE%26dl%3DACM%26idx%3DJ689%26part%3Dperiodical%26WantType%3Dperiodical%26title%3DACM%2520SIGMOD%2520Record%26CFID%3D11111111%26CFTOKEN%3D2222222,1
conf/vldb/RezendeS98,JSD1Itypc10J,0
journals/vldb/ChangG01,O1SMQcPghhoJ,0
conf/sigmod/AdamY98,B0n1kS0wpgMJ,0
conf/vldb/SteenhagenABB94,aCZo57LF-4sJ,1
journals/vldb/KnorrNT00,JqIAABc6ZuUJ,0
conf/vldb/ChaudhuriGS95,zD9RJXmE-kIJ,0
conf/sigmod/Smith01,url:http://ieeexplore.ieee.org/iel5/9217/29235/01320054.pdf%3Farnumber%3D1320054,0
conf/vldb/LeeL96,d5O0EkWGosEJ,0
conf/vldb/ShanmugasundaramSBCLPR00,HKM-zP0LT_UJ,1
journals/sigmod/Snodgrass00c,L896X8s_CpgJ,0
journals/sigmod/YauLMS99,Ei9esmN5czwJ,0
conf/sigmod/Mylopoulos98,vU_Vo2059VUJ,1
conf/vldb/Koch03,v80FFBUTW_0J,0
conf/sigmod/MamoulisP99,xdAsc3yVWvYJ,1
conf/vldb/PirotteZMY94,YiL9JTJIwhcJ,0
journals/tods/LakshmananLRS97,3oBT47PmeloJ,0
conf/vldb/AnkerstBKS98,url:http://www.csa.com/partners/viewrecord.php%3Frequester%3Dgs%26collection%3DTRD%26recid%3D0655727CI,0
conf/vldb/AksoyZF01,AVzKwlbcp58J,0
conf/vldb/JagadishKNS99,03NbsTDEhncJ,0
journals/sigmod/Snodgrass00,ojxB5uEbuxUJ,0
conf/sigmod/WhiteCF98,fWrjSi9_52wJ,0
journals/sigmod/PhatakSSS96,We4SpjaPHLkJ,0
conf/vldb/IyerW94,url:http://doi.wiley.com/10.1002/tl.93,0
journals/vldb/LiR99,gUXM_DcWzX0J,0
journals/vldb/MuckP97,Bqyii8l0774J,0
conf/sigmod/BreunigKKS01,WWl7nk5VbvoJ,0
conf/sigmod/Wu99,20mUj1tGCKAJ,0
conf/sigmod/SubramanianV98,dgqTkdPxQCwJ,0
journals/sigmod/Elderini02,8NLJynb9z2UJ,0
conf/sigmod/RamakrishnanD98,QPczsSVhgdQJ,0
conf/vldb/LiC94,VcD2EDNjrS4J,0
journals/sigmod/David03,RBjJHzI_ussJ,0
conf/vldb/Hallmark95,MahT88C6p3IJ,0
conf/sigmod/ShuklaD00,kcrWfQEI9G8J,1
conf/vldb/CormodeDIM02,ugI8GwOntksJ,0
conf/vldb/TanGO99,lqLjDAyXWhkJ,0
conf/vldb/BerchtoldKK96,zb29ApLNOUEJ,0
conf/vldb/YanA94,8j5i7YJQnNAJ,1
conf/vldb/HasanM95,kf4ue4T2tyMJ,0
journals/tods/CeriFPT95,UGlVWff55mEJ,0
journals/sigmod/Sidell96,8E1ENRb4nP8J,0
conf/sigmod/HanFHCC94,url:http://www.ncbi.nlm.nih.gov/entrez/query.fcgi%3Fcmd%3DRetrieve%26db%3DPubMed%26list_uids%3D15260502%26dopt%3DCitation,0
conf/sigmod/ZuzartePMCLW03,_LrmFN44IMUJ,0
conf/sigmod/LiuFP03,NNSFLDTzoh0J,0
journals/vldb/AilamakiDH02,ubJbv_r0TcUJ,0
conf/sigmod/TaoP02,GLNT2qvqi1wJ,0
conf/vldb/MorimotoIM97,VLd1PgYIoN8J,0
journals/sigmod/LometBCLN98,url:http://portal.acm.org/citation.cfm%3Fid%3D74120.74125%26dl%3DGUIDE%26dl%3DACM%26idx%3DJ689%26part%3Dperiodical%26WantType%3Dperiodical%26title%3DACM%2520SIGMOD%2520Record%26CFID%3D11111111%26CFTOKEN%3D2222222,0
conf/vldb/BerckenSW97,4gDg9DESceQJ,0
journals/sigmod/NormanZT96,en4pt0I9R_EJ,0
journals/sigmod/RosenthalS99,kNlTN4lzkIoJ,0
journals/sigmod/Datta94,url:http://ieeexplore.ieee.org/iel5/9193/29143/01314551.pdf%3Farnumber%3D1314551,0
journals/vldb/BonifatiCP01,FLTKBG-bw7sJ,1
conf/vldb/MeekPK03,_Y7Zfpfg2_4J,0
conf/sigmod/RothAHCCFSTW96,3pMGpzFowWkJ,0
conf/vldb/YanL95,JLzIM-AHdW8J,1
journals/sigmod/RossCGJBV99,url:http://www.ncbi.nlm.nih.gov/entrez/query.fcgi%3Fcmd%3DRetrieve%26db%3DPubMed%26list_uids%3D682704%26dopt%3DCitation,0
conf/vldb/AnciauxBBPV01,ejfX4LfyMbsJ,0
journals/sigmod/Aberer02,uNS2-w0bcNkJ,0
conf/vldb/Meier95,C_lenwvj88AJ,1
conf/sigmod/ChungMS02,2y_G8dmz1QkJ,1
conf/sigmod/ImielinskiV95,zmIQFNOCJrAJ,0
conf/vldb/FlorescuKLP97,hbJvXBHwkS8J,0
journals/sigmod/TsotrasK96,kCRjK3fB4KMJ,0
conf/vldb/RahmM95,url:http://doi.wiley.com/10.1002/anie.199726831,0
journals/vldb/SheikholeslamiCZ00,3OTNpeTJ1vEJ,0
conf/vldb/ChakrabartiSD98,E9WYlnvCeRoJ,0
journals/sigmod/GriffinK98,url:http://adsabs.harvard.edu/abs/1976scom.nasa..843M,0
conf/vldb/DeutschT03,x_51h6BS3oQJ,0
conf/vldb/ShivakumarGC98,9Tl8CnY9TGAJ,0
conf/vldb/CarusoCGLM00,url:http://ieeexplore.ieee.org/iel5/9217/29235/01320079.pdf%3Farnumber%3D1320079,0
conf/sigmod/Cohen98a,qfD_kxYt-dsJ,1
conf/vldb/SchieferKBLF98,6lBNpiev6JAJ,0
conf/sigmod/PonnekantiK00,G8SyYFLZLDMJ,0
journals/sigmod/Wade96,lPRk4otI2_IJ,0
conf/sigmod/GeneserethKD97,inPPL3lI3CcJ,0
journals/sigmod/KempsterST99,f-4RFhaJQ-0J,0
conf/vldb/KeidlSSK02,Wc1ViFeRa54J,1
conf/vldb/MorimotoFMTY98,31YuS02mFq8J,1
journals/sigmod/MotroA03,We0qyycwTBMJ,0
conf/vldb/HaasKWY97,olfbrDVhkoYJ,1
conf/sigmod/LarsonG03,D9lTTLyrh_AJ,0
conf/sigmod/BrinMS97,EKxHmBZXBYEJ,0
journals/sigmod/VetterliVS00,ejQ9kBpYmBoJ,0
conf/vldb/FrohnLU94,iarLqyQmZ7IJ,1
journals/tods/RaschidL96,rUpu2pcFa8cJ,1
conf/vldb/LometT95,SDS7uWO7Mj4J,0
conf/vldb/Sheth96,2dbfj5o29VwJ,0
conf/vldb/GuptaM96,oB1iUAhdd-0J,0
journals/vldb/AguileraCMVV02,RNjyqZrM5p4J,0
conf/vldb/Campbell99,m1eeQnYWL0oJ,1
conf/sigmod/FaloutsosSTT00,qsWDIfzBxiQJ,1
conf/vldb/ArionBCDMP03,QripmcJC-6wJ,0
conf/vldb/AnkerstBKS98,ce4JlUOsQtcJ,0
conf/vldb/TaoP02,1fKAF7UK_E8J,0
conf/vldb/Ogawa96,om41H5_bc5oJ,0
journals/sigmod/NobleS95,url:http://doi.wiley.com/10.1002/ev.1626,0
conf/vldb/HammelP02,EM5uAeHdNEIJ,0
journals/sigmod/SpynsMJ02,j84UE-NL5fQJ,0
conf/sigmod/NatsevRS99,T6-1YTgeeF4J,0
conf/sigmod/MarklL02,b7IXEwTLIHAJ,1
conf/sigmod/MaratheS99,Sql66UDiVnwJ,0
journals/tods/BunemanO96,j1fbt7b9m1kJ,0
conf/vldb/GravanoG97,7TBaMMFxpdYJ,0
conf/vldb/BrownMCL94,rsxdUf1DVNQJ,0
conf/vldb/WeberSNSS03,85DKCQJrYPUJ,0
conf/vldb/KornSFSP96,qdLbwgIRnvgJ,1
conf/vldb/SrinivasanDFCJYKTDB00,At3Bv_AZJnwJ,0
conf/vldb/ShuklaDNR96,Qdw5iM0aKwAJ,1
conf/vldb/ChangG97,0NK87fQBfPUJ,1
journals/vldb/RoySSSA98,JB684f38DiwJ,1
journals/sigmod/Ozsu03a,yTBma_5-q2sJ,0
conf/vldb/Malaika96,VP7z1TQ92gAJ,0
conf/sigmod/LiuFP03,_97cTemKZnMJ,1
conf/vldb/ZhouLZLZJT01,BMgzX0tPFykJ,0
conf/vldb/LimWPVP02,ombm_6RUr54J,0
conf/sigmod/OlstonW02,yj8hW0t8xB4J,0
conf/sigmod/KalnisNOPT02,CjcfbUUUJw0J,0
conf/vldb/ZhouLZLZJT01,Yfc66c7aY6YJ,0
journals/sigmod/PitouraAPSV03,url:http://www.csa.com/partners/viewrecord.php%3Frequester%3Dgs%26collection%3DTRD%26recid%3DN9210385AH,0
journals/vldb/ChuaCL03,D-ay87SsQWsJ,0
journals/sigmod/RossGN03,ChxPgUTfyNAJ,0
journals/tods/Keen97,RKuYc1qaUycJ,0
journals/tods/FormicaGM98,PMkvwDGJi-MJ,0
conf/sigmod/ZhuS03,6rB2yTBytg4J,0
conf/sigmod/Seshadri03,url:http://portal.acm.org/ft_gateway.cfm%3Fid%3D1101921%26type%3Dpdf,0
conf/vldb/CarusoCGLM00,CxBJwFNdozAJ,0
conf/sigmod/RafieiM97,Z8kRr4T21JYJ,1
conf/sigmod/Miller98,czNGr7kq5sEJ,0
conf/vldb/WuFSP00,hdOQ_vyjDacJ,0
journals/sigmod/MaximilienS02,pbJTxhBzeKkJ,0
conf/vldb/IwerksSS03,4B_LhCns0WoJ,1
conf/vldb/MarronL01,a3aecJJ58NIJ,1
conf/vldb/LevyMS94,url:http://portal.acm.org/citation.cfm%3Fid%3D335168.335221%26dl%3DGUIDE%26dl%3DACM%26type%3Dseries%26idx%3D335168%26part%3DProceedings%26WantType%3DProceedings%26title%3DSymposium%2520on%2520Principles%2520of%2520Database%2520Systems%26CFID%3D11111111%26CFTOKEN%3D2222222,0
journals/sigmod/Halevy00,czgyMu7SHcgJ,1
conf/sigmod/LuoKMPWLN02,zQfzn1t6Xq8J,1
conf/vldb/ChakrabartiRS02,3sxniaGRhjUJ,0
conf/sigmod/ZhaoDN97,XTr47JYrfjEJ,0
journals/sigmod/SmithO99,NSMC9Rk4-mQJ,0
conf/sigmod/TomasicGS94,uyDRY_RyhQMJ,0
conf/sigmod/GorelikWD94,BzVBdHQfx-wJ,0
journals/sigmod/DAndreaJ96,5Vcrg3u3SBsJ,0
journals/sigmod/SilberschatzSU96,1Q_SiIsPH7MJ,0
conf/sigmod/YangM97,WcA1L5srKj4J,1
journals/tods/FukudaMMT01,QdPN-QtgceAJ,1
conf/vldb/RamanH01,Bru9Ujhn4Z4J,0
conf/vldb/SistlaYH94,lpbKdBUesc8J,0
conf/vldb/Taylor00,r1sqj1QVpIAJ,0
conf/sigmod/AdelbergGW97,LqLJjnwUa1cJ,0
journals/sigmod/Jagadish00,url:http://portal.acm.org/citation.cfm%3Fid%3D1066157.1066255,0
conf/sigmod/HellersteinN96,_hDCldPyum0J,1
conf/vldb/SrikantA95,RE_sI8I74igJ,1
conf/vldb/DiaoLCT00,lzbvXZxLKJIJ,1
journals/sigmod/BernsteinBCDFGGHHJLMNPSU98,SiP9YJGvcT0J,0
conf/vldb/Schoning03,Ycf_6A62gXoJ,0
conf/vldb/ChenJLP03,p7wumIMn_2oJ,1
conf/vldb/BernsteinHSSZ97,L2c8XblCSicJ,1
conf/vldb/Ramaswamy00,ImVfFo5MtqcJ,0
journals/sigmod/GalianoM03,D4krYXhNdssJ,0
conf/vldb/ChristopheBPV00,url:http://www.springerlink.com/index/M425P134J727X72U.pdf,0
journals/vldb/HjaltasonS02,bo1rnY4bU4kJ,0
conf/sigmod/ZhangZPTL03,DkX_l-hpdY4J,0
conf/sigmod/KriegelBKPS03,i0c65loyE60J,1
journals/vldb/WidomS00,url:http://portal.acm.org/ft_gateway.cfm%3Fid%3D195675%26type%3Dpdf%26dl%3DGUIDE%26dl%3DACM%26CFID%3D11111111%26CFTOKEN%3D2222222,0
conf/vldb/NetzCBF00,5NE7g6XtYVkJ,0
journals/tods/MehrotraRKS98,H8t-jtsiZ74J,0
journals/sigmod/Franklin00,153PgfsReSoJ,0
conf/vldb/HanF95,pNBgTa_UPDEJ,1
conf/vldb/Korth95,UZAQL1o-c0MJ,1
journals/sigmod/Widom96a,1ahcZzi1JgAJ,0
conf/sigmod/Golding95,d09TzGgYIpYJ,0
journals/sigmod/Aberer01a,Kq4kMuQ32eUJ,0
conf/vldb/Hamilton99,eZTTboRgnocJ,0
journals/sigmod/DunhamH95a,vH8bLkx9J0UJ,0
conf/vldb/DarEGP98,GZwDHAB2Eb8J,0
journals/sigmod/Snodgrass01,NNVfc1ruFqAJ,0
conf/sigmod/DobraGGR02,VevtZKOEsFIJ,0
journals/vldb/BerendtS00,_0meUij3ZJEJ,1
conf/vldb/LuSL95,fSM0O6KxRngJ,0
conf/sigmod/BrinMS97,41B5NuefLPsJ,1
conf/vldb/LingLL00,Aq_TE_cWEQkJ,0
journals/sigmod/DunhamH95,mnXoLLgERB4J,0
conf/vldb/BerckenS96,-iBt8AJhTSEJ,1
conf/sigmod/Kramer97,qedPIDO4dXQJ,0
journals/sigmod/BarclayBGS94,_6wwPJEGUiAJ,0
conf/sigmod/OhHP00,1PMCDFuCLJsJ,0
journals/vldb/AtkinsonM95,XhNyrvJ7V60J,0
journals/sigmod/CherniakV03,aLJ67MTKHsYJ,0
conf/sigmod/Gal00,MkzyjnMNj5gJ,0
journals/sigmod/FrewD97,tftfK6qWKJcJ,0
journals/sigmod/RossKMV02,url:http://portal.acm.org/ft_gateway.cfm%3Fid%3D1099639%26type%3Dpdf,0
conf/vldb/BawaBA03,ilXEaLgBVOUJ,0
journals/tods/TariSS97,iMM-Ho95algJ,1
conf/vldb/CotterB00,dvmROCT52KoJ,0
conf/sigmod/MumickQM97,cvHvC7tUSrIJ,1
journals/sigmod/Winslett02a,Uw8esIwf1PIJ,0
conf/vldb/CareyKRLABFLOPQRSSUVWY01,ijq3EY9JHC8J,0
conf/sigmod/FaloutsosRM94,AVr1Kll82FQJ,0
conf/sigmod/MissikoffT94,url:http://www.csa.com/partners/viewrecord.php%3Frequester%3Dgs%26collection%3DTRD%26recid%3DN9210409AH,0
conf/sigmod/BarbaraI94,url:http://links.jstor.org/sici%3Fsici%3D0146-4949(196721)8%253A2%253C312%253AANAAC%253E2.0.CO%253B2-H,0
journals/sigmod/Ozsu01,gqubJsMOBsgJ,0
conf/sigmod/RundensteinerCLCZNJLW99,S_oAaB8WBmAJ,0
journals/sigmod/MeltonE02,mJdirdkzhRoJ,0
conf/sigmod/VitterW99,l78OeieL4ZsJ,0
conf/sigmod/BerensonBGMOO95,xvAw7wQgenoJ,1
journals/sigmod/SchlageterBHMSW95,E5ogO5eaSDgJ,0
conf/sigmod/Eaton98,nN7rlY8WDWMJ,0
journals/sigmod/TanK03,mSR0bA8pIOwJ,0
conf/sigmod/AcharyaAFZ95,zpfRP0VPRZkJ,0
conf/sigmod/MassariPSC95,Xm1G9UW86aEJ,0
conf/vldb/Taylor00,PSb93BiHH3cJ,0
journals/sigmod/PapianiWDN99,HxmnEeCigX8J,1
conf/vldb/KemperKW99,url:http://portal.acm.org/ft_gateway.cfm%3Fid%3D122070%26type%3Dpdf%26coll%3DGUIDE%26dl%3DACM%26CFID%3D11111111%26CFTOKEN%3D2222222,0
conf/sigmod/Raghavan03,aAhEajm5QHIJ,0
conf/sigmod/AgrawalCFGHIIMMSS94,bXnzC8MN_joJ,1
conf/vldb/TeisseirePC94,KNv3bO45Nj4J,1
journals/vldb/KamelWS94,yy4MPeL_2-sJ,0
journals/sigmod/Qian96,8bTwydAEuAMJ,0
conf/vldb/WangZ00,hINsxxxuOi0J,0
conf/sigmod/CareyDFHMNSSTTWZ94,3_X-dmpUEWMJ,1
conf/vldb/ZhangL97,xSXk4kAhUYkJ,0
journals/tods/FukudaMMT01,Bcuo4_yr2p0J,1
conf/sigmod/BerckenDS00,Dy5Eeh8JzmgJ,1
conf/sigmod/Grust02,FciQfSFKdw0J,0
conf/sigmod/HjaltasonS98,VhK-n5BgUVgJ,0
journals/sigmod/Ley00,BpAmR1G2whgJ,0
conf/sigmod/GangulyGMS96,VH47hdkGDckJ,0
journals/vldb/TanGO00,ncxYSB5yqj0J,0
journals/tods/PetersO97,HENlOQ6EfpUJ,0
conf/sigmod/Dyreson03,1tlZ_CAtuQ4J,0
journals/sigmod/Liu03a,35SLbDun6FYJ,0
journals/vldb/BohmAnY97,DXLLSiMnjYsJ,0
conf/sigmod/HeC03,KPBF8yvu85UJ,0
journals/sigmod/Palpanas00,PJwykJAk2qkJ,0
conf/sigmod/AdaliBSS98,hiRJVXjfZkkJ,0
conf/sigmod/LiCHH97,O-ohevCKiCwJ,0
journals/sigmod/SilberschatzZ97,7ne6Kriy0mEJ,1
journals/sigmod/MusickM98,Nif9SC2WLOwJ,0
conf/sigmod/ColletC95,102kN1obdWcJ,0
conf/sigmod/WangJLY03,EQsWWZdE45wJ,1
journals/sigmod/Stirling03,zyfw5Zf4VscJ,0
conf/vldb/LeeL99,Sns3lhBEQqEJ,0
journals/tods/Keen97,1yAI65qIalIJ,0
journals/vldb/NybergBCGL95,j9WQfaglBpMJ,0
conf/sigmod/GionisGK01,jkhzNUABYK8J,0
journals/tods/TendickM94,guqmPE_ELugJ,0
journals/vldb/RamamrithamC96,LBoee-zlAggJ,0
conf/sigmod/AcharyaGPR99a,EpUtXEhwDaUJ,1
conf/vldb/LongS03,036pARHt3CsJ,0
conf/vldb/RamanH01,S-gDWtDBbUIJ,0
journals/tods/RaschidL96,QXGSZLKu0SgJ,0
journals/tods/CeriFPT94,39m5BLDo1zYJ,1
journals/sigmod/CruzKLSWY02,bpu5_E0IL5oJ,0
journals/sigmod/HalkidiBV02a,ILnMZJJ3-SIJ,0
conf/sigmod/SeshadriHPLRSSS96,COJZTTWkBxYJ,0
journals/sigmod/CuiJO02,aCv0_TYBVAAJ,0
journals/tods/LechtenborgerV03,url:http://journals.iucr.org/c/issues/1999/11/00/sk1317/sk1317.pdf,0
conf/vldb/KangC02,gndV1O-oEkMJ,1
journals/sigmod/Dogac98,uIEsWFITMpIJ,0
conf/sigmod/KriegelBKPS03,biVrK7MrU4QJ,0
journals/sigmod/AdelbergKG96,R8aWMkmPPAcJ,0
journals/tods/SistlaWYS98,mualob3QOIAJ,0
conf/sigmod/ChawatheRGW96,uhCrumFvR6IJ,0
conf/vldb/SeegerBBKSDS01,WYGjQDmRwt8J,1
conf/sigmod/Rodriguez-Martinez00,cDKn04JdBwMJ,0
conf/vldb/Hess96,Gia7489k5t4J,1
conf/vldb/RossS97,pNQsrkHlbVAJ,0
conf/sigmod/WangCMSSZ94,zW7bSuw1JN4J,0
journals/vldb/OzsuPSILM95,hwTdtNWciY8J,0
journals/sigmod/VassiliadisS99,hh0EAN9VXnkJ,0
journals/sigmod/Roussopoulos98,u2jFZnoPLM8J,1
conf/vldb/AgarwalADGNRS96,7ugJ3lwbRoMJ,0
conf/vldb/AmielBDS94,Tl1m32KlpBUJ,0
journals/vldb/CatarciSC97,ie1eBZuFtNMJ,0
conf/sigmod/Ubell94,ZrMjnFuPnI0J,1
journals/tods/GutingBEJLSV00,ddlYivS_8KgJ,0
journals/sigmod/Lomet98,ScvI0Zt7MnAJ,0
conf/vldb/HumborstadSHT97,CtcZgHdJZusJ,0
conf/vldb/ChaudhuriS01,wiY1rioCYkwJ,0
journals/sigmod/ACT-NET96,FTDeavdkHpsJ,1
conf/sigmod/WhitneyS01,zmUARaE81B8J,0
journals/sigmod/SofferMC02,GROPVl4LhLkJ,0
conf/vldb/NarayananS01,PxhUDw_VG-AJ,0
journals/vldb/RahmB01,nt4H9OnsFhAJ,0
conf/vldb/GinisHKMT97,GBVvAWWCTcgJ,1
conf/vldb/Hammond96,FGWhgcvDKLEJ,0
conf/sigmod/AnkerstBKS99,DPzWVBnoYcQJ,0
conf/sigmod/CareyCNVDRSM99,W6ROObWo3bIJ,1
journals/sigmod/CareyS99,url:http://portal.acm.org/citation.cfm%3Fid%3D645925%26coll%3DGUIDE%26dl%3DACM%26CFID%3D11111111%26CFTOKEN%3D2222222,0
conf/vldb/BaralisPT97,kI-Hiv-7NZsJ,0
journals/sigmod/Bhashyam96,kMQXBXl8Rr8J,0
journals/tods/MamoulisP01,murvv2h6fmIJ,0
conf/sigmod/AgrawalGGR98,pF6EW_yKYyYJ,0
journals/sigmod/DogacAOD95,iTVPHYgyBzAJ,0
journals/sigmod/TianDCZ02,aiy-Hm-bz30J,0
journals/vldb/ChanGR03,7rn7AHVs1YUJ,1
conf/vldb/CliftonFHKLS03,E_CQlx3K0W4J,0
journals/sigmod/Bohlen95,Exa5inUiz2cJ,0
conf/vldb/CarinoOBS99,9sjpqUktVW8J,0
conf/sigmod/SelfridgeSW96,YtbRcbz3VUYJ,0
conf/vldb/JohnsonS94,S1cDMQLL7MIJ,0
conf/vldb/Koch03,mKUXh9UoWzoJ,0
conf/vldb/Fecteau95,ZR3Wpn7i84AJ,0
conf/vldb/BaralisPT97,xMyKvSL_4m4J,0
journals/vldb/ZezulaSAR98,8TiEuTR1nGoJ,0
conf/sigmod/Suciu99,swAAJa_XmE4J,0
journals/tods/ChoG03,3pbNEYV1zHEJ,0
conf/sigmod/Shyy95,IkwHaue8HnkJ,0
conf/vldb/Padmanabhan96,8fZyShELCmAJ,0
journals/vldb/C94a,A8stEZiBVuEJ,0
conf/vldb/ManegoldBK02,nRqi8tbynWMJ,0
conf/sigmod/SismanisDRK02,seSeL2gsCJoJ,1
conf/vldb/King02,url:http://portal.acm.org/ft_gateway.cfm%3Fid%3D1055579%26type%3Dpdf,0
conf/sigmod/AcharyaGPR99a,ahfoveFQC2sJ,1
conf/vldb/DingGS00,U-U8m8MmIN0J,0
conf/sigmod/KriegelBKPS03,wnhrjGnbNesJ,0
journals/sigmod/Etzion99,url:http://portal.acm.org/citation.cfm%3Fid%3D344816.344820%26dl%3DGUIDE%26dl%3DACM%26idx%3DJ689%26part%3Dperiodical%26WantType%3Dperiodical%26title%3DACM%2520SIGMOD%2520Record%26CFID%3D11111111%26CFTOKEN%3D2222222,1
journals/sigmod/Aberer02c,s7NvAEcCRUAJ,0
conf/vldb/ChakravarthyKAK94,-sD-cr6XX4sJ,0
conf/sigmod/PapadopoulosM98,dLzAJ-I1nCcJ,1
journals/sigmod/RiekertMW97,HryDM6f31goJ,0
conf/vldb/AbiteboulMRVW98,2VCFFjcUjFcJ,0
conf/vldb/Sarawagi99,tf9zHfLJrbcJ,0
conf/vldb/Sheth96,bC6I92Qaz0YJ,0
journals/vldb/MylopoulosCPST96,U04OC6OSBT0J,0
journals/sigmod/PitouraAPSV03,kGb9YNPAq1IJ,0
conf/sigmod/ReinwaldP98,wUf1uPcWmAIJ,0
conf/vldb/Kleewein96,isTAd_MJRHAJ,0
conf/vldb/TanSHCR01,hPcNG0tPwgIJ,1
journals/sigmod/Winslett94,5aHk4FytnQkJ,0
conf/sigmod/CorralMTV00,TsShfxPwF6YJ,1
conf/vldb/Wadler01,1HsSKuhxRVAJ,0
journals/sigmod/CareyS99,28PIGg7OWc0J,0
conf/vldb/JiangWL03,n3LWVc4ulEMJ,0
conf/sigmod/SimmenSM96,olrKXr0-CX4J,0
conf/vldb/RysNS96,mtrVIkGRtz8J,0
conf/vldb/MorishimaKKT01,ygoqyxnYTR8J,0
journals/vldb/SuHHHLWLPLL01,TB8sxeXqHRQJ,0
conf/vldb/HulgeriS03,apz2mcuGybUJ,0
conf/vldb/JagadishLRSS94,nFj3HaF-j_8J,0
conf/sigmod/SagonasSW94a,wGAAD7CTrnMJ,0
conf/sigmod/Jhingran00,lojjLsL029YJ,0
conf/sigmod/SinghTW94,0-FUXURm1FQJ,0
journals/sigmod/FifeG03,LU6gAVp0BwkJ,0
journals/tods/GhandeharizadehHJ96,vUQ01BTMX30J,0
conf/sigmod/VingralekBW94,gqdbjwaisEAJ,0
conf/sigmod/SeshadriP97,Df8s-N_5U3EJ,1
journals/vldb/PanagosB97,b_wurA_DuiwJ,0
conf/vldb/YangG01,lx8JMAGh_1QJ,0
journals/sigmod/LeeF01,RufEbUPZNbYJ,0
conf/sigmod/RundensteinerKZWLLN99,LGjLcYIoS6gJ,0
journals/vldb/WhangKW94,fKIVlVaRE7sJ,0
conf/vldb/WangZ00,5c8VicTjai4J,0
conf/vldb/Gawlick96,fV__21QYkj8J,0
journals/sigmod/BusslerFM02,RaOQG4YyzM4J,1
conf/vldb/KangC02,r7dptr-r5zsJ,0
conf/sigmod/WattezCBFF00,JSc5fEau4F4J,0
conf/vldb/TanEO01,bTjeXC-1wf4J,1
conf/sigmod/LuoKMPWLN02,4TPwT3f1JjUJ,0
journals/sigmod/BarbaraS97,Iw5bYR098o4J,1
journals/sigmod/Liu02b,VFV6o8xMlnIJ,0
journals/sigmod/Bertram94,6qf2PtmvN4kJ,0
conf/sigmod/CatarciS01,oUisL_YUScYJ,0
conf/vldb/RamakrishnanGRSWZ95,JAMaus2HrE0J,1
conf/sigmod/LiuPTBBZBHY98,Wgq_nIUnvdUJ,0
conf/vldb/CiacciaPZ97,LZAE3r3rxbsJ,1
journals/sigmod/BerraNT95,O8sVaLBXzYgJ,0
journals/sigmod/VassiliadisS99,6usYpcQMCgIJ,1
journals/vldb/FerrariAABC02,eKS4S4WLcqsJ,0
journals/sigmod/GlavitschSW94,10jKFdjU1zQJ,0
conf/sigmod/CeriFP98,5VYeT2YDRSoJ,0
conf/vldb/GehaniJR94,A4qDVDslhycJ,0
journals/tods/Chomicki03,url:http://www.ingentaconnect.com/content/els/09505849/1996/00000038/00000005/art01060,0
journals/tods/BunemanO96,Q28u7TpTgI0J,1
conf/vldb/CuiW01,NI-bCQGeWVsJ,0
conf/vldb/BrinkhoffK94,UH-bIGP9hsQJ,0
journals/sigmod/Geller02,n00BC-yi99YJ,0
conf/vldb/Tsur00,C7r1pEzzKdYJ,0
journals/vldb/AnGSVKI02,bzqYjPKM1VkJ,0
conf/sigmod/IoannidisLANT97,lvjHm5ra6YgJ,0
conf/sigmod/Fernandez94,y5olw_4VTMsJ,0
conf/vldb/GilbertKMS02,t3GxPAGPqDoJ,0
journals/sigmod/KimballS95,FR1f65yj58EJ,0
conf/sigmod/BozkayaO97,VMezJEFWXVEJ,0
journals/vldb/MecellaP01,EBWq0j3m3w0J,0
conf/sigmod/IoannidisP95,_BBnQUmbk4IJ,0
conf/vldb/CasatiS00,D9vbGr-RCm0J,0
conf/sigmod/BreunigKKS01,rzCu16P42BAJ,0
conf/vldb/SindoniTABFGMPPT01,PbdnLeCi7noJ,0
journals/sigmod/Ioannidis96,6rU_Z_Sx1EgJ,0
conf/vldb/Suciu96,77hnYp9ky9IJ,0
conf/sigmod/SrikantA96,WSVs3nCRe8EJ,1
journals/tods/Kuo96,oQlQwJvhSHwJ,0
conf/sigmod/GriffinH97,6FZYKoiPBDUJ,0
conf/vldb/RothS97,TNLmH37TfgcJ,1
conf/sigmod/HungYK96,514JwrVtLa0J,0
journals/sigmod/Ozsu01,unD-mxyiQ1QJ,0
conf/sigmod/SaltenisJLL00,LMm4_4_uNNoJ,1
conf/sigmod/Lomet00,NiP5L8NfLrcJ,0
journals/sigmod/KambhampatiK03,W6LyMCBcO3MJ,0
conf/sigmod/AdaliBSS98,5nlcD-T8P_oJ,0
conf/sigmod/AvnurHLORRRW98,XBNReuoSPK0J,0
conf/vldb/ArunJ98,AYtgczYwVnYJ,0
conf/sigmod/PapakonstantinouV99,Hc029KXUhX8J,0
conf/vldb/VorugantiOU99,pLVHyWvJMm8J,0
conf/sigmod/DarEGP98,url:http://doi.wiley.com/10.1002/(SICI)1521-3978(200005)48:5/7%253C473::AID-PROP473%253E3.0.CO%3B2-G,0
conf/vldb/BonifatiCDS01,vtk5MXDp0d4J,0
conf/vldb/CarinoOBS99,XE6fHx8ZIaEJ,0
conf/sigmod/AdelbergGW97,9DnvzBRYfQwJ,0
conf/vldb/ShashaB02,ZN4tr5x6_tYJ,0
conf/sigmod/YangWYH02,dA0_FAGWURUJ,0
conf/vldb/Mattos96,WqdCiTToYxUJ,0
conf/sigmod/ReinwaldP98,y_H9p9Lqj3IJ,1
conf/vldb/X00a,_mCT-UmfyBEJ,0
conf/vldb/GohOST99,v7nrD323OdAJ,0
conf/sigmod/KornM00,N11b8vV9qIkJ,1
conf/sigmod/Tajima96,4b12cZc8QK4J,0
conf/sigmod/HuangSW94,5Chw6HN64vEJ,1
conf/vldb/LakshmananSS99,TmXE_bpkL98J,0
journals/tods/CastanoAFP98,FNqBp7hox0kJ,0
conf/vldb/KossmannRR02,R4Eb9qZ14-4J,0
conf/vldb/JensenL01,Z8tYxX7b4HsJ,0
conf/sigmod/YuMWL01,qx3QKevNr0oJ,0
conf/vldb/ShaferAM96,HnkVCqL97VAJ,0
journals/tods/StoreyCDGS97,qcyVv4pS73oJ,0
conf/sigmod/Fernandez94,url:http://doi.ieeecomputersociety.org/10.1109/TKDE.2004.74,0
journals/tods/HjaltasonS99,wjKElSLd3lQJ,1
conf/vldb/BohmMSW01,Uv3mhmUGwdcJ,1
conf/vldb/Sarawagi95,OTL7vtw8guAJ,0
conf/sigmod/GebhardtJJ97,d6j8tc9zYtQJ,0
conf/sigmod/AboulnagaC99,7eXCacf56CIJ,0
journals/sigmod/DrewHKKLLLSW95,bhzKRyfupAUJ,0
journals/tods/GuoSW96,i1DfVBqhDo4J,0
journals/sigmod/MillerHHYHFP01,VPX_Sy9eBokJ,0
journals/sigmod/ChenHKPW94,M8vY5Zp_--gJ,0
conf/vldb/BlottK02,1J2ubL0l2UMJ,0
conf/vldb/ChatziantoniouR97,SWTG2VitEEsJ,0
journals/tods/LitwinN96,NtRmulgZ2cUJ,0
conf/sigmod/Stonebraker03,xxO-O3yxQIwJ,0
journals/sigmod/Critchlow01,T1XSO7pWkoIJ,0
conf/vldb/FlescaFM03,L1qJuy-f_RwJ,0
conf/vldb/CarusoCGLM00,Lu7OnQfpy_kJ,0
conf/sigmod/KotidisR99,qzjtGDo7OuMJ,1
conf/sigmod/WilschutFA95,BnuYEhtDTCsJ,0
journals/sigmod/BaaderJN97,23GbcclZy6gJ,0
conf/sigmod/AgichteinGV01,3YP5ytubviIJ,0
conf/sigmod/BeyerR99,6Cdfxiuibd0J,1
conf/vldb/WienerN95,fdh9bzqVt6QJ,0
conf/sigmod/PalmerF00,E_FLEAf9OXIJ,0
conf/vldb/HaberIL95,UM1ZozyrJnIJ,1
journals/vldb/Sarawagi01,hZ_SdjiNVqMJ,0
conf/sigmod/ZaianeHLCC98,Mqg5svJwsCoJ,1
journals/vldb/BalkirO98,Q10Y8lLexEkJ,0
conf/sigmod/BerchtoldK98,sEnwg7Hn6R4J,0
conf/sigmod/AgrawalCFGHIIMMSS94,gGt28Hlx1doJ,0
conf/sigmod/LlirbatFS97,ywgpdMP8qxEJ,0
conf/sigmod/BertinoCF01,JSzfxAgs4pgJ,1
conf/vldb/JiangSLB00,caIKBVFcuucJ,0
conf/vldb/MoserKK95,xtQtfbwNsyoJ,0
conf/vldb/GravanoG95,jXClQzlN5SgJ,1
journals/tods/CuiWW00,f9PgHe4nackJ,0
conf/vldb/Brin95,ytOUXklnAooJ,1
conf/sigmod/EmbleyJN99,x8uC_9_IzUEJ,1
conf/sigmod/ShenoyHSBBS00,BBmA79ay6S4J,0
conf/vldb/BernsteinHJRW00,Ipgoa3YxbL4J,0
conf/sigmod/ChaudhuriGS03,Iwy6_nx5ZxIJ,0
conf/vldb/OhuraTPK02,lC5GjK5OpD0J,0
conf/sigmod/GoldsteinL01,IGGw3SjQsTkJ,0
journals/tods/Chomicki95,19wDY6ZWdsgJ,0
journals/sigmod/Cingil02,z_P3qO8BoAMJ,0
conf/sigmod/KemperKM98,url:http://adsabs.harvard.edu/abs/1976PhDT.......119S,0
conf/vldb/MignetMAC01,l_PloXf_owoJ,0
conf/sigmod/KeoghCMP01,v-A9Q61fYy4J,0
journals/tods/PetersO97,xksOEMoPQA4J,0
conf/vldb/Sol01,9dk0c0xEr_YJ,0
conf/sigmod/VriesMNK02,dVn0Led5JLAJ,1
conf/sigmod/Carey94,B2ro8VuQau4J,0
conf/sigmod/RadekeBBEKKN95,OiV1iqdiSjgJ,0
conf/sigmod/BratsbergT00,af50lhGnD8gJ,1
conf/sigmod/ONeilQ97,J9bYvZ3eKygJ,1
conf/sigmod/MotakisZ97,e8OIK3dEo6EJ,1
journals/sigmod/MattosD94,cob2qAp7EqMJ,0
journals/sigmod/MusickC99,YCP5tWRHS_EJ,0
conf/sigmod/LiYVGPUV98,6jeHlSgjCskJ,1
conf/sigmod/FaloutsosL95,RLjlTtFM36IJ,1
conf/sigmod/Cotton02,-h0VEGPPNBsJ,0
conf/vldb/AbrolLMMMRTWZ01,yIGe3Lv-S-EJ,0
conf/sigmod/KalnisNOPT02,Qyeg-VuH-2kJ,1
journals/sigmod/Aberer02b,x7FTrZyObmYJ,0
conf/vldb/KumarRRT99,ewTTQWD-QbAJ,0
conf/vldb/AcharyaFZ96,url:http://portal.acm.org/ft_gateway.cfm%3Fid%3D1099718%26type%3Dpdf,0
conf/sigmod/GoldmanW00,Ol886Ck3jz4J,1
journals/vldb/BerendtS00,HsBQV86btg8J,0
conf/vldb/WeikumMHZ02,url:http://www.csa.com/partners/viewrecord.php%3Frequester%3Dgs%26collection%3DTRD%26recid%3D0080889CI,0
journals/vldb/BalkirO98,I8gEFwnlUp0J,0
journals/sigmod/OConnellW03,G3FDbQwXtI4J,0
conf/sigmod/FranklinZ98,ntqMqfgRXM4J,0
conf/vldb/RusinkiewiczKTWM95,019zSr3Lx4EJ,1
conf/sigmod/BersonGMJ94,98g2ZGHC2XYJ,0
conf/vldb/Baumann03,JrgorBsFBrwJ,0
journals/sigmod/EisenbergM98a,8OAILWaxdSEJ,0
conf/vldb/HelmerM97,QuhK2IjPRnQJ,0
conf/sigmod/NatsevRS99,Bz83dYnJ02EJ,0
conf/sigmod/GotoK03,rgVVcqXMTnYJ,0
conf/sigmod/GrayHOS96,oiBpCDJnm6EJ,0
conf/sigmod/BornhovdAKMPR03,UumKoUpnFSwJ,0
journals/sigmod/MedeirosP94,PAqQysHCrSkJ,0
conf/sigmod/KiesslingHFE01,tNzM8E3W2K4J,1
journals/sigmod/Liu01b,NTrPqzO4VggJ,0
conf/sigmod/SubramanianV98,url:http://links.jstor.org/sici%3Fsici%3D0146-4949(196124)2%253A1%253C39%253ACIF%2522WP%253E2.0.CO%253B2-S,0
conf/sigmod/KriegelBKPS03,VPCcFtTTrDgJ,0
conf/sigmod/CohenM03,dgS4IKt_1ecJ,0
conf/vldb/LabioYCGW00,ZFreCVIa2_MJ,0
journals/sigmod/Neven02,JDFve4HyaEYJ,0
conf/sigmod/CluetDSS98,woKvn2jTg08J,0
conf/vldb/Johnson99,75VgtkUWpQcJ,0
journals/vldb/ChandrasekaranF03,Hgqfq0eyARAJ,0
journals/sigmod/ShahMFH01,g-julFJ81bAJ,0
conf/sigmod/Miller98,Oj1ZGo4OsLUJ,0
journals/tods/GhandeharizadehHJ96,RzKtt0LqqS0J,0
conf/sigmod/TsurUACMNR98,TUzhq1PjPsgJ,0
conf/sigmod/FranklinZ98,wn8EkvD-EWUJ,0
conf/sigmod/LakshmananNHP99,fZSRCe60AUcJ,1
journals/sigmod/RoddickABDEGHLMMMW00,url:http://doi.wiley.com/10.1002/he.11109,0
conf/vldb/HasanM95,NUac6NQJIjkJ,0
conf/sigmod/DeutschFS99,vVMqxTisRwAJ,0
journals/sigmod/Widom95a,url:http://portal.acm.org/citation.cfm%3Fid%3D197434,0
journals/vldb/ManegoldBK00,8yhbBSPKZEoJ,1
journals/sigmod/VenkatraoP95,url:http://portal.acm.org/ft_gateway.cfm%3Fid%3D1066264%26type%3Dpdf,0
conf/vldb/BohannonLRSSS97,GzK2N5eQ0pQJ,1
conf/vldb/DuttaDMRT00,6RC0prExXI0J,0
journals/sigmod/BusslerFM02,7r22IbboXfwJ,0
conf/sigmod/RundensteinerKZWLLN99,url:http://doi.wiley.com/10.1002/tl.127,0
journals/sigmod/ONeilG95,Nn9a9gdUCpIJ,0
journals/sigmod/Eisenberg96,Z9KJdFJK1xkJ,0
conf/sigmod/AntonJLPZZ02,wJsdBel2n3EJ,0
conf/sigmod/Chong98,W-6r_OOEHLUJ,1
conf/vldb/Moerkotte98,url:http://ieeexplore.ieee.org/iel5/2193/3608/00129232.pdf%3Farnumber%3D129232,0
conf/sigmod/HanPY00,mwSZ7Yejt8sJ,1
conf/vldb/HaasKWY97,D2Lh-gNLPzwJ,0
journals/sigmod/EisenbergM00,jOnVry3twhgJ,0
journals/vldb/AmielBDS96,XSqPrLdIKEUJ,0
conf/vldb/MeoPC96,zpzpwdzvnbcJ,0
journals/vldb/RamamrithamC96,IW_8VnAge8QJ,0
conf/sigmod/Ozsu99,url:http://portal.acm.org/citation.cfm%3Fid%3D110307.110303,0
journals/tods/Ng01,url:http://portal.acm.org/ft_gateway.cfm%3Fid%3D304246%26type%3Dpdf%26dl%3DGUIDE%26dl%3DACM%26CFID%3D11111111%26CFTOKEN%3D2222222,0
conf/sigmod/SinghTW94,AkSS_W-hbvcJ,0
journals/sigmod/KoubarakisTID03,6b15hteKSM4J,1
journals/sigmod/Qian95a,784IzL73_lUJ,0
conf/sigmod/CruzALRZ97,qz24tfFNHuoJ,0
conf/vldb/KerstenWFKBC03,LKgWVxXktwIJ,0
conf/sigmod/Gerber95,ss99c0gVjYgJ,0
journals/sigmod/Jagadish01,vcsbfTDPTt0J,0
journals/sigmod/VelACM01,JrkRUbNsLwEJ,0
conf/vldb/LakshmananPZ03,BPkz_b2FuZAJ,0
conf/sigmod/AdelbergGK95,yziP7ilB-TYJ,0
journals/sigmod/Libkin99,8cK-ToSUhdMJ,0
journals/sigmod/ACT-NET96,K09RQM9CrQ4J,0
journals/vldb/SaltenisJ02,h0E8JYdjre0J,0
conf/sigmod/Chan98,1ameyfHhHR0J,0
conf/vldb/LinLYZ03,4bzbsP8Db68J,0
journals/sigmod/Segev94,KegtcgIa-N0J,0
conf/sigmod/AbiteboulCM95,VlGdEYA2bJ4J,0
conf/sigmod/ZhaoDN97,X1OJOeAzFE0J,0
journals/vldb/IvesHW02,_mQXTGALkxMJ,0
journals/tods/JajodiaSSS01,VjpTkVqPF9UJ,0
journals/vldb/OzsuPSILM95,43JpbYpglUkJ,0
conf/sigmod/KornM00,HlhXdvHzlvwJ,1
journals/vldb/WangW01,1_EhG50gKdoJ,0
journals/sigmod/ConradHHKRSS99,keaDM4YD_QMJ,0
conf/vldb/Rengarajan96,LQi3dlLITioJ,0
conf/vldb/MuntzR94,lrzh8STqGWYJ,0
conf/sigmod/WoelkBJOTU95,CKjwrJlnK1wJ,0
conf/vldb/Baumann03,pJ2UEKVG_hoJ,1
conf/vldb/HvasshovdBT00,Rlu8xm2-o_oJ,0
conf/sigmod/NazeriBO01,Gc4SDdWXE9QJ,0
conf/vldb/JosifovskiR99,InJyYTfzN50J,0
conf/sigmod/AdaliBSS98,7QT7KOEElToJ,0
conf/vldb/ShivakumarGC98,5icRoG_Vmc0J,0
journals/vldb/ChidlovskiiB00,8nRpGe6u3XgJ,0
journals/sigmod/FowlerPNB99,Xcs2aQvR5x8J,0
conf/sigmod/WitkowskiBBDFGSS03,L3N0e0Db1G8J,0
conf/sigmod/MaddenFHH03,fvFTAqkka_YJ,0
journals/sigmod/GlavitschSW94,0E0pmj8N3z0J,0
conf/vldb/FlorescuLS98,l-ucBkIljxoJ,0
conf/vldb/BamfordAP99,n7H258Lz0YcJ,0
journals/sigmod/SayginVC01,zIJy3AH13MsJ,0
journals/sigmod/Jhingran00,jabUzPW3Ku8J,0
conf/vldb/CandanALPH02,PrDCERVl9dUJ,0
conf/sigmod/GebhardtJJ97,1A4eS7Qd5vEJ,0
conf/sigmod/ClaypoolRZSK01,Ap3Xqbq4VJwJ,0
conf/sigmod/BarclaySG00,0meg5rJY0doJ,0
conf/sigmod/BrownCL96,NHOKSHvUzm0J,0
conf/vldb/BohannonLRSSS97,DwHMoYo9UL4J,0
conf/sigmod/ChenGK01,BWW-89VC9UQJ,0
journals/sigmod/Fagin02,GSFwQ96Dp-sJ,0
conf/vldb/GarofalakisG01,6rcTxplRGoEJ,0
journals/sigmod/Richey95,2p2A5_qGf5cJ,1
journals/vldb/Halevy01,7YobdpJQHV0J,0
conf/sigmod/Chaudhuri97,S6TMGRGUq1IJ,0
conf/vldb/LuL00,7HbFNNdlE8IJ,0
conf/sigmod/BilirisFOP96,url:http://portal.acm.org/ft_gateway.cfm%3Fid%3D1027771%26type%3Dpdf,0
conf/vldb/Mihalisin98,v7aFoDlj-k8J,0
conf/vldb/SeshadriLR97,sq_Hg7JG7zEJ,0
conf/vldb/CareyD96,riS5qD1-odUJ,1
conf/sigmod/GuoSBS03,C-jfBWVBSPkJ,0
journals/sigmod/SnodgrassHMOPRRWY98,cRvuoTzIXRYJ,0
journals/vldb/BerchtoldKK97,Q7ulz8vHNEYJ,0
journals/sigmod/Mendelzon98,gc7gT8XN0uMJ,0
journals/vldb/TempletonHMB95,RKNGp2gmOTUJ,1
journals/sigmod/Liu01a,gPZ5l8FiZQYJ,0
conf/sigmod/Miller98,0B1XRTZ8cHkJ,1
conf/sigmod/RamaswamyRS00,hzrWBhn31-YJ,0
journals/sigmod/Anisimov03,url:http://ieeexplore.ieee.org/iel1/2206/2088/00057645.pdf%3Farnumber%3D57645,0
conf/sigmod/BersonGMJ94,gQAPUymwcAIJ,1
conf/vldb/Jamil97,uJj9OgotYeEJ,0
conf/vldb/Kornacker99,_CDdVfjBwf0J,0
conf/vldb/ShaferAM96,0yqHcm6yB9IJ,0
conf/vldb/LimWV03,IrLHq1w58EkJ,0
conf/vldb/ManolopoulosT01,OglX7hAa6IYJ,0
conf/vldb/ChenDZ03,tv-l_Wsw2GAJ,0
conf/vldb/LuSL95,ksUBYNdlauwJ,0
conf/sigmod/ParkCY95,url:http://www.ingentaconnect.com/search/expand%3Fpub%3Dinfobike://els/09505849/1997/00000039/00000008/art00012%26unc%3D,0
journals/sigmod/RamamrithamSSTX96,kezAM71rts0J,1
conf/vldb/RezendeH98,MYmhK6gaVUIJ,0
conf/sigmod/KementsietsidisAM03,IpMAY65XKMEJ,0
conf/sigmod/BerchtoldK97,-8IwyDJe7fgJ,0
journals/sigmod/AnyanwuS02,url:http://portal.acm.org/ft_gateway.cfm%3Fid%3D1027593%26type%3Dpdf,0
conf/sigmod/GuptaLM03,e0MV0w1pu0gJ,0
journals/sigmod/Snodgrass03b,-_mw7wo4GkwJ,0
conf/vldb/PappasC00,BsQtFZrn3fsJ,1
conf/sigmod/ImielinskiV95,dmFdqexjJskJ,0
conf/vldb/HristidisP02,2tx9hCMrSPgJ,0
journals/tods/DeyS96,6Ghro3H_AE4J,0
journals/sigmod/Franklin97,url:http://www.csa.com/partners/viewrecord.php%3Frequester%3Dgs%26collection%3DENV%26recid%3D2650930,0
conf/sigmod/BersonGM95,yKnPPSNrDb0J,0
conf/vldb/HaasKWY97,ORq2YUknseIJ,0
conf/sigmod/Miller98,r0ZzrEjVO4UJ,1
conf/vldb/GravanoG97,yrL5VUYYsjYJ,0
conf/vldb/FuC94,vQyvZFRg5csJ,0
conf/vldb/LevyRO96,ATcel4JE-4sJ,0
journals/sigmod/Lomet98,xLM0YVcccUgJ,1
conf/vldb/BrightR02,XFjQwvWE4xoJ,0
conf/vldb/NetzCBF00,nxeEijLFaVAJ,0
conf/vldb/HellersteinNP95,yNcWrFX-aBgJ,0
journals/sigmod/Wedekind94,gqehj3-ukjIJ,1
conf/sigmod/Chaudhuri97,qorIz2IeAhEJ,0
journals/vldb/CandanLS00,pRwYK3dNDbMJ,0
journals/tods/CliffordDIJS97,2_wSKkY-OyEJ,0
conf/sigmod/Sarawagi00,FfVqF_PSZjYJ,0
conf/vldb/Ogawa96,igZxshxp7dkJ,0
journals/vldb/TanGO00,WYMaoccsbKMJ,0
conf/sigmod/Whelan98,un9VwqHrzR4J,0
conf/sigmod/FaloutsosSTT00,G72VrgccRjIJ,0
journals/vldb/GutingS95,_5dssZQZzQUJ,0
journals/sigmod/LenzVJS03,aBrybHQpeVYJ,0
conf/sigmod/BrinkhoffKSS94a,xWzdS8e3ugkJ,0
conf/sigmod/AdamY98,url:http://portal.acm.org/ft_gateway.cfm%3Fid%3D276350%26type%3Dpdf%26dl%3DGUIDE%26dl%3DACM%26CFID%3D11111111%26CFTOKEN%3D2222222,1
conf/vldb/AshwinGG02,OwJ96waYA7IJ,0
conf/sigmod/LabioWGG00,ngbxnQMSWfkJ,0
conf/sigmod/FaloutsosSTT00,v1fqpZ_C0qgJ,0
conf/sigmod/Chamberlin03,2pTKGY_Vmo8J,0
conf/sigmod/AcharyaGP00,tUYVblF-05QJ,0
conf/vldb/KraissW97,otOkT3t9kUQJ,0
conf/sigmod/MiloAABN03,Ks2FKbKPDZoJ,0
conf/vldb/HasanM94,XxcZoP-APVAJ,0
conf/vldb/BaumgartnerFG01a,url:http://www.blackwell-synergy.com/links/doi/10.1111/j.0033-0124.1969.00007.x/abs/,0
conf/sigmod/Stonebraker98,gUAjtLlfvZkJ,0
journals/vldb/RahmB01,G538OlgQmAIJ,0
conf/vldb/HelmerWM98,7Ycm8V-i9g0J,1
conf/sigmod/MoonWH02,v-A9Q61fYy4J,0
conf/sigmod/Mylopoulos98,u2RZqRhMXeoJ,0
conf/sigmod/WitkowskiBBDFGSS03,url:http://www.csa.com/partners/viewrecord.php%3Frequester%3Dgs%26collection%3DTRD%26recid%3D200111010668MT%26recid%3DA0032571AH,0
journals/vldb/NybergBCGL95,ug5syFno0PYJ,0
journals/vldb/Guting94,-7PP3rSp1UcJ,1
journals/sigmod/Libkin99,V_FnUWKirh8J,1
conf/sigmod/GillmannWSWW00,BGpocTLROL8J,0
journals/sigmod/PapazoglouH99,bjHo2ftV4FsJ,0
conf/sigmod/Sahuguet01,MNQLc3rxq2kJ,0
journals/vldb/MedjahedBBNE03,60MQnx6losgJ,0
conf/vldb/ShaferAM96,jsZa-UC-Jr4J,0
conf/sigmod/AgrawalES03,05uPsqzb-GQJ,0
conf/sigmod/CranorJSS03,99kIhuNk5GwJ,0
conf/vldb/KoudasIM00,z8_eHn-2LLMJ,0
conf/sigmod/McAuliffeCS96,C0vLucG1HBMJ,1
conf/sigmod/NguyenACP01,eGO53NhhIKIJ,0
journals/sigmod/ChongFTSYKDJJ03,5LE8kAZCShUJ,0
conf/vldb/SrivastavaDJL96,C6Si_0_AzJsJ,0
conf/vldb/CliftonFHKLS03,Whg9EgnY49gJ,0
journals/tods/IoannidisR95,wFhZCEh5cL8J,0
conf/vldb/CareyK98,SCKdkEEt1qIJ,0
journals/sigmod/KappelR98,tbZ0J3HLI18J,1
conf/sigmod/RodriguezR00,fL_WoorIDAoJ,1
conf/sigmod/AdelbergGK95,NbLabaGWoh4J,1
conf/sigmod/TatarinovIHW01,zEHD3Nn_9nsJ,1
conf/sigmod/FernandezFKLS98,i5coyXNfHCkJ,1
conf/vldb/BasuFP00,gTaeFyE8ZHMJ,0
journals/vldb/TsatalosSI96,4mqwXc0Vu6UJ,0
journals/sigmod/McHughW97,gtNSqHrvPY0J,0
conf/sigmod/GravanoGT94,R9Z7N2uuUF4J,0
conf/sigmod/LahiriJJC98,qtwJ7XWG9JIJ,1
journals/sigmod/CrestaniG02,A1TWDUvUlTkJ,0
conf/sigmod/LarsonG98,h7rISokimtwJ,0
journals/vldb/PanagosB97,url:http://doi.wiley.com/10.1002/tl.83,0
conf/vldb/BargaP95,qVXXOI7EtN8J,0
conf/sigmod/WolfsonSXZC99,vwdWTx0dk7QJ,1
journals/sigmod/Liu03b,XoRYm7gOisUJ,0
conf/vldb/AgrawalPWZ95,9aWZcG_pyXUJ,0
conf/sigmod/BrunoKS02,vGMYix11LTkJ,0
conf/sigmod/KrollW94,xqV0DhmrYlYJ,0
conf/vldb/PfoserJT00,0IeLWfNYZEYJ,1
conf/sigmod/GoldmanW00,RZSxYPTAJqMJ,0
conf/sigmod/CatarciS94,ATT2kM98WuIJ,0
journals/sigmod/ChangASS98,2wTRrYS1CuYJ,0
conf/vldb/HinneburgLH03,L1DRCoKgWzIJ,0
conf/sigmod/ZhangDWEMPMDR03,ZQdRRjCxEX0J,0
journals/sigmod/Snodgrass03c,Ewv9Jp5BghQJ,0
conf/vldb/LaneEN00,j7m6-by2-B0J,0
journals/vldb/ChanFGR02,ORkxHLb7dvcJ,1
journals/sigmod/Aberer03a,Kdc1E1GyL6AJ,0
conf/vldb/BouganimNPW03,6fsh2-boUJcJ,0
conf/vldb/ChenL03,-sn9Dvd0YxgJ,0
journals/sigmod/BunemanRU97,lgCzXE4LjkIJ,1
journals/sigmod/DongS00,iEj0YmpcPIQJ,0
journals/sigmod/CfP99,h0dtchtxVlMJ,0
journals/sigmod/AtkinsonDJPS96,XabEiBSE1WMJ,0
conf/vldb/GallersdorferN95,4Z_nX-gu6kAJ,0
conf/sigmod/OlstonW02,GelFwMLbHMgJ,0
journals/tods/CeriFPT95,l1tbsG6UXaMJ,0
journals/tods/DeySB99,Kh2PTU9mAlgJ,0
conf/sigmod/SeidlK98,url:http://adsabs.harvard.edu/abs/1976InfPh..16..269A,0
conf/vldb/ShahRS02,Tx-YrdLDYMQJ,0
journals/sigmod/BergamaschiCV99,iiyN4FT7v90J,1
journals/sigmod/BaaderJN97,url:http://portal.acm.org/ft_gateway.cfm%3Fid%3D274461%26type%3Dpdf%26dl%3DGUIDE%26dl%3DACM%26CFID%3D11111111%26CFTOKEN%3D2222222,1
conf/vldb/VassalosP97,5K0dgXSTXdkJ,0
conf/sigmod/ParkKKLPC98,iUJiJnEg508J,0
journals/tods/CasatiCPP99,P0QbmunsVy8J,0
conf/sigmod/HuangSW94,xF8s5N7oUIMJ,1
journals/sigmod/LinP96,mzEHvKsUv5QJ,1
conf/vldb/RizviH02,YkCEbUcSVkwJ,0
conf/vldb/ManolescuFK01,z9WpAk_iGIAJ,0
conf/sigmod/BaulierBGGHJKKMMNNRSSSWW99,zmPG3TWooUoJ,0
journals/sigmod/Ozsu03,2eq2oc2BdNsJ,0
journals/sigmod/VelACM01,url:http://www.csa.com/partners/viewrecord.php%3Frequester%3Dgs%26collection%3DTRD%26recid%3DN9210365AH,0
conf/vldb/LlirbatST97,v1fsWCSPn2MJ,1
conf/sigmod/LometT99,JvZ9JWtn72QJ,1
conf/vldb/SindoniTABFGMPPT01,glv6fGwtflIJ,0
conf/sigmod/AdelbergGW97,PSA_GpbaSB8J,0
journals/tods/MuralidharS99,64bLjqPHxvwJ,0
conf/sigmod/AndersonAF98,_EbKUPc1jYAJ,1
conf/sigmod/ZhuS03,eF68qF_iUV8J,0
journals/vldb/AslanM99,d0myAleSXmUJ,0
conf/sigmod/ImielinskiVB94,O5yWKBHYEegJ,0
conf/vldb/SattlerGS03,7y1DNkciIFQJ,1
conf/vldb/SantiniG02,0_vKGcpAB6gJ,0
journals/vldb/AguileraCMVV02,Xd6HRpaZo8UJ,0
conf/sigmod/2002,SFlmEVWcrRsJ,0
conf/vldb/FerrandinaMZFM95,MyEdRKTfJiUJ,0
journals/sigmod/Jarke95,tOZTobkTOY4J,0
journals/sigmod/Keim96,KFLPr1xB5hQJ,0
journals/sigmod/AshishK97,C7JakaWvz-cJ,0
conf/vldb/LakshmiZ98,6n4wx5UGmj0J,0
journals/sigmod/Critchlow01,S_jDYkfxTW0J,0
conf/sigmod/KatayamaS97,G-XP436aGVAJ,1
journals/sigmod/DemersGRTY03,FsMQN4jkedAJ,0
conf/sigmod/SzalayGKT00,T4os1oo8vT4J,1
journals/sigmod/ConradHHKRSS99,eJkWdArM_hMJ,0
journals/sigmod/EisenbergM99a,ne4v3zrmFSQJ,1
journals/sigmod/Gaffney96,uaT2hY6421UJ,1
conf/vldb/MuthOPW98,goP4V7VoONQJ,0
journals/vldb/PapazogluK97,3k9vWWMJiWYJ,1
conf/vldb/ChenRS95,oIFrkS2rPrcJ,0
journals/vldb/PeckhamMD95,url:http://www.csa.com/partners/viewrecord.php%3Frequester%3Dgs%26collection%3DTRD%26recid%3DN9210469AH,0
conf/vldb/CatozziR01,lNlVEPKLacAJ,0
conf/sigmod/Bonnet02,UT9GfERc4NsJ,0
conf/sigmod/CookWZ94,VaDXNMtPZ4oJ,0
conf/vldb/GuptaHQ95,QpGZQh0bcdsJ,0
journals/sigmod/LenzeriniNNS01,QlFXy5H4CoUJ,0
conf/vldb/GalhardasFSSS01,nHnZFDLTGYoJ,0
conf/sigmod/Hellerstein00,rbluxTXqUQwJ,1
conf/sigmod/RaoBG96,OMs-eIwqgREJ,0
conf/vldb/SimonD95,Xn4xqmTC7wIJ,0
conf/sigmod/ClossmanSHKPB98,__YO1CE_aKcJ,1
conf/sigmod/LiuFP03,DiTS2isOA9UJ,0
conf/sigmod/OlstonJW03,D1h_jOHVyA4J,1
journals/vldb/C94,DHnbaUmZMXsJ,0
journals/sigmod/ClementLGMK97,6t8l-hFv0fYJ,0
conf/vldb/CandanALPH02,5I2CrhUHaBsJ,0
conf/sigmod/PatelYKTNBHRLEKGDN97,kULyCNLRaZwJ,0
journals/vldb/JagadishKNS00,W8O7pgTYGTYJ,1
conf/sigmod/Ahn94,VB162xxUgpkJ,0
conf/vldb/AbiteboulACEMM99,ikof0mofJREJ,0
conf/sigmod/CorralMTV00,zszS7s24BSYJ,0
journals/tods/WijesekeraJPH03,ub8tcTMS6B8J,0
journals/sigmod/EisenbergM98a,Lu7OnQfpy_kJ,0
conf/vldb/Shmueli01,QEtIaoplS1IJ,0
journals/sigmod/KokkotosIPS95,Z831RzpS9lwJ,0
conf/sigmod/ZhouLP99,9m36AOw_8ogJ,0
conf/sigmod/KeimK95,H5-QKmea4BMJ,0
conf/vldb/GoldmanW97,WJxzZKfjwnIJ,0
conf/sigmod/FegarasM95,ZquXPssSY_EJ,1
conf/vldb/X00a,ezVsOmMuaZ8J,0
conf/sigmod/AmbiteABKMMMPT98,p4Q8x9UmngkJ,0
journals/sigmod/Lomet01,DAkUJ8vDsHsJ,0
journals/sigmod/LenzeriniNNS01,ILQRsIXNfO0J,0
journals/vldb/MuckP97,url:http://portal.acm.org/citation.cfm%3Fid%3D39251.39254,0
conf/vldb/KahveciS01,i6KmypFd39AJ,1
journals/sigmod/McClatcheyV97,DxRAQMV6Rn8J,0
journals/sigmod/LacroixB03,hty6lUIHv7kJ,0
journals/tods/IoannidisR95,7MxdRwtiXKMJ,0
conf/sigmod/AdyaGLM95,FlE1JdgElGQJ,1
journals/tods/BunemanO96,i875q3U4Ld4J,0
conf/sigmod/SagonasSW94a,5takrXrsFPQJ,0
journals/sigmod/X95a,8tIlRoZxt9sJ,0
conf/sigmod/GuhaRS98,eQlApCaSdEEJ,1
conf/sigmod/PalmerF00,HoQ-CLkdJr4J,0
conf/vldb/CasatiS00,3AMndgB5t74J,0
conf/vldb/DavisonG94,mIELPGIRhAwJ,0
conf/sigmod/Miller98,url:http://links.jstor.org/sici%3Fsici%3D0146-4949(196723)8%253A4%253C517%253AMAA%2522ML%253E2.0.CO%253B2-T,0
conf/vldb/Dasgupta96,hSqlyqC11TgJ,0
journals/sigmod/X94,QzW5By67KwcJ,0
journals/vldb/C95b,FlE1JdgElGQJ,0
journals/sigmod/GunopulosK01,kXMjKQympf8J,0
conf/vldb/YuPM03,aKp4VkE9McIJ,0
conf/vldb/KerstenWFKBC03,url:http://doi.wiley.com/10.1002/he.51,0
conf/sigmod/LiefkeS00,PtfL5T0eYcwJ,0
journals/vldb/HelmerM03,HItpqMOcE8gJ,0
conf/vldb/FlorescuKLP97,fflLFFy91VYJ,0
conf/sigmod/GionisGK01,P6h31MpW0TYJ,0
conf/sigmod/DobraGGR02,pTTTsrWGBvQJ,0
conf/vldb/TsurAADKW01,zWgsO3kf0fMJ,0
journals/sigmod/BarbaraS97,iOxtnjbC4SEJ,1
journals/sigmod/LeeC00,VSiaZ2cTfLcJ,1
conf/sigmod/SeshadriHPLRSSS96,CkNAY9iebmMJ,0
conf/vldb/Malaika96,JeNC1Dydf1UJ,0
conf/sigmod/ChawatheG97,3s20zaTMLZQJ,0
conf/vldb/SumiyaYTSI95,EqivIEO2ne8J,0
journals/sigmod/PapianiWDN99,aU7XlTpoxRgJ,1
conf/sigmod/Ross00,9sm_ptv5pmYJ,1
conf/sigmod/AdiBEY01,dbmEfvhiekgJ,0
conf/vldb/HristidisP02,FalwyrySN7YJ,0
journals/sigmod/Suciu01,gyC0D8oJbQMJ,0
journals/sigmod/Winslett94,jgrW--UTkacJ,0
journals/sigmod/ShanmugasundaramSKKVNT01,wTJy5XquCpsJ,1
journals/sigmod/Liu02b,ZMMhKani9O0J,0
conf/vldb/TanEO01,_qopgNiYmXQJ,0
conf/sigmod/QuassW97,Io-arejZMJgJ,0
journals/vldb/AtluriJY03,C7JakaWvz-cJ,0
conf/sigmod/CareyMN97,oLwDqR4l9eoJ,0
conf/vldb/DattaDTVRF01,8_5A88ESaQ0J,1
conf/sigmod/Team02,0TNYLui0n0UJ,0
conf/vldb/VieiraM03,W1M_eVKOjA4J,0
conf/vldb/ChaudhuriW00,G57erUxC2TIJ,0
conf/vldb/KriegelPS00,url:http://doi.wiley.com/10.1002/ev.1255,0
conf/sigmod/Team02,l7glyH7ltuQJ,0
conf/vldb/Toivonen96,R3wCZGqY0nYJ,1
conf/sigmod/Kramer97,noTo81QxmHQJ,1
journals/tods/Jagadish95,gDFpwto83b4J,1
conf/vldb/ChangG00,Xr4HBUG230QJ,0
conf/vldb/CareyKRLABFLOPQRSSUVWY01,rohO-BzlSbUJ,0
conf/vldb/KonopnickiS95,7IhOFHRYplAJ,0
conf/vldb/AlonsoHST97,rsxdUf1DVNQJ,0
journals/sigmod/AnyanwuS02,KSmqzF7yaZsJ,0
conf/sigmod/Moore95,2doqS2EO8loJ,0
conf/vldb/BamfordAP99,jabUzPW3Ku8J,0
journals/sigmod/Sidell96,O2Q-JyKFkNEJ,0
conf/sigmod/SchleimerWA03,G4H0wLuSxaIJ,0
conf/sigmod/FukudaMMT96a,Y8UdbAPhYpUJ,1
journals/tods/GutingBEJLSV00,_GhUt2dtkVgJ,0
conf/vldb/PacittMS99,XA8b8Q1eU_QJ,0
journals/sigmod/Konig-RiesMMPPRSVW02,FIxl60DSBqgJ,1
conf/vldb/LitwinNS94,56AknoQlFB0J,0
journals/sigmod/ChengP03,6fAPR3UvX28J,1
conf/vldb/GotoK02,CfPC4Qua96AJ,0
conf/vldb/DayalHL01,UsWCvCRVfoEJ,0
journals/tods/DeyS96,vnU9tIOzgE8J,0
conf/vldb/PatonG01,xHEdLDvwDgMJ,0
conf/sigmod/WangCMSSZ94,4QUIJRy2NdMJ,1
conf/vldb/OoiYTJ01,Wk4ENCffb9cJ,0
conf/sigmod/PapadopoulosM98,J2acjMk6RyMJ,0
conf/vldb/BohannonGKNS02,msPzBsx8rlwJ,0
conf/sigmod/RaoBG96,ZCP0SMkV5zMJ,0
conf/vldb/PoosalaI97,AMPPzNs-78oJ,0
conf/sigmod/LoR94,I4cvQjR4YuMJ,0
journals/sigmod/Mendelzon98,zJpRa5Z-0gMJ,0
conf/vldb/TianD03,rY96QxFUK3MJ,0
journals/tods/GoldmanL94,EwVFC8br_5cJ,0
conf/vldb/HageJPST03,658mG_h_RPkJ,0
journals/sigmod/Suciu01,9a4EQCYpxW0J,0
conf/vldb/CotterB00,SJ6PiY04ebMJ,1
journals/sigmod/BawaCCDGGKMSSVY03,-x9abibluiYJ,0
conf/sigmod/Doherty98,PtfL5T0eYcwJ,0
conf/sigmod/McAuliffeCS96,url:http://portal.acm.org/citation.cfm%3Fid%3D171926.171974,0
journals/tods/Revesz98,q16jyJjAQF4J,0
conf/sigmod/Team95b,Gv55cHYy8IMJ,0
conf/sigmod/DuSD95,Ekn7_fKPxL4J,0
conf/sigmod/DeHaanTCO03,gyYBYgpB63sJ,1
conf/sigmod/Aggarwal03,XCUmlr-9MWsJ,0
journals/sigmod/DoanPK95,RSNC3ApuY3AJ,0
conf/vldb/MeoPC96,TTDfWncRLswJ,0
conf/sigmod/IlyasRLGL03,qCnvlNwYp6cJ,1
journals/sigmod/DongS00,SeeJWMU23GoJ,0
conf/sigmod/LakhamrajuRSS00,gdc5GKHgLOkJ,1
journals/sigmod/WuY00,okFXHgvpv2YJ,0
journals/tods/CasatiCPP99,GJhkk8P6EBEJ,0
journals/sigmod/JenningsNF98,YT3AwXneG1MJ,0
journals/tods/BrunoCG02,url:http://portal.acm.org/ft_gateway.cfm%3Fid%3D262763%26type%3Dpdf%26dl%3Dportal%26dl%3DACM%26CFID%3D11111111%26CFTOKEN%3D2222222,0
conf/vldb/LiM01,uFg3AWTRxYYJ,0
conf/vldb/Bowker00,fAHjV8C1hLcJ,1
conf/sigmod/MatiasVW98,6WjESNMzLvgJ,1
conf/vldb/OuzzaniAB94,fJ8sCacSxwgJ,0
conf/vldb/BouganimCDDGS99,qpPh0A6RKkYJ,0
journals/sigmod/Nascimento03,uv4AOyjJFW0J,0
conf/sigmod/AbiteboulCM95,cu9DXtjeF24J,1
conf/vldb/PacittMS99,url:http://www.csa.com/partners/viewrecord.php%3Frequester%3Dgs%26collection%3DTRD%26recid%3D0154639CI,0
conf/sigmod/AgrawalCD02,jSDHI0RmJ40J,0
conf/sigmod/HacigumusILM02,NMgExE-JRD0J,1
journals/sigmod/Winslett03c,GYbbfanHhm8J,0
journals/sigmod/HanBP01,-OEJgpIAScMJ,1
journals/vldb/AgrawalHK03,3oxPLQQhs3wJ,0
conf/sigmod/Mohan96,ZEh9UFMj3-EJ,1
journals/sigmod/Snodgrass00,m6j52Ns8VR0J,0
conf/vldb/CabreraRH95,SgwwPLUg7ZIJ,0
conf/vldb/ChakrabartiSD98,wnke8ff8hYUJ,1
conf/sigmod/BohlenBD99,X2odIfnOC88J,1
journals/sigmod/Manola98,VnMV1TUo2BAJ,0
conf/sigmod/TomasicABKNR97,HopegqxaBtoJ,1
conf/sigmod/WangWYY02,KQJW4bzA8coJ,1
journals/vldb/BunemanFS00,vk6Ok1wzMtEJ,0
conf/vldb/Chawathe99,wF_GdZPkCnQJ,0
conf/sigmod/FaloutsosSTT00,bq_WJCWTVeUJ,0
conf/vldb/BlokWZPAKJ01,pHOf_C4sZ2sJ,0
conf/sigmod/IpeirotisGS01,bo7ArXlXypQJ,1
conf/sigmod/LehnerSPC00,xCY6pWearScJ,0
conf/vldb/JoshiBLL98,Mx3IUzrQOyEJ,0
journals/sigmod/Liu02a,U09WdB3GIK4J,0
conf/vldb/Koch03,G9jCD5NVTJwJ,0
conf/vldb/OzdenBRS94,rwKKFVHUraoJ,0
conf/sigmod/ColbyKLMR97,0Yez3NukZZAJ,0
conf/vldb/MillerHH00,5kqaePwGc-UJ,0
journals/sigmod/Aggarwal01,WVVbBejO2LEJ,0
conf/vldb/BerckenS96,xaMoGOQ1F-EJ,0
journals/sigmod/GriffinK98,Vg-xjJtfd_0J,0
conf/sigmod/AdelbergGW97,6cpbWaZNmk4J,0
conf/vldb/SheikholeslamiCZ98,Snx8LBMXFJUJ,1
journals/sigmod/MaelbranckeO95,CvGGYMrKR2sJ,0
journals/sigmod/Hammer00,gMKqXuEjB_0J,0
conf/sigmod/BryanMCLG94,ESQrUVR-dPgJ,0
journals/sigmod/JensenCEGHJ94,_STeQTMR4yoJ,0
conf/sigmod/AdelbergGW97,4pdU2szbcWEJ,0
conf/sigmod/Adelberg98,oxWZLBXTmtYJ,0
conf/vldb/Draluk01,wKQoptcdeRgJ,0
journals/tods/ChomickiTB01,vqaQJesrQEQJ,0
conf/sigmod/MankuRL99,9KJp_94daWMJ,0
journals/sigmod/Alonso94a,NB0odNtGu7QJ,0
journals/sigmod/Qian94a,hf5fBng_tfgJ,0
conf/sigmod/AnnamalaiCD00,url:http://www.springerlink.com/index/Q672V0240R4033Q1.pdf,0
journals/sigmod/ReichB98,E-Tyhb_tcEoJ,0
conf/vldb/RamamrithamABEGP00,url:http://www.springerlink.com/index/L677N83321264G44.pdf,0
conf/sigmod/DasuJMS02,cvchvz9-m_oJ,0
journals/sigmod/RoantreeS02,5tOLQP2diRAJ,0
conf/sigmod/SeshadriP97,VgcgoZdWS50J,0
conf/sigmod/MoleskyR95,3rUuTGbh3PkJ,0
conf/sigmod/ChanI98,63t-u0Menw4J,1
journals/sigmod/WeikumSR03,GXkiKk1IV2sJ,0
conf/sigmod/WattezCBFF00,jgrW--UTkacJ,0
journals/sigmod/Fankhauser01,_sltXCfRKhYJ,1
conf/vldb/AmmannJR95,ECv6E2aJLP4J,0
journals/tods/CeriFPT95,RjNjSB-PwJ0J,0
journals/sigmod/KappelR98,XmQ-hlR_wwkJ,1
journals/sigmod/Elderini02,JMkb2vl7jT4J,0
journals/sigmod/LaenderRST02,ROr3aCo__cEJ,0
conf/sigmod/LometT99,GAnyf76VVRQJ,0
conf/vldb/Sripada02,f-vGKQBzSNIJ,0
conf/sigmod/BarbaraI94,EDaJ6E3n3PwJ,0
conf/sigmod/Melling94,url:http://portal.acm.org/citation.cfm%3Fid%3D1058150.1058152,0
conf/sigmod/KimC03,rjsWAhpqinEJ,0
conf/sigmod/DeHaanTCO03,3PH--zwkZO8J,1
conf/vldb/GilbertKMS01,9rDLhwM_4mYJ,1
conf/sigmod/SistlaW95,voZSiqM4epgJ,1
journals/sigmod/Snodgrass99,BRF-T827Je0J,0
conf/sigmod/Melling94,j4O-xhs1QAgJ,1
conf/sigmod/Kim94,wR0R0jS5J6oJ,0
journals/tods/CliffordC94,DmlWihBKPrMJ,0
conf/sigmod/ChaudhuriG96,Fh1QPZpWHUMJ,1
journals/tods/Jimenez-PerisPAK03,BMhXkquC6W4J,0
journals/sigmod/GottlobKP03a,rDRdlwdHGb0J,1
conf/vldb/Taylor00,CAp3AvmudusJ,0
conf/sigmod/KrishnamurthyBN99,UDanr9PeDmwJ,0
conf/sigmod/MohanN94,_2hj6snS3foJ,1
conf/sigmod/ChaudhuriGN02,KrfR8djb3C8J,1
conf/vldb/LabrinidisR03,ikw-En98LywJ,0
conf/vldb/SeshadriLR96,owEmW9VnLZMJ,0
journals/sigmod/BorgidaCS98,iPbD7vPHzgYJ,1
conf/vldb/HasanM94,wHaeR7DBDTUJ,0
journals/sigmod/Ozsoyoglu00,Ky7HDq9gpsYJ,0
conf/sigmod/FernandezFKLS97,JrlxoD3yjwcJ,0
conf/vldb/BliujuteJSS98,oBpe7jg0YHYJ,1
conf/sigmod/KiepuszewskiMO98,vGDuMz6NL1YJ,0
conf/sigmod/Dietterich94,AotBvYfuuAEJ,0
conf/sigmod/AcharyaAFZ95,MVcQC79T2CgJ,0
journals/sigmod/TheodoridisN00,vmAphUjBRdYJ,0
journals/sigmod/Liu01,UQNt6tlbxaQJ,0
conf/sigmod/CasatiS01,2_VG_VUkHH8J,1
journals/sigmod/Qian94,V4A-VQIWj0sJ,0
conf/vldb/YuSLJ02,YbapUo6IO5AJ,0
conf/vldb/SellisRF97,elvW-y3JKQsJ,0
conf/vldb/WeberSB98,nPmq_U3f4tEJ,0
conf/sigmod/Amer-YahiaCLS01,7Uw9500pmWMJ,0
conf/sigmod/DeshpandeRSN98,BXB96UFPHn8J,1
journals/sigmod/BollKB98,uFmNaNIw-ZgJ,0
conf/sigmod/ChenCPPSTM00,00WL2rq9jdkJ,0
conf/vldb/PopaVMHF02,O90ZyuOP9Q0J,0
journals/vldb/CombiP01,iOYYUW0ABoYJ,0
conf/vldb/GarofalakisG02,MiMYGwqrGY8J,0
conf/sigmod/NgLHP98,JM_QtoLLa9QJ,1
journals/sigmod/AilamakiFFSV03,qrfMEoA5OsQJ,0
conf/sigmod/ZhangRL96,o_QeGSGi-cAJ,0
journals/vldb/PottingerH01,M2zV0WBF7XYJ,1
conf/vldb/ChaudhuriW00,tHtQPjSIXQ8J,0
conf/vldb/VelegrakisMP03,gP3ld61I__kJ,1
conf/vldb/GantiLR00,V7byawkFcZMJ,1
conf/sigmod/Keim99,SWTG2VitEEsJ,0
journals/tods/DeySB99,ZNlVFbWSGzcJ,0
conf/vldb/AgrawalCN00,U8CMJBaJyX8J,1
conf/sigmod/AdyaGLM95,EP8u32KwMe4J,1
journals/sigmod/Liu02,dXxxIz4aAIgJ,0
conf/vldb/RamanH01,7zkm8RW7R1QJ,0
conf/sigmod/MassariPSC95,6dHSz7DMthEJ,0
conf/vldb/Koch03,Ii2AoNilfEcJ,0
conf/sigmod/Ramanan02,D7j7Mq56K1kJ,0
journals/sigmod/Stirling03,6pnVsEHV1lQJ,0
conf/sigmod/ChanI98,Kvq0_31LLKAJ,0
conf/vldb/LiC94,f0KNbjVYB-QJ,0
conf/sigmod/ChenJDTW00,EKNLKC2nEGwJ,1
journals/sigmod/BohmR94,u1drdyW2Z_YJ,0
conf/vldb/LiC94,qLbSeTNroKQJ,0
conf/sigmod/DasuJMS02,POt1WbTBB4cJ,1
conf/sigmod/MatiasVW98,tcyoSdrkaRMJ,0
journals/tods/JajodiaSSS01,C0a8zS4Sl2IJ,0
conf/vldb/LevyMS94,oHdZmd_4AaAJ,1
journals/vldb/BerendtS00,MytkkvQ5ieMJ,0
conf/sigmod/AndersonBKW98,NJ8Bj1XE3JEJ,0
journals/vldb/MehrotraKS97,enYJ_2U2NdUJ,0
conf/sigmod/RamaswamyRS00,esly3pagRAkJ,0
conf/vldb/JohnsonS94,NQY7cpXcwPoJ,0
journals/sigmod/Hammer03,i1EzKht5iXcJ,0
conf/vldb/KornSFSP96,1zxdq0otm4gJ,1
conf/vldb/AgrawalPWZ95,wu8UrFu8Tu8J,1
conf/vldb/JosifovskiR99,Y5OJk6_D-ZUJ,0
conf/sigmod/BhattacharyaMBNHS02,f1ZW_86Pu3MJ,0
conf/sigmod/Tajima96,ABDHo6cFs3oJ,0
journals/vldb/HansonCDERTX98,url:http://www.ingentaconnect.com/search/expand%3Fpub%3Dinfobike://els/08830355/2001/00000035/00000002/art00019%26unc%3D,0
journals/sigmod/AbererCH02,ulDBbXl-6Q4J,1
journals/sigmod/NejdlSS03,diUMioM-3ZMJ,0
conf/sigmod/ZhangRL96,mbeIcD0N1rQJ,1
conf/sigmod/GeneserethKD97,dtkCXQ2JbZIJ,0
conf/vldb/RoussopoulosK98,7GmhlKzIDnwJ,0
journals/tods/RosenthalR94,zM422IjZcPgJ,1
journals/tods/ZaharioudakisCF97,naUCkadkOekJ,1
journals/sigmod/Liu02,SGjFL8-BNHMJ,0
conf/vldb/ChaudhuriG99,qsUQ1OqOwl4J,0
conf/sigmod/CluetDSS98,PmZbNBzPgxoJ,0
conf/vldb/KamelF94,ONuqAb6sM3oJ,1
conf/vldb/ShaferAM96,Jl3IrO4qDqMJ,1
conf/sigmod/WhiteCF98,F3HY2OybB5cJ,0
conf/vldb/MarronL01,c3Re_w4tonYJ,0
journals/vldb/WhangKW94,jMQ_SiixnSEJ,0
conf/sigmod/HungYK96,NY5e4MkJ6VYJ,1
conf/sigmod/LiuPTBBZBHY98,Pnk-9UpRqQYJ,0
conf/vldb/LakshmiZ98,QmXB6EKu-pYJ,1
conf/vldb/AksoyZF01,url:http://doi.wiley.com/10.1002/jnr.490140214,0
conf/vldb/RohmBSS02,YMcmy4FOXi8J,1
conf/vldb/YagoubFIV00,qsDzgweZEXgJ,0
conf/sigmod/LuoEHN02,T6ncV5bMz5AJ,0
journals/sigmod/Winslett02a,0kcdJi1oYxUJ,0
journals/sigmod/PalpanasPKG03,0IbMohMGssoJ,0
conf/vldb/SchmidtWKCMB02,NuH-9L-FlooJ,0
journals/sigmod/DongS00,H8pM5jnY_KMJ,0
conf/sigmod/AggarwalY00,YtyDS8bpt0wJ,0
conf/vldb/MoserKK95,WYNgNOQsV1sJ,0
journals/sigmod/Vassilakis00,awQlq_MMEgkJ,0
journals/sigmod/Winslett03a,0dZXqMp4CMoJ,0
conf/sigmod/FranklinZ98,K_qOxjIJWpQJ,1
conf/vldb/StolteA02,4iUAB6JkAs4J,0
conf/sigmod/CareyDNAGS97,Zkgpz6ZsutsJ,1
journals/tods/GravanoGT99,j5zrnFJsJm8J,0
conf/sigmod/WoelkBJOTU95,x94zf_oEMToJ,0
conf/vldb/Galindo-LegariaJWW03,0DbOS1AuDO0J,0
conf/vldb/DavisonG94,9rMQdYLrGPUJ,0
conf/sigmod/HarinarayanRU96,LXYNUdloEvkJ,0
conf/vldb/HristidisP02,BeZ16VkJDfwJ,0
conf/vldb/ShuklaDN98,f2992_XOsewJ,0
conf/sigmod/OhHP00,RpBLR1NYTsgJ,0
conf/sigmod/BarclaySG00,1nqVXyEDkwAJ,0
journals/sigmod/CruzKLSWY02,DxfZG-qdBFQJ,0
conf/vldb/BouganimNPW03,2Z_X3zsf4CoJ,0
journals/sigmod/MillerHHYHFP01,Ndt3GYsTiwUJ,0
conf/vldb/KraissW97,irZxU3-vqzkJ,0
conf/sigmod/BerchtoldBK98,fTYVIbi40sAJ,1
journals/sigmod/DogacDKOONEHAKKM95,T5yanCQlXTMJ,0
conf/vldb/KonigW99,gUaq-7y_jLcJ,0
conf/vldb/LakshmananSS99,xjAKgV7-nWUJ,0
conf/vldb/MorimotoIM97,PlitMluIJyYJ,0
conf/vldb/MignetMAC01,url:http://portal.acm.org/ft_gateway.cfm%3Fid%3D1101209%26type%3Dpdf,0
conf/sigmod/OlstonJW03,Fy7C3y4iFtIJ,0
journals/sigmod/Huyn01,nGzkT7IQIpUJ,0
journals/sigmod/BunemanLSTW94,GruVHotOoPQJ,1
journals/tods/TaoPZ02,cGMrTdZRJ68J,0
conf/sigmod/LangS01,QsvJR0QNsjUJ,0
conf/sigmod/DreyerDS95,UsNvEYMGJtkJ,0
journals/sigmod/Segev94,5NE7g6XtYVkJ,0
journals/vldb/RoySSSA98,url:http://www.springerlink.com/index/T8G147834746L5V2.pdf,0
journals/sigmod/Alonso94b,33cwJo4UUNkJ,0
journals/tods/RaschidL96,fqFDS4f20vQJ,0
conf/vldb/Faloutsos02,tftfK6qWKJcJ,0
journals/sigmod/AshishK97,IgPciFj28mwJ,0
journals/tods/YanG99,0P7-i8YgzkYJ,0
journals/tods/Jagadish95,oNdgmemAdsgJ,0
conf/vldb/CabreraRH95,MPOaM5dta1sJ,0
conf/vldb/GarofalakisRS99,FKG8ZFeSfpYJ,0
journals/tods/SalemGS94,mt-SaBp9iu4J,0
journals/sigmod/Aberer02b,url:http://portal.acm.org/ft_gateway.cfm%3Fid%3D601865%26type%3Dpdf%26coll%3DGUIDE%26dl%3DACM%26CFID%3D11111111%26CFTOKEN%3D2222222,1
journals/sigmod/LightstoneLZ02,7TYVQTwq9FIJ,1
conf/vldb/BouganimP02,PhERWOcOkOgJ,1
journals/tods/BaekgaardM95,jYcUUynhzawJ,0
journals/sigmod/Winslett03a,tSPF4plczDEJ,0
conf/vldb/BassiliadesV95,url:http://www.ingentaconnect.com/search/expand%3Fpub%3Dinfobike://els/09505849/1999/00000041/00000014/art00092%26unc%3D,0
conf/vldb/ZurekS99,l0CouDjQ4P0J,0
journals/vldb/BonifatiCP01,ZSOytSzE1BMJ,0
conf/vldb/MaratheS97,ETlGZQjZptEJ,0
conf/sigmod/GrumbachRS98,JrulZz43BaMJ,0
conf/vldb/JagadishNSSK97,IzlRYi6X2hcJ,0
journals/tods/Galindo-LegariaR97,Vjga5yC23KIJ,1
conf/vldb/RaoR99,aX5HHtGDD0QJ,0
conf/sigmod/DewanSHH94,url:http://www.springerlink.com/index/W71536240K77N2V5.pdf,0
conf/vldb/OuzzaniAB94,tfVv7QTuniEJ,0
conf/vldb/RaghavanG01,MytkkvQ5ieMJ,1
journals/vldb/HaasCLS97,oFXauHs-0dgJ,0
conf/vldb/Pogue98,NvS2ZIeX3MUJ,0
conf/sigmod/ShenoyHSBBS00,vLzTXo3edJwJ,0
conf/vldb/RusinkiewiczKTWM95,jen9vELP7gAJ,0
conf/vldb/StillgerLMK01,oBrOuvCpMKMJ,0
journals/tods/GutingBEJLSV00,aEhVgTfCykUJ,0
conf/sigmod/Greer99,Ao5_lMHk8FoJ,0
conf/sigmod/FranklinJK96,yY5hMqazRHoJ,1
conf/sigmod/VanceM96,QgKRpqigXEsJ,1
conf/sigmod/KarbhariRXD02,Mw3xLuyR3qQJ,1
conf/sigmod/Chong98,pNQsrkHlbVAJ,0
conf/vldb/GuptaM96,I83l_B0knOgJ,1
conf/vldb/Bowker00,CiYPfP3-5_kJ,0
journals/vldb/BerchtoldKK97,AgBMhm_0uEIJ,0
journals/sigmod/PalpanasPKG03,tfVv7QTuniEJ,0
journals/vldb/ZezulaSAR98,aDeJIJirbb8J,0
conf/vldb/ShaferA97,aqeXgwGmvhgJ,0
journals/sigmod/Widom94,uhFAAbQPz6cJ,0
journals/sigmod/KeetonPH98,UTe8b9IiclUJ,1
journals/sigmod/Hellerstein03,S0LvDCaxat4J,0
conf/sigmod/McAuliffeCS96,c__Nxyn_uvwJ,1
journals/vldb/ManegoldBK00,xWYu2JWiF_kJ,1
conf/sigmod/Kim94,GzJII5F7OzAJ,1
conf/vldb/WitkowskiBBFGSS03,-H_tozyCqk4J,0
journals/vldb/OzsuPSILM95,iNp6OM8GywoJ,0
conf/vldb/ChenL03,Bsu9ZGK87yEJ,0
conf/vldb/Brin95,srjTPThCwrwJ,1
journals/tods/CaldersNW02,fWP8LBJ8klMJ,0
conf/sigmod/Mohan94,Ak5pAWfW89cJ,0
journals/sigmod/GatziuJSV99,HtqrJuo7GSsJ,1
conf/sigmod/DeutschFS99,Z9e9dqy5KBgJ,1
journals/sigmod/RoantreeMH99,url:http://ieeexplore.ieee.org/iel3/3990/11481/00547855.pdf%3Farnumber%3D547855,0
conf/sigmod/PatelD96,vpBw9jvnCp0J,0
conf/sigmod/ReveszCKLLW00,XC1iAhlomKUJ,0
conf/sigmod/HellersteinW02,HeW1GR_0xoUJ,0
conf/vldb/DarFJST96,RXQVFBCZHyEJ,0
conf/sigmod/TsurUACMNR98,6NdhrJCfQ74J,0
conf/sigmod/CareyK97,yuAO6FZOXmQJ,1
journals/sigmod/RossAA02,wRrbiuGEMdEJ,0
journals/tods/LiuHD98,qwTGjH-VEe8J,0
conf/vldb/LudasaherGM00,hajx9Chg0-EJ,0
conf/sigmod/GoyalHKMS96,jZvm0tUBVQ0J,0
conf/sigmod/LakshmananNHP99,lduaYmELtHoJ,1
conf/vldb/ChakrabartiGRS00,3UQCbr_15aYJ,0
conf/vldb/TaoPS02,xHtEGSh9P3MJ,0
conf/vldb/BerchtoldKK96,30L6LPqp1wsJ,0
conf/sigmod/ChungMS02,UmPir9n5JloJ,1
journals/vldb/HarderR96,pWXIPx5lA7gJ,1
conf/vldb/DeutschPT99,6tbbOAIiLq4J,0
journals/sigmod/Liu01a,oy0xD5ZKbE8J,0
journals/sigmod/Franklin97b,rVFoCrTY9fAJ,0
conf/sigmod/LitwinS00,f1h0J1_ELisJ,1
conf/vldb/HumborstadSHT97,VF3p5ZCMqnAJ,0
conf/sigmod/Dietterich94,aqVdJIXWxNwJ,0
journals/tods/MokNE96,uqLULALYaxoJ,0
conf/sigmod/AcharyaGPR99a,UeTVQenrs0AJ,0
conf/sigmod/AcharyaFZ97,lpbDw6QCSMMJ,0
conf/sigmod/RodriguezR00,DizdLdHjnCEJ,0
conf/sigmod/PoosalaIHS96,1griYVhYj_YJ,0
conf/vldb/KnorrN99,FKXBpXEgzDAJ,0
journals/vldb/TenienteO95,w3wKgK0-dp8J,0
journals/vldb/AbadiCCCCLSTZ03,gBVNSFeS4P8J,1
journals/tods/LakshmananSS01,FqrVkPwzd3kJ,1
conf/sigmod/MotakisZ97,yyG5D_yWyfoJ,1
conf/sigmod/Sahuguet01,1d7KkiTWNZMJ,0
conf/sigmod/RiedewaldAA02,GvV_3F_d7rAJ,0
conf/vldb/SavasereON95,MoDh1Onw8z4J,0
journals/vldb/C95,P262xRqQ9-QJ,0
conf/sigmod/AgrawalW00,8AyIvg77C28J,0
conf/sigmod/HanWDPW02,mGDi-Lnj27QJ,0
conf/sigmod/HoAMS97,4YsYF_8QeogJ,1
journals/sigmod/Jarke95,wuli6OIUDyUJ,0
conf/vldb/GehaniJR94,TxPrJKY_-90J,0
conf/vldb/DeutschPT99,LOXd8JPfhpwJ,0
conf/vldb/Vingralek02,MmEMmKrezaIJ,0
conf/vldb/BonifatiCDS01,url:http://portal.acm.org/citation.cfm%3Fid%3D582353.582398,0
conf/vldb/SheikholeslamiCZ98,CGVvTfBGSwUJ,0
conf/sigmod/JagadishLMSV99,946iAs3adDcJ,1
journals/sigmod/RossGN03,739veQ4F8LMJ,0
conf/sigmod/WangPFY03,MdMdCC38z4UJ,0
journals/sigmod/ShethBS99,k9dMc387oowJ,0
conf/sigmod/ViglasN02,Tg2wd85hslIJ,0
journals/vldb/ShegalovGW01,_6ErNQyZwXsJ,1
conf/vldb/GravanoG95,F2mmoq6cRGMJ,1
conf/sigmod/LeeWMS01,YEcUU7lEMpwJ,0
conf/sigmod/PatelD96,oPdpBiAjcisJ,1
journals/sigmod/FininJ02,8J4f5-IonqAJ,0
journals/sigmod/BarbaraBFLS94,url:http://portal.acm.org/ft_gateway.cfm%3Fid%3D187455%26type%3Dpdf%26coll%3DGUIDE%26dl%3DACM%26CFID%3D11111111%26CFTOKEN%3D2222222,1
conf/sigmod/Hammond99,Tke6G8xQpzsJ,0
conf/sigmod/OoiTZGLLLNSWZ03,_YqiOoMgCqAJ,0
conf/vldb/PapadiasT01,2V2bnIgsY1kJ,1
conf/vldb/BamfordAP99,0iH5kkgJWSEJ,0
journals/sigmod/BusslerFM02,O-H_7cqRXGUJ,0
conf/vldb/Kleewein96,url:http://ieeexplore.ieee.org/iel5/69/29527/01339269.pdf%3Farnumber%3D1339269,0
journals/sigmod/Loeffen94,g3UtE14axcIJ,0
conf/vldb/Baru96,nSQ9sPSfgEsJ,0
journals/sigmod/KiyokiKH94,vLYloZqZZXEJ,0
journals/sigmod/JainH94,_QgiN022iNYJ,0
conf/vldb/AggarwalHWY03,AWCS6GDRjhsJ,0
journals/sigmod/PaepckeGRC00,NPp8cHzYGpYJ,0
conf/vldb/SistlaYH94,n32ydW9gcVkJ,0
journals/vldb/Amer-YahiaCLS02,SdqZz-Rnmk4J,1
conf/vldb/GolabO03,G3QWq2T08SEJ,0
journals/vldb/ShyyASL96,U5Pt7SfULgsJ,0
journals/sigmod/Mendelzon98,hPsx3cgupkIJ,0
conf/vldb/KoudasGGSV03,pvCvyXskrx0J,0
journals/sigmod/Alonso94b,url:http://portal.acm.org/citation.cfm%3Fid%3D263690.264340%26dl%3Dportal%26dl%3DACM%26type%3Dseries%26idx%3DSERIES492%26part%3DProceedings%26WantType%3DProceedings%26title%3DInternational%2520Conference%2520on%2520Digital%2520Libraries%26CFID%3D11111111%26CFTOKEN%3D2222222,0
conf/sigmod/HoAMS97,xbt2t9kYWLwJ,1
conf/sigmod/LiuFP03,ppHFE7fTwVsJ,0
conf/vldb/MengLLA03,s0v2kYtOvgoJ,1
conf/sigmod/DoanDH01,SpIpVWl9Nz0J,0
journals/sigmod/ZobelMR96,6NbNX8nSta0J,1
conf/vldb/ChanGR02,zIvpO1L9YaEJ,0
conf/vldb/LiM01,eJRGBSZwMS8J,0
journals/vldb/PucheralBVB01,ci71yD2UE8oJ,1
conf/sigmod/SeshadriP97,1FceLPKNf9EJ,0
conf/vldb/Baru96,N1QXukY2QQwJ,0
conf/vldb/Wang95,HhVWd1QPHQsJ,0
conf/sigmod/BressanGOT00,url:http://portal.acm.org/ft_gateway.cfm%3Fid%3D336587%26type%3Dpdf%26dl%3DGUIDE%26dl%3DACM%26CFID%3D11111111%26CFTOKEN%3D2222222,1
conf/vldb/GhoshPSH02,UJgay2XGzYwJ,0
journals/sigmod/SnodgrassHMOPRRWY98,url:http://www.ncbi.nlm.nih.gov/entrez/query.fcgi%3Fcmd%3DRetrieve%26db%3DPubMed%26list_uids%3D682704%26dopt%3DCitation,0
journals/sigmod/PoessF00,JSrjKrTM_3sJ,1
conf/vldb/NipplM98,ijzjrAnmlmIJ,0
conf/sigmod/GehrkeGRL99,s3neqsFCVrAJ,1
journals/sigmod/FininJ02,url:http://portal.acm.org/ft_gateway.cfm%3Fid%3D1027694%26type%3Dpdf,0
conf/sigmod/PhanN02,0qkVGJdL7OkJ,0
journals/sigmod/SouzaS99,Qz2qt01c8Z0J,0
conf/sigmod/PeiMHZ00,8aSrRowiVpYJ,0
conf/vldb/LohmanL02,jC-TppzLPuEJ,1
conf/sigmod/LahiriG01,U8hmj6oX-k0J,1
journals/sigmod/PoessF00,Nk8zjPAwC5YJ,0
conf/sigmod/KrishnanVI96,2Mm5-9sYYfEJ,0
conf/vldb/KornMS02,muGIMjToty4J,0
conf/sigmod/CranorJSS03,4sAFQSSyVx0J,0
conf/sigmod/BargaL99,QGxyK7bJQOMJ,1
conf/sigmod/GravanoGT94,url:http://portal.acm.org/ft_gateway.cfm%3Fid%3D1027648%26type%3Dpdf,0
conf/vldb/Mohan02,qbrkg2DRU3AJ,1
journals/sigmod/YauLMS99,bhVBJw9Rp3QJ,1
journals/sigmod/UlusoyB96,2n8HbvXrtYQJ,0
conf/sigmod/HammerGNYBV97,uPHrOdEDjlEJ,1
conf/sigmod/Ballinger94,jpK-DFpmflAJ,0
conf/sigmod/Ahn94,_jJ4eIyy9VcJ,0
journals/sigmod/BunemanRU97,ET_i3QwZryQJ,0
journals/vldb/ChanGR03,l-HwkPXZ_x0J,0
conf/sigmod/ZhangRL96,63QhLG57QssJ,0
journals/vldb/BernsteinPS00,f-SojbeJe2QJ,0
conf/sigmod/CuiOTS03,fjoP5P_RVCgJ,0
journals/tods/GravanoGT99,DmGBKpaiyGEJ,0
conf/sigmod/RafieiM97,ehSjmvsHTmMJ,0
conf/vldb/Schoning98,p4Hdrawf0Z0J,1
journals/sigmod/Snodgrass03a,_B_yQxbdyXcJ,0
conf/sigmod/BerensonBGMOO95,MOGnM6t6l3MJ,1
conf/sigmod/PapakonstantinouPV02,Uyq4RGtweTsJ,0
journals/sigmod/Kim02,58WKtOu3RFwJ,0
conf/vldb/CowleyP00,xMgPKkv2BKUJ,0
conf/sigmod/RodriguezR00,xp0Sg1HMBdwJ,0
journals/sigmod/WuY00,gVgctUmMBS4J,0
journals/sigmod/Alonso95a,6Ka3zL8QALsJ,0
conf/sigmod/SarawagiTA98,SLmQWvsYtKYJ,1
journals/sigmod/AbiteboulH95,itcZnzmjxLgJ,0
journals/sigmod/Qian95b,bOeh5h262vIJ,0
journals/sigmod/Group94,xyfIaLauN4YJ,0
conf/vldb/BohannonLRSSS97,GCtT_LVme2kJ,0
journals/vldb/DeyBS96,GxksTFItxDEJ,0
conf/sigmod/ZaianeHLCC98,eauaGLr5uCUJ,1
conf/vldb/BernsteinD94,gwiLl7Xowt4J,0
conf/vldb/ShaferA97,KvDB1WuZ-6QJ,0
conf/sigmod/Ramanan02,url:http://portal.acm.org/citation.cfm%3Fid%3D1031570.1031590,0
conf/vldb/FuhDCMTLDRM99,krewzIYN9AYJ,0
conf/sigmod/RossSS96,RUEdIWLsbDUJ,0
conf/sigmod/DogacAEOADAOS94,zf5eI7As5kAJ,1
conf/vldb/AgrawalKSX02,vZcZ-UX6h7UJ,0
conf/sigmod/OzdenRSS96,wBKjyFPN4o0J,0
conf/vldb/Blecken00,hCSzil0nuVEJ,1
conf/vldb/LeeL99,szHsyFiOuwAJ,1
conf/sigmod/RoussopoulosKV95,efwTNo1wRnMJ,1
conf/vldb/AgrawalS94,E7cKUUkwc1kJ,1
journals/vldb/BeckerGOSW96,hcLiYGGK84MJ,0
conf/sigmod/Carey94,DnZ5LXvd5msJ,0
conf/vldb/RysNS96,ktuEGK9MoYAJ,0
journals/sigmod/DunhamH95a,q6nBK6uGU5QJ,0
journals/vldb/BohmAnY97,wIFnnUw2yZ0J,1
conf/vldb/SeshadriLR97,HTfY0R_kBtoJ,1
conf/vldb/BernsteinHSSZ97,4P02Stm9Ca8J,0
conf/vldb/Mohan99,Tsr9p6szvkAJ,0
conf/sigmod/ImielinskiV95,ufJHKLLUk8EJ,0
conf/sigmod/LiCHH97,QmWDlKds0TgJ,0
conf/vldb/Sterling98,7tDUY2IA9aoJ,0
conf/sigmod/HacigumusILM02,url:http://portal.acm.org/citation.cfm%3Fid%3D808383%26coll%3Dportal%26dl%3DACM,0
conf/vldb/SeifertS02,url:http://www.springerlink.com/index/T07XX2802R3X0001.pdf,0
conf/vldb/Vieille98,BXWdUXDVj1sJ,0
journals/tods/SistlaWYS98,9KeHr7wd8-QJ,0
conf/sigmod/KeoghCMP01,wTFqwgjAUpIJ,0
journals/sigmod/Cardelli01,IG44mMWmxzYJ,0
journals/sigmod/Anisimov03,_pAcjtd1nbEJ,0
conf/vldb/NishioSTTL01,-D-vVc64-SQJ,0
conf/sigmod/MattosM95,iEs59H5EFHwJ,0
conf/vldb/Chiueh94,PKK2ak_IzrgJ,1
conf/sigmod/Team99,UjoO5OLCvYYJ,0
conf/vldb/KornMS02,SZwq84m3bGYJ,0
conf/vldb/HammadFAE03,b99WSBwZDVcJ,0
journals/vldb/RamanRH00,37kz9_6wk4YJ,0
journals/sigmod/Aberer01a,Aqy1kkceK1MJ,0
conf/sigmod/BaumannDFRW98,url:http://portal.acm.org/citation.cfm%3Fid%3D354384.376423%26dl%3DGUIDE%26dl%3DACM%26type%3Dseries%26idx%3D354384%26part%3DProceedings%26WantType%3DProceedings%26title%3DInternational%2520Multimedia%2520Conference%26CFID%3D11111111%26CFTOKEN%3D2222222,0
conf/vldb/BonczMK99,039vknGhTUkJ,0
conf/vldb/PossP03,DYZlq4rntjwJ,1
conf/vldb/Faloutsos02,lalxw26xdc8J,0
conf/vldb/ShivakumarGC98,fzEOTTYVskEJ,0
journals/sigmod/Critchlow01,srdaGlUMXP0J,0
journals/vldb/RamamrithamC96,WgxJND3YwscJ,0
conf/sigmod/JagadishKS00,OZRYdxoJqXMJ,1
journals/vldb/WhiteD95,IrJCPDNLbGMJ,0
conf/sigmod/GarofalakisI96,7qvaRJ23jTgJ,0
conf/sigmod/HanWDPW02,NVCOeskDi5YJ,0
journals/sigmod/KeetonPH98,eyNcyx9rcFwJ,0
conf/vldb/AbiteboulMRVW98,_bZvENCCdSMJ,0
journals/vldb/MehtaGPN98,hEb4SzL6srEJ,0
conf/sigmod/HungYK96,cvBAdEvcTSkJ,0
journals/sigmod/HellersteinHM03,kfnNClyQ4xYJ,0
journals/sigmod/JukicNV03,70tTVHCEBRkJ,0
conf/sigmod/ChooOLCGBPS96,0L0ycLrf4PYJ,0
conf/vldb/ChungCLL01,wLsgDhQf8cAJ,0
conf/sigmod/HacigumusILM02,KX73Ov7Er0MJ,0
journals/vldb/GeorgeH00,kG86HB6N1xEJ,0
journals/vldb/AbiteboulB95,fsRqzPzbkNEJ,0
journals/sigmod/Anonymous96,hn6_nbiCebUJ,0
conf/vldb/Nori02,Gq00HvkWgKkJ,0
conf/vldb/HageJPST03,o7RKyeRtQloJ,0
conf/sigmod/SarawagiTA98,4SZBxucftBAJ,0
conf/vldb/ChenCFGJMTW99,pXG_SUB4pBsJ,0
conf/vldb/TeisseirePC94,UYQpDoh0wo0J,0
conf/sigmod/HjaltasonS98,cKwlEKXC25wJ,0
conf/vldb/LimWPVP02,9kl_hTyQtmQJ,1
journals/tods/KossmannFDA00,pGT6Uj8lBvQJ,0
conf/sigmod/Bussler01,P_97uhnD9TwJ,0
journals/vldb/GutingS95,lWMzZgqNlSEJ,0
journals/sigmod/Qian95b,EVihduumKIAJ,0
conf/vldb/FangSGMU98,MdwCZg0RBHYJ,1
journals/sigmod/AtkinsonDJPS96,8b_m-Etz2o4J,0
conf/vldb/BeneventanoBCCGMMV00,4AcfxYXwZnIJ,1
conf/sigmod/ChenR94,7Edh53sUX7kJ,1
conf/vldb/PirotteZMY94,hulo0jCbUIMJ,0
conf/sigmod/Galindo-LegariaJ01,vMVuIqz5BiwJ,0
conf/sigmod/ShahC01,CIFYyZ_IQDYJ,0
conf/vldb/CeriM03,G2QuI5QYYMoJ,1
journals/sigmod/Grohe02,jzwiskpRLOUJ,1
conf/vldb/BestavrosB95,url:http://doi.wiley.com/10.1002/ev.1260,0
conf/sigmod/WangPFY03,_GpTXl8tqrkJ,0
journals/vldb/IoannidisNSS97,CWzoPJjb50cJ,0
conf/sigmod/FlorescuGKR02,yIBp63aPPpcJ,0
journals/sigmod/Aberer03d,url:http://doi.wiley.com/10.1002/anie.197603151,0
conf/vldb/SkubiszewskiV97,url:http://www.ingentaconnect.com/search/expand%3Fpub%3Dinfobike://els/08830355/2001/00000035/00000004/art00037%26unc%3D,0
conf/sigmod/HeC03,MNmlxFx4l-8J,1
conf/sigmod/MelnikRB03,Pduy5oQzs2IJ,0
conf/vldb/KornackerB95,OhMxtgMsKDUJ,0
journals/sigmod/BestavrosLS96,n2YqwfbgNr4J,0
conf/vldb/AksoyZF01,6PJ3Z8GS3CsJ,0
journals/sigmod/GruenwaldBDGSSV99,url:http://portal.acm.org/citation.cfm%3Fid%3D333607.333616%26dl%3DGUIDE%26dl%3DACM%26idx%3DJ689%26part%3Dperiodical%26WantType%3Dperiodical%26title%3DACM%2520SIGMOD%2520Record%26CFID%3D11111111%26CFTOKEN%3D2222222,1
conf/sigmod/Bosworth03,3m2qs2JLBwcJ,0
journals/vldb/ApersCS02,8cK-ToSUhdMJ,0
conf/sigmod/WolfsonSXZC99,h94Dmb0R13UJ,0
journals/tods/SchuldtABS02,ONbEa3lC0-IJ,0
conf/vldb/LiRS99,BaiMIZvvUnEJ,0
journals/sigmod/Qian96a,url:http://portal.acm.org/ft_gateway.cfm%3Fid%3D234903%26type%3Dpdf%26dl%3DGUIDE%26dl%3DACM%26CFID%3D11111111%26CFTOKEN%3D2222222,1
conf/sigmod/PossSKL02,KZHOnmSe5uUJ,0
journals/vldb/C94c,4cq5Y-7DTx4J,0
journals/sigmod/Snodgrass97a,ZcpNxL-ra1QJ,0
conf/vldb/ChakrabartiDAR97,jNb5aoFeS7wJ,1
journals/sigmod/EnglertGH95,WYE9fKutj70J,1
conf/vldb/DiaoLCT00,hdDsjafWJIwJ,1
conf/vldb/CarusoCGLM00,1Xo59nOfVKoJ,1
conf/vldb/DeutschPT99,_R06cs6puroJ,0
journals/vldb/ClaussenKKW00,Drc1zl4ObRAJ,0
journals/vldb/OzsuC98,G23BijvjZMIJ,0
conf/sigmod/FlokstraKS94,_zYvPwGbBBcJ,0
conf/sigmod/Ahn94,XRq-OLdjzccJ,0
journals/sigmod/MeersmanS02,QMxbPo9Yv5oJ,0
conf/vldb/CochinwalaB94,Bp69wMYw9DAJ,1
journals/sigmod/Grohe02,RnmBv4e85pMJ,1
conf/vldb/SrikantA95,pzJ9L3M57JoJ,0
conf/sigmod/LahiriJJC98,JkOQwRkIm8YJ,0
journals/sigmod/Hellerstein03,uqLn9pgBhbwJ,0
journals/sigmod/GobleR02,Y5D5JX2EamUJ,0
conf/sigmod/OlstonWL01,I0MX5HuIhhcJ,0
conf/vldb/Suciu96,D45fvUWVon0J,1
conf/vldb/WangHH00,CbVuJPvkwf0J,0
conf/vldb/KaushikBNS02,yXywIlnTpRcJ,0
journals/sigmod/MeltzerC98,r7l6XJPeAXkJ,0
journals/sigmod/PaepckeGRC00,5ObmwcHCFQsJ,1
conf/vldb/TsatalosSI94,CUVO4IUr1sQJ,0
journals/vldb/PacittiS00,2e6eFB6H2B4J,0
journals/sigmod/Kumar03,y4Gl00kwT_UJ,0
conf/sigmod/NgLHP98,NQAssNK12xUJ,1
conf/vldb/Bowker00,url:http://www.springerlink.com/index/X88X353864153376.pdf,0
conf/vldb/Chakrabarti02,cwzb_PQe8x0J,0
journals/sigmod/ChienTZ01,cjBpI3TcSWsJ,1
conf/sigmod/ReissK03,MoT4Q_5p5-cJ,0
conf/vldb/HuebschHLLSS03,B_Gmn8T4IDQJ,1
journals/vldb/ChangG01,Ls3mn3GSAcwJ,0
journals/tods/SchuldtABS02,zrQPbIIo2E8J,1
journals/vldb/MaratheS02,z6JEYoArZmsJ,1
conf/vldb/NgY94,1O-Uy922LQUJ,1
conf/vldb/ShaferAM96,pRMh6pGr-XUJ,1
conf/sigmod/GravanoGT94,We2mw93oKL4J,1
conf/vldb/BrownS95,JnHtuKsAq60J,0
journals/sigmod/GriffinK98,MN6xlAEVVB8J,0
conf/vldb/BonifatiCDS01,y9G1BTyjUF8J,0
journals/sigmod/Seligman97,H78pztwcs-oJ,0
conf/vldb/GallersdorferN95,4VBAPd5PM9AJ,0
conf/sigmod/Sheth95,Am96xngV-70J,0
conf/vldb/Duranti01,4U_BGOOKEiEJ,0
journals/sigmod/BuchnerM98,PF-rFkrW2nIJ,1
conf/sigmod/PengC03,bV5_8OzFI7UJ,0
conf/vldb/BawaBA03,B28DDrqZHDoJ,0
journals/vldb/AtluriJY03,aPuUC3Ilu34J,0
journals/vldb/PacittiS00,2fuU_gsQUZQJ,0
conf/sigmod/NaumanS98,ikof0mofJREJ,0
conf/vldb/Vingralek02,8oVCvetunHIJ,0
conf/vldb/GoldsteinR00,ylZFc8RNoeQJ,1
conf/vldb/MignetMAC01,url:http://www.csa.com/partners/viewrecord.php%3Frequester%3Dgs%26collection%3DTRD%26recid%3D20021211001542MT%26recid%3DA8622964AH,0
conf/vldb/Kiessling02,iyFqDr1bUjwJ,0
conf/vldb/PapadiasT01,IBZBrrsG5cQJ,0
conf/sigmod/SunAA03,z7J4u1sJ52cJ,0
journals/sigmod/KappelR98,JP9JP9fdxGkJ,0
conf/vldb/JagadishLS99,url:http://links.jstor.org/sici%3Fsici%3D0146-4949(196523)6%253A3%253C308%253APIA%2522%253E2.0.CO%253B2-M,0
conf/sigmod/CluetDSS98,63Y-t4R2RycJ,1
journals/sigmod/BohmR94,wLNJcNvsulkJ,1
conf/sigmod/DohertyHR96,ljmFQ5yGtGMJ,0
conf/vldb/TheodoratosS97,Ng1p4qxvf7EJ,0
journals/sigmod/VelACM01,BzaXMA44zWMJ,0
conf/vldb/CotterB00,WqnANGlJfeAJ,0
conf/vldb/GaasterlandL94,CO197ZB9WZoJ,0
conf/vldb/PapakonstantinouAG96,KJDOeP_ZGfcJ,0
journals/sigmod/Anonymous96,6c3XQZ-_HDUJ,0
conf/sigmod/Bierman03,pqwojQUNgg8J,0
journals/vldb/TurkerG01,iEqIBQbMZngJ,0
journals/vldb/CuiW03,SaOd6rDz5ZgJ,1
journals/sigmod/Alonso94a,k6R-jdg8zJgJ,0
conf/sigmod/ShashaB02a,ujsmBxPc5BYJ,0
conf/vldb/ViglasNB03,vws7VK7XQpAJ,0
conf/vldb/LudasaherGM00,U1w_PDrq1VUJ,0
conf/sigmod/Carey00,dSIcx1nqwusJ,0
conf/sigmod/LiS98,K-cwoR2ayDkJ,0
conf/sigmod/Mohan01,IGS3TtqfKUgJ,1
journals/sigmod/AndersonS94,_ddsH9gSewkJ,0
journals/vldb/DesslochHMMT98,jqVxWsC6vhYJ,0
conf/sigmod/Olson95,KSmqzF7yaZsJ,0
conf/vldb/KarayannidisTSPMRFEB02,2ocDyWzjVqoJ,0
journals/sigmod/Bernstein98,VYUJSOj--SkJ,0
conf/sigmod/Fegaras98,pZoTILl_-RYJ,0
conf/vldb/IyerW94,CezcPbAemoUJ,0
conf/sigmod/BrunoCG01,5566VjEwfScJ,0
conf/sigmod/GuhaJKSY02,mVonUwDhn2kJ,0
journals/vldb/NybergBCGL95,gc_w8_IrdVoJ,0
conf/vldb/HanF95,AOXjUq9H2cwJ,1
conf/sigmod/ShanmugasundaramNSR99,Q16rNvrRMvsJ,0
conf/vldb/McHughW99,bXRF6rASxhgJ,1
conf/sigmod/JonssonFS98,q9ieSuhVQKwJ,0
journals/sigmod/AnyanwuS02,47BBGLZPCUAJ,0
journals/sigmod/BabuW01,url:http://ieeexplore.ieee.org/iel1/2206/2685/00081883.pdf%3Farnumber%3D81883,0
conf/vldb/CochinwalaB94,IpM6BsPGSQsJ,0
journals/sigmod/WestmannKHM00,9jyzas_rFd4J,1
journals/vldb/OzsuPSILM95,2Y6WYH71fO0J,1
conf/vldb/CuiW01,JbuVtxsUcb0J,0
journals/tods/YanG94,Rj_wzM94NXEJ,0
conf/sigmod/AcharyaFZ97,jLtv7DhxeVcJ,0
conf/vldb/Raghavan96,jeMXqQPeq-oJ,0
conf/vldb/JagadishKMPSS98,hgRwapSnm_IJ,0
journals/sigmod/ArenasKKKMM03,url:http://portal.acm.org/citation.cfm%3Fid%3D115863,0
conf/sigmod/Ballinger94,ZhaDs8x80lMJ,0
journals/sigmod/AtzeniM98,dwMRUN0-jBcJ,0
conf/sigmod/PhanN02,OqDjQ7qtvFQJ,0
journals/sigmod/Neven02,xAXF0HSF4h8J,1
journals/vldb/SuHHHLWLPLL01,BQZoWooOLkIJ,0
conf/sigmod/ImielinskiVB94,Q7jdk2p7leAJ,0
conf/vldb/KoudasS03,Rp6i1uA3RYQJ,0
journals/sigmod/NgH95,qolJkVC2MoYJ,1
journals/sigmod/CoxEH96,HUeYOIM88f0J,0
journals/sigmod/Alonso94,psSb7jSFPcgJ,0
journals/sigmod/FrankGGJKLMNPSSSTW99,DIAisioO7bAJ,0
conf/sigmod/ZhangDWEMPMDR03,url:http://www.springerlink.com/index/NXE3D2CUHN61XMMH.pdf,0
journals/sigmod/BonnetBDL03,3em6SRH98n4J,0
conf/vldb/IoannidisLGP96,bioNKtQiEo0J,0
journals/vldb/C95c,4fTgnB9Cz4YJ,0
conf/vldb/AnkerstBKS98,YFBRlsoL2EAJ,0
journals/sigmod/SlivinskasJS02,xTPSs2k_pUIJ,1
journals/vldb/KnorrNT00,T6a86CQCuHoJ,0
conf/vldb/MengLYWCR98,FYfyf-SjQNIJ,0
conf/vldb/SundaraHCAS01,v7a_MxtgQ_0J,0
journals/sigmod/AtkinsonDJPS96,IKAqbjN7Um0J,0
conf/vldb/HelmerM97,h4Dom_tpdE4J,0
conf/sigmod/AgrawalCN01,f_1ZGfn7kzwJ,0
conf/vldb/WangZL03,_oe77EDfDDwJ,0
conf/sigmod/MelnikRB03,Nvk_No-CMq4J,0
conf/sigmod/ClossmanSHKPB98,c1i5HNdPOycJ,0
conf/vldb/Cluet03,UAEaPaaf2w0J,0
conf/sigmod/HernandezMHYHT01,89WHY6hZ22UJ,1
conf/vldb/ChaudhuriN97,_ZWAPXQB9OEJ,0
conf/vldb/WeberSB98,wBRJekFyi8IJ,0
journals/sigmod/Snodgrass02b,dfEvvaXeHcoJ,0
conf/sigmod/FernandezMS01,JYYcPQLrBw8J,1
journals/sigmod/RamirezSP94,148eXz3UkpkJ,0
journals/sigmod/MeersmanS02,cyzJRHjbibsJ,0
conf/sigmod/KiepuszewskiMO98,6ftKSULpDyQJ,0
conf/vldb/GravanoIJKMS01,irVGaStQnlMJ,0
conf/sigmod/GunopulosD01,hZG0tGHJG3wJ,0
conf/vldb/CarinoJ98,X_hjdX7z3dIJ,0
conf/sigmod/Amer-YahiaFSX03,sZwmh33Tdz8J,0
journals/sigmod/ShethGJRSWW96,OK2FXlktGgcJ,0
journals/sigmod/KramerNKRLKLZ97,bDeV7QFno8IJ,0
conf/sigmod/IpeirotisGS01,8Ha8o2X9l2IJ,0
conf/vldb/FegarasE01,_Sf5WRpmDboJ,0
conf/sigmod/GuptaS03,pXVXcywEF18J,0
journals/sigmod/OoiST03,mKsxPS2lFXcJ,0
conf/sigmod/AbadiC02,mNdoyLMYPqgJ,0
conf/vldb/ManegoldBK02,E3nbqEL4GV8J,0
conf/sigmod/DeHaanTCO03,lEqiau26hxoJ,0
conf/vldb/BrownMCL94,url:http://portal.acm.org/citation.cfm%3Fid%3D171926.171944,0
journals/tods/CuiWW00,u8h8CyzK3TIJ,0
journals/sigmod/Liu01b,3NK_cM_JUGUJ,0
conf/sigmod/ChooOLCGBPS96,Ljpkq7MPqeEJ,1
conf/sigmod/CruzALRZ97,rtwnQ3oR_zoJ,0
conf/vldb/TriantafillouP97,Jx7OItkL6EEJ,0
conf/sigmod/HacigumusILM02,p1kEyFmMxp8J,0
conf/sigmod/GarofalakisI96,MfPbk62EdyQJ,1
journals/sigmod/Aberer03c,url:http://portal.acm.org/citation.cfm%3Fid%3D945721.945727%26coll%3DGUIDE%26dl%3DACM%26idx%3DJ689%26part%3Dperiodical%26WantType%3Dperiodical%26title%3DACM%2520SIGMOD%2520Record%26CFID%3D11111111%26CFTOKEN%3D2222222,1
conf/vldb/VeltriCV01,aHdLHRyhMhIJ,0
conf/vldb/ManolescuFKXO00,kBvWI72K_WMJ,0
conf/sigmod/Moore95,hSZcg-pdCykJ,0
conf/vldb/Galindo-LegariaPK94,oMqPXsCl5gYJ,1
journals/sigmod/SegevJS95,HosWQKWM8RkJ,0
journals/tods/TaoPZ02,gPeevzZQFFMJ,0
conf/sigmod/CarinoKKB01,url:http://www.csa.com/partners/viewrecord.php%3Frequester%3Dgs%26collection%3DTRD%26recid%3D017306530216AI,0
conf/sigmod/ZhangDWEMPMDR03,XxcZoP-APVAJ,0
journals/tods/RaschidL96,GiHrMj3vbSAJ,0
journals/sigmod/ChongFTSYKDJJ03,url:http://portal.acm.org/ft_gateway.cfm%3Fid%3D777000%26type%3Dpdf%26coll%3DGUIDE%26dl%3DACM%26CFID%3D11111111%26CFTOKEN%3D2222222,1
conf/sigmod/KeoghCMP01,mmc7NYC4kGIJ,0
journals/sigmod/Segev94a,h3IiHna9R2gJ,0
conf/sigmod/FernandezFKLS97,4BpkEHas0LcJ,1
journals/sigmod/ShinM94,FUlAhmpuxKQJ,0
conf/vldb/PalpanasSCP02,TmcyYF1CNsYJ,0
conf/vldb/Cabrera03,e44HCx2iBdUJ,0
conf/sigmod/AfratiLU01,kY8yc9te2nQJ,0
conf/sigmod/Cotton02,XWvQvtKD6-cJ,0
journals/tods/IoannidisR95,TJDMWbCXMtgJ,1
journals/sigmod/Datta94,K9sQsTCS82sJ,0
conf/vldb/FaloutsosJS97,u_9qWSpjaO4J,1
conf/vldb/ChenRS95,9ievrYLBbTQJ,0
journals/sigmod/SpynsMJ02,cA-lHFomLMYJ,0
conf/vldb/KornLKF98,ewsBMN0qVa4J,1
journals/sigmod/Colliat96,3FAQV305QD0J,1
journals/sigmod/JacobS99,AJpKRr6bo7sJ,0
conf/sigmod/SubramanianV98,Y3IHsWA-YwwJ,0
conf/sigmod/ZhugeGHW95,lUxILYnWlLYJ,1
conf/sigmod/BerchtoldBK98,bcUzsvE1x5EJ,0
journals/sigmod/CareyS99,Nbl9zDys1akJ,0
conf/vldb/GardarinST96,BBKhPPAqasIJ,1
conf/sigmod/CherniackZ98,-sXBZ9bpxHMJ,0
conf/sigmod/Adelberg98,UT0h0HcwLyUJ,1
conf/sigmod/HanPY00,63XKDNdtzp8J,1
journals/sigmod/GottlobKP03a,rugPxuOyoV0J,0
conf/sigmod/DeshpandeNGS03,dCNBjTU6p90J,0
conf/sigmod/GarofalakisI96,xg7LGOsiFZQJ,0
conf/sigmod/KalnisP01,-UHxodSX8oMJ,1
conf/sigmod/MerialdoAMMP00,G9yeMOMdjSkJ,0
conf/vldb/LakshmiZ98,url:http://portal.acm.org/ft_gateway.cfm%3Fid%3D776990%26type%3Dpdf%26dl%3DGUIDE%26dl%3DACM%26CFID%3D11111111%26CFTOKEN%3D2222222,0
conf/vldb/SahuguetA99,pK5bydjeZFIJ,1
conf/vldb/ShivakumarGC98,e5bqoqFNDrQJ,0
conf/vldb/GarofalakisRS99,zJ6gN0riEsQJ,1
journals/sigmod/X95,t7V6EqtpXhIJ,0
journals/sigmod/GerlhofKM96,xsV7dkJi-YMJ,1
conf/sigmod/LivnyRBCDLMW97,9Ho84Ho6xuIJ,1
conf/sigmod/MoonSL00,Lc5M1WVbdu4J,0
journals/sigmod/Snodgrass98b,xnFmZZEmGsIJ,0
conf/sigmod/AgrawalGGR98,LcxSM4AcdmkJ,0
conf/sigmod/PeiMHZ00,UyhrqiH_-MoJ,1
conf/sigmod/ChangBCLLS00,TNk2AHqSLFsJ,0
conf/sigmod/Nori00,url:http://portal.acm.org/citation.cfm%3Fid%3D342009.335474,1
conf/sigmod/CareyDNAGS97,url:http://doi.wiley.com/10.1002/tl.8007,0
conf/sigmod/BilirisFOP96,9C3TqN1r5iAJ,0
journals/vldb/OoiTCH98,x6XDmLro_D0J,0
journals/sigmod/CrestaniG02,tyZxVraNgTsJ,1
conf/vldb/YanG95,6M8NRIgpcOAJ,0
conf/sigmod/FaloutsosRM94,dwHlH-mUoiUJ,0
conf/sigmod/TatarinovVBSSZ02,0HlMHEPJRH4J,1
conf/sigmod/AdelbergGW97,iP9s_nlGG9oJ,0
conf/vldb/PirotteZMY94,vzg-aqU2AO0J,0
conf/sigmod/Ellison95,xfZGZsYoemoJ,0
journals/sigmod/BargaL02,-Ma3wU51Ua8J,0
conf/sigmod/DeutschFS99,jftJdwAL9OoJ,0
conf/vldb/LempelM02,rIJYbADvQRUJ,0
conf/vldb/ChandrasekaranF02,ilZMdAv1KCUJ,0
journals/sigmod/JensenCEGHJ94,DOW5UL3FQk8J,1
conf/sigmod/FlorescuLMS99,Fc33kY254u0J,0
conf/sigmod/HuangSW94,USVX7x-HvgIJ,0
journals/sigmod/Winslett94,3ZYGVJ6VAWUJ,0
conf/vldb/ShengBDM02,TdjMAASfHFoJ,1
conf/vldb/AgrawalS94,3MzTom30SiMJ,1
conf/vldb/FankhauserGLMT98,KZz0CLSr0YAJ,0
conf/sigmod/AndersonBKW98,U7GsbSyD5V0J,0
conf/vldb/Mohan96,YSgaDQ95dfEJ,0
journals/vldb/DanYC95,UonK0_wtv3YJ,0
conf/sigmod/ChristophidesCM96,u6JsqePXubEJ,0
conf/sigmod/BaumannDFRW98,Sa9Z_wwFuLMJ,0
conf/sigmod/GriffinL95,url:http://portal.acm.org/ft_gateway.cfm%3Fid%3D320287%26type%3Dpdf%26dl%3DGUIDE%26dl%3DACM%26CFID%3D11111111%26CFTOKEN%3D2222222,0
journals/vldb/SuHHHLWLPLL01,IR6h-pIuL8MJ,1
conf/sigmod/ChanI98,oxgF5d22wX0J,0
journals/sigmod/EnglertGH95,JRXuKm3E_foJ,1
journals/sigmod/Winslett03c,5Y0OySIGPIsJ,0
conf/sigmod/BeyerR99,jELNVkwoX3gJ,0
conf/vldb/ManegoldBK00,url:http://www.csa.com/partners/viewrecord.php%3Frequester%3Dgs%26collection%3DENV%26recid%3D7901463,0
conf/sigmod/Cotton02,_InULg9VRZoJ,0
conf/sigmod/CruzALRZ97,YWWvQnGCpDEJ,1
conf/sigmod/Team99,-n4r-ySKlsYJ,0
conf/vldb/King02,75JKNY0KGD4J,0
journals/sigmod/PapianiWDN99,EHBFbc1r9oIJ,1
conf/sigmod/KanthAS98,LImRBeAtjMQJ,1
conf/sigmod/AcharyaPR99,gKOsM57uFB4J,1
conf/vldb/GionisIM99,uzqVcPOKd6sJ,0
journals/sigmod/Konig-RiesL97,rOp_Lj37it4J,0
journals/sigmod/SayginVC01,BrNguNfeoMMJ,0
conf/vldb/McHughW99,dyv-Sr-bjkcJ,0
conf/vldb/JonscherD94,iBEI8pUanCEJ,1
conf/sigmod/WangCMSSZ94,jdFQPeTL_y8J,0
conf/sigmod/FabretJLPRS01,xcTCdY9KBq4J,0
journals/sigmod/PissinouSEMOPSTD94,F7AdjoH_uTcJ,1
conf/vldb/GoodmanRS94,BHcShMv861YJ,0
journals/vldb/DanYC95,zl9iB7_c4bwJ,0
conf/sigmod/JaedickeM98,CYEGQWAdbXMJ,0
conf/sigmod/ZaianeHLCC98,VAX1F7QPNfsJ,1
conf/vldb/ChaudhuriS94,kkJ2bROY-RUJ,0
conf/vldb/GalhardasFSSS01,0pg4fhJE4XcJ,0
conf/vldb/GarofalakisOS97,5J5IZiTTDaMJ,0
conf/vldb/BalminHKPSW03,lwDydncdEtwJ,0
conf/vldb/BunemanDHOW95,9twqirQunT4J,0
conf/vldb/BelloDDFNSWZ98,WS8oWqv8ZTAJ,0
conf/vldb/SubietaKL95,url:http://ieeexplore.ieee.org/iel3/3990/11481/00547833.pdf%3Farnumber%3D547833,0
journals/sigmod/Hammer00,Q7nTDzVhpecJ,0
conf/vldb/DagevilleZ02,iwz4wLD_EwgJ,0
journals/sigmod/Kemper02,psWYwfHeOAcJ,0
journals/tods/KonopnickiS98,JnssiMfidcgJ,0
conf/sigmod/CareyFZ94,xuE2g4v2AjYJ,1
journals/vldb/KellerB96,Y5-Iqr5NcY8J,1
conf/vldb/FernandezSCMS03,pCUwyXzZwPQJ,0
conf/sigmod/SzalayGKT00,ZXB1xI2h-HkJ,1
conf/vldb/HellersteinNP95,87qPF4bTPesJ,0
conf/vldb/ZhangL97,pu7VB1tHNpgJ,0
conf/vldb/CormodeDIM02,fxmshdd1liYJ,0
conf/vldb/Sterling98,BT_DIcNaByYJ,0
conf/sigmod/AcharyaGPR99a,C221gFS5VVoJ,1
journals/vldb/C94,eCi5eTVzsoQJ,0
journals/vldb/BraumandlKKKKSS01,FtgaCFZscEEJ,0
conf/vldb/CarinoJ98,s149NAtTdwYJ,0
journals/sigmod/ChaudhuriD97,ewoQO00BuFoJ,0
journals/sigmod/ShethGJRSWW96,V3LZdq417gsJ,1
conf/sigmod/DraperHW01,sURGDemFSsUJ,1
conf/sigmod/ChoG00,s7K6rICx3fkJ,1
conf/vldb/XieH94,LPhPNqeeyrcJ,0
conf/sigmod/ShenoyHSBBS00,w4p6e5w_YXwJ,0
conf/vldb/BrodieC99,PAahJo-PXsIJ,1
conf/sigmod/OrdonezC00,aOY_G9fiqg8J,0
journals/sigmod/Qian97,url:http://portal.acm.org/citation.cfm%3Fid%3D248603.248618%26dl%3DGUIDE%26dl%3DACM%26idx%3DJ689%26part%3Dperiodical%26WantType%3Dperiodical%26title%3DACM%2520SIGMOD%2520Record%26CFID%3D11111111%26CFTOKEN%3D2222222,1
conf/vldb/ManegoldBK00,url:http://ieeexplore.ieee.org/iel1/2206/3160/00101352.pdf%3Farnumber%3D101352,0
conf/vldb/TsatalosSI94,Oro_T8cek2wJ,0
conf/vldb/BernsteinD94,RRYETH4xRfkJ,0
journals/vldb/TsatalosSI96,bxQuMeX7dnoJ,0
conf/sigmod/GarofalakisGRSS00,mIamgLbWsgUJ,0
journals/sigmod/SonDT96,0zGy3BmEHnIJ,0
journals/tods/GutingBEJLSV00,SiCf9YtKtj8J,0
conf/sigmod/GotoK03,v-A9Q61fYy4J,0
conf/vldb/IlyasAE03,OYKTPNLOY4cJ,0
journals/sigmod/RossAA02,7Lk_1NCWumEJ,0
conf/sigmod/PolyzotisG02,wcv-uSicnjMJ,0
conf/vldb/VassalosP97,i6gPl8JN3ycJ,1
conf/sigmod/Gerber95,9rhJ4yObPHQJ,0
conf/sigmod/PossSKL02,c3QptREmhgAJ,1
conf/vldb/GardarinGT96,9bgA6C_HqvQJ,0
journals/sigmod/SnodgrassHMOPRRWY98,i5yowOLmBJIJ,0
conf/sigmod/PangCL94,V4KYtzuj7q4J,0
conf/sigmod/GuptaS03,-iKRKlJiJzQJ,0
conf/sigmod/JajodiaSSB97,url:http://www.uwstout.edu/lib/thesis/2001/2001wachterj.pdf,0
journals/sigmod/ShanmugasundaramSKKVNT01,ScNfYXivhysJ,0
conf/vldb/AbiteboulABBNM03,wTbHDjDTkJgJ,0
journals/sigmod/HasanFV96,ybOBcBXRBqUJ,1
conf/vldb/KnorrN98,r8uYvAGT6swJ,1
journals/sigmod/Liu01a,u5CbIAzhONkJ,0
conf/sigmod/LehnerSPC00,XX1ME2gtiWkJ,0
journals/sigmod/Giorgini03,jH2zGcZXQtUJ,0
conf/vldb/RamanRH99,YJlUtEk7zwkJ,0
journals/sigmod/BonnetBDL03,hEg3DH4MPk4J,0
conf/vldb/GoldsteinR00,8zWY0hYHcoIJ,0
journals/sigmod/ShethM02,VfKOqNP73HYJ,0
conf/vldb/MehtaD95,VzQQwoEdG1sJ,0
conf/sigmod/PapakonstantinouV99,Y7J0sm6WO2kJ,1
conf/sigmod/SeshadriP97,bqXuatvXIpEJ,0
conf/vldb/RizviH02,w_LKUkY1b6IJ,0
journals/vldb/MuthOPW00,vTHt5MJz8c4J,0
conf/sigmod/HinneburgK99,0iTcuZ16qj4J,0
conf/sigmod/ZhouR02,8K8fj-o-v2AJ,0
conf/vldb/AgrawalS94,2Z_X3zsf4CoJ,1
journals/vldb/LometS97,url:http://portal.acm.org/ft_gateway.cfm%3Fid%3D219769%26type%3Dpdf%26dl%3DGUIDE%26dl%3DACM%26CFID%3D11111111%26CFTOKEN%3D2222222,0
conf/vldb/PottingerL00,CEl5yG0hERAJ,0
journals/sigmod/Barbara01,cXA0j-KIJVgJ,0
conf/vldb/LahiriSCMC01,Tnwn6P-DDjMJ,0
conf/vldb/MuthOPW98,url:http://www.springerlink.com/index/W212Q0H058V12323.pdf,0
conf/sigmod/BrunoKS02,xsh0C_nCllsJ,0
journals/sigmod/BernsteinHP00,7GqmSKoGBrIJ,0
journals/sigmod/TanK03,V8PRgHsrBAUJ,0
journals/sigmod/Winslett02,QcN2_rjpsgYJ,0
conf/vldb/ManegoldBK00,YPzPY5gKqFQJ,0
conf/sigmod/JohnsonD03,FT4Sfn-Z7GUJ,0
conf/sigmod/LuWYBLY02,nc3Gr_8Se14J,0
journals/tods/KotidisR01,LU6gAVp0BwkJ,0
conf/vldb/Adler01,zPnl6PykRrUJ,0
journals/tods/Snodgrass01a,i4sEJIGm4u0J,0
journals/vldb/BunemanFS00,V5G64xtuV4QJ,0
conf/sigmod/MatiasVW98,iSv0gW0vL8oJ,0
conf/vldb/DittrichSTW02,2uuf8HwD0IEJ,0
conf/sigmod/FegarasM95,ykGQlI-IaJkJ,1
conf/sigmod/GuptaS03,BLPcDzgX3iQJ,1
conf/sigmod/CareyDFHMNSSTTWZ94,1KSfxI44iGUJ,0
journals/sigmod/Hanson99,lb7gkidjEBwJ,0
conf/sigmod/BreitbartKRSS99,XV2lpkhWCsYJ,1
conf/vldb/Novaretti01,nBzdRuAkiEUJ,0
journals/sigmod/ErdurD02,lpRWg8Y5FEUJ,0
journals/vldb/HelmerM03,KywYdE4M00kJ,0
conf/vldb/KoudasIM00,url:http://www.springerlink.com/index/9077V01NQ2226572.pdf,0
journals/tods/MamoulisP01,JfCWQWLvJtkJ,0
conf/vldb/GoldmanW97,izQrFQyTMs4J,0
conf/sigmod/SionAP03,_L0DhCpFaXMJ,1
journals/sigmod/Kuijpers02,url:http://portal.acm.org/citation.cfm%3Fid%3D601858.601866%26dl%3DGUIDE%26dl%3DACM%26idx%3DJ689%26part%3Dperiodical%26WantType%3Dperiodical%26title%3DACM%2520SIGMOD%2520Record%26CFID%3D11111111%26CFTOKEN%3D2222222,1
journals/sigmod/Libkin99a,g4HUcNSOLesJ,0
conf/vldb/NiermanJ02,KuA45Oh0rkYJ,0
conf/sigmod/CatarciS94,Sa9Z_wwFuLMJ,0
conf/sigmod/HanKS97,lBdOuLVKsKUJ,0
conf/vldb/WeberSB98,url:http://www.csa.com/partners/viewrecord.php%3Frequester%3Dgs%26collection%3DTRD%26recid%3DN9210398AH,0
conf/vldb/Shaw98,eXyQAJA_6NAJ,0
conf/vldb/Moerkotte02,Uq6TyvdJBsYJ,0
conf/sigmod/Team99,Q5YS-yppbe4J,0
conf/vldb/SteinbrunnPMK95,BMJAEBoelywJ,0
journals/sigmod/Finkelstein95,P-o_XLWOLgMJ,0
conf/sigmod/TomasicGS94,XVtlJYx2G_wJ,0
journals/sigmod/HalkidiBV02a,url:http://portal.acm.org/citation.cfm%3Fid%3D226931.226969%26dl%3Dportal%26dl%3DACM%26type%3Dseries%26idx%3DSERIES492%26part%3DProceedings%26WantType%3DProceedings%26title%3DInternational%2520Conference%2520on%2520Digital%2520Libraries%26CFID%3D11111111%26CFTOKEN%3D2222222,0
conf/vldb/Fox02,eybUiurX77sJ,1
conf/vldb/DiwanRSS96,HjDa9on7LzoJ,1
conf/vldb/NetzCBF00,Y94yJa36IqgJ,0
conf/sigmod/BohannonDGKLNS03,tCAP842frk4J,0
conf/vldb/ManegoldBK00,sZmrat79cF0J,1
journals/sigmod/BonifatiC00,lYQwyjozF7YJ,0
journals/tods/DekhtyarRS01,Bho8kTicu-8J,1
journals/sigmod/FrankGGJKLMNPSSSTW99,93C5Prxx5YcJ,1
journals/sigmod/Cetintemel01,RUn5McMYx8YJ,0
conf/sigmod/ShenNSHS03,93MTX4_6fx0J,0
conf/vldb/LitwinNS94,ZWHcnA2llzkJ,0
journals/sigmod/LohmanGFS01,url:http://www.csa.com/partners/viewrecord.php%3Frequester%3Dgs%26collection%3DTRD%26recid%3DN9210439AH,0
conf/vldb/BaulierBGJGKKMMNNRSS98,url:http://portal.acm.org/citation.cfm%3Fid%3D1083784.1083802,0
conf/vldb/ShivakumarGC98,bNQ8mcg91sIJ,0
conf/sigmod/ShanmugasundaramNSR99,tOo-2IqYbpkJ,1
conf/vldb/KornSFSP96,tlxzWmhkuUAJ,0
journals/sigmod/AndlerHEMBE96,4gjZUO0rXRAJ,0
journals/tods/DattaVCK99,pqqmiVGbjEkJ,0
journals/sigmod/Franklin99,BMwp4tmZ9JgJ,0
conf/vldb/StanoiRAA01,eCoTASipT78J,0
conf/sigmod/RafieiM97,IlN1Z8UC688J,1
conf/vldb/PellenkoftLK97,7eQU__lH6ygJ,0
journals/sigmod/Hoffner03,9txS2mlA2DMJ,0
conf/sigmod/ChoG00,-G_N2ufuEQEJ,0
conf/vldb/ShanmugasundaramGTZDN99,bfQE0D3iNHIJ,0
conf/sigmod/ZhouWGGZWXYF03,AwFxLUGiceUJ,1
journals/vldb/RafieiM02,SB6sAQJF0tIJ,0
conf/sigmod/AbadiC02,bA0BN0njO5IJ,0
conf/sigmod/MaddenSHR02,PMgUCSCk3gYJ,0
journals/sigmod/AdelbergKG96,9aOVu7QfVQoJ,0
conf/sigmod/CluetDSS98,VZreOrzvcYEJ,1
journals/vldb/TenienteO95,G9tB3j46MoEJ,1
conf/sigmod/CeriFP98,bia-9DtfcQIJ,0
conf/sigmod/GibbonsM98,GEBNdHM0xSgJ,1
journals/tods/KarpSP03,8IR1NrQ4zm8J,0
conf/sigmod/KalnisP01,zxBYQfFQ_6wJ,0
journals/vldb/PapazogluK97,LRMu375sDTAJ,0
conf/sigmod/BaruFGHJPW95,wkY51VeO664J,0
conf/vldb/PantiSG00,eC_FnhrtK1cJ,0
journals/sigmod/Ioannidis96,bwjeZG21i8gJ,0
conf/sigmod/AcharyaFZ97,zSvWnSVwLUYJ,0
conf/sigmod/LitwinS00,j-_yafmPDyEJ,0
journals/tods/FukudaMMT01,sOBRaiLLvZgJ,1
journals/sigmod/GuptaHR97,uWgrVnAx720J,0
journals/vldb/YangW03,Dpj8kCpIfSkJ,1
journals/sigmod/McClatcheyV97,NaZOZwlOw5UJ,0
conf/vldb/Koch03,8E1ENRb4nP8J,0
conf/sigmod/FukudaMMT96a,uQvpOuVz5CUJ,0
journals/sigmod/Aberer02c,BnjziUDvts4J,0
conf/sigmod/FaloutsosSTT00,ajfWLwzgyrcJ,0
conf/vldb/FegarasE01,5rqo1DVSwvkJ,0
conf/vldb/ZouS98,fPzfCbyzqsoJ,1
conf/sigmod/BabcockBDM03,a2wqpKma5J4J,1
conf/sigmod/Amer-YahiaCLS01,NEz5xaB-IqgJ,0
conf/vldb/Mattos03,xGqg9wwqLAkJ,0
conf/sigmod/Vaskevitch94,nn3oHXtT-LQJ,0
journals/sigmod/OrlandicLS02,smEk_QwG1JkJ,0
conf/sigmod/AdaliSS99,m6ii0f95g7AJ,0
conf/sigmod/SrikantA96,Cm66C3yYtdgJ,1
conf/sigmod/GehrkeGRL99,QjV7ARd3yskJ,0
journals/sigmod/Cetintemel01,hwBMsP8-fXcJ,0
conf/vldb/LakshmananPH02,_XNRJW3FbWoJ,0
journals/sigmod/Keim96,Wf9awb8eNfQJ,0
journals/sigmod/MillerHHYHFP01,UoDzRcm9khcJ,0
journals/vldb/HarrisR96,url:http://links.jstor.org/sici%3Fsici%3D0146-4949(196123)2%253A3%253C5%253ATUDSAO%253E2.0.CO%253B2-9,0
conf/sigmod/LaursenOP94,TbVK7cIzAEYJ,0
conf/vldb/GyssensL97,7jSBx3h3cvUJ,1
conf/vldb/Mohan01,MzrZiI5tS7IJ,0
conf/vldb/IshikawaSF98,TggGsXfF7PAJ,1
journals/sigmod/Fong95,0Q2mMLh-6z0J,0
conf/sigmod/BilirisFOP96,bP_Id4YrAjoJ,0
conf/sigmod/ShashaB02a,IKaqggLfUdUJ,0
conf/sigmod/KornJF97,AygQeIp71_YJ,1
journals/sigmod/BichlerSZ98,url:http://portal.acm.org/ft_gateway.cfm%3Fid%3D1101383%26type%3Dpdf,0
journals/sigmod/CareyS99,url:http://portal.acm.org/ft_gateway.cfm%3Fid%3D310071%26type%3Dpdf%26dl%3DGUIDE%26dl%3DACM%26CFID%3D11111111%26CFTOKEN%3D2222222,1
conf/sigmod/ChenGMV02,HoQ-CLkdJr4J,0
conf/vldb/MeoPC96,4j5ryW5xA7YJ,1
conf/sigmod/AgrawalCN01,2Ua-pWTof_YJ,1
journals/sigmod/CasatiDS00,s5B5mtMCWrIJ,0
conf/sigmod/Melling94,9DSAG8ujUAMJ,0
conf/vldb/HulgeriS03,dNK16sHm9eUJ,0
journals/tods/WinslettSQ94,ELtcV7mOQDgJ,0
conf/sigmod/HanFWCZK96,wQJ5eIa0LggJ,0
journals/sigmod/CaplinskasEV02,fDDN_CsgmPEJ,0
conf/sigmod/KiesslingHFE01,mlvGL0PzDCIJ,0
conf/vldb/SchieferKBLF98,1LATgSt5o_EJ,1
journals/sigmod/LaenderRST02,eQPLe8gg-mIJ,1
conf/sigmod/McIverK94,50ZH7eUvRI0J,0
conf/vldb/ZhuS02,h6URH43MYjIJ,0
conf/sigmod/DobraGGR02,TwAQ-tizwqgJ,0
conf/vldb/SeshadriLR97,sw-iP0i7y6cJ,1
conf/sigmod/CorralMTV00,IWOd1BRV2ykJ,0
conf/sigmod/OlstonW02,osMQ44X1lCQJ,0
conf/vldb/ZimbraoS98,T21O027YUCYJ,0
conf/sigmod/BrinkhoffKSS94a,7ORykEWIrV4J,0
conf/vldb/IoannidisLGP96,focKLJx6YSEJ,0
conf/sigmod/GrossmanHQ95,url:http://www.csa.com/partners/viewrecord.php%3Frequester%3Dgs%26collection%3DTRD%26recid%3D20021212023588MT%26recid%3DA7642837AH,0
conf/vldb/GalhardasFSSS01,8rbHPYFAv9EJ,0
journals/sigmod/HaritsaS96,qA7JBQahK3wJ,1
conf/vldb/Vingralek02,url:http://portal.acm.org/ft_gateway.cfm%3Fid%3D959067%26type%3Dpdf%26dl%3DGUIDE%26dl%3DACM%26CFID%3D11111111%26CFTOKEN%3D2222222,0
conf/sigmod/GorelikWD94,YWG9plUEbigJ,0
journals/tods/GoldmanL94,VxMarpzwtzQJ,1
conf/sigmod/Chakravarthy97,BBwS1xtBj9sJ,0
conf/sigmod/SismanisDRK02,yGIQGlCDaJgJ,1
journals/tods/CasatiCPP99,2hHw3xrXq40J,0
conf/vldb/DarEGP98,P6svxVYmmBgJ,0
conf/vldb/GarofalakisIO98,yBFDEPmKwYcJ,0
conf/vldb/KietzRS97,6n7cyABplPEJ,0
journals/tods/KarpSP03,2TdRPx4vN2cJ,0
conf/vldb/LiuJ02,url:http://doi.wiley.com/10.1002/he.21,0
conf/sigmod/LometW98,KbGnrx6eIPQJ,0
conf/vldb/Ganguly98,kW_vhkubdg8J,0
conf/sigmod/Kohler99,Q523xi1Q-aYJ,0
conf/vldb/SantiniG02,XYGhVgA3cIAJ,0
conf/sigmod/AboulnagaC99,xnDzelm2t1QJ,1
journals/sigmod/Cardelli01,ux4xsCrvnLsJ,0
conf/vldb/LeeL99,V0oo0TPO6CwJ,0
journals/sigmod/Date96,_fAf3hR_Sm4J,0
journals/sigmod/Mendelzon98,XrFekuRtR2EJ,0
conf/vldb/AbiteboulMRVW98,KsQP5X9AyUgJ,0
journals/vldb/AilamakiDH02,ido_qgo3XT8J,0
journals/sigmod/Franklin00b,uV6DD8rfG2IJ,0
conf/sigmod/OrdonezC00,url:http://www.csa.com/partners/viewrecord.php%3Frequester%3Dgs%26collection%3DTRD%26recid%3D20021212029381MT%26recid%3DA7340051AH,0
conf/vldb/AbrolLMMMRTWZ01,ewgHMHz9DTwJ,0
conf/vldb/ClaussenKMP97,url:http://www.csa.com/partners/viewrecord.php%3Frequester%3Dgs%26collection%3DTRD%26recid%3DN9210542AH,0
conf/sigmod/LibkinMW96,GfoOVv_p1McJ,0
conf/vldb/ChienTZ01,8LoOn2mHUH0J,0
conf/vldb/SeidlK97,r3hFnyB0LAQJ,0
conf/sigmod/LitwinS00,qzeu5GQ_2p0J,1
conf/sigmod/BrodskySCE99,34a4H8ATLxcJ,1
journals/sigmod/Liu02c,AC19Z_yOCTUJ,0
conf/sigmod/GravanoGT94,H6fWl-cSuY4J,1
conf/sigmod/ArefBV95,dhBxVIfCp_4J,0
conf/sigmod/BressanGOT00,nognJGCmevsJ,0
conf/vldb/LiuLBHTS03,vH0J_ju5VdoJ,0
conf/vldb/BratsbergH01,bANZ4hx4Uc4J,0
conf/vldb/KoudasIM00,MKSgdiHl_G8J,0
conf/sigmod/MumickP94,DJPScaHJ4EMJ,0
conf/vldb/KaushikBNS02,yIQCcW0jn8gJ,0
conf/sigmod/HouZ95,Y4CurktH0VAJ,0
journals/sigmod/LawderK01,bkmF6EiB7UwJ,0
conf/sigmod/KornJF97,atWqYF6LcuwJ,1
conf/sigmod/KanthRA02,RgDMwqhT30wJ,1
conf/vldb/KemperK94,yt-MxJKEsL4J,1
conf/sigmod/LeflerSW96,cdhtlz7lXZ4J,0
conf/sigmod/BerensonBGMOO95,zguNkU2zLY0J,1
conf/sigmod/AndersonBKW98,TdCenJ0mmR4J,0
journals/sigmod/Palpanas00,NXgjusgLQVcJ,0
journals/sigmod/Colliat96,2XgLxexlCeoJ,0
conf/sigmod/IoannidisP95,CnqkECOGNssJ,0
journals/vldb/DerrMP94,oYnY6PUGswUJ,0
journals/vldb/MehtaGPN98,kQOOd6RAo1AJ,0
conf/vldb/ShatdalKN94,PV5P7uHh6qYJ,0
conf/sigmod/BarclaySG00,4h_j_f-RNN0J,0
conf/vldb/AdiBEY00,Q8UBGvwM2pgJ,0
journals/tods/CliffordC94,9txS2mlA2DMJ,1
conf/vldb/NieKH03,ERh1fbouzkMJ,0
conf/sigmod/ZaharioudakisC97,url:http://portal.acm.org/ft_gateway.cfm%3Fid%3D1083757%26type%3Dpdf,0
conf/sigmod/AvnurHLORRRW98,LdAYuJWGy0gJ,0
conf/sigmod/ImielinskiVB94,of7SIlWoBgwJ,0
conf/sigmod/WangPFY03,1C4Uh8BlYaEJ,0
conf/vldb/Kornacker99,url:http://pubs.acs.org/cgi-bin/abstract.cgi/achre4/2005/38/i09/abs/ar040282y.html,0
conf/vldb/RamanH01,oTPJAIoRGxsJ,0
conf/vldb/FlescaFM03,uQtZF5OEh0EJ,0
conf/vldb/HeMYW03,5D-CZlU2aAIJ,0
conf/sigmod/PatelD96,url:http://adsabs.harvard.edu/abs/1975PhDT........19N,0
conf/sigmod/Rajaraman99,rrUjaaWpq6IJ,0
conf/sigmod/ZhuSZ03,r9AmTfvRDk0J,0
conf/sigmod/BozkayaO97,Dbv2WPUYUMEJ,0
conf/vldb/ChawatheCY94,ztmxoIXankcJ,0
conf/sigmod/LometW98,F2ecYx97F2sJ,1
conf/vldb/ManolescuFKXO00,nGbNVhi1CqIJ,0
conf/vldb/StillgerLMK01,k8EsgEuKhQ0J,1
conf/vldb/HsuLOMTX02,03NbsTDEhncJ,0
conf/vldb/FangSGMU98,QaIHRpaTrQIJ,0
conf/sigmod/SeidlK98,swAAJa_XmE4J,0
conf/vldb/WangZ00,WtD34B68XEUJ,1
conf/vldb/Banerjee00,QszNQ-R3QsMJ,0
journals/sigmod/Liu03c,j-KUna58acwJ,0
conf/sigmod/DattaDTVSR02,5N2k30IYlWoJ,1
journals/sigmod/JukicV97,XtxVocI0VaUJ,0
conf/sigmod/Spiro98,KAZafbuM52EJ,0
conf/vldb/DavisonG94,Ire7Kl3ccqcJ,0
journals/vldb/TenienteO95,aC-8qspy24wJ,1
conf/sigmod/ColbyGLMT96,DFsLxg4p5vUJ,0
conf/sigmod/KanthRA02,7mtCMb1FO5cJ,0
conf/vldb/ChaudhuriGS95,url:http://portal.acm.org/ft_gateway.cfm%3Fid%3D202672%26type%3Dpdf%26dl%3DGUIDE%26dl%3DACM%26CFID%3D11111111%26CFTOKEN%3D2222222,0
conf/sigmod/AcharyaAFZ95,0lAHCM-lcjIJ,1
journals/vldb/AbiteboulCM98,rLJlqbvDn7AJ,0
journals/sigmod/BerraNT95,cnxKnS4uBHEJ,0
conf/vldb/HaasKWY97,6TrmUUoylzIJ,1
conf/vldb/GarofalakisG01,PIhBWXtNTvUJ,1
journals/sigmod/DogacDKOONEHAKKM95,4z2UkDtXnm4J,0
conf/vldb/McHughW99,7Uw9500pmWMJ,0
journals/tods/FraternaliT95,eutld3R6DwgJ,0
conf/sigmod/DattaDRTV01,LAowXPh_eMEJ,0
journals/sigmod/Ritter98,KQaOegp8JGMJ,0
conf/sigmod/NatsevRS99,rtExQDVFoKAJ,0
journals/vldb/LandauST95,IZh3wNafTv8J,0
conf/sigmod/BargaL99,x-Nt0EUZwGUJ,0
conf/sigmod/NguyenS96,T8llXFznCOwJ,1
journals/sigmod/KlasS94,c1vjKqGLkp4J,1
conf/sigmod/Team95a,wHsenNtQ2yEJ,0
conf/sigmod/YuMWL01,r9y9VlhCdAUJ,0
conf/vldb/AilamakiDHS01,gUJrOpj89tQJ,1
conf/sigmod/ReinwaldP98,QAjOGW-ffQIJ,1
conf/sigmod/ChaudhuriN98a,qhF_1yAMqGYJ,0
journals/sigmod/Roussopoulos98,4v9kQmFdaucJ,0
conf/vldb/SarawagiBKM02,bnzUppOZricJ,0
journals/sigmod/OConnellW03,mEH6G0ovzBQJ,0
journals/sigmod/DogacDATKCD98,-aWBDznLsQMJ,1
conf/vldb/AilamakiDHS01,bkhLtmprWBcJ,0
journals/sigmod/ConradEHRSSSV97,O5iYKie5bWQJ,0
conf/vldb/ShahabiFKF00,99SmJyJzngMJ,0
conf/sigmod/OlstonWACELSS98,0aJOXauNqYIJ,0
conf/vldb/ShahDR03,2WqgLZ6_ArwJ,0
conf/vldb/Galindo-LegariaPK94,url:http://www.springerlink.com/index/U2P4PV601173R065.pdf,0
conf/vldb/PatonG01,Vq8U_3bNLcUJ,0
conf/sigmod/VingralekBW94,xVyPNQL14x8J,0
journals/sigmod/FernandezFLS97,pmJvxf3Pn9QJ,0
conf/vldb/BamfordAP99,url:http://portal.acm.org/citation.cfm%3Fid%3D38713.38742,0
conf/sigmod/DuSD95,KZz0CLSr0YAJ,0
conf/sigmod/OriaOILY00,9SbEzfHLSooJ,1
journals/tods/MelnikG03,XiP6RIfVyYsJ,0
conf/sigmod/ChangH02,8qXUw67wQ8sJ,0
conf/sigmod/Mohan96,pQx8EtfLMAIJ,0
conf/vldb/ChienTZ01,eOLLJMvKI7YJ,0
conf/vldb/DaynesC02,ioxEE_ZyUtgJ,0
conf/sigmod/AcharyaGPR99,a1esMNRsK_UJ,1
conf/sigmod/DeshpandeRSN98,fLBRnsGhmuUJ,0
conf/vldb/BlottKS98,d8YdFlQwGdkJ,0
conf/vldb/FuhDCMTLDRM99,up8960y354sJ,0
journals/sigmod/AshishK97,kr6G4S2y6c0J,0
conf/vldb/HoelS94,url:http://www.springerlink.com/index/M470447876418L50.pdf,0
conf/sigmod/ClaypoolRZSK01,RcMMgtO63REJ,0
conf/sigmod/IoannidisP95,TY8TLrklIl4J,0
conf/vldb/CareyKRLABFLOPQRSSUVWY01,X2obIjGHFOQJ,0
conf/vldb/GehrkeRG98,UacENY22_esJ,0
conf/sigmod/FaloutsosRM94,4bG39HmGrAQJ,1
journals/sigmod/ChaudhuriD97,Tagq11E6HfAJ,1
conf/vldb/HoelS95,hwBMsP8-fXcJ,1
journals/sigmod/CabreraLM01,TA6-fEoamasJ,0
conf/vldb/AmielBDS94,RQTFVFT_w9gJ,0
journals/sigmod/BargaL02,url:http://adsabs.harvard.edu/abs/1976scom.nasa..609D,0
conf/vldb/FuC94,ReboDjzo5y0J,1
journals/sigmod/CabreraLM01,318zNjWA2asJ,0
conf/sigmod/IoannidisL94,zbEIJi9zcmUJ,0
journals/sigmod/Jannink95,EpNS_khXcvkJ,0
conf/sigmod/NguyenS96,qNLsbj_Fu5EJ,0
journals/tods/Chomicki03,2n8HbvXrtYQJ,0
conf/sigmod/GuhaRS98,dV7p-cfTjUQJ,1
conf/vldb/AgrawalS94,bKp266-v6gUJ,1
journals/vldb/GeorgeH00,M0W5X_JA5kcJ,1
conf/sigmod/CohenM03,GBFOUFQht4wJ,0
conf/vldb/BunkerCCMMW01,tyaWVyKPyw0J,0
conf/sigmod/Krishnamurthy03,w7I1Yef3yrsJ,0
conf/vldb/YagoubFIV00a,Z5q-jQU06xwJ,0
conf/vldb/WangHH00,LnJkNgzXkp4J,0
conf/sigmod/WattezCBFF00,qW5r3rJbms0J,0
conf/vldb/ReuterCGSW95,url:http://www.springerlink.com/index/K7153131XX6R6881.pdf,0
journals/sigmod/HadzilacosT97,Whtkp5WaSDwJ,0
conf/sigmod/Stonebraker98,HKpPOq2PqWoJ,0
conf/sigmod/TsurUACMNR98,url:http://doi.wiley.com/10.1002/he.11002,0
conf/vldb/LiCHPALHAY01,AX2lauxMHfAJ,0
conf/sigmod/AshleyFHLNP95,WfPlWCji5ekJ,0
journals/sigmod/Aberer02b,31w6ZbOV2CQJ,0
journals/sigmod/Snodgrass98a,yMcJXHJoOxIJ,0
conf/sigmod/Dyreson03,9GZOD7bx5e0J,0
conf/vldb/LubbersGJ03,09gzG5BAVdIJ,0
conf/vldb/MeekPK03,url:http://www.csa.com/partners/viewrecord.php%3Frequester%3Dgs%26collection%3DTRD%26recid%3DN9210368AH,0
journals/sigmod/Suciu01,_vOvQUzSV-gJ,1
conf/vldb/ChakrabartiDAR97,QyBDbs7EpmsJ,1
conf/vldb/GoyalHSS95,WlKxiwtLv-wJ,0
journals/sigmod/ShahMFH01,JEY4MNdwsggJ,0
conf/vldb/GravanoG95,Suw253HshiwJ,0
journals/sigmod/Vianu03,Nc-229YCpUIJ,0
conf/vldb/Shmueli01,G0--6BZRZIkJ,0
conf/vldb/LiCHPALHAY01,9sTn0UP3OTIJ,0
journals/sigmod/ChangASS98,-6DdACXVsNMJ,0
conf/sigmod/GarofalakisRRS99,F5G180y4K1cJ,0
conf/vldb/FangSGMU98,F8EAXPxQQsIJ,1
conf/vldb/LiuJ02,jTrPl_ScfMAJ,0
conf/vldb/PedersenJD99,eu5d5dGpEagJ,0
conf/vldb/OuzzaniAB94,CgoUJ7DogcwJ,1
journals/tods/LechtenborgerV03,kWTy8R3oWB8J,0
conf/sigmod/Greer99,aocPpqrqT64J,0
conf/sigmod/ColletC95,G0XVneGFh68J,0
conf/vldb/MiklauS03,WFmae47kgN4J,0
conf/sigmod/RamaswamyK95,zdkdqxkAK30J,0
conf/sigmod/Ballinger94,qIBrxCTdrUMJ,0
journals/sigmod/LightstoneLZ02,44gkG3IOtdIJ,0
journals/tods/Suciu02,Y7kHpHu3nP0J,1
conf/sigmod/Gray95,ne-Q_N17XJgJ,0
journals/vldb/ShethTP03,atRi4tHAj-kJ,0
conf/sigmod/Brown99,Ns7VIVFfuisJ,0
conf/sigmod/CruzJ99,VHhMVK7yeKUJ,0
conf/vldb/WeberSB98,Mu7C4zD0AhMJ,0
journals/sigmod/VenkatraoP95,ylSQWkUrmxoJ,0
conf/sigmod/AggarwalY00,dfSPs7YoyWsJ,1
journals/vldb/Navarro02,8A_9ucHRXyIJ,0
journals/vldb/BonifatiCP01,62MTv5WQGf0J,0
journals/sigmod/AtzeniMM97,K_xEhz8irvwJ,0
conf/sigmod/FernandezFKLS97,nlJhftjqSPMJ,0
conf/sigmod/RoussopoulosKR97,url:http://portal.acm.org/ft_gateway.cfm%3Fid%3D637425%26type%3Dpdf%26dl%3DGUIDE%26dl%3DACM%26CFID%3D11111111%26CFTOKEN%3D2222222,0
conf/sigmod/Jagadish94,xB-aPX1gKsIJ,0
conf/sigmod/ShouCTRH01,tGMQl4cQAYsJ,0
conf/vldb/GalanisWJD03,T-NTMxVT0SIJ,0
conf/sigmod/GuptaLM03,TcFvL7kvt6QJ,0
journals/sigmod/Gardels97,WLq4CqRENwMJ,0
conf/sigmod/Vaskevitch94,cr7xWKidCnYJ,1
journals/sigmod/Aberer02c,QW5g2IBUPEIJ,0
journals/sigmod/JukicNV03,M2bWqRDDfkUJ,0
conf/sigmod/ChangC01,DJv_OAw-BcIJ,0
conf/sigmod/Chamberlin03,U94IP92XSYwJ,0
journals/sigmod/Seshadri98,x1IsR0F6HaAJ,0
conf/sigmod/AbadiCCCCEGHMRSSTXYZ03,gBVNSFeS4P8J,1
conf/sigmod/AgrawalCN01,TnyFP0on7bwJ,0
conf/vldb/GottlobKP02,vEFwZXLJ49EJ,1
conf/vldb/YanG95,TtpNyg2weMoJ,0
conf/sigmod/BettiniWBJ95,GOhiERlHy74J,0
journals/sigmod/Bussche00,vM8TnB6ToEcJ,0
journals/sigmod/Snodgrass98b,cvTvXmmGd4AJ,0
journals/sigmod/KennedyMB96,NyK7o8MxfSsJ,0
conf/vldb/TeisseirePC94,mIBlsggG72MJ,0
conf/vldb/Madnick95,CVQyvLe8w38J,1
journals/vldb/HjaltasonS02,BWW-89VC9UQJ,0
conf/sigmod/GrossmanHQ95,y1XfY5IXaFsJ,0
journals/tods/IoannidisR95,XE1zjDexb64J,0
conf/vldb/ChengGKLLQS99,_pYZZxn2SjYJ,1
conf/sigmod/French95,jLaYUGJByLUJ,0
conf/sigmod/LeeKOTM00,jdcso-Z4tpgJ,0
conf/vldb/HasanM95,O3R6jm_YE2kJ,0
conf/vldb/YagoubFIV00,XY4YyEglOssJ,0
conf/vldb/CiliaHB02,_aEC8CgKod0J,1
conf/sigmod/HammerGIPUW95,jd41fd0rUP0J,0
conf/sigmod/BratsbergT00,CO2yaai_qp4J,0
conf/sigmod/Mohan96,49NxXZfVBt8J,0
conf/vldb/ShiSZ03,-OjqoDQTIxMJ,1
conf/vldb/BratsbergH01,x-oQarjjgccJ,1
conf/vldb/ChatziantoniouR96,Yz6h9gQLDJ4J,0
journals/sigmod/Nascimento03,url:http://portal.acm.org/citation.cfm%3Fid%3D776985.776996%26dl%3Dportal%26dl%3DACM%26idx%3D776985%26part%3Dperiodical%26WantType%3Dperiodical%26title%3DACM%2520SIGMOD%2520Record%26CFID%3D11111111%26CFTOKEN%3D2222222,1
conf/sigmod/KemperKM98,08LammVe7dUJ,0
conf/sigmod/JaedickeM98,MswqiEweEGUJ,1
conf/vldb/ChoenniV00,R1j3CdeOlwsJ,1
journals/sigmod/MillerHHYHFP01,url:http://www.csa.com/partners/viewrecord.php%3Frequester%3Dgs%26collection%3DTRD%26recid%3D8606720238MD,0
journals/sigmod/Colliat96,GsgRxg-8wQ8J,0
conf/vldb/MeekPK03,cR1ikuFsE1wJ,1
journals/sigmod/UlusoyB96,-McZOyw__qQJ,0
journals/vldb/C94a,d0X5xifNBY0J,0
journals/sigmod/LacroixB03,url:http://portal.acm.org/citation.cfm%3Fid%3D640990.641003%26dl%3Dportal%26dl%3DACM%26idx%3DJ689%26part%3Dperiodical%26WantType%3Dperiodical%26title%3DACM%2520SIGMOD%2520Record%26CFID%3D11111111%26CFTOKEN%3D2222222,1
conf/vldb/FaloutsosG96,0conc5JGbvUJ,0
conf/sigmod/Blakeley96,fdAecZyxb4kJ,0
conf/sigmod/ParkKKLPC98,D-ZRXdI5txoJ,0
conf/vldb/BalminHKPSW03,8xRHvInl0_0J,1
conf/sigmod/BressanGOT00,HwJ5iREmdWUJ,0
journals/sigmod/OoiST03,CJOfmiFZ3MwJ,0
conf/vldb/YuSLJ02,eCQjRu0EiagJ,0
conf/sigmod/Blakeley96,mleQXYijKw8J,0
conf/sigmod/AmbiteABKMMMPT98,p6yUJF3vpigJ,0
journals/vldb/RamamurthyDS03,aDeJIJirbb8J,0
conf/vldb/IlyasAE02,url:http://portal.acm.org/ft_gateway.cfm%3Fid%3D1101178%26type%3Dpdf,0
conf/vldb/Bhashyam96,7JFq7k71BfUJ,0
journals/tods/LakshmananSS01,2D3InxthxwoJ,0
conf/vldb/HoelS95,NRLEnDsPlOkJ,0
conf/vldb/TaoP02,n5SsAbtjBpAJ,0
conf/sigmod/TatarinovVBSSZ02,a8teJnEWTBQJ,0
conf/sigmod/Kleissner95,qa0aYaNIWxgJ,0
conf/vldb/DagevilleZ02,url:http://doi.wiley.com/10.1002/he.112,0
conf/vldb/GilbertKMS02,2NNHbUt91lUJ,0
conf/sigmod/BerensonBGMOO95,FJ2mC1bp7twJ,0
journals/sigmod/Franklin98b,iAlRWs3f1XoJ,0
journals/vldb/ShanmugasundaramSBCLPR01,HKM-zP0LT_UJ,1
conf/vldb/ShahRS02,Ro0mbGz4sVEJ,0
journals/sigmod/GerlaX03,KKiefntReoUJ,1
conf/vldb/WeikumMHZ02,Waj3U39yCMIJ,0
journals/sigmod/GrayG97,pqwojQUNgg8J,0
journals/sigmod/LinP96,ArviVFVD99QJ,0
conf/vldb/Spaccapietra94,dvkn55y9UVMJ,0
journals/sigmod/OukselS99,4pArjtI6YbcJ,0
conf/vldb/WienerN95,LQi3dlLITioJ,0
conf/vldb/MaedaT01,dB-gP-hH1zkJ,0
journals/tods/LiuHD98,td9wa7rkBNsJ,0
conf/vldb/HuebschHLLSS03,QfqykiFRwyYJ,1
conf/sigmod/BaulierBGGHJKKMMNNRSSSWW99,b73xx0sNRA4J,0
conf/sigmod/ForlizziGNS00,jW1JUC-AQXoJ,1
journals/sigmod/KimballS95,VI7-LunfQ4UJ,0
conf/vldb/ChaudhuriS96,qp6BWvbJbPMJ,0
conf/vldb/MignetMAC01,domJ5BZBcSwJ,0
conf/sigmod/FranklinJK96,yhmQdBcr4E4J,0
conf/vldb/Pogue98,bYLjqg3pPNgJ,1
conf/sigmod/BreitbartKRSS99,url:http://portal.acm.org/ft_gateway.cfm%3Fid%3D1101990%26type%3Dpdf,0
conf/vldb/PapakonstantinouAG96,vjZ89wZs27UJ,1
journals/sigmod/Naughton00,kaZA2eBctgUJ,0
conf/sigmod/ChristophidesCS00,DqHBAYRAtyIJ,1
conf/vldb/YangG01,iZwwGYcUwtQJ,0
conf/vldb/ZirintsisKM99,Mw3xLuyR3qQJ,0
conf/vldb/AdityaBCHNS02,pkJSQjnHheoJ,0
conf/sigmod/ZhouR02,9tsJSZv5yLoJ,0
journals/sigmod/BuchnerM98,qM7l598rr1kJ,0
conf/vldb/CarinoO98,0GLuXWj3okoJ,0
conf/vldb/MiklauS03,MlU0BIuBLXAJ,0
conf/sigmod/FreedmanD95,dt4Mxy8b2hwJ,1
conf/vldb/RiedelGF98,fm44zq-q_okJ,0
conf/sigmod/Pirahesh94,url:http://portal.acm.org/ft_gateway.cfm%3Fid%3D1073224%26type%3Dpdf,0
journals/tods/BertinoBFS98,tFB9gJLG4_UJ,0
journals/sigmod/ACT-NET96,E3ua6N2dDToJ,0
journals/vldb/KraissW98,LMz7v87sxxYJ,1
journals/vldb/BalkirO98,zGnOfY7sIgkJ,0
conf/sigmod/LiuPTBBZBHY98,EjGCGwe-yasJ,0
conf/sigmod/RoussopoulosKS99,S9ppxnCsh40J,0
conf/vldb/BernsteinHJRW00,wGAAD7CTrnMJ,0
conf/sigmod/RoussopoulosKV95,4oO57raSQYIJ,0
journals/tods/DiaoAFZF03,YzpwhUov4RQJ,0
conf/vldb/ChaudhuriS96,biDP45HKkKoJ,0
conf/sigmod/HellersteinHW97,IvSAepW1peAJ,0
conf/vldb/GottlobKP02,gF4nPxSCcOMJ,1
conf/sigmod/LiuPTBBZBHY98,Mx_-ddJdmGQJ,0
conf/vldb/ZirintsisKM99,4BwXY1_hKy4J,0
conf/sigmod/IoannidisLANT97,nTbFKKjr8mIJ,0
conf/sigmod/Team95,NykmTufC1ygJ,0
conf/sigmod/DobraGGR02,z1YR8jZV7YkJ,0
journals/sigmod/BarbaraS97,Egp2jUW_00gJ,0
conf/vldb/DiaoF03,JQ5z7ppKSowJ,0
journals/tods/JacoxS03,0cL5xnE9SCMJ,0
conf/vldb/AnSVKIG01,kBzZ1GUoa1AJ,1
conf/sigmod/CareyMN97,iEbvYYQ1HioJ,0
journals/vldb/DeWittNSV96,WTuHfc-D3TwJ,1
conf/vldb/ShiSZ03,Tz77UXauqjQJ,0
journals/sigmod/ClementiniF00,uRCATrXsQRoJ,0
journals/sigmod/Snodgrass98a,GZT2jVTOo4MJ,0
conf/vldb/MehtaD95,NzUcyD-oMpQJ,0
journals/vldb/NgS98,VVS-2S0TxbIJ,0
journals/vldb/ShanmugasundaramSBCLPR01,sXa76m0wBGYJ,0
conf/sigmod/CatarciS01,qT-hs70kDg0J,0
conf/vldb/DarmontS99,9nkD3JyhE1kJ,0
conf/vldb/DonjerkovicR99,KKrL1LeI_foJ,0
conf/vldb/ShuklaDN98,c5Dw3mIJDJQJ,0
conf/vldb/Mattos03,QmkA__M9kqcJ,0
conf/sigmod/DavulcuFKR99,42VwhrOd4ecJ,0
conf/vldb/KahveciS01,95wrt_V0W24J,0
conf/vldb/MuthOPW98,56VUiAqIOpEJ,0
conf/sigmod/NguyenACP01,zY5aCPBKlScJ,0
conf/sigmod/LakshmananPZ03,oiSir0Fajs8J,0
conf/vldb/ChakrabartiGRS00,2TVYDBNYioIJ,1
journals/sigmod/Hammer01,Dac7HCdX8AIJ,0
conf/sigmod/Chakravarthy97,SaAvIEy9ZVgJ,0
journals/vldb/ApersCS02,OKmmktlU0m8J,0
journals/sigmod/PaepckeGRC00,F9DV57ns9yMJ,0
conf/vldb/Greco98,B7SDHYJreasJ,0
conf/sigmod/SagonasSW94,zOre6B5JTkoJ,1
conf/vldb/AggarwalY02,PIzw-FCyvYEJ,0
journals/sigmod/Hammer03,o5uwP_0Q1iAJ,0
journals/sigmod/Darwen96,enj0OgU8GwgJ,0
conf/sigmod/ImielinskiVB94,9KBHBWVwKZsJ,1
journals/sigmod/PitouraB95,KlM6IrItVpcJ,1
conf/vldb/ChenDZ03,YlH-4hUGt2gJ,0
conf/sigmod/SengarH03,-gHuVVcpdu4J,0
journals/vldb/IshakbeyogluO98,lwWsNwo36Q8J,0
conf/sigmod/AgrawalS00,ejQ9kBpYmBoJ,0
journals/sigmod/BerzalM02,SgSCKlNYCZsJ,0
conf/vldb/Selinger02,BViQy6T_LWgJ,0
journals/vldb/KemperK95,JvffTU-lpycJ,0
conf/sigmod/Ballinger94,KkzNX3aijsoJ,0
conf/vldb/OrensteinK95,X4LNVmLLAgEJ,0
journals/tods/DekhtyarRS01,zMG9paDOtJwJ,0
journals/sigmod/Neven02,4Uo2FQdMdMEJ,0
conf/vldb/Lindsay95,RIpWKrKho0MJ,1
journals/sigmod/GroskyFS94,zMK02pxd4OEJ,1
conf/sigmod/JohnsonD03,-eIteiXiRbIJ,0
conf/vldb/DeutschT03,g3kcNWq5TSsJ,0
journals/sigmod/UlusoyB96,LclVYrb7vJoJ,1
conf/vldb/ShanmugasundaramKSFF01,LZWFLKoAXqQJ,0
conf/vldb/WiesnerK01,fPf7i-ehQ-YJ,0
conf/vldb/HageJPST03,4mTm-URpHUkJ,0
conf/sigmod/SagonasSW94a,-HHpwF62J50J,0
conf/vldb/AgarwalADGNRS96,oui-frSWZCAJ,0
conf/sigmod/DanielsDDEHJJLSSS94,url:http://www.springerlink.com/index/AXRTPDYPVJQHADPX.pdf,0
journals/sigmod/Qian95a,UFu6Rb5zyIgJ,0
journals/sigmod/TheodoridisN00,DXTczW8Dv4MJ,1
conf/sigmod/Golding95,DrMxO2zFdB8J,0
conf/sigmod/HinneburgKW02,153PgfsReSoJ,0
conf/vldb/CarneyCCCLSSTZ02,4-igDwZdi-QJ,1
journals/sigmod/NestorovAM97,lHpDCNXjIdYJ,0
conf/vldb/GinisHKMT97,JG72G2LFF4kJ,0
conf/sigmod/HammerGIPUW95,xTnydtf-HosJ,0
conf/sigmod/Ramanan02,2ZhhPMsvTaAJ,0
conf/sigmod/AntonJLPZZ02,o6boeksbT-UJ,0
journals/sigmod/RossCGLLM01,MFMGos_dGx0J,0
conf/sigmod/ImielinskiVB94,e8HjgrUfYt4J,0
conf/vldb/ChaudhuriN97,iI8qmpFcEiQJ,0
conf/vldb/KumarRRT99,9HEdn3A13BQJ,0
conf/vldb/NathDKGKS03,GkX8UYweengJ,0
conf/sigmod/NgLK98,url:http://www.csa.com/partners/viewrecord.php%3Frequester%3Dgs%26collection%3DTRD%26recid%3D155972WS%26recid%3D199301550086MD%26recid%3D199302B50057AI,0
journals/vldb/HuangDT99,cGAa1qWCKRgJ,0
conf/vldb/Duranti01,O2USGT8hKmoJ,0
journals/vldb/ShethTP03,l1e_EuQnEOcJ,0
conf/sigmod/NgLHP98,0McW0Z3yCW8J,1
conf/vldb/MignetMAC01,zLzYMIR2Ar4J,1
conf/sigmod/ChawatheG97,ezT0KzXnA3oJ,0
conf/vldb/McHughW99,LImuGHnAgjMJ,0
conf/sigmod/MeccaAMMS98,v2KwhRi-OrMJ,1
conf/sigmod/AgrawalCD02,omhk81_X_mQJ,0
conf/sigmod/ChenRW02,mi9EdWAviqkJ,0
conf/vldb/GarofalakisG01,SHDQQrfJ3BMJ,1
journals/sigmod/OoiST03,4z4OfntkUCgJ,0
journals/sigmod/Bernstein98,0ehb_4WCBmwJ,0
journals/sigmod/BerndtssonH96,PfEwULUQlCYJ,0
journals/sigmod/CatarciC96,9XYfxYVvfE0J,0
conf/sigmod/FaginKS03,z4bcKDjA1rcJ,0
conf/vldb/GallersdorferN95,OqyZE7MuP6sJ,0
journals/sigmod/Gallagher94,7aUag74jtdIJ,0
conf/sigmod/ImielinskiV95,VVD-U4tY4P4J,0
conf/vldb/GingrasL98,0Vmsc0oib2kJ,0
conf/sigmod/AgrawalES03,url:http://doi.wiley.com/10.1002/he.129,0
conf/sigmod/PatelYKTNBHRLEKGDN97,vHqHy11CsbIJ,0
journals/sigmod/ShethBS99,7pvqMvbotw4J,0
conf/vldb/ManolopoulosT01,BqSvyuGWls8J,1
conf/vldb/BhattacharjeePMLCH03,W2aqBQ42QpYJ,0
conf/sigmod/ChaudhuriD97,D7w6TQwatE0J,1
conf/vldb/LakshmiZ98,rVOuv45qXAsJ,0
conf/sigmod/BrodskyK95,SFmnhrhoQzgJ,1
conf/sigmod/FlorescuGKR02,uam2rv99rxsJ,1
conf/sigmod/AndersonAF98,vk0WBGPXzqEJ,0
journals/sigmod/X94,Iw8-n_K-MccJ,0
journals/sigmod/VetterliVS00,nGq6SaEfAgoJ,0
conf/sigmod/CandanLLHA01,pyx0Z0d1pKQJ,0
conf/vldb/CareyKSSS00,5LYJfaRzCMcJ,0
journals/sigmod/AlonsoCIM95,Y6MByfzj2c0J,0
conf/vldb/AboulnagaAN01,OBbDFGQNEDQJ,1
conf/sigmod/AgrawalASY97,C85vtVHZmjUJ,1
conf/sigmod/TomasicGS94,3EESeLhOcXwJ,0
conf/vldb/ChangG97,CVQyvLe8w38J,0
conf/sigmod/GaoW02,il6OyXEFI1wJ,0
conf/vldb/SimonD95,lLARMvKaIQMJ,1
journals/sigmod/Franklin00,Cf90HYwUgc8J,0
conf/sigmod/HsiaoN00,TGdjN3bbhIwJ,0
conf/vldb/ShuklaDNR96,RZXZ2P6w8GoJ,0
conf/vldb/HasanM95,t49bBXB5UTYJ,0
journals/sigmod/YaoG02,UN3aazSPnk8J,0
conf/sigmod/Zeller03,GvlVdAmRhLcJ,0
conf/vldb/HvasshovdBT00,rK5FdcOE_YgJ,0
conf/sigmod/DeshpandeNGS03a,pF6EW_yKYyYJ,1
conf/sigmod/WolfsonSXZC99,KgF1fX5XEHIJ,0
conf/sigmod/BeyerR99,3fQBks2g-BMJ,0
journals/vldb/AslanM99,WvgbO8f2fTIJ,0
conf/vldb/KerstenWFKBC03,qIO6ID_fla0J,0
conf/sigmod/FukudaMMT96,4BpkEHas0LcJ,0
conf/sigmod/MiloAABN03,P7vZf4MkRO4J,1
conf/sigmod/AfratiLU01,RLnjCO_98WwJ,0
conf/sigmod/ChenGM01,f0wQTqcyW4YJ,0
conf/vldb/Chakrabarti02,wb6y5WW6x6MJ,0
journals/tods/DiaoAFZF03,lES-P-Whyd4J,1
conf/vldb/MiloZ98,a7XtgKiAJFMJ,1
conf/sigmod/Bonnet02,4H4P6i2hsqAJ,0
journals/sigmod/JukicV97,hF4wfcItZEIJ,0
conf/sigmod/BeyerR99,iNbEjYPiehQJ,0
conf/vldb/ZirintsisKM99,I-sCerY5Ud4J,0
journals/vldb/BraumandlCKK00,y-6Kw9rnu7gJ,0
journals/vldb/MuckP97,0kxeQfxhytgJ,0
conf/sigmod/AdaliBSS98,ffJp_n83eYwJ,0
conf/sigmod/ParkCY95,ko0i4AzclBgJ,1
conf/vldb/CochranePM96,46aixXBMD6sJ,0
conf/sigmod/Brown99,FmUwRcMRGLYJ,0
conf/sigmod/HanKK97,lxHJ0q0WWSsJ,0
journals/sigmod/Winslett94,iogc14ZMtdcJ,0
conf/vldb/PantiSG00,MX2L1QhfzlAJ,0
conf/vldb/Graefe99,94o1Jm8zbxcJ,0
journals/vldb/SwamiS95,_4dBQhDuGRMJ,0
conf/sigmod/LiC95,url:http://portal.acm.org/ft_gateway.cfm%3Fid%3D1101293%26type%3Dpdf,0
conf/sigmod/CookWZ94,4Nk7q7oZh0AJ,0
conf/sigmod/Bayardo98,oXs-SDL-cT4J,0
journals/sigmod/RamamrithamS97,Q3U-L0NDjxgJ,0
conf/vldb/KnorrN98,gQVLY8V1hekJ,1
conf/sigmod/LangS01,v1JKxROSXfAJ,0
conf/sigmod/CasatiS01,LBc82R9_d8QJ,0
journals/sigmod/FowlerPNB99,JZIqSg_C1fIJ,0
journals/vldb/HalkidiNVV03,cJGuv6umuWEJ,0
conf/sigmod/Stonebraker03,O6C97lbayfcJ,0
conf/sigmod/LaursenOP94,XAWxqf9fnOMJ,1
conf/sigmod/AmbiteABKMMMPT98,6YRecuEYQX8J,0
conf/sigmod/BreunigKNS00,lC-yY1WxmVMJ,0
conf/sigmod/BreunigKKS01,soXTCQkuYtoJ,0
conf/vldb/AgrawalSX01,sM0DuNaNZTMJ,0
journals/sigmod/MeltonMJKSZ01,zROjad1dEr8J,0
conf/vldb/Cluet03,faRBjw1op8YJ,1
conf/sigmod/ChanI98,ocKojiIVpmAJ,0
conf/vldb/HardingLM03,oILMNygi_NsJ,0
conf/sigmod/LivnyRBCDLMW97a,BWm4odd2kd0J,0
conf/vldb/AbiteboulMRVW98,DzlO7azI3rUJ,0
journals/sigmod/SalgadoE03,3sxzBAGlNMgJ,0
conf/sigmod/SeshadriHPLRSSS96,xk9L_Fs8hAoJ,0
conf/vldb/CareyHMW96,P_to2CNr1ioJ,0
journals/sigmod/Gaffney96,ZYnsLI6mz2cJ,0
conf/vldb/StohrR01,qNi-OiqW3sIJ,0
journals/sigmod/DogacAOD95,dcePShGN-agJ,0
journals/tods/Kuo96,yeN-QG1-otsJ,0
journals/tods/SchuldtABS02,8vtUokULDisJ,0
conf/sigmod/Chan98,I9Gb1hDpqvIJ,0
conf/sigmod/HungYK96,T_fY_x5aSC8J,0
journals/vldb/PeckhamMD95,nhU_8O_9SY0J,1
conf/vldb/PapadiasTS03,5jMT1PENhSIJ,0
conf/sigmod/AgrawalS00,xSCebfi1uEIJ,0
conf/sigmod/Kohler99,w93-Ww886bwJ,0
conf/sigmod/ShashaB02a,YvPVdFdjWo8J,0
conf/sigmod/KimCK01,v9suQ9EdMYwJ,0
conf/vldb/NaumannLF99,spErtT_VfeEJ,1
conf/sigmod/KanthRSB99,7MCTI3mTrAcJ,0
conf/sigmod/Mohan94,CPPVsRZ-7xcJ,0
journals/tods/Keen97,am9zrb5azUQJ,0
conf/sigmod/DraperHW01,6MdiqTp20aoJ,1
conf/vldb/HasanM94,hqItKlvGzJIJ,0
journals/sigmod/Libkin99,zSO1Y5W7WkwJ,1
conf/sigmod/ZaharioudakisC97,uEM5SbI3GwMJ,0
journals/vldb/IshakbeyogluO98,TE7m9Lvta08J,0
conf/vldb/Jamil97,WOFCVSZAum0J,0
journals/sigmod/Liu02,KP2snzQojpwJ,0
conf/vldb/KiesslingK02,gc8iTix_wWUJ,0
conf/vldb/AilamakiDHW99,P3OrPlQUeLIJ,0
conf/sigmod/WattezCBFF00,B03NxiJHIlMJ,0
conf/sigmod/PossSKL02,g0cXxclUOy0J,0
conf/vldb/MeoPC96,Opm5VlTzQTAJ,1
conf/vldb/ShashaB02,MahT88C6p3IJ,0
conf/sigmod/BunemanM95,mQ570m4AFfwJ,0
conf/vldb/ChaudhuriGS95,I_8zcU3xMDUJ,0
conf/vldb/Sarawagi99,2B5590NrRqUJ,0
conf/sigmod/Bayardo98,gTHbhiUuQnQJ,0
journals/sigmod/Anonymous96,DpWVhvyTw_gJ,0
conf/vldb/PoosalaI97,8ZD1Gd4k7Y4J,0
journals/tods/TaoP03,XvKzOSXKGKUJ,0
journals/sigmod/HellersteinHM03,5AL17RDQqGkJ,0
conf/vldb/DaynesC02,plGE_Il13dIJ,0
conf/vldb/BrightR02,78NEk-zAlR0J,0
conf/vldb/GohOST99,1IM8YoS6TjkJ,0
conf/vldb/Leymann03,ssriDUyqjBMJ,0
conf/vldb/SrivastavaDJL96,HIsBB-kUYZIJ,1
conf/sigmod/BreunigKKS01,NY26JCMO6RsJ,0
journals/sigmod/PossasMCR00,nNb4LdK2goEJ,0
conf/vldb/BridgeJKLLM97,E5gt7MzNlZMJ,0
conf/sigmod/ZuzartePMCLW03,CqYjOC8knlMJ,0
journals/sigmod/ChaudhuriD97,WYRRB4clmB0J,0
journals/sigmod/Keim96,-v37V1zHQnkJ,0
conf/vldb/TriantafillouP97,5yJJUtcr8IMJ,0
conf/vldb/Kotidis01,url:http://portal.acm.org/ft_gateway.cfm%3Fid%3D1083768%26type%3Dpdf,0
conf/vldb/JagadishKNS99,W8O7pgTYGTYJ,1
conf/sigmod/ChaudhuriG96,ZaofVm9uvdoJ,0
conf/vldb/WangZ00,LkKpp1RloFMJ,0
journals/sigmod/HuangKL02,g4mWc14U8m4J,1
journals/sigmod/Jonsson03,aofjcXEI5zcJ,0
journals/vldb/C94b,wm8umnxr8PwJ,0
journals/tods/HjaltasonS03,Yzkuhf1-en0J,0
journals/sigmod/Snodgrass97,hDziLlpSHO4J,0
conf/vldb/FrohnLU94,00-p8Zcfo4UJ,0
journals/sigmod/BoucelmaCGJLL02,G3pyYodNTdwJ,0
journals/sigmod/WolfsonSDNR95,-xr6NM0V4ykJ,0
conf/sigmod/BrodskyK95,hZmysA645jQJ,0
conf/vldb/ChaudhuriN97,dXxxIz4aAIgJ,0
conf/vldb/PottingerB03,rpAwxzbuM_oJ,1
conf/sigmod/DeshpandeRSN98,XA7Rjffpk-AJ,0
conf/sigmod/BunemanM95,V9DIFmU3vi8J,1
conf/vldb/KemmeA00,MoiF5MYTIrYJ,1
conf/vldb/GarofalakisG02,40cq9ovvXn8J,0
conf/vldb/RamasamyPNK00,L6T-oOiw2IMJ,0
conf/vldb/LevySSZ94,5v96BnL4rTYJ,0
conf/vldb/LahiriSCMC01,Npl9Wsk5B_YJ,0
conf/vldb/DiaoLCT00,SBCfcrkxWpkJ,0
conf/vldb/EsterKSWX98,eH0glugbivcJ,0
journals/sigmod/Mendelzon00,1oF5TBBEOCYJ,0
conf/vldb/Draluk01,v9BdA55u_XMJ,0
conf/vldb/JoshiBLL98,3tmUXih-IZEJ,0
conf/sigmod/Hellerstein94,lfZOgsfDvhcJ,0
journals/sigmod/Wiegand02,BepoZs51TYoJ,0
conf/sigmod/GoyalHKMS96,E81b1ZUux6cJ,0
conf/vldb/WildfogelY97,LGStH5M4jPUJ,0
conf/vldb/PalpanasSCP02,UpOnTFLTR3sJ,0
journals/vldb/IoannidisNSS97,JTo5CvkU0k0J,0
journals/tods/DekhtyarRS01,YYO8k-dsYFQJ,0
conf/vldb/Sullivan96,-CpTUfrpzOYJ,0
journals/vldb/GibsonKR00,Rx-KsoHVfSwJ,0
journals/sigmod/Seligman97,A-baspTxH0EJ,0
conf/sigmod/AcharyaAFZ95,xlaOWMijP3sJ,0
conf/sigmod/CareyFZ94,0HtzWhwAUH8J,0
journals/sigmod/Wedekind94,GZVRN47DJmMJ,0
conf/sigmod/ChawatheG97,5O88Bum19wAJ,1
conf/sigmod/ShanmugasundaramNSR99,w_oXiQ-bR70J,1
journals/sigmod/PalpanasPKG03,url:http://portal.acm.org/ft_gateway.cfm%3Fid%3D959074%26type%3Dpdf%26dl%3DGUIDE%26dl%3Dacm%26CFID%3D11111111%26CFTOKEN%3D2222222,1
conf/sigmod/CareyK97,hAJVxMGuCIkJ,0
journals/sigmod/Rosenthal98,fqvODY6vPfwJ,0
conf/vldb/HerlekarDRGS02,7zBV3cTwybwJ,0
conf/vldb/ZhouLZLZJT01,LckYdSB-fV4J,0
journals/vldb/PoulovassilisS96,0BMQ7HirTaUJ,1
conf/sigmod/HellersteinN96,5vvOcgfpjUgJ,1
journals/sigmod/Winslett02a,url:http://www.springerlink.com/index/77820U7X105L87G4.pdf,0
conf/sigmod/ChenRW02,BTo5t95Oaf8J,0
journals/sigmod/TanK03,_JwGwZUTAOEJ,0
conf/vldb/ChanGR02,RIjlciXyINwJ,0
conf/sigmod/DeshpandeGR01,0Ta25VSGl7kJ,1
journals/sigmod/BertinoEH01,ohnsx9blOeoJ,0
conf/vldb/KonigW99,doKNWVLudoEJ,0
conf/vldb/LakshmananPH02,-ZgWOXtkYnEJ,0
conf/vldb/MehtaD95,o4ZL9VblaEMJ,0
conf/sigmod/SagonasSW94,nF5iGEtihWYJ,1
conf/sigmod/JagadishLMSV99,RzStO28Xh-EJ,0
conf/vldb/X00,FM7yHqbxHIkJ,0
journals/sigmod/Snodgrass99b,upKu69HoEFsJ,0
journals/tods/OliverS94,RUyqFOxZyDoJ,1
conf/sigmod/DogacAEOADAOS94,cejTJ8s8w_0J,0
conf/vldb/KamelF94,SuPC457J-a0J,1
journals/sigmod/Snodgrass98c,ZJhgJ5JwP7UJ,0
conf/vldb/Vieille98,BmX-1D8_Y6sJ,0
conf/vldb/PetrovicBJ03,url:http://ieeexplore.ieee.org/iel1/2206/2194/00060335.pdf%3Farnumber%3D60335,0
journals/sigmod/HansonN99,LT5TPhUgd9AJ,0
journals/vldb/C95b,8ig7Cy6J3FEJ,0
conf/vldb/ScheuermannSV96,0Mw4sFUbuwsJ,0
conf/sigmod/Sahuguet01,Sfp4WYXOZqIJ,0
journals/sigmod/SmithO99,HylEvhvu8LIJ,0
journals/sigmod/SommerGB02,url:http://doi.wiley.com/10.1002/ev.1625,0
journals/sigmod/Chaudhri95,gBNdDmhCL94J,0
conf/vldb/KangC02,srJr-8rCZ4YJ,0
journals/sigmod/CiliaB02,KYu8g5p4TRMJ,0
journals/vldb/PacittiS00,9ReaNbX2I-IJ,1
conf/vldb/HuangJR97,YFEgC5k39R8J,0
conf/sigmod/LivnyRBCDLMW97a,650ZrCZZevwJ,0
journals/sigmod/ACT-NET96,AWM-7zzaO7wJ,1
conf/vldb/BonifatiCDS01,Rv3YYM2s9Q0J,0
conf/sigmod/SaltenisJLL00,wnMZjFGvYVQJ,1
conf/vldb/Gawlick96,iV8wHls2iJcJ,0
conf/vldb/WangHH00,qbxHq9qXVrUJ,1
journals/tods/WolfsonJH97,ZOyj9b-junsJ,0
conf/sigmod/IoannidisLANT97,uHcMYIQRGCYJ,0
conf/sigmod/Mohan99,WkMdh3V7bBAJ,0
conf/vldb/Nori02,_SUd4aUz5aAJ,0
journals/sigmod/CaplinskasEV02,url:http://portal.acm.org/citation.cfm%3Fid%3D507338.507367%26dl%3DGUIDE%26dl%3DACM%26idx%3DJ689%26part%3Dperiodical%26WantType%3Dperiodical%26title%3DACM%2520SIGMOD%2520Record%26CFID%3D11111111%26CFTOKEN%3D2222222,1
journals/sigmod/PapianiWDN99,idlILHmmBtEJ,0
conf/sigmod/LiS98,VGyOaKo9oesJ,0
conf/sigmod/AdaliCPS96,url:http://portal.acm.org/ft_gateway.cfm%3Fid%3D1107510%26type%3Dpdf,0
journals/sigmod/FifeG03,lTzbCk4GHHgJ,0
journals/sigmod/CabreraLM01,VB6J8i9kBFwJ,0
conf/sigmod/KornackerMH97,oC7_BMOW2JkJ,0
conf/sigmod/MissikoffT94,LheTpusUIQAJ,0
conf/vldb/KoudasIM00,rRU4dpH4F6cJ,0
conf/sigmod/MumickQM97,57bJCPQaywMJ,0
conf/vldb/GyssensL97,TxbEFHkEYRMJ,0
journals/vldb/ChandrasekaranF03,b9r9U3OwrkcJ,1
conf/vldb/ShashaB02,6nTs7QjnfDcJ,1
conf/vldb/BrinkhoffK94,UVL6Ke5xQ1AJ,0
conf/vldb/PapadiasTS03,uvIQ0iYMSisJ,0
conf/vldb/GehaniJR94,4DV7r4cK1j8J,0
conf/vldb/MiloZ98,QzFRa87b4HEJ,0
conf/vldb/PedersenJD00,CTpvDogppJEJ,0
conf/sigmod/BilirisFOP96,GnpLQKPVRxsJ,0
conf/sigmod/ShouCTRH01,pJOTwo40I-YJ,0
journals/vldb/Navarro02,I2wMFCJJ2ZsJ,0
conf/vldb/ChanFFGR02,57N49yQNYIAJ,0
conf/vldb/JohnsonM98,cTZLUZ5_cfkJ,1
conf/sigmod/BergstraesserBPS99,E9ois9WJH38J,0
journals/sigmod/RamanathanH97,jlQWdEGWZVQJ,0
journals/tods/Chomicki03,twSJS41bgpgJ,0
journals/sigmod/Wiegand02,dAF5Z861mZgJ,0
conf/sigmod/ThaperGIK02,9wQ6RWWcHRIJ,0
journals/sigmod/GamacheS95,_EDhM4bq8b0J,0
conf/sigmod/DanS95,qQ6-sODrqAYJ,0
journals/sigmod/MaximilienS02,hgjhR8PwNVwJ,1
conf/sigmod/GeneserethKD97,87xcuvyr3sQJ,0
journals/tods/YanG94,RXYXMFnJFU4J,0
journals/sigmod/Vianu03,JgenqfLQC1UJ,1
conf/sigmod/PapakonstantinouV99,du5GsqT0_vQJ,1
journals/sigmod/Ulusoy95,JjyMdEWh-PwJ,0
conf/vldb/ChoG00,9MI4jOOqkn4J,1
conf/vldb/WildfogelY97,url:http://portal.acm.org/ft_gateway.cfm%3Fid%3D1101992%26type%3Dpdf,0
conf/vldb/SavasereON95,rmfK2zWkuagJ,1
journals/sigmod/RamanathanH97,EID4UO0Kv04J,1
journals/vldb/ShyyASL96,FjtamVaE7OgJ,0
conf/vldb/PitouraC99,6VU-VxcDsFsJ,1
journals/tods/Suciu02,rCm8Uqs31csJ,0
conf/sigmod/BohannonDGKLNS03,i6n6ovuwI80J,0
conf/vldb/BernsteinHSSZ97,62aA4DYB0MQJ,1
journals/vldb/MylopoulosCPST96,WyS9qztNC8kJ,0
conf/sigmod/BerchtoldBK98,hoi0T_8So4gJ,1
conf/vldb/Kuhn03,BXtxq-cAS80J,0
journals/sigmod/LohmanGFS01,J8yz0K_cD4cJ,0
journals/tods/DyresonS98,xSi1P_WJSp8J,0
conf/sigmod/Martin94,url:http://portal.acm.org/ft_gateway.cfm%3Fid%3D641004%26type%3Dpdf%26dl%3DGUIDE%26dl%3DACM%26CFID%3D11111111%26CFTOKEN%3D2222222,0
conf/vldb/RezendeS98,qBy5uKdBWW8J,0
conf/sigmod/KornJF97,OS4_l9VMXxQJ,0
journals/sigmod/Darwen96,_CCtcLjmJTQJ,0
journals/vldb/RoySSSA98,T5qIfUOYZMYJ,0
journals/vldb/RamakrishnanSSS94,s070x0bxnCQJ,0
conf/sigmod/WhiteD95,rfn5CvVlPtEJ,0
conf/vldb/AgrawalSX01,hZg-dhX5R_YJ,0
conf/vldb/ShengBDM02,cixQCxoXzvUJ,0
journals/sigmod/BerndtssonH96,pCAN6AC67qAJ,0
conf/sigmod/ChawatheRGW96,url:http://pubs.acs.org/cgi-bin/abstract.cgi/achre4/asap/abs/ar020073i.html,0
conf/vldb/WangYM97,9ZZUMEt53K4J,0
journals/sigmod/Mendelzon00,c_zaXEno5tcJ,0
conf/vldb/Sacks-Davis96,I2r7L6G4whoJ,0
conf/vldb/ChaudhuriN97,pjxmk0ArBPIJ,0
conf/vldb/LeslieJBY95,7RNBByph3bAJ,0
conf/sigmod/OConnellISWABCCLPWW96,X-_67dfPCBEJ,0
journals/vldb/PucheralBVB01,4iRB3p6MbdIJ,0
conf/vldb/SchieferKBLF98,url:http://www.csa.com/partners/viewrecord.php%3Frequester%3Dgs%26collection%3DTRD%26recid%3D200111010688MT%26recid%3DA0032606AH,0
journals/sigmod/SycaraKWL99,CfVOsnm-ebMJ,1
conf/vldb/ManegoldBK02,k8EsgEuKhQ0J,0
journals/vldb/HarrisR96,56ZjYr6p2AUJ,0
journals/sigmod/Bernstein01,4QWSWnEElo8J,0
journals/sigmod/Liu02c,cVL2MuTXgWwJ,0
conf/sigmod/BerensonBGMOO95,erfmqxP7BkAJ,0
conf/vldb/ShatdalKN94,WeNlI6f74WsJ,0
journals/sigmod/Hammer00,G1E5PwzwdSMJ,0
conf/sigmod/Kleissner95,Y3PHtjFI5WsJ,0
conf/sigmod/BerckenDS00,3OI9qJr3u6YJ,0
conf/vldb/TreschPL95,O8NVEMXnXk0J,0
conf/sigmod/SarawagiTA98,gSP43Tr3KTgJ,1
conf/sigmod/AchyutuniON96,V0c3PqbXCWYJ,0
conf/vldb/WangZL03,uslMCdq5gUsJ,0
conf/vldb/RothOH99,oKj8jomWcNkJ,0
journals/vldb/GibsonKR00,rlfxeE4k2p4J,0
conf/sigmod/YangM97,5uvR4kU1UOoJ,0
journals/sigmod/SlivinskasJS02,url:http://portal.acm.org/ft_gateway.cfm%3Fid%3D565119%26type%3Dpdf%26dl%3DGUIDE%26dl%3DACM%26CFID%3D11111111%26CFTOKEN%3D2222222,1
journals/sigmod/CaplinskasEV02,7J-oNgmswssJ,0
journals/tods/CliffordDIJS97,7f_sCiSisgYJ,0
conf/sigmod/YuMWL01,AfbwCQP-vpcJ,0
journals/sigmod/AilamakiG03,849zvQ7xXFIJ,0
journals/sigmod/PapazoglouH99,-vu0jHhUwCkJ,0
conf/sigmod/HellersteinHW97,K6752bGaG2QJ,1
conf/vldb/CarinoO98,T8BPorXB1VsJ,0
journals/sigmod/Wade96,w9IzqrZAa74J,0
journals/sigmod/Jagadish00,9sT2MN2C4DcJ,0
conf/sigmod/FlorescuGKR02,zmNLsfrnKrQJ,0
conf/vldb/MarronL01,WAivXgeI8vIJ,0
conf/vldb/LakshmananPH02,h32JOlo99WUJ,0
conf/sigmod/MayrS99,q9VHUX9LorMJ,0
conf/vldb/AdityaBCHNS02,kf4ue4T2tyMJ,0
conf/sigmod/Golding95,url:http://portal.acm.org/citation.cfm%3Fid%3D223784.223865%26dl%3Dportal%26dl%3DACM%26type%3Dseries%26idx%3D223784%26part%3DProceedings%26WantType%3DProceedings%26title%3DInternational%2520Conference%2520on%2520Management%2520of%2520Data%2520and%2520Symposium%2520on%2520Principles%2520of%2520Database%2520Systems%26CFID%3D11111111%26CFTOKEN%3D2222222,1
conf/sigmod/GuhaRS98,wiE9QG5qC2wJ,1
conf/sigmod/BozkayaO97,gELFGJD2bkwJ,0
conf/sigmod/ChenZCKR01,ahmoRsqTUY8J,0
conf/sigmod/YerneniLGU99,p7jagU7k2-IJ,1
conf/sigmod/Perna95,jcS7O6vQijMJ,0
conf/vldb/GuPS00,L2c8XblCSicJ,0
conf/vldb/BernsteinD94,bExZ_DtaiO8J,0
conf/sigmod/WangTYGWP02,loFIbaxAcG0J,1
conf/vldb/LohmanL02,wx9sJrHtIkkJ,0
conf/vldb/DeWittKLPY94,v28sNPXqL7YJ,0
journals/sigmod/Hammer00,KMNM_JBADGUJ,0
conf/vldb/ZirintsisKM99,-BSN5v08UW0J,0
conf/sigmod/GuhaJKSY02,y15sTP2MM4sJ,0
conf/sigmod/KriegelBKPS03,fXrGqTf3bfQJ,0
conf/vldb/HanF95,76X91rVs8BQJ,1
journals/vldb/RoySSSA98,qn7uNBzgFtwJ,0
conf/vldb/ChenCFGJMTW99,_vOvQUzSV-gJ,0
journals/sigmod/OConnellW03,8PPmw6A0XfkJ,0
conf/sigmod/GunopulosKTD00,ASfROcKWFmgJ,1
conf/vldb/BernsteinD94,rNNtyNCgHLoJ,1
conf/vldb/Wadler01,TyF71uAlnLsJ,1
journals/sigmod/Richey95,dQje8vu7W4YJ,0
journals/vldb/LiCHH01,9HPkiwdiFecJ,0
conf/sigmod/AltinelLKMPLWB02,HtYTQ-fN8ccJ,1
conf/sigmod/Chamberlin03,inO1C1LM5hEJ,0
conf/vldb/MignetMAC01,96ByjEZ_1I4J,0
conf/sigmod/ChristophidesCM96,-LUnZ7Zwr1QJ,1
conf/sigmod/FaginKS03,_YwQRV60LwcJ,0
journals/sigmod/LiefkeS00,lW1mG77k6_UJ,0
journals/vldb/AtluriJY03,Nm4mm1zJfj8J,0
conf/sigmod/Mohan94,c95ytIsGZ4EJ,0
conf/sigmod/BunemanDHS96,eB6xi8_wg3QJ,1
conf/vldb/LinR98,Rryvv2hXRGcJ,0
conf/vldb/BraumandlCK98,url:http://www.springerlink.com/index/U0175R02441P3U06.pdf,0
conf/sigmod/YanMHF01,WhGxd-L0_4EJ,0
conf/vldb/Mohan01,url:http://www.csa.com/partners/viewrecord.php%3Frequester%3Dgs%26collection%3DTRD%26recid%3DN9210522AH,0
journals/tods/KarpSP03,39W3k5LkFbgJ,0
journals/sigmod/LeeCL95,POra9uvClnEJ,0
conf/vldb/BaumgartnerFG01,WD4c-qVPWGUJ,0
conf/sigmod/BohannonMR01,rD_Ar0_fASAJ,0
journals/sigmod/Snodgrass03b,PmIVKWJ5_V4J,1
journals/sigmod/NormanZT96,n0q3Jafl1BEJ,0
conf/vldb/CarinoOBS99,JVvFcEnXBmkJ,0
conf/vldb/HardingLM03,Qa2ZNuo0ZEcJ,0
journals/sigmod/FrankNS02,url:http://portal.acm.org/citation.cfm%3Fid%3D248603.248618%26dl%3DGUIDE%26dl%3DACM%26idx%3DJ689%26part%3Dperiodical%26WantType%3Dperiodical%26title%3DACM%2520SIGMOD%2520Record%26CFID%3D11111111%26CFTOKEN%3D2222222,0
conf/sigmod/Spiro98,wB5cw1w-12EJ,0
conf/vldb/JarkeKL00,bLI5eWO9AAsJ,0
conf/vldb/ArionBCDMP03,lBGzJFYu6YQJ,0
journals/vldb/BenzakenD95,to4vKLg3zyMJ,0
journals/sigmod/RoddickABDEGHLMMMW00,ZvnDR3_DcxoJ,0
conf/vldb/IlyasAE03,Y385z1Dxp84J,1
journals/sigmod/KempsterST99,Hpvs7j5kyBYJ,0
conf/vldb/Bhashyam96,1cYvEgpLxkkJ,0
conf/sigmod/JagatheesanR03,5w5LdhxJ6QsJ,0
conf/sigmod/ZhangRL96,qNpdgL3-EH4J,0
journals/vldb/C95c,Pgqk5xg-U2AJ,0
journals/vldb/PoulovassilisS96,B87s9MFTeZ8J,1
conf/sigmod/MamoulisP99,KR41az-1sgEJ,0
journals/tods/WinslettSQ94,jnKI8s93N4MJ,0
journals/sigmod/Aberer02c,url:http://links.jstor.org/sici%3Fsici%3D0146-4949(196724)8%253A1%253C60%253ATIOWSA%253E2.0.CO%253B2-R,0
conf/sigmod/OlstonW02,_a6hDGthMp4J,0
conf/sigmod/ChenRW02,ERJFzmyxuAsJ,0
journals/sigmod/Snodgrass03c,vso2UsaVKaoJ,0
conf/sigmod/ChaudhuriN98,u88HRIXldTAJ,0
conf/sigmod/VitterW99,UdIGV5Q02PgJ,0
conf/vldb/ZirintsisKM99,t5BIOe-4Vj8J,0
conf/sigmod/CareyMN97,1YwWzj1zWzUJ,0
conf/vldb/FrohnLU94,xpreqF8k7N4J,1
conf/sigmod/GarofalakisRRS99,52HbLFJ4QVEJ,0
conf/vldb/JiangWL03,qLAhG7kf2_sJ,0
journals/sigmod/OukselS99,201dEhaoIQEJ,0
journals/vldb/ChanGR03,12pVyHouH9UJ,0
conf/vldb/ManolescuFK01,O8eIfc2eSjcJ,1
conf/vldb/ShivakumarGC98,dbdZDQ9kKbEJ,0
journals/sigmod/ChengP03,AuLP3kEXgVgJ,0
conf/vldb/SrikantA95,bibMn8zFnksJ,1
conf/sigmod/FranklinZ98,jIu9h3AADhMJ,0
journals/sigmod/Libkin99,0VkVsSsdtBAJ,0
conf/vldb/RezendeH98,mqVLzgzSWowJ,0
conf/sigmod/MayrS99,tKZZIIJyaTwJ,0
conf/vldb/PapadiasZMT03,hJ8VP7FyOL0J,1
journals/sigmod/Ozsu01a,1QvhrpZ7KBgJ,0
conf/vldb/GarofalakisG02,Lv0bggWzgeoJ,0
journals/sigmod/Snodgrass02b,xJTZGkj4DnIJ,0
conf/vldb/BridgeJKLLM97,WHketFIo1mkJ,0
conf/sigmod/ShenNSHS03,LjrsWIr3rhAJ,1
conf/sigmod/BerchtoldK98,3U2brLQKaj4J,0
conf/vldb/Koch03,url:http://portal.acm.org/ft_gateway.cfm%3Fid%3D1101938%26type%3Dpdf,0
conf/vldb/WangZL03,hHN15bvuD08J,0
journals/vldb/AbbadiSW01,C2YBjLq0rWUJ,0
journals/sigmod/X94,nBY5dLln5ooJ,0
conf/vldb/AmmannJR95,vZFn64Sa5W8J,0
conf/sigmod/RadekeBBEKKN95,ZomhT-fylYEJ,0
journals/sigmod/DunhamH95a,Y8UdbAPhYpUJ,0
journals/sigmod/Fong97,url:http://doi.wiley.com/10.1002/he.130,0
conf/sigmod/Cohen98a,o1k-XjRZEeYJ,0
conf/vldb/BonifatiCDS01,psZeaY6_AFsJ,0
conf/sigmod/JagadishKS00,SsdWVx5YNXQJ,0
conf/sigmod/EmbleyJN99,ABhQOwQZ1pgJ,0
conf/sigmod/BhargavaGI95,jUtYqmuucf0J,0
conf/vldb/SchieferKBLF98,IlHHVDDCChAJ,0
conf/sigmod/BargaL99,w1eiYT5BxC4J,0
journals/sigmod/Segev94b,url:http://www.csa.com/partners/viewrecord.php%3Frequester%3Dgs%26collection%3DTRD%26recid%3DN9210423AH,0
journals/tods/FernandezKSMT02,3ZbNK5Fb4sIJ,0
journals/sigmod/Labrinidis01,crg6ODrUfR0J,0
conf/sigmod/Brown99,dmzmQQgUg_oJ,0
journals/sigmod/Qian96a,jF31w9e2N1UJ,0
journals/sigmod/OConnellW03,a_DdnIdhfAMJ,0
conf/sigmod/ChenDLT00,jc_ZKbWWMRwJ,0
journals/sigmod/Ozsu01,0ZvKAMWwp80J,0
journals/sigmod/Fankhauser01,d2pacER8IaoJ,0
conf/vldb/FlodinR95,L8wWff0_CbQJ,0
journals/sigmod/Weikum02,k-OqQQ5N3zsJ,0
journals/sigmod/Jarke95,url:http://portal.acm.org/ft_gateway.cfm%3Fid%3D202671%26type%3Dpdf%26dl%3DGUIDE%26dl%3DACM%26CFID%3D11111111%26CFTOKEN%3D2222222,1
conf/sigmod/DarEGP98,srL-d7_8TfwJ,0
conf/vldb/DeWittKLPY94,aaPy4E9lWTwJ,0
conf/vldb/KemperK94,bCtysaR3aXUJ,0
journals/vldb/WhiteD95,DizdLdHjnCEJ,0
journals/tods/DyresonS98,HRyWecmFg3gJ,0
conf/vldb/SizovGT03,UbQPXbPLMCAJ,1
conf/sigmod/ZaianeHLCC98,KqpdcaY4oFUJ,0
journals/sigmod/GerlaX03,0-kK0B9hwIUJ,0
conf/vldb/JiangWL03,0bU8xLEZdHUJ,0
conf/sigmod/AcharyaFZ97,9OEjtHuRUzsJ,1
conf/vldb/TeisseirePC94,w17spSGfEXYJ,1
conf/sigmod/SistlaW95,72It36Q0MKoJ,0
conf/vldb/HvasshovdTBH95,o2qGdf4L94MJ,1
conf/sigmod/QunLO03,aFmww6U_joAJ,0
journals/vldb/RamamohanaraoH94,XKuSC7ImkjUJ,0
conf/vldb/FrohnLU94,sdAzLxWadJgJ,0
journals/sigmod/Jarke95,COt_IeNQVyEJ,0
conf/sigmod/FernandezS96,9bgA6C_HqvQJ,1
conf/sigmod/ZhangNBB94,Ft52Yx9kdnMJ,0
conf/sigmod/GodfreyGXZ01,61aonBfs7HUJ,0
journals/sigmod/CiliaB02,9kxBGuFP8m8J,0
journals/vldb/SaltenisJ02,hMs2hT2OZwUJ,0
conf/vldb/RamamrithamABEGP00,jYGXFESkS-YJ,1
conf/vldb/ChirkovaHS01,SuUbXXfRBgcJ,0
conf/vldb/Gibbons01,_WygsRl30PUJ,0
conf/vldb/ShivakumarGC98,GHz2PmQwW2UJ,1
journals/sigmod/GriffinK98,NusQl_2spdYJ,1
journals/tods/AikenHW95,XLld3hq3vt0J,1
conf/sigmod/MorpainCFP96,98umDgwqRHcJ,1
conf/sigmod/BabcockBDM03,7iM5GbDx4xYJ,0
journals/sigmod/SellisV95,-PsgeiuPJOEJ,0
conf/sigmod/Edelstein95,1AVUl1P8z7kJ,0
conf/sigmod/ZhuS03,2tpeHehG2Q0J,0
conf/sigmod/BrinMUT97,ZAjbM4H53aUJ,1
conf/vldb/BettiniJWW02,iIYy7uOxOFIJ,0
conf/vldb/GohOST99,a9ci3p1oz3gJ,0
journals/vldb/C94,url:http://adsabs.harvard.edu/abs/1985mit..reptU....W,0
conf/vldb/BrightR02,Nn3ps1KHY2oJ,0
conf/sigmod/TsurUACMNR98,osZ0tQkyCDcJ,0
conf/sigmod/DogacTPPLKTK02,A_CuTWh-U2MJ,0
journals/vldb/Barbara-MillaG94,blWHtT2jE90J,0
journals/sigmod/Aberer02c,V5a6ofGBR08J,0
conf/sigmod/EmbleyJN99,g1Dv4Zs2pUQJ,0
conf/vldb/XinHLW03,f1WG59h_QXAJ,0
journals/sigmod/CeriFP99,zCbDZVfxWhAJ,1
journals/vldb/IvesHW02,d0xKggmVWwkJ,0
conf/sigmod/SzalayGKT00,2ikeMlH1BGsJ,1
conf/vldb/ShahRS02,1iiUArCuZZgJ,0
journals/sigmod/Wong95,XhXW1B67jAEJ,0
journals/sigmod/Liu01b,hPhehdJhOSYJ,0
conf/vldb/VermeerA96,bEddMdwB2_4J,1
conf/vldb/MendelzonV00,Ah3ENTVwMj4J,1
conf/sigmod/ZhangZPTL03,CVxu2Xj0j4kJ,0
conf/sigmod/AndersonAF98,pia9yMNPyWwJ,0
conf/sigmod/SzalayGKT00,YVCi81Vp9KAJ,1
conf/vldb/RoussopoulosK98,8J1sLFcviQ0J,0
conf/sigmod/KornackerSH98,08hpWyqMTqAJ,1
conf/sigmod/OlstonWL01,p5ilEnxkEIkJ,0
conf/sigmod/SlivinskasJS01,dh7NxiN6NoUJ,0
journals/sigmod/TaninBS96,KUB7XvwH30AJ,1
journals/sigmod/AdelbergKG96,050_pkr0BGsJ,0
journals/sigmod/AlonsoCIM95,EgptTCYhOgkJ,0
journals/sigmod/BoulosO99,QgdyJIO3TbAJ,0
journals/tods/BozkayaO99,DijiwhAHwG8J,0
conf/vldb/DeWittKLPY94,_NXKH69v2TIJ,0
journals/vldb/Halevy01,FCE0PzOhAAkJ,0
conf/vldb/NgH94,xVYS8ajgnQsJ,0
journals/vldb/OoiHLT96,rcq7JiA3rHkJ,0
conf/sigmod/Zeller03,Q_65exSCdHwJ,0
conf/sigmod/DoanDH01,K3Jc-wk2pIgJ,0
journals/sigmod/AbererCH02,NBll1xkW9XwJ,0
conf/sigmod/ChawatheRGW96,vtFRSZnT1lwJ,0
conf/vldb/SahuguetA99,x28I9Elj9KIJ,0
journals/vldb/RoySSSA98,tGGBf96ZQk0J,0
conf/sigmod/ShklarSKT95,4IaWCBK6dMQJ,1
conf/vldb/Uhl02,YRSKsAxrxXEJ,0
conf/vldb/Sullivan96,dm6djwOTR1wJ,0
conf/sigmod/PapadiasTSE95,x98qKvpwKyYJ,0
journals/sigmod/Alonso95a,oMAElxLN0usJ,0
journals/sigmod/Alonso94a,6qf2PtmvN4kJ,0
conf/sigmod/RoussopoulosKV95,-Qgae9nNz5MJ,0
conf/vldb/ChristodoulakisTZ97,V8t4UXbZIa0J,0
journals/tods/MokNE96,q91DbYwcH54J,0
conf/sigmod/SeshadriHPLRSSS96,HryDM6f31goJ,0
conf/sigmod/AltinelABFSZ99,iCiiUDcD__8J,0
journals/vldb/DoanMDDH03,9la3-OW7Zz4J,0
conf/vldb/PapadiasMD98,7ZPciSoauy4J,0
conf/sigmod/AggarwalPWYP99,A25USqMgQYcJ,0
conf/sigmod/TheobaldW02,kamYn8WJdUwJ,0
journals/vldb/Navarro02,ZNBTODeLVOAJ,0
journals/sigmod/GerlaX03,WZVlVf7pbzkJ,0
journals/sigmod/Mendelzon98,kyWVEdGhAOIJ,0
conf/vldb/RaghavanG01,03NbsTDEhncJ,0
journals/sigmod/Snodgrass02,3WORGyBPzl8J,0
conf/sigmod/LehnerSPC00,Q629UY6OxWEJ,0
conf/sigmod/Whelan98,dfG-0FG1zrYJ,0
conf/vldb/NathDKGKS03,ltxTkDtIbnAJ,1
conf/sigmod/BrunoCG01,8KJ9XFv1ESAJ,1
conf/vldb/FlorescuLSY99,wbBGNy_OgzwJ,0
conf/sigmod/ColbyKLMR97,LLIkm2GMqakJ,0
journals/vldb/ChanGR03,TriLgFt_ETgJ,0
conf/vldb/YiF00,J8maiu6CF0EJ,1
conf/vldb/RohmBSS02,xpvrFZpq308J,0
journals/vldb/ChanGR03,3B_IPsgZ4WkJ,0
conf/sigmod/KabraD98,I5RrntZDkvUJ,0
conf/vldb/BalminHKPSW03,fgSNkx7zvRIJ,0
conf/sigmod/ShenNSHS03,ZyCkWZwhz0UJ,0
journals/sigmod/Snodgrass03a,A4qDVDslhycJ,0
conf/sigmod/PiatkoYLS96,oPXBu1tWLpQJ,0
journals/vldb/Barbara-MillaG94,IvPHHa01uUkJ,1
journals/sigmod/NascimentoSP03,1nqVXyEDkwAJ,0
journals/vldb/WangW01,NskCVUwu5dUJ,0
conf/sigmod/RodriguezR00,Bzj3hMdoqVoJ,1
conf/sigmod/BaruGLMPVC99,3SHIgRrrL5QJ,1
journals/tods/FukudaMMT01,q6HzkO_NL1kJ,0
conf/sigmod/GarofalakisI96,Ih64FGu_J2EJ,0
journals/sigmod/VenkatraoP95,url:http://portal.acm.org/ft_gateway.cfm%3Fid%3D1083715%26type%3Dpdf,0
journals/sigmod/SilberschatzSU96,oNh4J5jEhN8J,0
journals/sigmod/ErdurD02,2pRZocfNsaQJ,0
journals/sigmod/BohmR94,iCcdSaycmk0J,0
journals/sigmod/Fong95,QPNEQvrorMwJ,0
conf/sigmod/FranklinJK96,2KXhx32GEzIJ,1
journals/tods/MokNE96,Kl9adT6DsjEJ,0
journals/vldb/HuangDT99,Hxnlcwm_RhMJ,0
conf/sigmod/DanielsDDEHJJLSSS94,JTTJ959VdakJ,0
conf/vldb/CareyCNVDRSM99,tRd6vmWtzosJ,0
conf/vldb/ChoenniV00,PfEOt_9SzvoJ,0
conf/sigmod/ShatdalN95,9wTQYnfV7v0J,0
journals/sigmod/OrlandicLS02,eLf0eStn5G4J,1
conf/vldb/MillerHH00,2cRqguZhOmIJ,0
conf/vldb/ChakravarthyKAK94,L9eva_gsxrIJ,1
journals/vldb/FiebigHKMNSW02,o6noitAUGhYJ,0
conf/sigmod/GarofalakisGR02,ImADir74KWIJ,1
journals/vldb/KashyapS96,V4NASwqZ530J,0
conf/sigmod/SagonasSW94,VuNnpxJwvQkJ,0
journals/vldb/KellerB96,m4AxYCwQtkoJ,0
conf/vldb/LimWV03,tmFpj3WajQIJ,0
conf/sigmod/AtzeniT97,CvnKIWUfx5oJ,0
conf/vldb/ZhuS02,ydasT5IqmDwJ,0
conf/sigmod/Kennamer98,url:http://portal.acm.org/citation.cfm%3Fid%3D276304.276373%26dl%3Dportal%26dl%3DACM%26type%3Dseries%26idx%3D276304%26part%3DProceedings%26WantType%3DProceedings%26title%3DInternational%2520Conference%2520on%2520Management%2520of%2520Data%26CFID%3D11111111%26CFTOKEN%3D2222222,1
conf/vldb/GalanisWJD03,gncCiEhA3HUJ,0
conf/sigmod/LitwinS00,MmivVPwGbxoJ,0
journals/sigmod/Qian95,ZiR-jENEQAoJ,0
conf/vldb/Shmueli01,-j7FrM3gEdsJ,0
conf/vldb/PottingerL00,AWFOcZrwth8J,0
journals/vldb/CombiP01,7RHO602LaOkJ,0
journals/tods/LakshmananLRS97,Ov5Ymv_HQg8J,0
journals/sigmod/Seligman97,url:http://portal.acm.org/citation.cfm%3Fid%3D601858.601872%26dl%3DGUIDE%26dl%3Dacm%26type%3Dissue%26idx%3DJ689%26part%3Dperiodical%26WantType%3Dperiodical%26title%3DACM%2520SIGMOD%2520Record%26CFID%3D11111111%26CFTOKEN%3D2222222,1
conf/vldb/GoodmanRS94,Y21HA44xuQ4J,0
conf/sigmod/TatarinovIHW01,lBdOuLVKsKUJ,0
conf/sigmod/Galindo-Legaria94,6HyjyllsSvQJ,0
conf/vldb/CooperSFHS01,PAfEdPwJ8tgJ,1
conf/vldb/ChakrabartiSST00,flrq7GqoJn8J,0
conf/sigmod/AnkerstBKS99,nLbW09uNfmsJ,0
conf/sigmod/CareyCNVDRSM99,url:http://portal.acm.org/ft_gateway.cfm%3Fid%3D1101254%26type%3Dpdf,0
journals/tods/CiacciaP02,dArDZIV5VE4J,1
journals/sigmod/KuanL99,lkrtCULVA6oJ,1
journals/sigmod/RossAKSSY00,Yuccv3uXgUQJ,0
conf/vldb/GarofalakisI97,9f8M7GCeGI0J,0
conf/vldb/LaneEN00,y4p8gk4TlRIJ,0
journals/sigmod/KempsterST99,h7pPg2rNm4YJ,0
journals/sigmod/Finkelstein95,xnD2Zr_c-QgJ,0
journals/sigmod/Qian96a,7qkB8rpRRxQJ,0
conf/sigmod/ChenGM01,HLTGUQxqDw8J,0
journals/vldb/AmielBDS96,Y-VRfzBi4sYJ,0
journals/tods/KarpSP03,xEUKbk-Y2ZwJ,0
conf/sigmod/Ramanan02,dw-jM4L341sJ,0
journals/vldb/TsatalosSI96,b4TNR5KYWNcJ,0
journals/sigmod/SnodgrassACFLLORRSV99,mWuPf5-HF_gJ,0
conf/vldb/Schnase00,x9VDIQgu428J,0
conf/sigmod/VriesMNK02,xGGBIZmLvmgJ,0
conf/vldb/CareyHMW96,GJFtiiX12G0J,0
conf/sigmod/ChaudhuriGS03,EHV3m64Jj0cJ,0
conf/vldb/BlottKS98,j8XKoKGF3SEJ,0
journals/vldb/C94a,b1iRHeyN1A0J,0
conf/vldb/AcharyaFZ96,WZ0X2fUeS5YJ,0
conf/sigmod/LuoEHN02,7p7mpmvIBrYJ,1
conf/vldb/LabioG96,Z16RN39bvfEJ,0
conf/sigmod/CherniackZ98,_wJZsVYdrr8J,1
journals/sigmod/DogacAOD95,nCtcT3MaAJQJ,0
conf/vldb/LeeLWS97,3k61gi_ld_UJ,1
conf/vldb/MoserKK95,53hNU_r6-jgJ,1
journals/sigmod/Fankhauser01,k-OqQQ5N3zsJ,0
journals/vldb/BonifatiCP01,_dCXcAc7ilIJ,0
journals/sigmod/ShinM94,sb5BTj-A30oJ,0
conf/vldb/SatheS01,7AibOzn96HwJ,0
conf/sigmod/LeeWMS01,4rJJdFvMmgYJ,1
journals/sigmod/GottlobKP03a,AaTvigmNyAcJ,0
conf/vldb/TianD03,rAWmKSEE168J,0
journals/sigmod/Liu02a,6nJXvjHuNz4J,0
conf/vldb/PottingerB03,0A2l_SRspPQJ,0
conf/sigmod/GetoorTK01,OnPUPSUQaSsJ,0
journals/vldb/LeeW94,2p_-xfhJGkQJ,0
journals/vldb/ChirkovaHS02,NdmocXlpq9QJ,1
journals/tods/FranklinCL97,rz_7Ta_nH-4J,0
journals/vldb/RahmB01,OmmFvfvPT6MJ,1
conf/vldb/LiM01,fWga1_DkV_gJ,0
conf/sigmod/Pruscino03,F4S8maNy64wJ,0
conf/sigmod/BenediktCFFR03,Q2d4FZHk7KsJ,0
conf/sigmod/TsueiPK97,e4YLmuHLB6AJ,0
conf/vldb/Bar-YossefBCFW00,OyiP8lsSCtEJ,0
conf/sigmod/TheodoulidisAACKS94,JFOg1ntEUvMJ,1
conf/vldb/WhiteheadSM97,url:http://portal.acm.org/citation.cfm%3Fid%3D154766.155597%26dl%3Dportal%26dl%3DACM%26type%3Dseries%26idx%3DSERIES003%26part%3DProceedings%26WantType%3DProceedings%26title%3DHistory%2520of%2520Programming%2520Languages%26CFID%3D11111111%26CFTOKEN%3D2222222,0
conf/vldb/Nori02,D-IemLqC1gYJ,0
journals/sigmod/Elderini02,ib4ebmBQW4kJ,0
conf/vldb/GravanoG95,2nMktwioqOYJ,1
conf/sigmod/OoiTZGLLLNSWZ03,l78OeieL4ZsJ,1
conf/sigmod/Hellerstein94,59F46EqWX8sJ,0
journals/sigmod/StolfoLCFE01,Wl7q-glMoFEJ,0
journals/vldb/PottingerH01,url:http://www.csa.com/partners/viewrecord.php%3Frequester%3Dgs%26collection%3DTRD%26recid%3DN9210536AH,0
journals/sigmod/FreemanG96,blXqcz0xPrMJ,0
journals/tods/BohlenJS00,url:http://www.csa.com/partners/viewrecord.php%3Frequester%3Dgs%26collection%3DTRD%26recid%3D0219026CI,0
conf/vldb/OzdenBRS94,17ABu2eLMFkJ,0
conf/sigmod/LakshmananPZ03,gctYweHeMVwJ,0
conf/vldb/IoannidisLGP96,DhJf-a80iC8J,0
conf/vldb/Wadler01,url:http://portal.acm.org/citation.cfm%3Fid%3D645927.672033,1
conf/vldb/Mohan02,V_ljHGTSFbgJ,0
journals/sigmod/SnodgrassAABCDEGJKKKLLRSSS94a,yMptuO1VhU8J,0
journals/sigmod/TaninBS96,HMIklQOvEfoJ,1
conf/sigmod/Aulakh98,ie-Xxj0U5bEJ,0
journals/vldb/LometS97,YzlQnqjJvcYJ,0
conf/sigmod/Ramanan02,9OmUgC2qnO8J,0
conf/vldb/Hammond96,RVxH3DIm47UJ,0
journals/sigmod/Hammer02,vLzb0dN2o3IJ,0
conf/vldb/NieKH03,1lmeltVztagJ,0
conf/sigmod/VriesMNK02,wgd8D53WoRkJ,0
conf/vldb/CatozziR95,vCHD8vtlcMMJ,0
conf/vldb/AlsabtiRS97,Hpvs7j5kyBYJ,0
conf/sigmod/DeutschFS99,url:http://portal.acm.org/ft_gateway.cfm%3Fid%3D336587%26type%3Dpdf%26dl%3DGUIDE%26dl%3DACM%26CFID%3D11111111%26CFTOKEN%3D2222222,0
conf/sigmod/SelfridgeSW96,V2Wysmw3ti4J,1
journals/sigmod/Qian95b,Iw5bYR098o4J,0
conf/sigmod/ChoiC02,D8a4umAppIcJ,1
journals/sigmod/SycaraKWL99,8wJWmCxVlcQJ,0
conf/vldb/OrensteinK95,Trw6DEZeqTsJ,1
conf/sigmod/ColbyGLMT96,2dQpARhqYmEJ,0
journals/sigmod/Snodgrass02,R1U13red9k4J,0
conf/vldb/KemperK94,w0hL-_RlDgQJ,0
conf/vldb/GarofalakisG02,KMKR9xrV324J,0
journals/sigmod/Hammer02a,url:http://www.kluweronline.com/article.asp%3FPIPS%3D5258482%26PDF%3D1,0
conf/vldb/AgrawalCN00,53-jpW0LjbcJ,0
conf/vldb/ZimbraoS98,Tp1vIBhOraIJ,0
conf/sigmod/AbadiC02,bPV809U0y58J,0
conf/sigmod/AdaliCPS96,rmtEGXAXHKIJ,1
conf/sigmod/AvnurHLORRRW98,xVYS8ajgnQsJ,0
conf/vldb/MargaritisFT01,z2EsEsrBfsYJ,1
conf/sigmod/AboulnagaC99,ieLMOzyahDAJ,0
conf/vldb/PereiraFLS00,1IUJFOZtyngJ,0
conf/vldb/CiacciaPZ97,V9DtLHHIBxEJ,1
journals/vldb/ChakrabartiRS03,JsCoR0IXgr8J,0
conf/sigmod/Jamil99,CQ8VyQNAH3UJ,0
conf/vldb/KiesslingK02,url:http://portal.acm.org/ft_gateway.cfm%3Fid%3D1083635%26type%3Dpdf,0
journals/vldb/StonebrakerALPSSSY96,QpkRQzObCFwJ,0
journals/sigmod/Franklin00,jtPGFCe9q1gJ,0
conf/sigmod/AggarwalWY99,AWwlapEFSp8J,0
conf/sigmod/RodriguezR00,nSQ9sPSfgEsJ,0
conf/vldb/AbrolLMMMRTWZ01,url:http://adsabs.harvard.edu/abs/1980PhDT........15J,0
conf/sigmod/Hellerstein00,jYmrSF-vxa4J,0
conf/vldb/PossP03,QAD_Tih7ZAoJ,0
conf/vldb/GantiLR00,QbisQ-7q62MJ,0
journals/sigmod/Date96,e_X6PuUGDyAJ,0
conf/vldb/LakshmiZ98,V1dB6g6Uy1IJ,0
conf/sigmod/ChenGMV02,7qdukmr2FhAJ,0
conf/vldb/AggarwalHWY03,ZympjYazs6QJ,1
conf/sigmod/GuptaMR95,BPkz_b2FuZAJ,0
conf/sigmod/LometW98,uIfZ0SILmeMJ,0
conf/sigmod/ZhangZPTL03,ZLjtc_2K2ncJ,0
conf/vldb/DattaRT99,3Ix-HQdHFwYJ,0
journals/vldb/RamanRH00,MYsim5MYajAJ,0
journals/sigmod/Finkelstein95,_qP2iOjhog0J,0
conf/vldb/SatheS01,L1IBwD8w1G0J,1
conf/vldb/Kuhn03,4DxhgcUSdw8J,0
journals/sigmod/EisenbergM99,url:http://pubs.acs.org/cgi-bin/abstract.cgi/achre4/2005/38/i09/abs/ar0500012.html,0
journals/tods/RosenthalR94,dOBLMV6pUy4J,0
conf/sigmod/GrayHOS96,ApGwr5rNzK4J,0
conf/vldb/AdityaBCHNS02,Gd71HF-VaRwJ,0
conf/sigmod/BargaL99,c3EGJjWhWyIJ,0
conf/vldb/WangYM97,hVRj_WzRqI4J,1
journals/sigmod/Liu01,IuUkDqGDbesJ,0
conf/sigmod/SengarH03,bpWvAVOZLbwJ,0
journals/sigmod/Datta94,uYxoiK7dCcoJ,0
journals/vldb/MaratheS02,dHnwAI9KvwUJ,0
conf/sigmod/Team02,6rSLIepjnxoJ,0
conf/vldb/HellersteinNP95,zQ7jYs2fvuQJ,1
conf/sigmod/Kennamer98,url:http://portal.acm.org/ft_gateway.cfm%3Fid%3D276373%26type%3Dpdf%26dl%3DGUIDE%26dl%3DACM%26CFID%3D11111111%26CFTOKEN%3D2222222,1
conf/vldb/AgrawalLSS95,boQDYefgi3gJ,0
journals/tods/HsuSY01,jNjxe59ZOLAJ,1
journals/sigmod/SureSS02,8y18SfVO9FkJ,0
conf/sigmod/WhiteD94,kqlLJ3IJrQIJ,0
conf/vldb/PereiraFLS00,gkEOPxIM4GkJ,0
journals/sigmod/Franklin99a,B-2FTtkDshoJ,0
conf/vldb/LernerS03,V9az_wUg_9UJ,0
journals/tods/Revesz98,dr8s9hbwjR0J,1
journals/sigmod/Qian95a,url:http://portal.acm.org/ft_gateway.cfm%3Fid%3D212022%26type%3Dpdf%26dl%3DGUIDE%26dl%3DACM%26CFID%3D11111111%26CFTOKEN%3D2222222,1
conf/sigmod/RothAHCCFSTW96,r3GI5ly9cuIJ,1
conf/sigmod/HacigumusILM02,t60D0LWfgKAJ,0
journals/sigmod/Huyn01,PHjocbl_CwkJ,0
journals/sigmod/CarmelMS01,hB-ZA0wX-fsJ,1
journals/sigmod/Stonebraker02,IzqZT6hBawUJ,0
conf/vldb/AshwinGG02,7lakg2cQcwgJ,0
journals/vldb/MehtaD97,WoaFML8pI-QJ,0
journals/sigmod/GroskySF02,TxAQkkxKsQEJ,0
conf/vldb/HanF95,K0ja_6FUBsoJ,0
journals/sigmod/GobleR02a,Yl-GPkrUyE0J,0
conf/vldb/DesslochM97,jfsajVQgHC4J,0
conf/sigmod/SarawagiTA98,HWgDBU5gsegJ,0
journals/sigmod/Qian95,pKZp0e-5bRcJ,0
conf/sigmod/BonnetBCCCHKMMOSS99,6GAoBRINv7kJ,0
journals/vldb/ChirkovaHS02,JSINF-TYFF0J,0
conf/vldb/Bar-YossefBCFW00,QMo3TvyiG70J,0
conf/vldb/GraefeBC98,NQfQA6qvpZcJ,0
journals/sigmod/David03,DfsSBdun4gYJ,0
journals/sigmod/JacobS99,3-iiSyJLwLkJ,1
conf/sigmod/GrumbachRS98,9Lu58BvVu8gJ,0
conf/vldb/LiM01,zfHBVuMiYwoJ,0
conf/sigmod/GeorgeH97,b9F3YB4bHxQJ,1
conf/sigmod/Golding95,gaMFcjD7S38J,0
conf/vldb/KarayannidisTSPMRFEB02,arQIThq-W4gJ,0
journals/sigmod/MeersmanS02,wB0TRU43yEwJ,0
conf/sigmod/ClossmanSHKPB98,evYlYFg5r9UJ,1
journals/vldb/ChakrabartiRS03,W6An0J73zLAJ,0
journals/sigmod/ConradEHRSSSV97,N6Ss2EmFJ1UJ,0
conf/sigmod/BaulierBGGHJKKMMNNRSSSWW99,A-NosB2Z20AJ,0
journals/tods/HjaltasonS03,uwGRgxWWCtUJ,0
journals/tods/LechtenborgerV03,0oK-LZ_kOiAJ,0
conf/vldb/ZhangL98,i3JaULW3_XsJ,0
conf/sigmod/YangM97,xrTlYcyFKtwJ,1
conf/vldb/BertinoBFS96,_qopgNiYmXQJ,0
journals/tods/Snodgrass01a,cDnq737AejQJ,0
conf/vldb/AshwinRSSS97,OdcJEsAxekwJ,0
conf/sigmod/ChaudhuriGN02,1e-r4xLoi4gJ,0
conf/sigmod/RamakrishnanD98,CzAaFNxkAs8J,0
conf/vldb/PitouraC99,2sh0sP2EJk4J,0
journals/vldb/Ozsu03,o0v0MR7zMY8J,0
conf/vldb/CliftonFHKLS03,FF4u5cqjanQJ,1
conf/vldb/RothS97,url:http://ieeexplore.ieee.org/xpl/abs_free.jsp%3FarNumber%3D718130,0
journals/sigmod/Camps02,ONuqAb6sM3oJ,0
conf/vldb/VenkataramanZ98,CAMP-DQexD8J,0
journals/sigmod/RossAJS02,8jMQuVf-OH4J,0
conf/vldb/DattaRT99,edPvbShEbxgJ,0
journals/sigmod/Widom94,lAbG3uFZvVUJ,1
conf/vldb/BelussiF95,5FEmoD1TIdwJ,1
journals/sigmod/ReichB98,ajm2MjgKINAJ,0
conf/vldb/KonopnickiS95,foBs7av0YI4J,0
journals/sigmod/Qian95a,01LHBmI_rUcJ,0
journals/sigmod/FrankNS02,0I6S5_poV4UJ,0
conf/sigmod/Aulakh98,lRBUun0r8UgJ,0
conf/vldb/Mohan02,w2d8Zp-t7AUJ,0
conf/vldb/AksoyZF01,3PfRZ_Cur-YJ,0
conf/vldb/ReuterCGSW95,kamYn8WJdUwJ,0
conf/vldb/Ioannidis03,2CVKpInvzusJ,0
conf/sigmod/BersonGMJ94,AcaygttDu4wJ,0
journals/sigmod/FininJ02,n1RthPreZvkJ,0
conf/vldb/MignetMAC01,Wfy4M36QFtwJ,0
conf/sigmod/GarofalakisGRSS00,mCn_qtnifqgJ,0
journals/vldb/Amer-YahiaCLS02,7buZgUChnM0J,0
conf/vldb/ZirintsisKM99,R6sNqMYSgcAJ,0
journals/tods/LiuDL02,KOrMCMaFfd4J,0
conf/sigmod/PangCL94,beMsu5ebf30J,1
conf/sigmod/ChakrabartiM99,THnzGUqWnBMJ,0
conf/vldb/CarneyCZRCS03,jto8w73KzVAJ,0
conf/sigmod/BabcockCD03,J0dODst35yIJ,0
conf/vldb/RothS97,JO3c00B-lXEJ,0
journals/vldb/FahlR97,iM6vRWljKpAJ,1
conf/sigmod/DewanSHH94,5niVSI63hyUJ,0
conf/vldb/MeoPC96,SNIbAV2EN0MJ,1
conf/sigmod/ChawatheRGW96,Jl8uBl4NiT0J,0
conf/sigmod/FabretJLPRS01,NDTjtWuhzbQJ,1
journals/tods/TaoP03,KcigXxT1OPEJ,0
conf/vldb/GarofalakisRS99,C7kkjsiGRwwJ,0
journals/sigmod/SlivinskasJS02,x-J6IbwI7u8J,0
journals/vldb/KashyapS96,girS6lqT7-IJ,0
conf/sigmod/BreunigKKS01,h-tyLTytlh4J,1
conf/vldb/Fecteau95,ClLPYZjKDL4J,0
conf/sigmod/QunLO03,M8Eh286-D0wJ,0
conf/sigmod/BaruFGHJPW95,mFOSML8c0s4J,1
journals/tods/Chomicki95,TeTdCFE0WRoJ,0
conf/vldb/BerckenSW97,w90oK0t46SAJ,1
conf/sigmod/KanthRA02,JAkfG0MkuQYJ,0
conf/vldb/ChengGKLLQS99,2k9bgRJC-hYJ,0
journals/sigmod/BichlerSZ98,dpY-2P1Wpw8J,0
journals/sigmod/AdelbergKG96,url:http://portal.acm.org/citation.cfm%3Fid%3D144111.144127,0
conf/vldb/SeegerBBKSDS01,2ceEvQZ0HGYJ,1
conf/sigmod/MiloAABN03,fHp5E4Rxt7cJ,1
journals/sigmod/Ozsu02a,hCI0Pd8ebjoJ,0
conf/sigmod/HsiaoN00,E_CQlx3K0W4J,0
journals/sigmod/Snodgrass97,url:http://www.csa.com/partners/viewrecord.php%3Frequester%3Dgs%26collection%3DTRD%26recid%3DN9210535AH,0
journals/tods/CliffordDIJS97,rGfhB3UE5mYJ,1
journals/tods/BaekgaardM95,UtYTOTf3GYAJ,0
journals/sigmod/Ozsu01,di_NcyrCDocJ,0
conf/vldb/MehtaD95,dA0_FAGWURUJ,0
journals/sigmod/Hampapur99,8cK-ToSUhdMJ,0
conf/sigmod/ChaudhuriGN02,O8rNTNfeIvoJ,0
journals/vldb/ManegoldBK00,0oEAGmVzGvAJ,0
conf/sigmod/GrayHOS96,3mFpWorR_ucJ,1
conf/vldb/Tsur00,VsZSWRkXHgIJ,0
conf/vldb/SetzerZ94,h6PehOC_bKYJ,0
journals/tods/JajodiaSSS01,oH5XZWjwC6AJ,1
conf/sigmod/Gal00,SudUID_rEy0J,1
journals/sigmod/JainH94,JEX2qbW-oEUJ,0
conf/sigmod/GillmannWSWW00,_I2PMFlzC0QJ,0
conf/vldb/MehtaD95,1S-vlkBOdmkJ,0
conf/sigmod/Chakrabarti99,url:http://portal.acm.org/ft_gateway.cfm%3Fid%3D304231%26type%3Dpdf%26dl%3DGUIDE%26dl%3DACM%26CFID%3D11111111%26CFTOKEN%3D2222222,1
conf/vldb/CareyCNVDRSM99,litGVE0V9V8J,0
journals/sigmod/LuoI02,Vn--rYf-iDoJ,0
conf/vldb/RiedelGF98,f2N_DxLirWIJ,1
conf/vldb/ChaudhuriGS95,hH1zuQtvr3oJ,0
conf/vldb/BaralisW94,bF7eWYF06LYJ,0
conf/sigmod/BerchtoldK97,gS7qV6fcYXQJ,0
journals/sigmod/Rosenthal98,vZ3hHQZ9HhoJ,0
conf/sigmod/WitkowskiBBDFGSS03,9mAYGCevjf8J,0
conf/sigmod/GreenwaldK01,zlHamuvyxIwJ,1
conf/vldb/GoldmanSVG98,pweOUtA2iTAJ,1
conf/vldb/BouguettayaEMO01,mwubUbWiMRAJ,0
journals/sigmod/FifeG03,oOdAqQph_zsJ,1
conf/vldb/KiesslingK02,P_R4BYLc-WwJ,0
conf/sigmod/RamakrishnanD98,t9UGvaWqW-gJ,0
conf/vldb/Novaretti01,4Cca6h2mOLoJ,0
journals/sigmod/Chaudhri98,url:http://portal.acm.org/ft_gateway.cfm%3Fid%3D273247%26type%3Dpdf%26dl%3DGUIDE%26dl%3DACM%26CFID%3D11111111%26CFTOKEN%3D2222222,1
conf/vldb/Norvag99,joLBFwjCOwEJ,0
conf/vldb/Ramanan03,23GbcclZy6gJ,0
journals/sigmod/Aberer01,_RyWKB28b6oJ,0
journals/vldb/BarbaraI95,6QZGeKna5lgJ,0
journals/sigmod/GottlobKP03,vZjWfacm-BYJ,0
conf/sigmod/LoR94,SXLa6IsfEocJ,0
journals/sigmod/DemersGRTY03,Wh86c-1CGQgJ,0
conf/vldb/StathatosRB97,ubOeBh7Lk8sJ,1
conf/vldb/CohenMKS03,l8X_r5CStRkJ,0
journals/vldb/TsatalosSI96,sZo8nJREaM0J,0
conf/vldb/GohOST99,uCEgcd6rC-gJ,0
journals/tods/KarpSP03,NnrDQcyRYAgJ,0
journals/vldb/LiangOY00,ikw-En98LywJ,1
journals/vldb/DerrMP94,cH2FsExS-SoJ,0
journals/vldb/LiangOY00,K-mOMUTYlnkJ,0
conf/sigmod/GodfreySE98,FQTTs2YwHFUJ,0
conf/vldb/BerckenSW97,NCWOdJkvqPoJ,1
conf/sigmod/Lassettre98,46MDnoD-SBAJ,0
conf/vldb/MillerHH00,r5LXZrvJvvwJ,0
journals/sigmod/BoscMP01,v5ID_eKw-HwJ,0
conf/sigmod/ShuklaD00,07dT02YX07AJ,1
conf/vldb/DattaRT99,gckQTLQjsj8J,1
conf/vldb/BergerBSW03,ogzIMaP1_FEJ,0
conf/vldb/GardarinST96,OHR5iQWPuyYJ,1
conf/sigmod/HarinarayanRU96,8A_9ucHRXyIJ,1
conf/vldb/OzsoyogluAAOUO02,t3LqLlvguSkJ,0
journals/vldb/SteinbrunnMK97,q2ZF-a_JbOoJ,0
conf/sigmod/AvnurHLORRRW98,QTsbBZX9zrAJ,0
conf/vldb/LakshmananNWZJ02,qfw7Pu1wVcIJ,1
conf/sigmod/Ellison95,v8hGnwOKqAAJ,0
conf/sigmod/BressanGOT00,KATPpKC68AwJ,0
journals/sigmod/RossAJS02,9W14eoAE_egJ,0
conf/sigmod/Colliat03,5CAfGmHl5GkJ,0
conf/sigmod/TatarinovIHW01,NJhwIri8OX0J,0
conf/sigmod/AdelbergGW97,23GbcclZy6gJ,0
conf/vldb/LeeL99,AU9QKJbZCp8J,0
journals/vldb/SheikholeslamiCZ00,Yxj6hlQW7hYJ,0
journals/sigmod/YauLMS99,url:http://portal.acm.org/citation.cfm%3Fid%3D335223,0
conf/sigmod/Whelan98,xGQgslEhN6gJ,0
conf/vldb/HaasNSS95,VGblWU2NbXsJ,0
conf/sigmod/HsiaoCY94,url:http://doi.wiley.com/10.1002/he.11202,0
conf/sigmod/BunemanKTT02,url:http://portal.acm.org/ft_gateway.cfm%3Fid%3D1099705%26type%3Dpdf,0
conf/vldb/LudasaherGM00,ST2GMzBzw3wJ,0
conf/vldb/GrustKT03,SyOHqrZQEeYJ,0
journals/sigmod/KimballS95,E_kIbhWl82kJ,0
journals/vldb/ChienTZ02,url:http://adsabs.harvard.edu/abs/1976InfPh..16..145S,0
conf/sigmod/ZhaoDNS98,url:http://portal.acm.org/citation.cfm%3Fid%3D339389,0
conf/sigmod/FranklinJK96,jfoEF9zDdgYJ,0
journals/sigmod/YaoG02,JUK8aRDn4PIJ,0
conf/sigmod/ZhugeGHW95,TXRXLKOE2tAJ,1
conf/vldb/PirotteZMY94,iaA-XlT2Sm4J,0
journals/sigmod/Gardels97,rbjSb94ysG8J,0
conf/vldb/WaasCB01,BxbukZ3kZzwJ,0
journals/sigmod/Kosch02,url:http://portal.acm.org/ft_gateway.cfm%3Fid%3D1099709%26type%3Dpdf,0
journals/tods/BaralisCP96,10-5uoGvuVIJ,0
journals/sigmod/Franklin99a,url:http://portal.acm.org/citation.cfm%3Fid%3D234286.1057847,0
conf/sigmod/AcharyaGP00,q_bQLiJ-KZAJ,1
conf/vldb/ChakrabartiDAR97,url:http://portal.acm.org/ft_gateway.cfm%3Fid%3D244469%26type%3Dpdf%26dl%3DGUIDE%26dl%3DACM%26CFID%3D11111111%26CFTOKEN%3D2222222,0
conf/sigmod/BrinMS97,-tbXaORoThUJ,1
conf/vldb/MadhavanBR01,66dWDpWjbbwJ,1
conf/sigmod/Chamberlin03,url:http://doi.wiley.com/10.1002/ace.60,0
journals/sigmod/ArenasKKKMM03,8oPwS3Cs4uoJ,0
conf/vldb/XinHLW03,dhBxVIfCp_4J,0
journals/vldb/KashyapS96,L8KE73NhsuAJ,0
conf/vldb/ManolescuFK01,76M6OW4HYd4J,0
journals/vldb/NgS98,oPdpBiAjcisJ,0
conf/vldb/StathatosRB97,JH2hiRXPJcEJ,1
conf/sigmod/CranorGJSS02,eTK0GQrIITsJ,0
conf/vldb/BouganimCDDGS99,fZ-NrkkiJnUJ,0
conf/sigmod/BrinDG95,2Ne0xr3HiYIJ,0
conf/vldb/ChanGR02,hnmSE9MpDwIJ,0
conf/sigmod/AgrawalGGR98,x92Yw8H9uH4J,1
conf/sigmod/RoussopoulosKS99,aZIHQ_Ok3_MJ,0
conf/sigmod/ChaudhuriMN99,wUcXmf9G52gJ,0
conf/vldb/NarayananS01,kFuoeyguJLEJ,0
conf/sigmod/Shasha97,nMQEShipe-YJ,0
conf/sigmod/BressanGFJHKLMPQSS97,url:http://www.csa.com/partners/viewrecord.php%3Frequester%3Dgs%26collection%3DTRD%26recid%3D0294191CI,1
journals/sigmod/Wu02,zCrDiwnKRHIJ,1
conf/vldb/CarneyCCCLSSTZ02,R9kHnpIxNVcJ,1
journals/sigmod/RamanathanH97,I33UMOX3V_4J,0
conf/vldb/DarFJST96,ThLxMqqAxjIJ,1
conf/vldb/BettiniJWW02,url:http://www.ingentaconnect.com/search/expand%3Fpub%3Dinfobike://els/13891286/2001/00000037/00000003/art00192%26unc%3D,0
journals/sigmod/SegevJS95,krsqSsb_YD4J,0
conf/vldb/BerchtoldKK96,g3MGvaH8kZ4J,0
conf/sigmod/Mohan01,6c1iiQdd5m8J,0
conf/sigmod/Epstein95,M5ZP85owTHsJ,0
journals/tods/LiuDL02,TSvYx-eQvykJ,1
journals/vldb/JagadishKNS00,GtXc02EJjCgJ,1
conf/sigmod/Keim99,GBZiTCbChZQJ,1
conf/vldb/JonscherD94,CIQYleTMMrAJ,0
conf/vldb/PapadimitriouBF03,Mm4dwAnIM-EJ,0
conf/vldb/NicklasGS03,fB2xVdlMTtwJ,0
journals/tods/DeySB99,dB9pjQzt1iEJ,0
conf/vldb/LiCHH97,DmGBKpaiyGEJ,1
conf/sigmod/AdyaGLM95,7YMi5qKSe2EJ,1
conf/sigmod/HellersteinHW97,WorkuAiRGn4J,0
journals/sigmod/Winslett94,HeJ9UkBq4AcJ,0
conf/vldb/LabioG96,v7DrwSSAKCIJ,0
conf/vldb/JagadishKNS99,LP4kmbRDQqEJ,0
conf/sigmod/IpeirotisGS01,1fYki_19CN0J,0
conf/sigmod/CarinoKKB01,TGDkz_6hRw4J,0
conf/sigmod/ZhouWGGZWXYF03,nbtZN1mHlNIJ,0
journals/vldb/BalkirO98,tZ5TX-30HusJ,0
conf/sigmod/JagadishJOT01,ISHUERiNswsJ,0
journals/sigmod/MeltonMJKS02,kxHZXcrNup0J,0
journals/sigmod/Ahlberg96,V-DgKmocoUIJ,0
conf/sigmod/ChangBCLLS00,Cj72QjIV3-YJ,0
journals/tods/Jimenez-PerisPAK03,gcTZH6tRjXIJ,1
conf/sigmod/BreunigKKS01,url:http://portal.acm.org/citation.cfm%3Fid%3D1099554.1099560,0
journals/tods/WolfsonJH97,Ak1BRo5POoMJ,0
journals/sigmod/Mendelzon00,cQ-9a794UJkJ,0
conf/sigmod/Shyy95,OjZoGJLFGqIJ,1
conf/sigmod/AdelbergGK95,BxOkbnHljKsJ,0
journals/vldb/BraumandlKKKKSS01,DSokLmS7dXUJ,0
conf/sigmod/ZouS96,wXCJwg20DXIJ,0
conf/sigmod/Cattell94,7IYqRfgVUvkJ,0
conf/sigmod/WynblattN01,PVUtZWBcxlAJ,1
journals/vldb/MirbelPSTV00,url:http://www.csa.com/partners/viewrecord.php%3Frequester%3Dgs%26collection%3DTRD%26recid%3D200131008762CE,0
conf/vldb/NgC97,1UQELO3a50EJ,0
conf/vldb/LuoNEW03,EF7VELNHx6IJ,0
journals/vldb/BonczK99,nMKNz_7NNiYJ,0
journals/vldb/FiebigHKMNSW02,t6imMpSErz8J,0
conf/sigmod/MaddenSHR02,aFuBut1W_KEJ,1
conf/vldb/YangLH03,pO6SFdVGt5QJ,0
journals/vldb/RoySSSA98,IKAqbjN7Um0J,0
journals/vldb/OzsuC98,iUqGFLXI8QUJ,0
conf/vldb/HammelP02,pJAwpBnRFJcJ,0
conf/vldb/Mattos03,HeE1NxaX5t8J,1
conf/sigmod/ShuklaD00,Hpkgn-UbzXEJ,0
journals/sigmod/ReichB98,NYfBrUWl0XYJ,0
journals/tods/ChenHM95,Fp1W0xzODhkJ,0
conf/sigmod/HarinarayanRU96,ib3rYFEGNa8J,0
conf/sigmod/Sheth95,JrkRUbNsLwEJ,1
conf/vldb/OoiGT98,kUNmH_hh-gsJ,0
journals/vldb/JagadishACLNPPSWWY02,i0Soz7L2Pd4J,0
conf/vldb/PottingerL00,EC7N9-jmIC0J,0
conf/vldb/SakuraiYKU01,hlZCJrf56jAJ,0
conf/vldb/KornackerB95,e1yWeerxOKMJ,1
conf/vldb/WangZL99,behh1Pe5c2IJ,0
conf/sigmod/ShashaB02,xQ0UpUuBNIoJ,0
journals/vldb/TanGO00,XHcNlrTRWdsJ,0
conf/vldb/BaumannDFRW99,XsJa9vW0FTYJ,0
conf/sigmod/ChakrabartiM99,vdyvE7O2w80J,0
conf/sigmod/GoldsteinL01,uexPs_0wnSAJ,0
journals/sigmod/SnodgrassAABCDEGJKKKLLRSSS94,64iWa-ZiPRcJ,1
journals/tods/YanG94,gI0sAJUC4YoJ,0
journals/tods/LechtenborgerV03,5fw03ImttPUJ,0
conf/vldb/ShahRS02,F5ii9m2WQbAJ,0
conf/vldb/MillinerBP95,gld2wLKYWpsJ,0
conf/vldb/WienerN94,4YDOmTERBGgJ,0
conf/vldb/DoDJJR98,nSOwdEVhmY4J,0
conf/vldb/Sullivan96,24uAbsNBjt0J,0
conf/vldb/LevyMS94,sWilRIRlB8wJ,0
conf/sigmod/RaoR98,TSJXionagyQJ,0
conf/vldb/AnandBH94,hjYbadIKcBcJ,0
conf/sigmod/Team02,url:http://portal.acm.org/citation.cfm%3Fid%3D342009.335474,0
conf/vldb/KossmannRR02,url:http://www.csa.com/partners/viewrecord.php%3Frequester%3Dgs%26collection%3DTRD%26recid%3DA8622930AH,0
journals/sigmod/PalpanasPKG03,WyEzOaXfCkwJ,0
conf/sigmod/GetoorTK01,gWaNLO7bBQYJ,0
journals/sigmod/DoanPSB97,xCRdgIFvKo0J,0
journals/sigmod/LudascherMM01,16yr6uv8Rn8J,1
conf/vldb/BaulierBGJGKKMMNNRSS98,E6PirEnjajUJ,0
conf/vldb/HasanM94,Xw_7JwcE5jMJ,0
conf/vldb/AgrawalCN00,url:http://portal.acm.org/ft_gateway.cfm%3Fid%3D957038%26type%3Dpdf%26dl%3DGUIDE%26dl%3DACM%26CFID%3D11111111%26CFTOKEN%3D2222222,0
journals/tods/FukudaMMT01,heHHzcb18ToJ,0
conf/sigmod/GibbonsM98,0EbuWDceVnoJ,0
journals/sigmod/Snodgrass99,0jUY0YjKrfcJ,0
journals/sigmod/Wade96,XwVZ1XQ7EuAJ,0
conf/vldb/Jacobs97,U-98tPsJi6EJ,1
journals/sigmod/Widom95,7XTiZb-kBkIJ,0
journals/vldb/AslanM99,X7_1LOSGIEYJ,0
conf/vldb/GarofalakisG01,Wxkt22nMS-QJ,0
conf/sigmod/Bussler02,LRZhJ2BUcS8J,0
journals/sigmod/Wiegand03,oxlMfP16pRUJ,0
conf/sigmod/ZhouLP99,0OwKmPjQpd0J,1
conf/vldb/FegarasE01,IJY7fR6mIgQJ,0
conf/vldb/KossmannRR02,TsaG-mWf0nMJ,0
conf/sigmod/GrossmanHQ95,Z_kXgQsN0W0J,1
journals/sigmod/Hammer02,E68j7SONtT4J,0
conf/vldb/Amer-YahiaCD98,9nmG2KCklEcJ,1
conf/vldb/SeshadriLR97,uUMdjJ13KLcJ,0
conf/vldb/TatbulCZCS03,dckILJFkTkwJ,0
conf/sigmod/Rosenthal01,TdnMScee0KQJ,0
conf/sigmod/FaloutsosSTT00,url:http://www.springerlink.com/index/G08034312U27126V.pdf,0
conf/vldb/SevcikK96,ODo1zlTeTmsJ,0
journals/sigmod/Klein94,fBIdW1NTOc0J,0
conf/vldb/CiacciaPZ97,url:http://portal.acm.org/citation.cfm%3Fid%3D984382.984384%26coll%3DGUIDE%26dl%3DACM%26idx%3DJ689%26part%3Dperiodical%26WantType%3Dperiodical%26title%3DACM%2520SIGMOD%2520Record%26CFID%3D11111111%26CFTOKEN%3D2222222,0
journals/sigmod/ONeilG95,xxrilP87njUJ,0
conf/vldb/IshikawaSF98,ZflHZYysWAsJ,0
journals/sigmod/Barbara01,IBZYRQSd-osJ,0
conf/sigmod/PapakonstantinouPV02,ObHVAXIB60QJ,0
conf/vldb/AggarwalY02,W9wJnFy0TDAJ,1
conf/sigmod/RamanH02,SFLxeeXy_gMJ,0
conf/vldb/EleftheriouBCDHLPPABDDDGJHLRSVW03,K5r3ArACT6MJ,0
journals/sigmod/Etzion99,TuUXgFj9emwJ,0
conf/sigmod/LeeWMS01,9q3NM72DLS4J,0
conf/sigmod/GodfreySE98,-H3tXntLhowJ,1
conf/sigmod/Hammond99,ksMnxMtMViQJ,0
journals/sigmod/Kemper02,LxniCtne0QYJ,0
journals/tods/FegarasM00,AH8WqFYsbhUJ,0
journals/sigmod/CaplinskasEV02,8NqsyPga09IJ,0
